ply
format ascii 1.0
element vertex 20000
property float x
property float y
property float z
property uchar red
property uchar green
property uchar blue
end_header
-1.16772 0.25325 1.58212 157 58 65
2.61917 -0.08240 0.40646 232 76 99
1.82065 0.00839 0.95524 115 187 171
0.97181 0.08121 1.25625 77 218 224
-0.35901 0.21957 1.97028 82 155 255
-1.09990 0.24319 1.44768 177 129 108
-0.72114 0.21324 1.30410 199 255 103
2.56736 -0.06129 0.67753 112 100 160
2.24121 0.03993 2.12891 0 180 80
1.02487 0.05760 0.87420 2 137 97
2.06391 0.03022 1.78908 41 79 0
0.57707 0.11721 1.18214 110 176 0
-0.76401 0.16726 0.44588 178 138 79
-1.48449 0.28637 1.68103 11 16 173
2.27730 -0.02701 0.76317 77 221 83
2.66262 -0.05028 0.94242 225 255 113
-1.10457 0.19588 0.67335 187 0 125
-0.87874 0.18524 0.69909 227 77 90
-1.03120 0.29063 2.44597 255 255 105
-1.34339 0.31465 2.44618 129 255 237
-0.05442 0.12086 0.70895 182 95 237
1.10308 0.02451 0.31474 51 45 151
-0.43128 0.24974 2.43989 28 148 0
-0.51927 0.25136 2.32335 140 255 172
-0.75267 0.19593 0.95994 116 106 166
2.85590 -0.11570 -0.01536 255 229 78
-0.29727 0.23872 2.31103 0 186 3
0.28077 0.05733 -0.05469 255 255 92
2.31856 -0.04660 0.63883 9 66 0
1.50514 0.04765 1.28625 182 101 185
0.51999 0.17296 2.20539 166 186 63
1.45356 0.03101 1.00356 255 255 94
-0.03219 0.20161 2.12665 55 171 101
0.39060 0.09699 0.62204 162 0 0
-0.10796 0.19734 1.84435 125 108 148
2.73474 -0.04402 1.16055 252 190 194
1.11549 0.07087 1.04779 31 190 162
0.67628 0.16686 2.27537 107 173 183
2.25464 -0.07994 -0.04570 91 255 78
2.49023 -0.07943 0.24354 184 110 203
-0.21688 0.17779 1.41477 10 106 0
1.20323 0.04227 0.88149 161 233 255
-0.32813 0.10317 0.07835 95 255 99
-0.68688 0.15498 0.21933 59 167 86
1.59556 -0.00282 0.41957 255 75 255
1.68643 -0.00489 0.48854 248 73 166
1.89171 0.02614 1.38336 194 115 174
3.00610 -0.01425 2.05327 182 184 38
2.23639 -0.06694 0.12789 83 181 112
2.66233 -0.09862 0.02850 173 126 128
1.94523 0.03825 1.60514 90 0 156
-0.41100 0.24127 2.37280 103 255 77
-0.69917 0.16393 0.51562 150 99 107
0.89196 0.11903 1.84168 0 57 139
0.99702 0.03715 0.40789 97 93 255
-0.79597 0.26611 2.30197 174 187 134
2.30001 -0.02023 1.06526 0 170 187
2.71600 -0.00849 1.63873 141 35 29
-0.42559 0.14975 0.65174 0 0 103
1.06237 0.05176 0.70617 19 48 7
1.85101 -0.02680 0.30844 169 100 135
0.89709 0.06839 0.95186 0 168 38
1.52456 -0.00839 0.38070 255 85 254
1.41899 0.00570 0.31540 182 38 20
2.30564 0.04721 2.25567 78 217 76
-0.10153 0.12136 0.73812 81 11 148
2.63681 -0.10089 -0.00706 166 141 167
0.39249 0.06578 0.12016 231 255 186
-1.12338 0.17071 0.09673 255 255 83
2.11355 0.04103 1.93133 31 154 113
0.37537 0.05704 0.00312 232 255 101
2.08860 0.02823 1.62986 110 95 100
1.84813 -0.02031 0.49710 179 82 76
1.67612 0.03557 1.02644 255 255 255
0.57826 0.15348 2.08690 138 167 23
2.29209 0.00205 1.40076 80 92 91
2.19266 -0.02399 0.85522 73 255 79
0.74705 0.13576 1.75030 136 97 77
2.23013 -0.01230 1.05853 0 176 161
-0.04826 0.18965 1.83435 146 101 125
1.81775 -0.05774 -0.10842 77 193 74
-1.17176 0.18482 0.39527 255 191 153
2.20192 0.04903 1.96061 3 175 187
-0.61490 0.20937 1.57109 162 125 251
0.60386 0.07160 0.77801 162 153 255
-0.52989 0.20078 1.43191 113 191 255
-0.81234 0.18385 0.68782 207 77 126
2.09730 -0.03777 0.62289 86 129 254
0.53047 0.17474 2.13184 160 183 28
2.29783 -0.02282 1.07181 0 169 192
1.32409 0.08097 1.62123 185 69 203
-0.50892 0.24767 2.23806 128 255 233
1.13716 0.04471 0.79312 129 183 225
1.04293 0.06007 0.92511 11 162 143
-1.29247 0.17356 0.10244 238 255 220
0.49992 0.08883 0.62643 115 0 10
-1.01163 0.25801 1.99027 255 135 255
-1.32969 0.18705 0.16160 229 255 208
1.78989 0.00282 0.76448 126 118 131
0.64238 0.06459 0.42517 45 12 1
-0.25097 0.20294 1.80851 80 87 255
1.38527 -0.00074 0.44789 172 0 103
-0.71364 0.21896 1.57378 199 128 255
-1.12733 0.27147 1.97018 241 123 228
-0.57890 0.11839 0.03178 5 186 134
1.72708 0.04744 1.46256 171 0 14
2.61503 -0.04098 1.04446 198 252 87
0.42932 0.11561 0.99523 243 255 255
1.26156 0.00707 0.21616 216 172 161
1.57462 0.03410 1.15938 255 242 255
2.72392 -0.02116 1.57884 145 8 71
2.03690 0.06075 1.90757 50 145 51
2.20643 -0.05169 0.26799 0 20 120
0.01817 0.09509 0.17948 154 160 74
-0.18591 0.17766 1.46913 16 66 36
0.37744 0.15358 1.78269 188 7 179
2.68766 -0.08651 0.23872 177 20 0
2.56043 -0.06625 0.63058 109 73 123
2.82948 -0.08692 0.46136 187 6 184
-0.11335 0.18973 1.70286 115 75 255
0.10562 0.12383 0.87698 165 97 40
2.41672 -0.10372 -0.23893 82 179 0
0.82225 0.11429 1.57852 16 0 34
2.22488 0.00256 1.38820 72 104 166
1.25164 0.03417 0.74758 190 164 255
0.27913 0.15620 1.51829 255 110 84
-0.58459 0.16672 0.68908 114 81 255
0.66668 0.04951 0.31275 25 64 0
0.42208 0.13277 1.43321 175 68 0
-0.20392 0.17231 1.37416 11 131 0
0.99332 0.05619 0.81258 0 94 17
1.97547 -0.02436 0.52596 35 3 102
-0.90249 0.21688 1.22127 255 255 194
0.68007 0.05861 0.46594 29 0 52
1.52115 0.09561 2.11017 171 188 160
2.98585 0.00321 2.17785 255 220 73
0.76940 0.10410 1.36227 20 91 191
1.68710 -0.05292 -0.19150 140 176 11
-0.64128 0.14302 0.32852 32 113 0
-1.27869 0.18704 0.34721 243 226 73
1.57006 0.01970 0.82393 189 139 0
2.86784 0.01218 2.15494 255 239 160
-0.10930 0.21363 2.21119 22 183 91
-0.42244 0.11280 0.07503 75 255 80
2.57119 -0.10879 -0.06692 146 172 180
1.74705 0.05831 1.68249 173 16 178
-0.91432 0.15114 0.37720 246 186 255
2.61932 -0.08521 0.33184 232 75 74
1.21094 0.06013 1.00909 159 255 193
1.07479 0.06345 0.93673 15 165 173
0.53766 0.15564 1.95223 154 110 4
-0.60563 0.27056 2.49834 108 129 38
0.85871 0.09617 1.32762 81 180 245
2.67314 -0.04206 0.97684 234 255 84
0.72200 0.14277 1.88654 147 154 93
0.95455 0.11164 1.83153 0 53 171
-0.73774 0.19532 1.13506 113 176 25
-0.01142 0.22817 2.44882 135 219 208
-0.18240 0.09061 -0.01399 155 255 172
-0.64499 0.13103 0.23603 28 162 36
1.84163 0.00170 0.78098 105 120 163
0.48200 0.07120 0.42333 118 12 42
2.13597 0.05480 2.02369 19 179 186
1.10607 0.02844 0.45671 53 0 42
2.81034 -0.01642 1.73771 168 88 35
2.54017 -0.02263 1.18675 160 192 78
2.46451 -0.05815 0.64839 65 80 46
0.35805 0.13906 1.49127 255 124 77
2.33384 -0.08916 -0.09512 41 185 0
1.64340 0.09289 2.02915 255 255 194
2.95049 -0.00842 2.04243 185 183 69
1.71463 0.08702 2.26546 191 151 27
0.70733 0.03457 0.10445 6 165 72
0.87590 0.06920 0.93889 0 158 11
-1.03297 0.29205 2.30332 173 193 0
-0.93084 0.15937 0.25148 241 251 255
-0.79329 0.26446 2.26788 171 187 101
1.63903 0.05703 1.41811 189 20 6
-0.34045 0.22154 1.88363 77 111 255
2.77315 -0.05098 0.83598 255 255 89
-1.12477 0.26742 1.81594 240 77 116
0.84779 0.15351 2.36583 118 228 90
0.46375 0.10402 0.91307 230 221 255
-0.45157 0.15108 0.64952 0 0 136
2.93120 -0.05385 1.23531 184 51 128
-0.69826 0.15351 0.47038 143 126 87
2.82200 -0.10439 0.39089 189 0 171
0.88235 0.12886 1.79979 9 33 83
1.72636 -0.03892 -0.03662 123 184 31
-1.39372 0.20257 0.41225 92 104 2
-0.56512 0.15690 0.76772 100 98 217
-1.01740 0.22684 1.28488 186 189 153
1.74095 0.08219 1.97497 255 248 148
2.73227 -0.10977 0.11833 255 162 86
2.42429 -0.06342 0.33737 147 81 195
-0.39051 0.23650 2.19145 86 255 157
2.38258 0.01082 1.72570 84 144 255
-0.68898 0.12708 0.06119 42 193 184
1.87857 0.02075 1.19048 188 213 85
0.97839 0.11309 1.86022 0 78 185
1.56582 -0.04492 -0.18117 173 171 101
-0.08123 0.08510 -0.04689 124 174 154
-1.38604 0.28938 1.98697 34 34 0
1.54583 0.00532 0.54961 255 88 246
-0.29391 0.22331 2.12301 0 151 46
-0.89129 0.15023 0.08976 142 185 96
2.21675 0.00462 1.36149 0 26 92
-0.41222 0.17648 1.21162 0 187 184
-0.55145 0.17112 0.86812 21 62 57
-1.00822 0.14258 0.12371 255 255 128
1.49076 -0.02549 -0.17277 191 176 165
1.46983 0.11743 2.28267 226 240 156
-0.24337 0.08940 -0.02077 132 255 107
2.85945 -0.06169 1.05801 188 154 136
2.19363 -0.06269 0.13369 77 178 93
2.03275 0.05425 1.97865 58 168 92
-1.27486 0.28573 1.98626 91 28 24
1.41626 0.11817 2.15196 128 185 192
-1.36391 0.29004 1.98903 46 38 0
1.39557 0.09009 1.75422 217 118 76
0.42273 0.08230 0.46081 142 3 60
1.56172 -0.00339 0.56248 255 89 214
0.02168 0.19572 2.03857 85 117 62
0.39562 0.18618 2.21431 255 255 79
1.98563 -0.04164 0.38955 18 0 12
2.90010 -0.08624 0.61079 255 158 135
2.28288 0.05977 2.12880 0 186 43
1.82626 0.04202 1.45561 139 0 92
1.66654 -0.05041 -0.19255 145 170 26
1.91150 -0.04485 0.01086 127 250 255
1.37992 0.02451 0.53695 170 0 163
-1.36563 0.26520 1.59024 138 153 255
0.92526 0.03822 0.52697 76 75 234
-1.35600 0.26342 1.55363 152 169 255
1.45085 0.11217 2.17564 143 182 170
2.19320 -0.04780 0.38065 0 0 177
0.78481 0.14734 2.14094 47 189 186
1.20467 0.10522 1.95044 120 214 89
-0.09391 0.12837 0.85992 162 162 255
0.37079 0.06424 0.33114 159 73 192
1.01974 0.05159 0.65899 93 102 82
0.44057 0.13365 1.48018 173 35 24
0.88837 0.08064 1.14884 78 255 255
0.40350 0.17987 2.26952 255 255 94
1.69658 0.05372 1.44641 178 0 0
-0.62522 0.19881 1.19589 58 186 14
1.13270 0.01650 0.39957 64 6 51
1.15559 0.01396 0.31755 78 34 91
0.26709 0.08455 0.50128 255 77 250
0.00926 0.09995 0.35168 226 150 75
-0.13697 0.08410 -0.03220 93 175 90
1.82246 0.02919 1.31217 220 150 82
-0.94359 0.23549 1.61983 183 25 47
0.97655 0.00581 -0.06881 14 187 0
2.85469 -0.01138 1.75417 177 100 71
0.95900 0.03896 0.42443 80 86 255
2.33802 0.01831 1.77825 0 90 189
-1.18763 0.21595 0.91710 249 142 97
2.93900 -0.01062 1.96632 184 189 161
1.94375 -0.02323 0.45224 46 0 16
2.16817 -0.07148 0.19914 0 55 26
2.03360 -0.02831 0.65560 101 150 255
-0.91840 0.21941 1.31030 179 176 44
2.98374 -0.04038 1.60105 255 107 162
2.36242 -0.00174 1.46915 89 78 99
0.62972 0.03843 0.08635 122 255 244
1.10810 0.01828 0.38639 50 14 88
2.83556 0.00263 1.96961 174 185 191
-0.42993 0.23128 2.03095 96 180 255
2.60103 -0.08269 0.37392 226 71 77
-0.41545 0.16029 0.89280 74 166 75
2.55737 0.01361 1.87744 144 237 86
1.72139 0.02458 1.21319 255 221 161
-0.17174 0.13379 0.70556 46 0 51
0.98399 0.12024 1.74078 0 15 128
2.25964 -0.08217 -0.18081 8 188 65
-0.57653 0.16745 0.74822 107 91 251
2.51962 -0.06352 0.45869 186 83 81
2.62917 -0.07934 0.43246 232 84 112
-0.23177 0.09626 0.03671 127 255 154
2.31230 -0.03953 0.82771 90 243 138
2.42752 -0.05069 0.58331 52 40 0
2.14069 -0.02468 0.88103 77 255 73
1.11852 0.05694 0.95740 35 171 185
0.71038 0.03524 0.00533 8 189 161
-0.34953 0.20376 1.88406 77 112 255
2.34707 -0.02216 1.03869 95 255 255
0.29185 0.20745 2.41804 177 140 12
2.62823 -0.06377 0.80776 137 168 143
1.35709 0.03779 0.87476 236 238 158
1.66130 0.04625 1.31804 255 158 135
0.96972 0.07734 1.09164 77 255 255
2.00324 0.06536 2.11912 170 255 250
1.50691 0.02675 0.84733 255 226 82
2.92927 -0.01876 1.87335 183 161 190
-0.40028 0.21458 1.76531 0 0 66
1.42386 0.06764 1.46757 237 97 234
-1.42653 0.27391 1.53056 118 177 220
1.23008 -0.00296 0.04623 205 255 255
1.89360 0.05763 1.98184 214 255 81
1.25932 0.03688 0.82431 189 208 255
2.14057 0.06074 2.26636 111 218 144
0.94215 0.11290 1.50610 0 12 0
0.64801 0.04311 0.20763 114 210 138
1.29349 0.00171 0.15942 230 200 171
0.78728 0.15141 1.97756 41 133 129
-0.06637 0.18703 1.71419 143 74 224
2.90986 -0.02247 1.65519 255 140 140
0.35944 0.08164 0.54958 174 0 55
-0.80847 0.19964 1.21176 228 255 108
-0.11928 0.22059 2.25643 19 187 117
0.51163 0.04564 -0.01988 175 255 195
-0.79247 0.16549 0.49482 197 115 82
1.86755 -0.01408 0.62754 89 39 81
0.52654 0.15577 1.91299 155 77 35
-1.13823 0.24511 1.51356 171 97 89
0.53300 0.13137 1.56281 231 86 251
2.02314 0.05610 2.19417 78 175 190
2.98777 -0.04187 1.56571 255 92 127
-0.11621 0.18386 1.70668 118 76 255
2.28313 -0.00113 1.29510 0 42 78
2.64847 -0.11945 -0.17228 255 255 255
1.18238 0.03654 0.55855 80 0 11
1.01746 0.07801 1.23710 80 225 186
0.43707 0.07205 0.44051 144 8 77
2.87392 -0.00564 1.98245 175 185 183
-0.22918 0.20152 1.73620 83 78 255
2.85083 -0.01008 1.92689 174 176 185
2.73953 -0.06728 0.65089 255 176 255
2.81761 -0.12931 -0.11603 255 255 194
0.72861 0.12281 1.51122 131 95 238
-0.79653 0.24292 1.87440 246 89 191
-1.45544 0.30183 1.99589 11 34 8
1.81675 0.02927 1.32479 226 145 86
0.27333 0.09919 0.63381 255 79 156
2.75358 -0.05138 0.96594 176 182 0
0.64463 0.13620 1.70837 183 78 181
1.82708 0.05191 1.75869 157 54 151
1.59259 0.07357 1.58396 255 71 73
0.94823 0.12119 1.85255 0 67 179
0.62804 0.03210 -0.10354 115 255 239
-0.46867 0.19154 1.31729 91 250 255
1.58640 0.08662 1.99964 183 171 177
-0.01617 0.16051 1.48314 176 141 255
2.67215 0.01765 2.15642 100 162 183
2.22480 0.01577 1.52399 71 75 80
-0.33451 0.24506 2.37469 82 255 102
1.22868 0.07745 1.39569 67 49 92
0.13635 0.15794 1.54211 160 22 89
-0.16201 0.22996 2.44622 83 227 255
0.46964 0.06359 0.16616 207 234 255
0.21848 0.14246 1.44547 255 147 172
0.19648 0.08043 0.37845 255 131 229
-0.53650 0.24449 2.28869 150 255 216
-0.35722 0.22662 2.09195 0 133 123
-0.66455 0.16392 0.65423 137 74 240
1.54095 0.00343 0.54842 255 80 243
1.62884 0.06710 1.71908 185 25 121
1.04813 0.13669 2.16111 78 255 81
2.78546 -0.07011 0.75815 255 240 128
0.01387 0.09906 0.40310 230 133 85
1.00175 0.12178 1.80195 0 35 176
-0.22079 0.18002 1.43490 7 102 0
2.85120 -0.03854 1.30692 187 23 147
1.86441 0.05314 1.79389 131 68 94
-0.77721 0.19155 1.08464 131 167 92
0.30487 0.06725 0.11285 255 255 125
2.35247 -0.09117 -0.18486 43 188 0
0.98853 0.04211 0.42196 88 90 255
-0.78560 0.25312 1.99711 247 147 88
1.95302 -0.04130 0.26763 34 34 11
1.55195 0.09708 2.11943 175 192 111
-1.40134 0.31938 2.52330 14 156 148
1.06228 0.10932 1.78690 0 33 190
2.68301 -0.04594 1.03990 234 250 81
2.46401 0.00313 1.56608 33 5 159
2.12255 -0.06577 -0.06324 77 255 185
-1.05880 0.20432 0.96360 255 182 133
-1.50080 0.20002 0.20252 54 190 187
1.77885 -0.03400 0.20716 199 156 255
1.21477 0.06787 1.19370 63 152 0
-1.11379 0.27655 2.02952 246 149 255
-0.19740 0.22517 2.11861 0 155 0
-0.94210 0.21148 1.10228 255 253 255
1.88138 0.03789 1.34654 198 127 142
0.14596 0.09952 0.40333 255 126 191
1.23754 -0.02120 -0.11569 216 255 199
-0.89480 0.17612 0.65926 153 0 0
0.79434 0.12575 1.86261 117 147 123
0.67200 0.02080 0.04398 17 188 159
2.78874 -0.04958 1.08573 180 146 86
2.80482 -0.10789 0.09186 255 171 78
-0.59587 0.18356 1.12823 43 181 0
2.05471 -0.02113 0.66765 95 155 255
1.35860 0.04369 0.96375 227 255 102
2.15584 -0.01519 0.87394 83 255 74
-1.07487 0.16184 0.04574 255 255 89
0.69490 0.10555 1.20606 46 165 50
-0.36504 0.22812 2.02723 89 190 255
-1.05819 0.25423 1.57066 179 56 0
-1.53712 0.21908 0.60988 107 98 80
-0.50984 0.12853 0.39839 0 76 94
1.71781 0.04916 1.44490 172 9 0
-1.21855 0.21320 0.88067 245 121 146
-0.02577 0.12096 0.65583 211 86 241
1.04821 0.14202 2.23418 76 255 78
1.92692 0.00958 1.17109 173 222 80
-0.48141 0.14694 0.53308 0 11 191
-1.04639 0.28441 2.16981 171 146 101
-0.20163 0.12254 0.53625 45 0 0
-1.16426 0.22001 1.01840 255 210 78
-0.78580 0.16980 0.56939 199 94 82
-0.41795 0.18390 1.16148 80 255 255
2.97445 -0.01821 1.80349 188 132 190
2.74370 -0.08563 0.45909 181 4 161
1.15823 0.09796 1.63580 31 0 188
2.31343 -0.02766 0.83860 91 252 149
1.37597 0.09199 1.89735 115 108 10
0.54330 0.15919 1.91559 230 164 120
0.16648 0.21775 2.41586 130 144 0
-0.35184 0.17234 1.26176 0 178 166
0.93354 0.14200 2.04890 79 250 240
1.35157 -0.01980 -0.13255 255 255 255
2.09167 -0.02577 0.75679 91 212 169
1.30393 0.05642 1.14987 115 171 0
1.50821 0.03125 0.87853 255 247 79
0.66067 0.10778 1.24904 67 148 47
-0.30053 0.20730 1.81397 69 97 255
2.01823 -0.05205 0.12070 96 195 148
-1.39928 0.19307 0.19405 105 181 161
2.57909 -0.10120 -0.03358 146 161 190
1.32915 0.01601 0.62691 145 17 172
0.32259 0.09830 0.75476 178 40 0
2.64006 -0.05309 0.95849 220 255 113
2.67217 0.02011 2.04530 188 255 220
0.76512 0.15514 2.09877 58 183 180
1.06362 0.13589 2.05709 78 255 109
1.02903 0.13324 2.27260 0 173 2
-1.01602 0.25472 1.79112 255 73 198
-1.37509 0.21588 0.67289 181 77 207
-0.80586 0.14232 0.05665 99 186 153
-0.54694 0.19830 1.47148 121 171 249
0.53361 0.18474 2.26350 163 189 115
0.67524 0.09396 0.97467 131 255 113
2.57240 -0.01200 1.35597 83 15 99
0.43406 0.15025 1.64383 255 73 226
1.88149 -0.01689 0.60455 80 29 79
2.57671 -0.06060 0.51555 210 97 140
1.06615 0.01767 0.23696 35 89 185
-0.59635 0.19997 1.44718 150 190 255
2.36749 -0.08536 -0.13409 50 190 0
-1.58624 0.20130 0.18430 19 191 138
1.23798 0.06549 1.34805 75 80 57
-1.15574 0.26478 1.68303 239 100 88
0.88762 0.08473 1.10921 77 255 233
1.71152 0.09089 2.30830 185 140 43
-1.15639 0.20790 0.77873 171 0 93
2.28839 -0.06063 0.43811 5 0 156
-0.21464 0.13912 0.74921 28 18 45
2.22327 0.01578 1.51184 77 74 79
2.27157 0.02321 1.74217 76 148 210
-0.87644 0.22065 1.40282 175 138 0
0.53371 0.08735 0.80560 197 166 255
2.20175 0.02414 1.77420 0 83 87
-1.38464 0.18430 0.14145 109 191 176
0.15574 0.08047 0.22288 185 142 0
2.09694 -0.05504 0.16099 82 166 81
2.18076 0.01303 1.53191 86 75 103
-0.34618 0.15360 0.76909 0 20 0
0.66626 0.09090 0.89327 134 213 185
0.65328 0.06580 0.45572 41 0 20
-0.68453 0.13435 0.19810 48 175 106
2.21157 -0.05312 0.32334 0 2 159
-1.36778 0.22582 0.76006 182 84 255
0.22069 0.12581 1.06854 188 185 95
1.04812 0.00772 0.03456 42 171 68
-1.36756 0.24111 1.21792 73 183 0
1.56583 0.03220 1.05860 255 255 229
2.31693 -0.05489 0.43398 102 78 220
0.79380 0.03112 0.05894 0 177 37
1.04340 0.09040 1.44074 84 123 72
-0.01846 0.19458 1.96398 68 82 0
1.53472 0.01616 0.67605 197 59 49
2.90141 -0.08202 0.54924 255 130 178
2.42127 -0.05178 0.61127 51 54 0
-0.95204 0.16247 0.18499 250 255 210
-0.07523 0.22209 2.43332 111 226 255
-0.59888 0.15333 0.35429 17 101 0
0.02764 0.18327 1.63345 109 0 111
2.25197 -0.04095 0.59798 78 132 154
-0.77897 0.27736 2.40047 171 177 181
1.70121 -0.01698 0.28567 237 118 255
1.99903 -0.01297 0.88973 131 255 169
2.63675 -0.05556 0.81177 132 168 141
-0.14470 0.20700 2.04546 13 121 0
1.50406 0.00182 0.46845 255 77 255
-0.76787 0.21975 1.29078 216 255 80
2.32148 -0.03287 0.94541 88 255 238
-1.17294 0.29982 2.33616 207 255 168
2.13390 0.04764 2.14113 24 183 157
2.68152 -0.10283 0.07420 255 181 156
-1.31566 0.17659 0.11366 228 255 230
1.02654 0.07256 1.15720 84 255 245
2.32670 -0.08916 0.07966 32 120 87
-1.23084 0.23189 1.07006 231 235 75
-0.90136 0.23490 1.52348 180 74 23
0.23839 0.19270 2.21826 253 255 153
1.05245 0.13822 2.10448 80 255 91
-0.86147 0.21213 1.25171 159 190 33
1.20348 0.06153 1.01818 153 255 201
-0.64245 0.19617 1.25604 159 255 131
1.00428 0.08180 1.08587 84 255 255
-0.14940 0.16944 1.35169 38 141 0
2.77101 -0.02819 1.32557 255 114 255
-1.53701 0.23110 0.64340 111 85 74
2.18468 0.01413 1.36591 0 34 122
1.77235 0.06103 1.69984 172 19 183
1.92558 -0.00709 0.76804 151 209 255
-1.02170 0.15129 0.04599 255 255 73
1.75548 0.10164 2.29383 179 143 60
0.10495 0.08998 0.51697 255 84 239
2.16025 -0.03459 0.59761 78 125 237
2.81470 -0.10614 0.16196 186 50 3
2.11986 -0.01466 0.86292 83 251 85
2.48374 -0.02197 1.24440 133 160 68
2.81847 -0.05426 1.20850 183 71 190
-0.75278 0.18993 0.98665 111 116 152
1.86505 0.07391 2.03813 226 255 87
2.43560 -0.08854 -0.06899 88 178 71
0.15287 0.13778 1.29318 250 240 255
1.62739 0.02211 0.95471 187 184 120
1.62509 0.06893 1.80186 193 70 168
1.80022 -0.00247 0.69334 120 74 78
2.04893 0.01991 1.39393 122 96 255
-1.21718 0.29315 2.17548 192 231 255
0.12915 0.09358 0.35662 255 152 146
-0.56248 0.15983 0.74015 101 92 237
-0.76599 0.18542 0.89481 109 69 189
0.26289 0.11414 0.86191 191 97 0
0.05231 0.19518 1.97292 189 181 137
1.19791 0.00978 0.26339 98 68 106
1.62162 -0.01032 0.27761 255 119 255
1.76931 -0.01789 0.40154 211 75 149
2.26692 0.04292 1.89059 0 141 194
1.37243 0.02859 0.72522 245 159 253
-0.44245 0.17879 1.17613 83 255 249
0.34089 0.06538 0.20167 249 223 222
-0.96012 0.25323 1.78051 255 74 233
-0.97588 0.24712 1.65738 255 101 128
-1.30910 0.22764 0.79975 205 90 255
0.92856 0.12029 1.82354 0 43 137
-0.19690 0.15487 1.02313 116 239 255
1.51615 0.10469 2.30730 245 222 101
0.88036 0.03139 0.28691 74 161 177
0.58338 0.08281 0.63571 77 4 100
0.69273 0.12521 1.70055 161 79 125
1.93737 -0.04346 0.19316 39 62 65
0.69325 0.05033 0.28171 105 164 81
2.02029 -0.05841 0.01689 91 243 228
2.44843 -0.05009 0.76319 47 145 125
0.05476 0.13618 1.15466 224 255 97
-0.77212 0.28000 2.45382 255 252 255
1.37212 0.05809 1.16006 140 167 35
2.44973 0.02682 1.96300 100 255 106
1.55553 -0.02663 0.08373 185 147 0
-0.89639 0.22658 1.46904 176 103 0
1.02540 0.01794 0.17926 22 122 146
-0.80315 0.21666 1.20137 142 190 27
2.73457 0.00888 1.97261 223 255 226
2.25792 0.02295 1.66278 72 108 141
0.77208 0.05723 0.51827 91 79 252
-0.04873 0.21720 2.32112 38 184 188
-0.76883 0.28913 2.50685 254 221 248
0.28475 0.11591 0.96982 187 147 88
-1.45600 0.29498 1.95876 11 16 46
0.59755 0.06494 0.51865 59 0 30
2.76254 -0.02088 1.49360 161 0 88
-0.26850 0.16099 1.07013 88 255 255
-0.49095 0.20204 1.44555 96 182 215
3.03386 -0.02665 1.89877 183 179 133
2.25510 -0.03511 0.76678 77 213 79
2.35110 -0.02188 1.08677 94 246 255
0.52900 0.07904 0.55493 103 0 0
1.01197 0.07576 1.22058 81 230 203
-1.29311 0.20662 0.65885 220 82 247
-0.01954 0.11889 0.71110 210 88 255
2.25375 -0.06324 0.29009 1 8 176
2.82063 -0.03144 1.46961 255 74 135
-0.47803 0.19325 1.50330 90 149 169
0.14250 0.13887 1.00180 164 158 0
0.23688 0.09121 0.52801 255 77 255
1.70190 0.03945 1.48845 178 0 10
-0.18606 0.18893 1.72196 98 77 255
2.19312 0.04314 1.97432 3 175 185
0.08551 0.17867 1.70269 125 0 15
1.53142 0.07744 1.71963 255 108 106
-1.24150 0.30834 2.35658 176 255 216
-0.29657 0.24605 2.46130 77 228 191
2.22382 -0.06146 0.23780 0 34 104
1.22214 0.01227 0.15477 198 216 244
-0.87276 0.26058 2.08105 184 111 15
1.19787 0.01075 0.15896 187 207 255
-0.16591 0.12474 0.57574 60 0 0
0.52869 0.18949 2.38330 255 229 255
2.07683 -0.02878 0.62740 87 133 255
0.01509 0.09508 0.29732 148 98 0
-0.93938 0.22346 1.33041 182 174 51
1.47674 0.00438 0.41916 186 0 149
-1.25717 0.25906 1.59703 198 137 228
0.00715 0.15828 1.23813 194 255 111
0.88600 0.04203 0.27196 79 156 189
2.35518 0.00671 1.66050 86 115 238
0.19880 0.19153 2.26284 238 255 165
-0.39415 0.17290 1.11308 75 255 251
0.37821 0.13426 1.31583 180 136 41
-0.15381 0.21310 2.06420 7 134 0
2.89961 -0.01695 1.81481 186 133 163
-0.65751 0.17617 0.64675 135 77 244
1.51605 0.07548 1.70682 255 101 101
1.31264 0.07209 1.41165 108 33 170
0.94619 0.02204 0.14433 2 144 46
-1.57468 0.21124 0.34568 21 149 184
1.45172 0.06798 1.53641 243 79 157
-0.98745 0.24338 1.55621 194 62 0
-0.84646 0.26035 2.10620 179 115 0
-1.44169 0.19747 0.24495 81 182 159
-0.62463 0.16092 0.75471 122 98 255
1.54444 0.04926 1.27941 188 101 177
2.26956 0.01797 1.82215 0 124 171
1.61915 0.07332 1.95585 191 156 180
2.31145 -0.03213 0.83338 88 251 134
-0.56566 0.17850 1.12626 29 184 14
-0.04783 0.15560 1.27993 76 158 11
-0.02860 0.14409 0.97844 111 141 78
2.55757 -0.01857 1.31796 164 112 143
0.52395 0.17754 2.20115 166 180 65
0.12133 0.16516 1.56874 146 12 76
-1.34203 0.24296 1.15711 87 177 0
1.59621 -0.00032 0.36466 255 90 255
2.78444 -0.07875 0.68542 255 199 184
2.79808 -0.02712 1.51930 255 79 125
0.45918 0.15473 1.79894 255 105 255
1.85654 -0.00267 0.95665 108 186 160
0.89897 0.13446 1.85065 0 63 141
1.89401 0.03323 1.51959 109 0 179
0.46904 0.05159 0.07028 191 255 245
-0.82986 0.18857 0.92953 143 83 183
0.02835 0.20315 2.06439 87 138 94
1.58111 0.07226 1.83673 181 82 149
0.16747 0.09310 0.35282 255 152 177
-1.14280 0.16293 0.17043 255 255 70
-0.63474 0.15627 0.58103 129 87 209
0.65007 0.06714 0.42543 35 9 5
2.57176 -0.09144 0.18074 220 135 186
1.13807 0.11004 2.00609 96 241 98
0.15137 0.14591 1.30336 252 234 255
1.11540 0.07199 1.15504 110 255 171
0.30123 0.09610 0.63368 255 77 132
0.09564 0.16640 1.69097 134 0 18
0.53471 0.05314 0.08914 166 255 255
0.69669 0.07223 0.64810 30 3 185
1.63002 0.00584 0.57489 255 92 144
-0.99915 0.20828 1.02568 255 211 210
-0.86022 0.15949 0.30225 132 150 183
-1.24792 0.29102 2.12889 175 204 250
1.64950 0.02877 1.03426 255 255 255
-1.23735 0.18782 0.51063 158 42 114
1.53934 0.08783 2.07032 170 191 168
-1.61047 0.21410 0.36108 4 145 190
1.89249 -0.00389 0.90761 90 178 154
2.84065 -0.12667 -0.03008 255 236 102
-1.03997 0.20896 0.88796 255 142 89
1.45067 0.08526 1.91879 141 127 107
1.37787 0.03032 0.69714 244 143 255
0.30418 0.11160 0.73336 181 30 0
-0.75417 0.12511 0.08001 78 187 184
2.98147 -0.02289 1.88835 190 169 170
0.33377 0.19584 2.16980 255 255 110
-0.70147 0.17064 0.68253 159 78 231
0.59339 0.11510 1.25745 98 151 3
0.99440 0.03357 0.56698 93 78 140
-1.34113 0.22518 0.99988 95 94 79
-1.29162 0.31458 2.39014 148 255 235
-0.73687 0.18159 0.87616 102 65 179
-1.20354 0.22062 0.81387 162 9 118
-0.39498 0.21249 1.73106 79 78 133
2.76022 -0.04881 1.14334 173 115 111
-0.69075 0.16759 0.78791 150 104 255
1.92725 -0.03718 0.16035 124 172 190
1.04752 0.13319 2.11065 77 255 84
-1.09683 0.25997 1.74082 255 78 97
2.62315 -0.03929 0.99682 215 255 96
2.89653 -0.01969 1.67272 255 146 133
-0.97904 0.18686 0.56173 185 11 97
1.35004 0.07426 1.62780 202 75 166
-0.15762 0.22329 2.26993 2 187 91
-0.28027 0.15971 1.04254 83 249 255
2.35376 -0.02326 0.95392 91 255 255
-1.26966 0.31366 2.49636 64 162 50
1.24690 0.08010 1.35582 78 64 71
1.27382 0.00722 0.16867 223 194 191
1.28292 0.01736 0.38055 136 7 0
-1.50163 0.20709 0.36944 53 130 125
-1.40828 0.32157 2.44609 97 255 255
-0.01203 0.19498 1.73942 167 82 160
-0.55278 0.24825 2.24806 160 255 250
0.33183 0.18315 2.12630 255 255 133
0.58776 0.12685 1.43254 112 58 121
1.12940 0.08342 1.49019 20 11 63
-1.46978 0.27359 1.46555 102 222 121
2.19162 -0.03397 0.61001 72 130 197
2.87760 -0.08361 0.70914 255 225 97
-0.28803 0.14788 0.84811 90 142 134
-0.70949 0.26033 2.11542 227 223 150
0.59241 0.04165 0.06218 133 255 255
1.87884 -0.01537 0.58719 166 105 138
2.75384 -0.00195 1.89327 234 251 173
2.72965 -0.00802 1.74138 229 170 78
0.02788 0.19602 1.99886 91 108 41
2.83019 -0.00969 1.89842 173 172 173
-0.38423 0.12031 0.34427 78 186 253
-0.18134 0.09641 0.07344 151 255 224
0.77093 0.11279 1.41189 28 53 180
-0.79354 0.23852 1.85867 243 92 184
-1.00682 0.19268 0.79832 186 11 0
-0.80357 0.22258 1.43761 235 201 120
2.26858 -0.01732 1.00245 0 186 148
2.23453 0.02780 1.80187 0 103 143
-0.82347 0.20994 1.22575 239 255 117
0.41026 0.13613 1.58080 255 89 158
2.33815 0.02088 1.79766 0 96 187
1.39560 0.07696 1.62970 221 79 132
1.64924 0.04739 1.47214 188 8 0
-1.51964 0.22836 0.72231 111 78 98
1.93273 -0.06670 -0.10130 116 255 250
1.00583 0.08928 1.42577 76 125 79
0.61888 0.07992 0.68746 66 23 164
1.55408 0.06238 1.60063 255 80 71
1.99639 0.03914 1.80117 159 168 78
0.68271 0.08709 1.02952 137 255 87
1.25762 0.10266 1.84537 156 165 103
-1.53222 0.24818 1.00657 16 92 191
0.64632 0.11677 1.44781 85 51 172
0.13861 0.09907 0.44883 255 104 221
0.29190 0.15882 1.66069 188 0 35
-1.22433 0.26797 1.69795 123 4 28
2.38744 -0.03880 0.89497 25 185 163
0.72108 0.12606 1.67745 129 75 110
1.15379 0.05281 0.82420 144 204 248
1.99951 0.00966 1.12934 53 156 6
2.63863 -0.02632 1.24963 202 152 166
0.95875 0.13894 2.17991 73 255 118
0.95813 0.03708 0.32737 88 127 255
-0.16604 0.20258 1.95049 96 150 143
1.49939 0.10844 2.19907 153 181 116
1.59087 0.09276 2.14714 187 189 76
2.60158 -0.10828 -0.05907 153 171 186
-0.51435 0.15964 0.70806 88 79 235
0.67457 0.02429 -0.06821 13 182 189
0.24879 0.08639 0.34110 255 154 241
1.77907 -0.00438 0.78464 136 128 126
0.26754 0.08824 0.61902 255 78 175
1.93645 0.04941 1.72485 99 41 77
0.97662 0.01648 0.03126 15 186 2
0.53116 0.14469 1.65700 228 78 255
0.41351 0.11770 1.08755 255 255 255
1.38863 0.05484 1.25234 141 121 119
-0.10343 0.17736 1.48603 51 54 125
2.84126 -0.09207 0.35452 189 0 163
2.29509 0.04505 2.16367 78 254 90
2.72749 -0.10247 -0.00176 255 231 183
2.63508 -0.02811 1.33385 207 108 227
-0.06945 0.14608 0.93861 171 212 230
0.66187 0.07616 0.65518 48 10 176
0.61097 0.09839 1.18297 90 179 0
0.87805 0.07500 1.01406 0 184 69
-1.31462 0.20518 0.68581 209 76 252
2.16602 0.04618 2.03019 18 187 185
-1.40337 0.28336 1.69055 46 14 185
-1.02244 0.20597 0.91329 255 149 111
-0.84018 0.26683 2.23442 183 181 34
1.68670 0.08555 2.17324 255 255 76
1.57276 0.09008 2.08473 176 185 140
2.78131 -0.02810 1.41392 171 0 133
-0.73873 0.25819 2.07925 232 198 94
2.64673 -0.06509 0.73539 146 130 182
-1.36451 0.25351 1.39372 148 248 161
0.45298 0.13742 1.62168 255 79 230
2.26951 -0.03448 0.64689 84 153 98
-1.23731 0.21095 0.77266 151 0 164
2.74964 -0.01269 1.49580 157 0 101
1.33102 -0.01424 -0.12050 254 255 255
-0.91697 0.16215 0.31293 238 220 255
1.12066 0.11981 1.93169 90 205 153
-0.66737 0.22698 1.68033 96 0 119
0.56126 0.05530 0.30032 81 74 69
-1.15039 0.26932 1.85453 237 86 129
2.56397 -0.08481 0.43405 204 78 85
-1.01984 0.18141 0.49816 188 37 161
0.12409 0.20370 2.07492 214 233 255
1.73355 0.00004 0.74918 156 106 46
2.23640 -0.00429 1.12387 0 147 189
0.30211 0.15570 1.50180 255 116 79
0.40390 0.10250 0.71364 245 114 84
2.14943 0.01866 1.47240 94 78 167
0.68445 0.13755 1.65416 158 74 176
1.40626 0.03724 0.96220 241 255 78
-1.53361 0.21438 0.50206 119 142 137
2.38771 -0.00017 1.45905 9 0 20
-0.41084 0.10545 0.12251 74 255 81
0.77463 0.14730 2.23092 58 191 161
1.80099 -0.02837 0.22960 194 138 255
0.26606 0.20723 2.41318 175 139 8
-0.09565 0.10756 0.39696 173 140 97
0.43780 0.09389 0.81071 239 163 188
2.79177 -0.05044 1.26858 172 47 191
2.69503 -0.08123 0.39181 174 0 74
2.23573 -0.06930 0.24030 0 35 123
0.82074 0.02565 -0.00999 0 185 73
1.04597 0.10003 1.61764 0 0 91
-0.91288 0.26243 1.98293 255 134 210
2.41744 0.00628 1.63459 13 19 173
2.35410 -0.04480 0.61175 28 54 0
1.40543 0.10058 2.12380 118 187 191
-1.35013 0.24878 1.16652 82 174 0
1.90729 0.04217 1.57036 104 0 180
1.26712 0.08822 1.61488 162 82 255
2.28484 -0.04547 0.60475 82 134 110
0.06786 0.08344 0.02814 175 186 130
0.93943 0.01194 0.07242 2 172 4
-0.62675 0.24629 2.02609 178 174 140
0.49028 0.12504 1.32076 149 120 0
-0.71068 0.17826 0.68543 161 76 225
-1.19785 0.19148 0.39282 255 192 148
-1.28212 0.23597 0.94434 132 72 61
-0.23654 0.15161 0.86959 106 169 222
1.39751 0.10800 2.20374 119 177 186
-0.34253 0.21387 1.89296 78 122 255
-0.94860 0.28571 2.35902 187 191 18
1.12670 0.09423 1.52831 22 0 96
0.10038 0.13632 1.14773 239 255 124
0.55689 0.16047 2.02547 141 130 0
0.70595 0.14907 1.97736 75 117 63
-1.18064 0.26420 1.73983 227 80 73
-0.25113 0.10485 0.32393 115 185 255
-0.97316 0.19621 0.85871 255 124 111
2.90440 0.00170 2.16264 255 240 126
0.60438 0.17497 2.39103 226 221 255
-0.94660 0.15447 0.03446 247 255 91
2.60992 0.01711 1.93345 163 255 84
1.89020 -0.05606 -0.07426 129 255 240
0.20969 0.10250 0.53797 255 77 255
-0.12233 0.15040 1.07608 137 255 174
0.74852 0.15186 2.19250 61 185 188
2.98328 -0.03619 1.47765 255 78 88
-0.00209 0.19287 1.97511 73 95 11
0.18865 0.07986 0.23080 188 126 23
0.96925 0.06623 0.78484 0 92 0
2.46808 -0.04472 0.71377 66 118 105
1.97714 0.04929 1.84408 167 198 75
-1.11774 0.29009 2.26142 150 178 88
-0.77841 0.21816 1.50147 230 170 197
-1.21546 0.22196 0.93377 239 157 102
1.22223 0.13341 2.27649 26 166 164
0.05895 0.16262 1.55324 118 19 156
2.24643 0.02475 1.73605 78 142 175
-0.14287 0.09502 0.03409 169 255 235
0.84070 0.01422 -0.04010 0 190 85
-0.89923 0.20152 1.20829 255 255 197
2.13680 0.03964 1.95038 16 169 165
-1.42063 0.28742 1.79936 28 0 137
2.95915 -0.02688 1.74012 187 94 160
-1.21532 0.20054 0.67452 161 0 188
-0.60141 0.15309 0.43760 105 138 125
1.60912 0.00837 0.86775 185 156 25
0.11847 0.09226 0.21448 184 138 0
-0.93066 0.23036 1.40115 183 139 4
-1.55768 0.25280 1.03151 5 101 188
1.17944 0.04659 0.94444 149 255 255
1.75570 0.01556 0.97056 150 189 193
0.12471 0.15967 1.43520 238 165 254
0.27690 0.08240 0.46877 255 95 255
1.36407 0.10036 2.09438 105 191 155
2.09199 -0.00679 0.92944 96 255 79
0.00165 0.21277 2.42871 138 227 216
-0.29529 0.11618 0.24526 102 233 250
0.84489 0.09507 1.22591 88 236 255
-1.00283 0.15548 0.06613 255 255 88
-0.12731 0.10343 0.29366 91 109 99
2.71117 -0.00474 1.81988 215 220 91
1.89714 0.05850 1.81756 207 176 128
0.67334 0.12778 1.63786 163 75 211
0.68574 0.10511 1.40420 63 66 181
2.06117 0.00821 1.07239 18 173 22
-1.15357 0.17339 0.35208 255 206 143
-0.99784 0.15716 0.07425 255 255 85
-0.60922 0.14177 0.28789 23 131 0
0.65100 0.02395 -0.09284 22 179 178
-0.61701 0.17691 0.95712 47 102 47
-1.47553 0.22533 0.70590 135 81 125
1.53493 0.01417 0.69483 183 60 54
2.04967 -0.07359 -0.20014 78 255 255
-1.20104 0.18990 0.34194 255 208 118
2.53767 -0.06778 0.42805 189 76 79
2.39495 -0.01829 1.11176 104 234 215
1.78156 -0.04090 0.09589 106 133 169
2.80012 -0.09148 0.49568 186 13 194
-0.26577 0.24111 2.45683 78 228 213
2.91007 -0.06339 0.71270 255 215 74
0.78817 0.03170 0.12694 0 150 0
2.32130 -0.07008 0.20693 102 129 253
-1.55050 0.20255 0.27795 30 178 189
2.12369 -0.07361 0.04162 76 229 100
1.06804 0.00756 0.07904 128 249 195
2.18213 -0.02323 0.97272 0 187 42
0.94886 0.03066 0.35397 89 119 255
-0.42154 0.13363 0.37698 75 160 241
1.66102 -0.03881 -0.12003 151 187 0
2.31053 0.01584 1.61326 76 95 153
1.16269 0.09751 1.70271 18 7 184
1.89212 0.02516 1.36608 193 117 172
-0.31789 0.15733 0.95180 81 210 192
1.73328 -0.04751 -0.14096 120 187 0
-0.63423 0.12308 0.07842 21 187 147
1.67508 -0.05125 -0.19625 146 172 18
2.67604 0.00973 1.91985 195 255 130
2.77919 -0.05463 0.98700 183 179 15
2.23560 0.01128 1.40873 72 87 124
-1.33144 0.27195 1.65756 170 113 241
2.51517 -0.06688 0.47425 186 83 79
0.10189 0.10433 0.55201 255 76 255
0.07483 0.08953 0.25573 167 122 0
-0.87094 0.16046 0.38916 135 104 127
0.01541 0.20176 2.05971 76 140 89
1.25375 0.03940 0.61357 103 12 103
1.96526 0.00615 1.00941 60 187 20
2.23565 0.02597 1.72305 80 139 147
1.47555 0.01624 0.64740 255 123 224
-1.50760 0.24607 1.06618 22 127 173
-1.22002 0.17383 0.07984 255 255 192
2.50687 0.03159 2.01291 122 255 78
2.63434 -0.10817 -0.22707 174 187 129
-1.01792 0.23524 1.44096 187 126 45
0.19236 0.10234 0.70041 255 101 178
1.47826 -0.00825 0.23006 188 79 6
0.05217 0.21378 2.33967 90 181 140
0.39018 0.08144 0.46069 158 4 95
-0.18438 0.12311 0.36030 57 74 93
-0.85084 0.26907 2.29437 186 189 48
0.46122 0.05191 -0.01829 201 255 155
1.22110 0.00624 0.31917 110 36 23
0.47588 0.18491 2.30216 180 180 84
2.55951 -0.06821 0.49171 200 92 107
2.30959 0.03905 1.97371 0 185 140
-0.86122 0.21381 1.30951 169 175 11
0.73544 0.04849 0.37646 95 113 121
1.88510 0.07087 2.18877 228 255 198
-0.35506 0.15395 0.83185 77 133 82
-1.54330 0.21177 0.29101 34 168 186
-1.11148 0.22901 1.08543 255 239 170
1.19745 0.08729 1.54655 133 80 255
2.37201 -0.00906 1.11753 100 236 232
2.37875 -0.00407 1.27641 92 147 110
0.23103 0.08672 0.50763 255 87 255
-1.34990 0.19542 0.41286 115 97 0
1.88258 0.02560 1.50731 120 0 173
-0.59545 0.22945 1.83261 71 2 0
2.12279 0.00466 1.23864 2 100 176
0.74379 0.06840 0.58800 90 78 255
2.69260 0.00355 1.93338 205 255 156
0.54245 0.07125 0.47512 94 0 0
1.62184 0.08139 2.00014 192 173 146
0.04200 0.11954 0.69945 230 86 255
1.06286 0.08777 1.29256 95 199 114
1.31551 0.04959 0.98790 211 255 116
0.14794 0.08995 0.37928 255 134 174
-1.11616 0.25967 1.79244 249 78 106
1.67740 0.08781 2.16180 255 255 82
-1.18698 0.20078 0.77434 171 0 117
0.20495 0.06796 0.00153 193 189 26
2.57984 -0.06740 0.40606 223 78 82
-0.34548 0.24045 2.33854 81 255 77
1.98769 0.03096 1.55224 68 0 170
-0.97495 0.26514 2.00830 255 147 241
1.39705 0.00762 0.64472 254 112 255
-1.41936 0.24861 1.22449 48 181 6
0.40317 0.10882 0.94852 254 232 250
-0.67181 0.14624 0.31754 48 120 8
0.35924 0.17752 1.90060 187 71 183
-1.45656 0.21254 0.37098 64 128 74
-1.01436 0.18484 0.50671 187 38 167
1.63931 0.09247 2.17387 180 183 11
-0.85492 0.29250 2.47258 255 246 255
0.32007 0.16807 1.86907 187 43 185
-1.28071 0.26161 1.58979 183 146 255
-1.11631 0.19925 0.66607 180 0 126
-1.54274 0.22994 0.71526 108 77 91
-1.35969 0.21844 0.87418 101 36 174
2.18154 -0.04825 0.44594 0 0 189
0.22472 0.09401 0.62311 255 80 212
2.89582 -0.08846 0.50591 179 18 143
-0.29938 0.17727 1.30447 0 161 84
1.12898 0.03461 0.58445 49 0 0
2.16016 -0.00166 1.21961 0 105 184
-0.44180 0.17327 1.02889 80 235 141
3.02207 -0.02200 2.10116 185 173 0
-0.90531 0.29470 2.47216 255 245 244
2.32581 -0.09381 -0.24135 34 176 49
1.54223 -0.01289 0.33042 255 101 238
-0.21533 0.19251 1.61559 92 90 209
-1.09491 0.17115 0.26428 255 249 130
2.26768 0.02750 1.71023 79 137 185
0.15803 0.13266 1.10125 172 190 76
-0.61907 0.17048 0.78899 128 102 247
-0.12106 0.12495 0.54699 84 0 5
-0.48179 0.22939 1.80833 19 0 28
-0.29033 0.22623 2.13321 0 161 26
2.47067 -0.03083 1.10932 138 233 142
1.39420 -0.00336 0.23376 175 69 0
-0.86953 0.16029 0.16396 131 192 163
-1.29549 0.18646 0.25269 233 255 110
1.73847 0.07166 1.87492 255 194 240
-0.48633 0.19728 1.39835 97 206 253
2.15708 -0.07129 0.02983 74 238 92
2.42434 -0.04479 0.75156 45 143 103
-0.52092 0.13698 0.29022 0 133 9
1.31910 0.11659 2.27100 152 254 255
2.23266 -0.00390 1.19361 0 108 184
-0.46761 0.21548 1.67577 14 0 0
-1.48563 0.29504 1.76773 3 0 183
-0.13742 0.22093 2.14130 9 164 4
-1.37364 0.31418 2.39469 112 255 255
-1.05099 0.27273 2.13953 173 133 125
1.02541 0.01166 -0.00255 36 183 9
2.18431 -0.08023 -0.14439 80 255 187
1.50432 0.08535 1.77741 251 134 121
-1.10135 0.28821 2.39004 147 187 2
0.03714 0.11644 0.82353 142 67 127
0.30172 0.09418 0.61966 255 79 146
-1.58865 0.20405 0.32398 13 160 189
0.86880 0.02728 0.25390 0 91 52
2.10013 -0.05507 0.26086 0 28 16
-0.76413 0.26682 2.40748 167 171 191
1.59007 0.00773 0.72140 187 78 0
-1.50233 0.19683 0.23636 51 186 185
-1.20728 0.23009 1.15997 237 255 136
-0.94857 0.17793 0.54385 169 18 78
2.82188 -0.09293 0.24738 195 3 67
0.22237 0.08897 0.48822 255 91 255
-0.28666 0.12497 0.48609 11 19 110
0.37733 0.13842 1.46912 255 134 81
0.23281 0.09859 0.76907 188 43 20
2.77311 0.00949 1.93994 243 255 229
0.40493 0.09318 0.57709 160 0 2
0.31770 0.11145 0.87634 181 101 34
-0.36302 0.23078 2.25104 88 255 91
-1.22146 0.20514 0.71784 160 0 178
2.85831 -0.01726 1.69818 255 164 136
2.53630 -0.05750 0.81821 91 167 187
-0.67584 0.19076 1.23764 165 255 95
1.58591 0.09441 2.04203 183 181 159
2.96305 -0.00733 1.85483 191 158 189
-1.23109 0.22502 0.91410 236 143 125
-0.72691 0.17258 0.80383 87 21 190
2.48887 -0.02519 1.28373 140 135 78
2.91571 -0.00754 2.11841 255 255 143
1.29946 0.04797 1.08237 109 188 0
1.64644 0.01400 0.83978 180 142 35
1.89717 0.05256 1.77826 121 70 62
-0.76301 0.17810 0.80576 192 111 255
0.40842 0.15520 1.84072 183 40 184
-0.06027 0.08452 0.03279 132 191 188
-1.45726 0.22235 0.81574 136 83 231
-0.57307 0.25550 2.08702 152 213 239
-0.10357 0.17398 1.43700 50 89 88
-0.79748 0.27164 2.18068 175 158 18
2.34958 0.01491 1.59074 79 86 161
1.40026 0.00890 0.42058 177 0 74
0.81577 0.04275 0.17449 0 135 0
2.51332 -0.04585 0.94140 156 255 238
-0.74316 0.14659 0.35817 81 99 28
-0.54192 0.12124 0.06079 86 255 157
0.06239 0.14628 1.29730 216 244 210
-0.49141 0.18051 1.15304 11 186 102
1.59732 0.09943 2.20593 178 176 13
2.93109 -0.00160 2.10903 255 255 134
1.60295 0.06359 1.52991 193 0 0
1.11832 0.08190 1.33733 101 167 77
1.33745 0.04164 0.96605 221 255 113
1.42828 -0.01652 -0.00792 255 255 196
0.49763 0.15581 1.86434 251 137 189
0.82610 0.11767 1.65010 19 0 0
1.34323 0.00503 0.18124 242 186 121
2.35422 -0.09651 -0.13305 48 187 0
-0.78647 0.14278 0.15583 97 188 195
0.55469 0.03987 -0.09427 152 255 190
0.02843 0.15174 1.37848 200 198 237
0.38478 0.13927 1.25379 181 160 75
2.57184 0.01989 2.17746 49 163 138
1.61712 0.02397 0.91215 184 173 87
0.20337 0.11532 0.91345 185 121 0
-1.28183 0.19354 0.26199 239 255 102
-0.79250 0.27578 2.39345 170 182 176
-0.36699 0.18405 1.28141 0 170 142
2.61999 0.01419 2.00110 168 255 134
0.27322 0.18160 2.16296 255 255 173
-0.23720 0.20560 1.98055 0 78 107
1.56123 0.08489 2.19034 175 184 78
-1.16118 0.20833 0.86672 255 115 119
1.10915 0.05023 0.81795 38 101 122
2.41637 0.03549 2.16852 84 254 98
-0.38544 0.11147 0.15831 79 255 115
1.54294 0.06695 1.50505 255 82 99
-1.42710 0.28578 1.96746 25 24 6
1.12537 0.06657 1.04439 32 191 155
0.74650 0.03763 0.29085 91 155 85
1.14610 0.09433 1.64358 24 0 181
1.80157 -0.02208 0.33369 189 94 187
-0.57998 0.26781 2.29585 162 255 249
2.43443 -0.10175 -0.18596 90 184 0
-0.23469 0.17512 1.41299 7 112 0
0.77900 0.11001 1.49238 108 107 224
-1.25662 0.31667 2.47771 88 164 40
1.45526 -0.02781 -0.12176 184 190 160
1.76924 -0.00690 0.61925 138 36 0
1.83350 -0.00517 0.73569 112 100 145
-1.29633 0.30294 2.20053 150 240 245
1.65731 0.03692 1.29540 255 167 161
2.28896 -0.02407 1.06343 0 172 187
-0.03432 0.09144 0.06010 140 186 184
-0.41522 0.11312 0.04826 80 255 80
-0.38839 0.13775 0.55586 0 0 149
-1.15403 0.29437 2.25445 218 255 218
1.33539 0.10752 2.03508 81 170 72
-0.40669 0.20385 1.57404 83 113 77
2.79423 0.00253 1.96544 240 255 253
0.09783 0.21450 2.40930 104 147 45
-0.34799 0.16354 0.89091 85 172 118
-0.78610 0.24621 1.78252 155 0 151
2.55129 -0.05852 0.73143 102 132 178
0.65574 0.03720 -0.06389 17 182 189
-1.15925 0.27034 1.92629 236 101 184
-1.28706 0.24756 1.32266 195 255 172
0.92780 0.04048 0.54920 77 71 217
1.91145 0.05428 1.78066 117 72 56
0.66713 0.13446 1.71261 168 79 145
1.33133 0.07726 1.61460 197 76 199
-0.19456 0.19307 1.74873 86 77 255
-1.44938 0.22154 0.55773 146 117 73
-0.73496 0.17218 0.74761 176 88 244
0.27592 0.15308 1.58938 182 0 0
1.44665 0.09754 2.11358 135 189 188
2.97283 -0.01072 2.06691 188 178 52
0.47718 0.16392 1.94163 172 91 62
-0.96930 0.28013 2.31533 185 188 0
0.50153 0.13600 1.41120 149 72 17
2.19758 0.05420 2.25626 94 221 101
1.09919 0.12920 2.16086 81 255 78
-0.08196 0.17476 1.45529 59 72 119
-1.15533 0.19485 0.63801 178 0 177
1.84603 0.05837 1.83281 229 187 164
-0.05824 0.21841 2.24166 41 187 153
-1.02173 0.27748 1.99985 255 148 255
1.05317 0.05811 0.69643 18 37 0
-0.78101 0.14781 0.26605 96 152 128
1.29624 0.09668 1.68267 170 87 196
1.34515 0.02581 0.67086 228 129 255
2.33723 -0.04550 0.59981 9 50 0
-0.50262 0.13646 0.45986 84 123 229
2.88948 -0.09698 0.49256 179 11 153
1.47090 -0.02028 -0.04946 190 185 77
0.42731 0.11661 1.03405 246 255 255
-0.02329 0.14223 1.11626 102 191 0
-0.55890 0.23009 1.70096 49 0 15
0.61585 0.13721 1.76246 199 98 170
2.65924 -0.03071 1.15118 225 201 115
-0.32283 0.16921 1.04483 82 252 254
-0.19412 0.12299 0.48697 49 12 26
-0.14184 0.10281 0.26900 160 212 220
0.69275 0.16179 2.27270 96 177 180
0.42784 0.15962 1.98140 181 112 74
2.56869 -0.07211 0.33694 213 78 87
-0.24504 0.22075 2.15497 0 172 0
-0.04804 0.13609 0.91403 96 111 155
-0.95716 0.27815 2.26768 193 182 0
2.70748 -0.02501 1.55624 134 6 104
-1.00053 0.30040 2.42803 255 255 112
-0.80315 0.19198 0.89427 133 62 184
-0.34740 0.17922 1.26975 0 170 146
-1.34158 0.22358 0.85362 188 106 255
-0.04428 0.09191 0.04451 139 190 186
0.45417 0.05977 0.23881 205 195 255
-0.93171 0.18124 0.64326 174 0 4
0.50473 0.04855 0.08334 186 255 255
1.40495 0.09949 1.98312 128 158 115
-0.70834 0.12377 0.03816 49 184 189
2.59704 -0.10183 -0.04355 149 164 185
-0.46094 0.23565 2.09613 103 232 255
1.42038 -0.02896 -0.07834 255 255 245
1.69755 0.09363 2.26801 187 151 12
-0.37882 0.19356 1.48248 0 76 21
0.28288 0.15034 1.61072 191 0 0
1.69836 -0.01937 0.37009 241 86 248
1.89342 -0.01938 0.56329 160 95 132
0.54907 0.11676 1.46097 128 41 109
1.71553 0.01362 0.99627 168 190 193
-0.04295 0.12445 0.63747 196 75 203
0.66077 0.14505 1.83215 178 129 85
-1.04449 0.29330 2.45004 250 254 87
-1.01254 0.17433 0.36104 255 197 255
2.65753 -0.08613 0.22800 247 106 86
-1.17645 0.25766 1.56440 148 70 102
-0.39523 0.16508 1.07312 72 252 213
-0.22283 0.09785 0.14828 131 255 252
2.81073 -0.11743 0.03768 255 197 83
1.44222 0.00752 0.60562 178 13 184
2.81855 -0.02441 1.54193 255 86 90
1.58370 0.04001 1.20469 255 218 255
2.61082 -0.03124 1.19057 188 186 95
1.76375 -0.02132 0.39585 209 80 152
-0.07666 0.09727 0.09496 124 184 182
-0.74402 0.23995 1.79503 140 0 115
-1.62401 0.19554 0.08623 7 178 22
1.61410 -0.02681 -0.06886 168 193 0
0.98144 0.10279 1.48582 0 9 0
-0.57923 0.16667 0.94626 29 100 22
2.31115 -0.02132 1.12342 0 141 179
2.88034 -0.07240 0.83338 255 255 78
2.39298 -0.03242 0.88551 23 186 170
1.60154 0.02613 1.01715 255 255 222
0.43606 0.13404 1.56393 254 97 163
2.87508 -0.05368 1.13295 195 114 191
-0.22363 0.09808 0.08278 137 255 199
0.89527 0.08812 1.23175 76 232 255
-1.07580 0.17370 0.25578 255 253 157
1.83035 -0.03627 0.05963 90 150 185
2.75927 -0.03814 1.44055 171 0 138
1.10787 0.05347 0.79172 32 100 99
1.72071 -0.04782 -0.08027 125 188 5
1.44454 0.09411 2.03271 142 174 175
-1.13635 0.21943 1.08953 255 238 141
0.34574 0.15224 1.62711 194 0 45
0.67094 0.10445 1.27216 65 133 74
-0.00179 0.12492 0.80963 122 55 174
0.43094 0.11861 1.19630 165 169 85
0.26301 0.16850 1.80295 189 16 110
1.12167 0.00287 -0.12808 167 255 96
0.75726 0.12592 1.75334 126 97 80
1.98610 -0.03359 0.35106 26 3 0
-0.14717 0.22944 2.38147 91 251 255
1.47226 0.00437 0.42252 190 0 144
2.23471 0.05098 2.25247 83 229 91
-0.46852 0.24212 2.24909 119 255 181
0.61538 0.13865 1.68968 194 73 219
-0.60992 0.13420 0.21518 22 164 16
0.87271 0.01571 -0.02492 0 192 35
0.27620 0.17554 1.93636 255 161 255
-0.84158 0.15222 0.21167 119 172 188
2.59402 -0.05758 0.67692 126 102 182
2.58282 -0.09310 0.06116 141 106 172
0.07510 0.16106 1.45846 226 153 255
0.14099 0.16011 1.53463 240 116 170
0.28774 0.16899 1.83902 184 23 159
1.92648 0.06614 1.85832 202 199 83
1.09858 0.08528 1.34881 100 168 78
1.73302 -0.04506 -0.19041 121 175 0
-1.06707 0.26309 1.83989 255 81 197
-0.83288 0.18170 0.67742 222 72 105
1.64987 0.08711 2.16429 255 255 95
-0.61687 0.14187 0.42812 111 142 119
-0.71999 0.23540 1.78243 126 0 101
1.19368 0.09029 1.54740 130 78 255
0.68616 0.05627 0.50742 30 0 89
-0.73208 0.27879 2.51439 251 218 229
2.89444 -0.04987 1.06152 191 160 162
1.88605 -0.05386 -0.05733 132 255 245
0.55157 0.08090 0.57706 89 0 32
1.70901 0.04628 1.39276 255 110 74
1.11268 -0.00746 -0.06843 159 255 125
0.83805 0.09253 1.24336 87 233 255
0.32960 0.10243 0.69503 181 10 0
-0.57733 0.14512 0.41957 96 146 132
2.27040 -0.01014 1.26104 0 73 119
-1.17312 0.16577 0.05682 255 255 156
-0.12763 0.19528 1.94585 101 153 110
2.26931 0.00782 1.52546 76 76 71
2.53363 0.02926 2.16063 35 162 102
-0.10251 0.15298 1.04261 157 255 184
-1.24772 0.23710 1.18688 141 180 34
1.76760 0.01209 0.97056 149 185 189
0.51878 0.16083 1.96931 161 115 8
-0.47542 0.15861 0.79049 88 104 138
-0.38016 0.21926 1.95656 0 59 189
1.29908 0.06828 1.28985 100 101 74
2.38882 0.03567 2.11364 0 182 0
1.53179 0.09049 2.07266 168 181 178
-0.73567 0.24709 1.94482 138 37 0
2.01246 0.05545 1.78587 72 74 0
-0.23012 0.13624 0.75259 26 22 31
2.84605 -0.05302 1.18596 183 87 194
1.14004 0.05355 0.73138 131 152 170
1.12005 0.06734 0.98959 39 179 192
-1.36634 0.30383 2.25572 117 255 238
2.66506 -0.04129 1.09844 225 232 83
0.57010 0.06471 0.45007 75 8 0
-0.09496 0.13973 0.90551 156 192 255
-0.09723 0.22075 2.45603 100 218 255
0.82178 0.08012 1.03113 7 185 30
1.02560 0.01054 0.03207 27 187 30
-1.10246 0.18725 0.61378 192 0 155
2.33962 -0.06515 0.15934 112 157 231
1.35468 0.11174 2.18546 89 189 187
1.62100 0.08205 2.02240 193 174 147
2.87498 -0.10462 0.29452 184 0 150
1.00974 0.10688 1.64924 0 0 78
-1.25107 0.28933 2.10413 174 187 209
0.32081 0.09819 0.82053 180 78 7
2.85577 -0.05080 1.13811 191 118 182
2.31955 0.03696 2.06812 0 193 50
1.36059 -0.01739 -0.15283 255 255 255
1.67309 0.10842 2.29940 192 136 8
-1.37264 0.17232 0.07354 124 169 189
-1.22903 0.28418 1.96904 108 29 46
0.48125 0.11306 1.20169 147 174 35
-0.82538 0.22175 1.39787 157 139 0
1.50407 -0.03380 -0.08578 187 188 92
-0.16186 0.16973 1.36924 29 127 0
-0.95180 0.23621 1.46742 190 115 0
0.57553 0.14841 1.94144 132 101 0
-0.33272 0.22028 2.09824 0 138 88
2.47560 -0.00335 1.46297 41 0 104
-0.13398 0.15876 1.03867 139 254 222
-0.54859 0.17070 0.90780 20 83 24
0.77665 0.02688 -0.11086 0 174 177
2.08822 0.00490 1.11059 14 153 68
1.14974 0.10730 1.84148 16 68 112
2.69456 -0.06773 0.68607 166 111 175
1.87500 0.03923 1.61100 129 0 181
-0.84694 0.28416 2.40965 186 177 165
-0.75638 0.15240 0.29538 83 139 95
0.54162 0.10946 1.07285 206 255 169
2.77257 -0.06529 0.85376 255 255 82
0.95687 0.04904 0.61320 76 95 144
0.77672 0.12567 1.60360 120 75 138
0.61134 0.06108 0.59872 62 0 97
-1.41814 0.22036 0.89843 61 40 189
1.21666 0.11247 1.99342 124 249 80
1.60313 -0.03709 -0.15192 168 182 49
-0.71694 0.21096 1.33094 188 253 119
2.05340 -0.06806 0.03131 83 235 166
-0.73841 0.26074 2.21747 235 255 191
1.45719 0.05737 1.42595 251 110 233
2.87560 -0.10582 0.19144 183 35 66
1.45357 0.01259 0.62046 183 20 176
0.44305 0.10424 0.73194 232 116 127
-1.36545 0.31577 2.41312 111 255 255
2.33093 -0.02771 0.91458 94 255 224
1.57891 0.08561 1.88362 181 117 179
-0.56390 0.12895 0.25074 8 150 0
-0.25593 0.15980 0.96242 96 215 255
2.47253 -0.02886 1.23615 135 167 82
2.90665 -0.03136 1.48532 255 74 78
1.06209 0.10074 1.56030 4 0 73
-1.26447 0.24155 1.13523 134 168 0
1.96927 0.04558 1.73768 88 50 32
-0.81089 0.21692 1.28764 230 255 80
-1.14631 0.22980 1.11407 254 250 149
1.87442 0.07918 2.17058 230 255 180
2.65784 -0.02542 1.44873 128 0 191
-1.10612 0.19893 0.97977 255 179 94
1.77723 0.00885 0.90473 144 177 180
-0.58689 0.19591 1.23249 125 255 156
1.24237 0.00421 0.11331 213 234 255
2.81471 -0.10274 0.14899 185 48 7
0.41801 0.12268 1.30609 175 137 23
0.08492 0.18615 1.85985 121 35 9
1.06052 0.05568 0.64907 106 104 72
2.85427 -0.02415 1.69922 255 145 115
2.46511 0.01055 1.69256 26 48 191
2.14244 -0.00594 0.89647 79 255 74
0.37021 0.09863 0.73660 255 120 79
2.23888 -0.03544 0.59456 81 131 168
2.81016 0.00264 2.05001 248 255 255
-0.76162 0.26370 2.22264 158 177 81
1.72583 0.08133 2.10694 255 255 86
-1.10494 0.26114 1.88929 249 91 193
-0.52289 0.21851 1.69044 40 0 3
2.80384 -0.02966 1.47801 255 73 163
2.42657 0.01357 1.64084 14 20 180
1.16005 0.07168 1.22100 125 231 90
2.41536 0.02631 2.00238 0 190 21
-1.53049 0.25663 1.18560 13 182 102
-0.55135 0.23261 1.74849 47 0 0
-1.34946 0.17693 0.08737 127 175 178
2.84020 -0.03102 1.49343 255 77 104
1.53902 0.02104 0.87581 190 158 0
-0.42048 0.24144 2.27966 105 255 110
2.56843 -0.00106 1.64748 72 29 160
1.05516 0.02768 0.49990 105 72 149
0.06555 0.17655 1.71167 123 0 20
-1.15714 0.30270 2.39917 217 255 106
-0.37174 0.17695 1.16283 76 255 255
-0.98749 0.22493 1.27623 190 187 131
-0.15083 0.13495 0.72884 53 13 74
0.42635 0.08815 0.59782 146 0 0
0.32202 0.19383 2.27933 255 255 76
2.37260 -0.09543 -0.21298 51 184 3
-0.36058 0.17429 0.99918 75 220 182
1.19350 0.02159 0.50295 90 0 0
-0.94863 0.24903 1.71561 255 84 196
0.67381 0.04641 0.19714 26 129 43
-0.49975 0.15671 0.54601 0 3 188
0.59423 0.12126 1.37813 104 89 83
1.77231 -0.02543 0.26816 203 122 244
0.39536 0.17658 2.14595 255 255 82
-1.48419 0.24263 0.94795 36 61 186
-0.98672 0.24242 1.71714 255 78 164
-0.15456 0.10725 0.34900 157 172 184
-0.31073 0.13919 0.63489 2 0 9
1.86320 -0.00271 0.69025 92 78 120
-0.71147 0.20995 1.55673 203 130 255
1.43790 -0.00036 0.37434 183 0 101
2.00505 0.00118 1.06712 41 171 0
0.34786 0.07709 0.48271 169 3 117
2.76457 0.00155 1.78930 244 199 106
-0.22117 0.21102 1.91696 83 128 224
1.60525 0.04783 1.27100 255 189 222
-1.34828 0.25290 1.45435 165 225 232
-0.22377 0.22335 2.18588 0 177 0
-1.03877 0.21551 1.28637 192 182 167
1.11820 0.10370 1.73996 5 10 187
0.94909 0.04884 0.43982 83 86 255
0.68799 0.02886 0.02943 8 189 159
1.52866 0.03446 1.08533 183 187 113
0.71691 0.04918 0.18503 11 132 16
2.76692 -0.09149 0.41578 189 0 150
-0.41878 0.11182 0.04502 77 255 86
1.80816 0.03552 1.39450 230 115 113
0.28678 0.12925 1.15924 255 255 255
1.45604 0.04757 1.15157 169 165 109
-0.62005 0.13825 0.22405 26 165 28
0.84840 0.12440 1.70200 11 0 3
1.11483 0.04194 0.60067 125 88 77
1.77398 -0.03896 -0.07896 97 185 53
1.23916 0.06933 1.28177 78 108 21
-1.10595 0.18319 0.50844 192 35 184
-0.99233 0.20078 0.76472 181 0 0
1.58637 0.03873 1.14120 255 245 255
-0.08216 0.12199 0.73301 86 12 149
-0.30690 0.22961 2.10540 0 145 67
0.42039 0.17132 2.21654 255 255 82
-0.04599 0.12494 0.72319 188 101 255
2.31928 0.01123 1.56715 77 81 122
-1.50263 0.24667 1.10295 21 142 159
2.79910 -0.01255 1.93512 248 255 248
1.02236 0.05886 0.75663 5 71 5
-0.72109 0.24420 1.78564 126 0 99
2.84522 -0.07362 0.77387 255 239 85
0.81111 0.04367 0.32406 77 140 152
-0.30492 0.18342 1.41360 0 120 16
-1.08775 0.21674 0.98093 255 182 97
-0.95511 0.23332 1.41840 190 133 0
2.35897 -0.02847 1.03513 98 255 255
-0.46847 0.11192 0.02414 69 255 128
-1.15959 0.26845 1.86115 232 85 128
2.06009 -0.00658 1.05298 17 179 13
-0.56269 0.23587 2.08116 152 208 238
1.75317 0.07936 2.03723 255 255 95
0.13270 0.13185 0.94848 169 135 0
0.15028 0.21236 2.28943 218 255 173
1.63719 0.03078 1.13120 255 252 255
1.45122 0.09333 2.11082 133 186 191
2.28982 0.04205 1.94115 0 171 171
-0.17368 0.22795 2.40290 85 243 252
-1.34337 0.21475 0.65006 195 81 199
1.88172 -0.01303 0.62900 78 32 89
0.83575 0.10674 1.42486 101 140 218
-0.70501 0.15483 0.66473 153 70 223
2.14886 -0.07705 -0.03802 77 255 132
0.36001 0.08030 0.37215 167 41 186
0.44698 0.10859 1.06240 247 255 255
0.64241 0.08615 0.89743 143 216 207
2.17085 0.00600 1.18878 0 117 185
2.67884 -0.03087 1.25667 224 145 206
-0.24406 0.09975 0.09250 127 255 191
-0.23371 0.20584 1.84645 82 99 255
-0.10257 0.15796 1.24763 59 172 0
-0.44917 0.15739 0.85275 83 150 77
-0.99395 0.18041 0.53165 179 22 124
0.61402 0.10379 1.11597 83 193 0
0.00999 0.12212 0.75677 127 29 184
-1.09632 0.23258 1.38982 179 159 152
-1.49514 0.26435 1.45161 98 227 105
0.01429 0.11385 0.49519 228 90 149
0.77099 0.12956 1.74212 127 95 74
2.55736 0.00607 1.67710 65 42 143
-0.12916 0.12608 0.83086 152 143 255
2.88096 -0.10023 0.47370 186 12 171
2.02251 -0.01096 0.93835 114 255 100
-1.31210 0.21291 0.85473 114 25 160
1.71586 0.07842 1.87669 255 200 245
0.81753 0.13757 1.79345 22 28 25
2.73097 -0.08824 0.29367 186 0 23
-0.51092 0.18739 1.17848 10 191 103
-1.08731 0.21443 0.88303 255 134 72
1.00741 0.08007 1.15035 83 255 255
2.45155 -0.05330 0.58194 59 44 0
-1.00061 0.20936 1.05337 255 227 233
-0.52391 0.23592 1.94702 43 50 98
1.41573 -0.01201 -0.01695 255 255 201
-0.98060 0.23736 1.46211 189 111 0
-0.76739 0.25491 2.09701 160 121 1
-1.15616 0.19917 0.54595 186 22 187
-0.43449 0.18506 1.24503 0 185 190
0.64077 0.13730 1.84077 184 137 83
-1.44726 0.21343 0.56077 148 116 72
2.72346 -0.11463 -0.15869 255 255 255
2.01560 -0.00110 1.06736 31 183 0
0.17515 0.19974 2.35422 146 169 17
0.64221 0.07210 0.50132 53 0 41
-1.44917 0.23977 0.87810 51 28 182
-0.32067 0.16030 1.01213 79 235 225
-0.07223 0.09000 0.14076 122 171 162
0.59022 0.09754 0.94640 172 241 212
0.25346 0.10678 0.85502 189 88 0
2.62543 0.02350 2.13204 78 174 158
-1.14285 0.30006 2.41830 217 255 86
-0.49417 0.18030 1.13996 6 184 93
2.42226 -0.00079 1.47258 19 0 59
1.82440 0.03895 1.44506 139 3 81
0.68042 0.06929 0.58910 36 0 157
1.11638 0.02923 0.50059 50 0 6
2.41821 -0.09237 -0.09613 77 181 35
2.38059 -0.07141 0.08922 48 108 143
2.23735 0.05065 2.08553 0 187 115
0.14265 0.21275 2.40536 124 149 24
1.76529 0.09730 2.29696 183 133 89
0.76578 0.08416 0.99242 19 175 0
0.11461 0.13445 1.07007 160 179 5
-1.09204 0.18061 0.39915 255 186 245
1.71091 -0.01822 0.41480 231 70 190
1.77017 -0.02683 0.18330 123 83 185
1.99311 -0.01723 0.85641 128 253 199
1.26431 0.11526 2.13653 50 190 100
1.04964 0.09505 1.40189 85 134 79
-0.53823 0.22602 1.91719 49 35 55
2.10594 -0.06744 -0.16127 76 255 255
2.20894 -0.08467 -0.20127 82 255 217
2.77077 -0.11726 -0.05297 255 244 178
1.42401 -0.01862 0.08889 255 237 111
1.34955 0.04337 0.95475 228 255 106
0.68817 0.04952 0.25864 20 93 4
2.79638 -0.05726 1.05197 180 154 78
-0.96270 0.27780 2.20436 189 162 13
1.63240 0.05221 1.38259 255 120 109
1.22802 0.13239 2.23768 117 255 227
-0.21034 0.17282 1.24708 16 179 38
0.21912 0.09717 0.45446 255 102 255
2.58576 -0.07821 0.41923 213 75 75
-0.21968 0.19612 1.72932 85 71 255
-0.23710 0.20483 1.98150 0 78 92
0.35826 0.17309 2.00261 255 210 202
-0.20494 0.11172 0.17237 140 253 255
1.32733 0.02353 0.37463 144 5 0
2.67203 -0.07126 0.57027 158 43 172
-0.77946 0.24355 1.86788 243 86 189
-1.11443 0.22342 1.10536 255 242 157
1.96117 -0.06291 -0.06077 100 255 255
2.85247 -0.02216 1.55311 255 89 82
0.20859 0.14514 1.40589 255 173 216
2.76066 0.00851 1.95458 237 255 233
-1.38378 0.26600 1.39669 145 245 154
0.77529 0.07108 0.83617 10 103 35
2.25813 0.03075 1.76619 0 85 145
-0.80929 0.18268 0.71533 211 83 162
-0.83927 0.16521 0.41770 213 163 147
0.65181 0.13238 1.78896 180 106 107
0.27286 0.13041 1.12120 255 255 255
2.27614 -0.05203 0.56741 90 116 142
2.17676 -0.02748 0.79597 77 231 86
2.65954 -0.02337 1.49319 118 0 177
2.65582 -0.05041 1.00396 221 255 88
0.32123 0.14325 1.43061 255 158 102
0.15559 0.10494 0.82918 173 73 28
-0.05003 0.08690 0.19951 121 151 120
2.25403 0.00591 1.27520 0 68 132
2.70136 -0.07245 0.65005 167 84 184
-1.11934 0.19915 0.72727 186 0 98
-0.26006 0.10547 0.07886 122 255 174
1.42060 -0.00185 0.27612 183 55 3
-0.40246 0.10736 -0.01080 79 255 95
2.27477 -0.00060 1.40542 78 91 99
-0.04426 0.21087 2.09906 50 151 49
-0.21205 0.13483 0.80250 114 123 180
0.29871 0.12928 1.19676 255 255 255
2.57443 -0.11741 -0.21529 146 181 80
1.90061 -0.03509 0.27874 56 26 40
0.55532 0.13862 1.66506 224 78 255
-1.48758 0.24214 0.91677 36 48 180
1.95911 0.01522 1.35277 157 127 216
0.33368 0.08297 0.50970 178 0 119
2.42453 -0.05415 0.59445 44 48 0
2.76420 -0.09538 0.37992 181 0 112
-1.10602 0.22605 1.17274 255 255 239
-1.18487 0.23436 1.30316 158 183 174
1.76774 -0.05231 0.04198 113 157 124
-0.19998 0.16106 1.09664 101 255 237
-0.20461 0.18434 1.51728 11 45 55
1.24507 0.08856 1.54743 152 77 255
0.83767 0.02996 0.13451 0 149 0
1.72812 -0.02884 0.21102 223 156 255
-0.67844 0.20412 1.43314 175 205 234
0.93651 0.05192 0.74557 0 58 0
-0.85329 0.21336 1.31915 164 177 3
-0.26541 0.10821 0.17171 114 255 229
0.86585 0.08806 1.13504 87 255 237
-1.36194 0.21344 0.75105 184 82 255
0.37947 0.07856 0.52055 163 0 58
2.04907 -0.01135 0.84845 102 255 124
1.73535 0.07057 1.91808 255 220 207
-0.31316 0.21659 1.98035 0 79 164
0.74851 0.03624 0.18602 2 127 3
2.47617 0.00791 1.72984 30 72 163
-0.01939 0.22193 2.42195 134 227 230
0.37645 0.05583 0.16454 235 237 228
2.28118 -0.07166 0.05654 18 133 23
-0.32334 0.13149 0.51632 2 8 121
0.53527 0.05265 0.14359 167 247 255
-1.39461 0.29129 1.91541 34 5 26
1.57067 0.00845 0.77341 189 107 0
2.83212 -0.10584 0.13626 193 53 10
2.85833 -0.02379 1.53813 255 84 79
2.28532 -0.01615 1.08258 0 160 186
1.57045 -0.02632 0.08495 183 152 0
-1.26900 0.29290 2.06025 172 166 182
-0.35487 0.23389 2.15150 83 248 163
0.48580 0.16054 2.00949 174 125 12
2.73220 -0.04373 1.28412 246 122 255
0.68229 0.12477 1.48938 72 27 192
1.28852 0.08470 1.49656 173 86 255
1.82703 -0.01352 0.39748 184 77 97
1.69437 -0.03152 0.10227 142 132 119
-1.27249 0.17942 0.31807 243 237 70
-1.10467 0.17662 0.24056 255 255 111
0.40233 0.08125 0.40100 153 29 140
0.23192 0.08028 0.24198 188 121 66
-0.03663 0.21119 2.34229 39 176 190
-0.19530 0.14389 0.80055 124 125 191
-0.77929 0.27951 2.37830 167 184 169
1.18965 0.03109 0.61558 77 10 44
0.37785 0.15808 1.75935 189 3 177
0.13610 0.18796 2.02993 220 217 253
0.97621 0.08167 1.12549 70 255 255
1.81057 0.06176 1.90225 244 216 137
0.90079 0.00739 -0.10780 0 177 73
-0.11840 0.20949 2.02718 29 111 0
1.72999 -0.00467 0.41085 230 79 172
0.61211 0.12428 1.34885 95 105 71
1.80574 -0.04936 -0.07229 87 186 79
1.83810 0.06338 1.95114 236 239 93
2.40090 -0.01960 1.05013 105 255 253
2.33061 -0.08400 -0.03362 29 168 0
1.22570 0.05562 0.98609 164 255 203
0.76495 0.09153 1.10620 107 255 119
-0.76109 0.14671 0.22471 85 172 154
-0.78922 0.14588 0.31912 107 127 109
0.29372 0.05768 0.01689 255 255 73
1.61161 0.05311 1.45983 191 8 0
-0.34822 0.21750 1.96650 71 154 255
2.59854 0.03308 2.19889 65 149 166
-0.43766 0.19214 1.49852 91 154 158
-1.16133 0.24254 1.32490 162 183 186
2.36400 -0.08136 0.14972 35 77 154
2.64815 -0.06091 0.69387 146 112 189
1.96904 0.03604 1.58785 79 0 143
1.72702 0.04289 1.40822 253 109 80
2.62017 -0.08226 0.43051 232 78 114
-1.15908 0.20861 0.87585 255 130 102
2.44091 -0.00830 1.37805 27 10 9
1.78374 -0.05151 -0.07642 99 190 54
-0.93319 0.20626 0.99833 255 203 250
0.15555 0.13768 1.18177 251 255 208
2.28775 0.03953 2.12822 0 179 43
-0.52955 0.12645 0.11515 83 255 107
2.86105 -0.07532 0.63304 255 174 156
0.36556 0.16627 1.91528 187 73 176
-1.28065 0.19566 0.49852 144 56 53
1.93472 0.01791 1.15253 165 235 73
1.34637 0.06618 1.45420 198 98 255
-1.00017 0.25593 1.78003 255 78 213
0.97986 0.13859 2.06090 80 255 185
0.81685 0.13915 1.95229 28 110 138
-0.50876 0.18530 1.15342 6 182 90
0.41734 0.15943 1.82768 255 119 255
1.06774 0.05638 0.92695 11 159 157
2.09211 0.00194 1.24798 18 96 167
1.40660 0.05669 1.04687 157 193 0
1.85332 0.04876 1.66782 133 6 175
2.67161 -0.05325 0.74404 155 136 158
-0.56842 0.12982 0.16915 3 183 19
2.55237 -0.02255 1.30449 160 123 134
0.34383 0.04472 0.05386 246 255 119
0.98793 0.14096 2.34540 0 147 8
1.17535 0.12622 2.12241 99 255 101
2.27480 -0.01322 1.31097 0 49 87
0.13470 0.13170 1.20938 249 255 209
-0.08053 0.09338 -0.00935 117 183 167
0.07904 0.18708 1.73330 122 0 4
1.40730 0.04261 1.01465 243 255 81
2.34345 0.03742 2.20806 77 237 77
-0.68139 0.14172 0.31041 51 121 10
0.24300 0.10108 0.73774 188 22 21
-1.18196 0.16909 0.14517 255 255 90
1.93169 0.06316 2.10795 198 255 171
-0.20626 0.14319 0.93407 104 205 255
0.35804 0.18919 2.34341 191 165 26
-0.67250 0.21777 1.42385 176 209 227
-1.46912 0.29108 1.83727 11 0 142
-1.26407 0.27547 1.66745 106 28 101
-0.79957 0.27853 2.44647 255 244 255
-1.40668 0.21834 0.64840 173 85 152
-0.70031 0.25846 2.17020 225 245 191
-0.85736 0.22533 1.47631 177 100 19
0.04742 0.10607 0.55877 239 78 231
2.88537 -0.03070 1.50795 255 79 74
-0.37344 0.14395 0.77541 79 112 73
-1.35545 0.31862 2.47408 34 171 134
1.79543 -0.04477 0.05847 99 153 168
2.38138 -0.00018 1.40804 95 91 80
2.44872 0.01840 1.86535 100 230 175
-1.16784 0.29150 2.16701 214 229 255
0.97122 0.04788 0.56441 90 78 151
-1.10534 0.29369 2.29886 148 184 50
2.32677 -0.02795 0.89495 86 255 206
-1.44755 0.20997 0.59570 151 95 87
0.64088 0.11927 1.38936 83 74 141
-0.80275 0.18394 0.77779 216 97 215
0.23805 0.07749 0.40850 255 121 255
1.83275 0.01119 0.91689 118 181 183
1.23961 0.05282 1.01882 173 255 161
0.48538 0.14495 1.62669 246 79 255
0.71301 0.08356 0.76784 109 151 228
2.34793 0.03903 2.18500 78 251 76
0.02917 0.20375 2.17664 77 178 170
0.90024 0.04812 0.57053 81 79 217
1.60068 0.10066 2.18611 185 182 25
1.66486 0.06770 1.91071 255 213 255
1.94206 -0.03203 0.35738 45 0 0
0.61765 0.09467 1.11668 87 193 0
0.43429 0.08426 0.72371 242 113 109
-1.09499 0.23009 1.41769 178 143 120
0.39751 0.18233 2.10392 255 255 97
0.67294 0.12711 1.55171 158 89 255
2.43725 -0.02949 1.02192 121 255 234
-0.07158 0.09303 -0.02087 129 179 170
1.48899 0.09002 2.06063 163 187 187
0.46087 0.15715 1.71320 255 80 255
1.48373 0.07320 1.66352 251 87 78
-0.64908 0.12066 0.03767 25 186 171
1.43643 0.02447 0.67744 255 140 233
0.20768 0.15833 1.57921 173 4 0
-0.77685 0.19615 0.97947 121 111 166
0.34235 0.15776 1.65439 188 0 84
2.87486 -0.02080 1.74357 186 96 86
0.25305 0.10879 0.89221 183 111 2
1.53505 -0.03767 -0.10982 185 186 79
2.71350 -0.04128 0.99919 252 255 79
-1.14020 0.21134 0.67827 183 0 150
0.58374 0.06515 0.45568 66 1 0
2.65892 -0.00567 1.69476 112 58 37
0.02365 0.17413 1.56282 108 15 159
1.76200 0.03238 1.32301 243 147 79
1.64232 0.06209 1.74491 186 36 146
-1.39609 0.19636 0.31141 98 156 80
0.29753 0.20495 2.29867 255 255 78
2.63026 0.00547 1.91404 185 255 95
2.34864 -0.02598 0.92726 15 185 158
2.02514 0.05189 1.90558 156 229 111
-0.83797 0.25032 2.11137 179 124 0
2.13359 -0.06981 -0.03023 76 255 141
2.34947 0.04030 2.05985 0 188 39
0.90628 0.09061 1.27035 79 214 255
-1.14485 0.24074 1.39629 164 158 182
1.34296 0.01828 0.44683 154 0 43
1.10020 0.12375 1.95243 86 212 162
0.21264 0.18856 2.09259 251 247 255
1.64845 0.08005 1.98323 255 243 230
0.55330 0.02443 -0.08687 143 255 192
-1.48654 0.20609 0.40309 48 116 85
0.43847 0.11109 1.09449 248 255 242
2.66177 -0.04000 1.06527 226 240 74
-1.38808 0.26423 1.57233 139 161 255
0.32794 0.18888 2.31253 255 255 81
-1.25225 0.22189 1.02855 224 200 78
2.38160 0.00146 1.52565 93 75 161
-1.14406 0.22048 0.96118 255 177 78
2.52498 0.02088 2.01966 129 255 86
-0.06190 0.11337 0.54374 187 79 113
2.35932 -0.05556 0.44568 114 76 172
-1.46715 0.19718 0.32709 62 147 121
0.75444 0.14398 2.05477 55 159 150
0.32725 0.19274 2.29422 255 255 78
-1.38326 0.26696 1.40605 144 241 158
-0.90177 0.24934 1.84545 255 89 255
-0.13752 0.12137 0.46288 69 16 0
1.35298 -0.01814 0.05433 252 249 206
1.11739 0.09975 1.89474 93 174 192
-0.41260 0.13674 0.50067 0 13 183
-1.35353 0.32248 2.52573 29 151 102
0.80943 0.10640 1.45032 99 128 230
2.33407 -0.09337 -0.11269 34 181 0
-1.09385 0.28363 2.17254 161 146 133
-0.00977 0.15314 1.22661 186 255 98
2.11793 0.06996 2.26003 126 232 191
0.41941 0.17784 2.23197 255 255 91
1.38366 0.00240 0.37294 172 3 47
-0.42591 0.17215 1.10345 80 255 215
0.67103 0.16276 2.15696 96 188 165
0.41307 0.16484 1.87396 186 47 171
-0.95416 0.23912 1.53059 190 78 0
-0.56824 0.12815 0.13902 1 178 29
1.64362 0.02639 1.10115 255 255 255
0.42296 0.12016 1.15141 165 185 117
-0.93934 0.16588 0.27327 247 244 255
-0.59916 0.15113 0.46952 110 120 156
-0.93662 0.29026 2.45254 255 254 189
-0.93654 0.18722 0.72795 173 0 0
-0.39892 0.19041 1.30856 0 163 162
1.53568 0.03419 1.03935 191 186 94
1.50691 0.01055 0.57364 190 2 171
-0.30980 0.25441 2.43230 84 240 152
2.74224 -0.02823 1.30234 246 115 255
1.06997 0.10654 1.58015 2 0 87
2.79471 -0.04323 1.22531 179 73 183
2.01544 -0.05680 0.29742 12 18 0
-1.17717 0.18053 0.30031 255 237 99
0.93993 0.07021 0.95416 0 174 81
0.62032 0.02937 -0.07566 119 255 255
1.46768 0.01971 0.64037 255 128 235
0.01077 0.13380 0.91643 133 117 79
0.89320 0.08871 1.26925 80 222 255
0.26879 0.09296 0.43958 255 104 255
2.51472 0.01737 1.91046 131 251 90
-0.66671 0.24403 2.02919 201 172 100
-0.66163 0.20114 1.30691 170 255 137
1.65412 -0.02560 0.18950 156 83 152
0.59270 0.14648 1.80909 210 116 137
-0.90984 0.25420 1.93861 255 114 231
1.39686 -0.00467 0.22250 255 163 77
-0.38555 0.24147 2.35692 92 255 71
2.78857 -0.02805 1.30907 179 26 181
-0.42747 0.17639 1.18751 84 255 255
-0.51527 0.25154 2.25994 132 255 212
1.66973 0.05022 1.47246 183 4 0
1.41844 -0.00863 0.08263 255 244 134
3.02615 -0.00632 1.93570 189 185 117
-1.46175 0.29859 2.02392 8 45 8
2.54272 -0.06130 0.60070 103 48 83
-0.13582 0.09858 0.15981 169 255 255
0.36089 0.17926 1.93245 255 174 255
0.76714 0.05111 0.31616 83 143 104
1.30883 0.00422 0.13179 237 217 180
2.61734 -0.04413 0.91133 129 192 79
-0.35127 0.17234 1.12940 74 255 255
-0.41593 0.21740 1.87736 3 19 127
1.02257 0.03373 0.39699 108 98 240
0.32873 0.12003 1.11077 183 183 193
0.78965 0.07701 0.84640 2 109 26
2.55863 -0.03338 1.05105 179 255 118
-0.67744 0.14473 0.21050 41 172 87
2.08411 -0.00793 1.01035 11 183 1
0.22425 0.18691 2.21828 251 255 169
0.11425 0.20087 2.13272 216 255 255
0.99934 0.05791 0.79975 0 104 18
-1.58639 0.20839 0.31464 18 159 187
2.27547 -0.05078 0.61958 84 142 105
2.23570 -0.00335 1.36639 76 108 165
0.11369 0.15573 1.39005 235 187 255
2.12979 0.02696 1.71290 104 129 80
2.25756 -0.01474 1.17460 0 119 181
1.57782 0.01439 0.67307 188 50 33
1.14233 0.10381 1.67637 20 1 183
0.80170 0.15157 2.04798 40 154 177
0.64968 0.08003 0.74702 135 137 255
2.70746 0.00339 1.88696 215 243 130
-1.55285 0.20418 0.25297 27 176 188
0.94539 0.13484 2.19404 82 255 130
-0.37095 0.24237 2.35958 92 255 75
1.33575 0.02237 0.67150 233 127 255
0.19994 0.07537 0.02987 188 189 14
1.49642 -0.01533 0.01670 189 179 28
-0.06067 0.21868 2.11286 34 157 42
2.49240 -0.06125 0.53171 167 104 89
2.54751 -0.05029 0.90438 94 185 143
1.00875 0.09536 1.45304 81 115 75
0.58703 0.09843 1.05793 178 255 130
0.31799 0.16959 1.85941 188 41 180
1.06444 0.07001 1.04723 7 188 188
2.26159 0.01715 1.62705 74 92 112
1.93436 -0.00167 1.06430 157 255 87
-0.89765 0.26591 2.02066 255 157 165
-0.89191 0.22568 1.46925 178 109 0
2.44918 -0.00421 1.40722 25 8 15
-0.67188 0.20853 1.63045 102 16 165
2.51631 -0.12047 -0.23091 121 178 7
2.01771 0.06936 2.09354 163 255 251
2.33274 -0.07147 0.12798 32 82 130
1.57595 0.01361 0.73226 185 85 0
2.46872 -0.05288 0.64343 65 78 52
0.32064 0.15544 1.66412 191 0 61
0.07460 0.07441 0.04535 174 192 120
2.33815 0.00082 1.29244 0 57 43
1.29449 0.00311 0.27433 135 57 17
2.16452 0.02356 1.47957 87 77 146
2.03179 0.04179 1.83487 58 102 0
1.54821 0.02714 0.92212 185 177 28
0.70441 0.12983 1.62622 150 75 174
0.22838 0.14023 1.16107 255 255 247
2.50672 -0.05659 0.67727 82 99 116
-0.05439 0.15296 1.04650 174 255 137
1.63650 0.02802 1.12926 255 250 255
0.72493 0.13864 2.00661 71 137 93
0.06052 0.13980 1.00689 142 160 11
2.85891 -0.01371 1.81889 177 133 127
0.34482 0.08561 0.37107 170 48 183
2.39138 0.01352 1.76273 2 87 188
2.06404 0.06259 2.16730 53 170 183
1.76891 -0.01956 0.34201 207 100 196
0.07657 0.14921 1.32729 227 226 250
0.44524 0.05557 0.01714 204 255 176
1.81925 -0.02318 0.34637 188 91 156
1.79720 0.05406 1.80393 158 71 141
-0.15315 0.19291 1.80372 105 91 240
-0.99216 0.27223 2.24550 181 179 1
2.80323 -0.06783 0.68182 255 199 177
-1.29317 0.25700 1.53360 189 175 255
-0.70813 0.18610 1.00568 92 134 86
-1.22401 0.19362 0.53479 161 27 148
0.10704 0.20879 2.33631 194 255 187
1.53972 0.02200 0.82764 189 135 0
1.52754 0.04763 1.17909 186 149 177
-0.64560 0.12899 0.03247 27 180 186
-0.94116 0.27999 2.31263 184 186 12
1.11276 0.11207 1.87420 90 171 208
-1.23305 0.19867 0.66469 158 0 195
-1.45352 0.20984 0.46861 152 157 96
1.23177 0.05648 1.02651 166 255 157
-1.38558 0.31698 2.22336 118 247 201
2.53296 -0.02330 1.25392 155 155 86
0.58129 0.10212 1.10227 101 185 28
1.17425 0.14278 2.33859 9 145 163
-0.73500 0.20967 1.44843 197 195 199
2.42802 -0.10151 -0.12283 77 190 12
0.40339 0.15381 1.61826 180 0 102
-0.51670 0.22035 1.74164 31 0 0
-0.84958 0.14364 0.05879 118 179 115
1.45753 0.01018 0.51218 183 0 189
2.53553 -0.08178 0.17592 205 142 214
0.45477 0.14776 1.79227 255 103 255
1.47476 -0.00363 0.20337 255 173 81
-0.57834 0.21826 1.61122 63 18 100
0.63173 0.03587 0.00866 118 255 255
-1.09578 0.17262 0.13919 255 255 74
0.30316 0.10977 0.81624 185 75 0
2.84177 -0.01511 1.73649 179 98 56
1.34225 -0.02084 -0.06481 255 255 255
2.23852 -0.05249 0.46733 0 0 164
1.11063 0.13587 2.30824 0 153 87
0.68368 0.08984 0.87365 131 209 190
-0.54982 0.19974 1.51034 124 153 240
2.64301 -0.10686 -0.01107 168 146 158
-1.26703 0.27288 1.62660 192 121 209
0.03604 0.19604 1.97914 84 93 24
0.61035 0.11529 1.32099 100 117 49
0.59776 0.11228 1.21677 97 163 0
1.32227 0.11396 2.16582 81 190 174
1.56625 0.04383 1.18042 255 235 255
2.37899 0.03755 2.04465 0 189 21
2.49388 -0.02418 1.19587 140 190 87
-0.19293 0.15762 1.08817 109 255 235
0.44053 0.06654 0.21115 222 214 255
2.39114 -0.02151 1.10812 107 237 225
1.36388 0.00823 0.23198 172 74 0
-0.31599 0.13822 0.65851 2 0 13
-0.56834 0.11984 0.06242 1 188 104
-0.29996 0.13568 0.41427 6 49 167
2.46159 -0.08329 0.05628 88 123 173
0.43912 0.06538 0.38735 137 44 125
1.64333 0.04240 1.34028 255 146 131
-1.21431 0.25868 1.63821 219 110 145
2.96993 -0.01143 2.02198 194 194 99
-0.91124 0.28149 2.38774 192 186 82
2.21561 0.05298 2.12831 7 180 104
0.47415 0.08486 0.52556 132 0 0
0.22923 0.07794 0.20902 188 129 42
2.06502 -0.05297 0.22385 0 43 0
-0.16085 0.13824 0.83330 136 147 244
-1.12884 0.24437 1.51999 167 88 85
2.36119 0.01809 1.75318 78 156 255
0.86634 0.10008 1.22476 86 240 255
1.05508 0.03663 0.43361 114 86 182
-1.47550 0.23530 0.68540 132 74 108
-0.14882 0.17683 1.39448 31 110 15
-0.19646 0.23794 2.40210 74 243 235
1.33016 0.00689 0.23883 149 65 2
2.43833 -0.03335 1.09105 117 242 199
1.44755 0.04837 1.09417 174 184 56
1.05766 0.13151 2.02180 74 245 151
-0.12698 0.11748 0.42186 74 37 12
-0.55952 0.17904 0.97666 19 121 0
1.00007 0.03837 0.51014 94 75 186
-0.97549 0.15556 0.06032 255 255 94
1.45730 0.08626 1.72847 237 112 77
2.71191 0.00997 2.18269 116 149 184
2.68320 -0.11091 -0.11475 255 255 255
-0.50205 0.25373 2.36275 137 255 133
1.96503 0.02193 1.16557 152 225 88
2.63301 -0.11413 -0.15065 169 185 171
-0.28951 0.10488 0.04523 108 255 118
-0.87845 0.21936 1.44644 171 121 0
2.57820 -0.01171 1.46480 88 0 174
2.10872 -0.07472 -0.18887 80 255 255
2.00096 0.04044 1.73355 73 47 21
1.16297 0.03048 0.50016 73 0 0
-1.01219 0.26673 1.93249 255 102 255
-0.78909 0.15262 0.29385 93 141 123
0.99587 0.14166 2.23001 80 255 78
2.57111 0.00332 1.69400 65 52 125
2.67555 -0.04649 1.08500 234 234 96
2.73619 -0.00814 1.76615 235 180 84
-0.83424 0.24524 1.79764 255 79 255
0.74138 0.04659 0.31685 92 147 93
1.29879 0.09106 1.72058 172 104 155
2.38184 -0.01677 1.16501 97 209 193
1.00559 0.10263 1.54305 0 0 8
2.84759 0.02697 2.18116 164 145 79
1.92035 0.06191 1.93094 202 237 79
1.47947 0.10731 2.20700 150 178 128
2.31904 -0.07355 0.07157 28 125 67
0.73921 0.14451 2.08218 69 170 157
0.63937 0.13911 1.79889 190 105 116
-0.59345 0.17676 0.88727 35 67 73
1.18525 0.07247 1.20613 44 154 7
1.83003 -0.01407 0.49498 185 84 72
-0.35717 0.22970 2.12867 0 156 95
1.40061 0.11700 2.33293 198 221 182
1.62128 0.05951 1.63710 187 0 44
2.88082 -0.10244 0.31042 191 0 173
2.73196 0.01550 2.17443 133 153 175
-0.83787 0.24988 1.76596 255 72 255
-1.21938 0.29710 2.15086 190 210 255
0.97953 0.05055 0.49180 84 76 213
-0.98024 0.27916 2.39762 187 182 33
1.57806 -0.03635 -0.07598 176 188 12
-0.91206 0.17071 0.44303 161 60 125
2.12873 -0.03347 0.52673 0 11 196
-0.81802 0.20999 1.20932 145 190 35
-0.60867 0.22824 1.73153 73 0 34
2.69867 -0.07837 0.41341 179 0 84
0.55055 0.11555 1.27993 120 140 0
2.58338 -0.05340 0.72453 126 123 186
2.64628 0.00534 1.86142 190 234 80
-0.43695 0.20145 1.57931 86 111 89
-0.45402 0.24735 2.25898 111 255 157
-0.26101 0.22090 1.99181 0 84 112
2.84907 -0.01879 1.65748 255 131 93
-0.08900 0.12891 0.64876 86 0 73
-1.57152 0.21487 0.41381 25 107 154
2.48250 0.00033 1.63150 39 11 183
1.44028 0.07922 1.73050 238 113 78
2.40838 -0.00796 1.31892 103 122 76
2.79791 -0.12287 -0.11449 255 255 194
-0.45762 0.15808 0.78194 0 23 39
1.83632 -0.04339 0.00431 77 163 166
2.03900 0.01281 1.27219 38 76 146
-0.17883 0.13078 0.59534 49 0 0
-0.03140 0.13289 0.94830 101 130 117
1.09470 0.10913 1.59864 5 0 117
1.22976 0.09850 1.89687 49 100 11
1.11388 0.07848 1.34318 108 168 78
-0.61930 0.21958 1.71111 76 0 65
2.43806 0.02686 1.96724 92 255 110
0.05931 0.15992 1.51837 216 122 253
0.69342 0.05654 0.40880 107 104 101
0.63291 0.09922 0.99448 162 255 151
2.66879 -0.02537 1.45713 128 0 187
-0.25093 0.11289 0.27287 118 207 255
2.25256 0.02624 1.82527 0 114 173
1.89544 -0.06056 -0.04360 133 255 255
1.03241 0.09656 1.54013 0 0 38
-1.24191 0.19590 0.53455 160 31 137
-0.07505 0.21231 2.26302 32 189 152
-1.44832 0.25797 1.14421 37 165 66
-0.39616 0.20458 1.86882 0 18 155
0.55010 0.14124 1.74513 229 92 232
2.32042 -0.07066 0.22943 105 118 255
-0.19319 0.17559 1.35463 14 137 0
2.42055 -0.06112 0.54781 48 24 0
-1.35062 0.26539 1.47986 158 210 242
2.36526 -0.02472 1.08854 98 243 248
-1.27282 0.31295 2.41492 153 255 201
0.10787 0.06617 -0.05350 184 178 162
-1.21563 0.22989 1.10195 229 237 85
-0.56475 0.21211 1.46751 126 179 255
0.53003 0.14403 1.64756 236 74 255
0.84186 0.11957 1.56795 2 0 16
2.52100 -0.00093 1.58195 47 1 187
0.99174 0.08995 1.41481 79 137 93
1.87127 0.04236 1.53693 126 0 183
1.64037 0.07889 1.81377 188 69 177
2.38181 0.03698 2.13559 0 178 0
0.52030 0.13189 1.44236 136 54 66
2.38461 -0.09425 -0.17197 51 189 0
1.74774 -0.04519 -0.03744 115 181 61
-1.07803 0.17240 0.22924 255 255 119
2.44348 -0.08422 -0.01319 82 152 111
0.58056 0.06903 0.51072 80 0 7
1.07658 0.05754 0.93541 13 170 183
0.54211 0.13210 1.63522 226 77 255
1.79319 0.03113 1.28103 229 174 72
0.17468 0.18167 1.90869 156 66 110
-1.48724 0.21610 0.39318 50 117 94
-1.44770 0.24985 1.25811 38 191 0
1.35417 0.09379 1.86053 103 92 0
-1.08287 0.28861 2.14298 158 129 155
0.38176 0.08124 0.47125 163 6 107
0.24071 0.11698 0.94558 191 138 27
0.51294 0.13035 1.30892 141 125 0
-0.21706 0.23049 2.19957 0 185 0
1.97741 0.07584 2.23682 105 156 187
1.14056 0.02058 0.33449 66 39 109
0.66502 0.15078 1.92310 98 93 0
0.10837 0.11756 0.75346 167 34 130
1.68225 0.02636 1.02234 255 255 255
-0.96449 0.27630 2.28085 180 187 0
2.17888 0.01769 1.52508 78 66 102
-1.39512 0.17786 0.07059 110 179 191
-0.01976 0.20383 2.11532 64 158 90
1.11387 0.06933 1.03039 29 182 170
-0.10435 0.15290 1.05822 148 255 181
-0.56092 0.25689 2.32710 157 255 206
2.02440 0.06403 2.18691 78 165 190
0.86395 0.07816 1.04174 0 186 72
-1.33239 0.27017 1.74565 70 0 98
-0.53610 0.19917 1.30861 110 249 255
0.81909 0.06028 0.68797 0 23 127
2.30821 -0.06712 0.20350 101 130 246
-0.74461 0.15946 0.51101 166 113 80
-0.81320 0.22609 1.49795 157 88 69
1.51464 0.02578 0.72460 255 163 141
1.87387 0.06163 1.98868 223 255 81
2.22064 -0.07566 0.02609 84 227 80
1.70562 0.06352 1.63024 179 6 133
0.46118 0.04347 0.01299 198 255 171
-1.34950 0.30537 2.22229 130 249 225
0.70531 0.14177 2.03962 78 154 115
-0.86830 0.24300 1.75795 255 77 255
2.18118 0.02319 1.63395 81 97 72
1.18952 0.10136 1.76863 36 34 142
-0.64600 0.22588 1.62414 86 17 145
1.70522 0.06346 1.81720 255 161 255
-0.42039 0.20317 1.62065 0 13 0
2.55020 -0.04839 0.72577 101 125 180
1.39161 0.01910 0.60898 166 18 189
2.31241 0.02736 1.92784 0 166 163
0.08285 0.16413 1.36692 221 205 255
-1.39241 0.31913 2.39395 104 255 255
-1.39085 0.32895 2.48541 24 160 157
2.61859 0.02290 2.22948 81 124 190
1.33935 0.04765 0.99227 224 255 93
1.34879 -0.01526 0.09764 255 236 187
-1.12203 0.28373 2.21288 150 161 133
0.74798 0.11129 1.30629 42 115 162
2.45557 -0.03831 0.84295 54 176 180
-0.02009 0.09473 0.35561 212 148 80
1.33953 0.07705 1.52782 199 85 255
-0.58616 0.16698 0.74598 106 92 255
2.76412 -0.03893 1.21226 178 84 163
2.11614 0.02332 1.45040 99 85 216
-1.18128 0.24146 1.40358 147 155 188
2.08317 -0.04816 0.29959 0 10 35
2.68317 -0.06611 0.64306 165 96 189
2.33535 0.00241 1.51615 80 77 100
-0.85087 0.20786 1.28078 163 183 12
0.09005 0.15780 1.54385 224 112 224
2.87703 -0.08158 0.67743 255 201 109
1.96741 -0.03093 0.41188 32 0 16
-0.09606 0.09082 0.08666 105 191 186
2.18424 -0.03023 0.74828 79 207 101
-0.77786 0.15839 0.52593 191 103 77
-0.13260 0.16472 1.22361 42 182 0
-0.27319 0.15597 0.95616 88 211 244
0.84577 0.04240 0.39388 75 102 237
1.10433 0.01743 0.19221 143 198 255
-0.04167 0.20335 2.07888 55 150 47
-0.30486 0.17512 1.17856 0 193 178
2.71870 0.00609 2.00427 214 255 231
-1.30110 0.23187 1.07972 117 149 0
1.89687 -0.03831 0.31731 55 9 14
-1.32950 0.23762 1.19769 95 185 0
0.63252 0.08446 0.94220 159 241 189
0.96752 0.01818 0.15886 1 135 69
-0.30574 0.22996 2.12339 0 154 36
-0.96664 0.22289 1.21867 255 255 240
2.64746 0.02061 2.01403 178 255 175
2.78367 -0.06832 0.92802 183 192 0
0.37450 0.07282 0.40741 158 25 145
-0.24201 0.16669 1.13775 88 255 238
0.07306 0.16540 1.71856 127 0 7
1.32324 0.07718 1.65434 187 80 193
-0.23420 0.15549 0.95989 98 215 255
-1.00272 0.18305 0.60101 182 0 66
1.31145 -0.00243 0.03660 249 255 251
-0.20219 0.08893 -0.03274 144 255 127
-0.61749 0.13757 0.37270 22 91 2
-0.65726 0.20144 1.28164 162 255 136
0.58995 0.05748 0.19795 144 217 206
1.68323 -0.03109 -0.05354 138 195 0
-1.00144 0.19578 0.69470 185 0 11
0.36275 0.20131 2.38132 185 155 63
-1.19341 0.19554 0.37683 255 203 125
-1.24091 0.24195 1.12761 226 252 89
-0.16383 0.17504 1.44805 29 90 42
1.60745 0.05201 1.50873 192 0 0
1.24506 0.12310 2.28108 35 159 178
0.10601 0.15405 1.24096 229 255 206
-0.32739 0.23731 2.32525 0 185 0
2.87674 -0.00341 1.84474 182 151 156
2.45441 0.05075 2.24462 91 216 169
2.78658 -0.02709 1.49406 165 0 84
-1.45814 0.18214 0.08873 78 176 157
2.77852 -0.05901 0.92055 178 188 0
-0.36975 0.16676 1.04855 76 248 227
1.68096 0.09889 2.29121 190 149 8
1.26898 0.04402 0.99560 187 255 149
0.62927 0.09206 0.96202 158 244 166
0.71516 0.02967 -0.10248 5 177 189
0.35145 0.18834 2.24789 255 255 78
0.98074 0.13412 2.12467 77 255 126
2.90306 -0.05669 1.02787 187 163 145
2.56971 -0.02675 1.26057 175 144 128
-1.50888 0.27959 1.55281 92 179 155
-0.58534 0.13281 0.21065 9 167 3
-1.29042 0.27525 1.82617 84 0 10
-1.02025 0.20845 1.07086 255 237 233
0.33354 0.08024 0.34587 176 64 193
-0.99631 0.21857 1.14902 255 255 255
-1.32011 0.32027 2.46159 44 170 115
-1.19687 0.17986 0.19651 255 255 85
0.34038 0.17211 1.94363 255 176 254
0.72541 0.09053 1.12704 38 188 13
-0.65070 0.23408 1.79272 96 0 22
2.43191 0.03707 2.14186 8 176 0
-1.42536 0.18998 0.12066 92 180 189
2.00776 0.04852 1.69537 68 32 41
0.54768 0.11816 1.21467 119 167 0
2.31586 0.02100 1.74350 82 153 251
-0.28335 0.10781 0.18261 105 251 226
-1.19210 0.17042 0.24613 255 255 74
1.76591 0.00069 0.74845 139 99 75
-1.05643 0.19848 0.73101 190 0 32
-0.38990 0.12993 0.35317 74 172 255
-0.03178 0.18613 1.96298 60 79 0
2.88899 -0.07391 0.86175 255 255 109
2.29617 -0.03005 0.85566 75 255 146
-1.32483 0.22078 0.84512 198 99 255
1.02251 0.11016 1.78408 0 34 180
0.88412 0.04570 0.53095 75 80 255
-0.11941 0.20695 2.04777 25 119 0
2.77107 -0.02804 1.39234 170 0 148
-0.09448 0.19699 1.90749 118 135 104
2.89867 -0.06651 0.90487 188 193 57
-1.24601 0.31100 2.41944 172 255 162
-1.04145 0.27076 1.87694 255 86 235
1.75033 -0.04752 -0.08594 118 186 23
1.31299 0.05884 1.07105 117 180 0
0.34369 0.11913 0.93758 255 226 194
-0.89626 0.22111 1.36367 175 162 0
1.66454 0.09716 2.24575 189 157 0
1.74220 0.08237 2.28433 186 139 64
2.02264 0.01734 1.38096 43 32 181
1.75812 0.00063 0.60832 137 27 0
-1.13913 0.24358 1.43147 160 139 162
0.99512 0.04809 0.57197 90 82 138
-1.40516 0.25835 1.40527 128 243 134
1.94057 0.03635 1.48859 92 0 183
-0.64318 0.25684 2.29473 196 255 255
-1.07747 0.25301 1.73637 255 82 104
-0.85110 0.17111 0.59937 225 80 77
-0.67412 0.13118 0.03916 38 189 185
-1.07368 0.19887 0.69032 191 0 68
2.57383 -0.10645 -0.23054 152 184 69
0.93441 0.00997 -0.04946 7 191 12
1.28795 0.12023 2.12994 63 188 120
0.22802 0.05158 -0.06899 188 171 62
2.33338 -0.07191 0.24774 106 110 255
1.70875 0.06969 1.92960 255 221 221
-1.52628 0.21971 0.56350 117 114 91
-1.45884 0.19911 0.31369 62 154 130
-0.65232 0.26840 2.47579 117 148 96
0.36353 0.14269 1.62040 191 0 73
0.23367 0.18146 1.83610 180 26 104
0.60139 0.18291 2.32277 221 255 255
-1.02809 0.25930 1.63103 185 24 0
-0.12223 0.23245 2.39902 94 243 255
-0.46628 0.12055 0.21838 68 246 89
-0.57991 0.23423 2.04477 162 188 188
0.70854 0.14525 1.83181 150 133 79
2.86662 -0.00712 1.94195 185 182 188
0.59070 0.09474 0.88207 173 210 255
-0.15197 0.22549 2.23549 5 193 72
0.91561 0.01813 0.01209 0 186 0
1.30753 0.11969 2.23860 70 177 188
-1.37316 0.30867 2.31726 115 255 255
1.69830 -0.00820 0.52630 244 81 118
2.48533 -0.07800 0.26372 183 102 190
0.89611 0.04580 0.62471 76 96 180
2.28688 -0.01249 1.12459 0 149 194
-1.04148 0.15882 0.21341 255 255 133
-1.40996 0.19641 0.38351 88 122 30
-1.02976 0.22109 1.15779 255 255 255
0.80912 0.13099 1.83093 111 133 126
1.13136 0.01963 0.35849 59 18 93
0.40169 0.15526 1.63245 255 76 192
0.24302 0.19923 2.36663 163 168 0
2.94533 -0.02717 1.62816 255 114 151
2.03678 0.05642 2.01527 157 255 215
-0.87231 0.26699 2.20866 184 169 0
-1.38676 0.19797 0.32277 104 154 44
2.84454 0.00174 2.10865 168 175 132
2.14940 0.03963 1.86276 12 120 112
2.45003 -0.06683 0.40789 156 80 106
-0.04990 0.12445 0.68687 191 86 243
2.20345 -0.06882 0.15222 74 170 107
0.41961 0.06368 0.15875 221 239 255
0.44071 0.16345 1.86074 255 134 246
-0.66770 0.26843 2.48439 131 136 98
2.22045 0.04486 1.97860 0 178 177
-1.17816 0.29526 2.24159 207 255 240
2.60160 0.03018 2.18643 64 153 175
-0.91650 0.15362 0.09319 145 184 89
2.30685 -0.07810 -0.02090 19 166 0
1.61637 -0.02948 0.06388 172 157 8
-0.32321 0.20260 1.58892 73 108 93
1.63706 0.07508 1.78727 192 61 167
-1.26538 0.25324 1.38349 201 250 249
1.72669 -0.02514 0.23079 222 145 255
1.01138 0.11688 1.69169 0 0 119
1.28617 0.13233 2.33093 142 227 255
0.29850 0.12861 1.27963 255 235 229
1.85054 -0.00280 0.99759 111 189 135
1.40136 0.06045 1.17093 146 161 56
-0.85041 0.19812 1.15845 153 181 99
0.76986 0.10223 1.19251 101 252 206
2.88614 -0.09631 0.45459 189 8 175
0.01779 0.12436 0.78916 132 47 173
1.73743 0.05120 1.58642 173 0 104
2.34529 0.01933 1.68506 77 118 238
2.14660 0.03933 1.92789 17 157 145
1.97108 0.06964 2.17340 190 255 255
1.29489 0.01218 0.48438 137 0 56
0.19251 0.19060 2.00080 244 193 255
2.32158 -0.00574 1.46616 78 75 78
2.50163 -0.03325 0.98318 150 255 216
-0.48639 0.19364 1.37598 92 223 255
0.75104 0.07122 0.73703 11 41 158
-0.73844 0.14647 0.26998 76 144 89
0.09380 0.16219 1.41786 226 176 255
-0.01021 0.10571 0.53904 217 80 150
1.67355 -0.02297 0.17780 159 89 151
-0.68465 0.28068 2.48333 144 146 128
2.19747 -0.01628 0.93464 76 255 116
2.70998 -0.03567 1.34837 149 7 185
-1.45359 0.29845 2.08959 92 170 76
-0.92156 0.26277 1.99246 255 145 198
-0.79194 0.26737 2.17344 169 160 25
-1.06188 0.29571 2.30500 166 188 10
1.54413 0.08937 2.12737 173 190 123
0.48230 0.05974 0.30150 202 162 225
0.66790 0.04977 0.31473 31 59 0
1.25841 0.08858 1.65870 157 80 243
2.66087 0.01722 1.95063 192 255 140
-1.11598 0.30023 2.43746 229 255 78
2.89113 -0.10182 0.36127 185 0 189
1.62620 -0.03763 -0.10643 163 191 8
1.19344 0.02744 0.42885 87 0 0
-0.02341 0.21793 2.28939 52 183 187
-0.97239 0.20965 1.04334 255 229 240
-1.41404 0.28051 1.83482 28 0 98
-0.89503 0.15502 0.23784 153 171 185
-0.68487 0.18867 1.09888 83 176 6
-0.16757 0.18525 1.66715 102 81 255
1.63910 0.06511 1.69465 189 12 96
2.25556 -0.03189 0.72417 73 200 83
0.23601 0.09041 0.43060 255 105 255
-0.77167 0.15615 0.45903 185 143 81
2.76147 -0.01619 1.72408 236 164 78
0.88968 0.10382 1.40591 79 144 186
0.34955 0.06246 0.15109 244 249 187
1.76777 0.00888 0.71687 138 85 46
0.37269 0.09807 0.81465 255 163 128
2.23190 -0.01951 0.97738 0 193 98
0.47952 0.09521 0.75731 219 135 191
0.59975 0.03427 -0.05221 133 255 249
-0.98218 0.21460 1.12042 255 252 255
0.74599 0.05802 0.49987 99 79 222
-0.37782 0.19255 1.58157 0 28 0
2.41673 -0.04211 0.77600 40 145 114
2.82504 -0.01255 1.85238 177 153 133
-0.83478 0.18641 0.75822 219 84 158
-0.08603 0.18710 1.90745 131 135 90
2.20223 -0.07905 -0.06238 81 255 116
-1.38413 0.21892 0.63629 175 82 153
-0.95524 0.16208 0.13917 249 255 178
-1.21883 0.20087 0.44496 165 72 74
2.25213 0.00667 1.44607 73 78 94
1.67671 -0.00730 0.52194 251 84 141
1.57412 0.03230 1.07953 255 255 243
0.46811 0.12240 1.14452 154 183 97
1.51978 -0.00178 0.38912 255 83 247
0.44222 0.18052 2.30015 255 255 146
0.81022 0.02043 0.04537 0 183 33
-0.93372 0.17297 0.41914 165 70 150
1.46172 0.07729 1.52515 249 78 158
-0.27531 0.15629 1.10832 82 255 255
-0.89491 0.27943 2.32477 184 186 34
1.23634 0.00202 0.23210 205 159 166
1.13747 0.10583 1.71240 10 10 194
-1.23974 0.27592 1.92588 104 9 6
1.18130 0.07319 1.41692 41 39 57
0.92259 0.07931 1.23022 77 233 255
1.54510 -0.00394 0.41661 255 78 255
2.50505 -0.03896 0.96338 153 255 231
-0.47425 0.15744 0.69288 0 0 123
0.57317 0.14528 1.85771 225 134 135
2.22065 -0.02556 0.78157 72 236 76
-0.05100 0.20342 2.03332 56 121 17
-1.04180 0.16771 0.30969 255 237 206
2.25098 0.04816 2.04826 0 192 117
1.90900 -0.03872 0.25729 47 36 42
0.77457 0.08133 0.89634 13 142 2
1.01701 0.11115 1.83057 0 52 189
0.26571 0.11140 0.91899 193 132 23
0.74300 0.07943 0.85376 13 112 63
1.81770 0.06189 1.83719 244 186 188
1.66658 0.03035 1.09050 255 255 255
-0.20110 0.22522 2.03086 0 113 13
0.03047 0.12855 0.83683 134 69 138
-0.29730 0.14946 0.73108 2 6 0
0.65009 0.05700 0.15775 116 233 176
-0.34642 0.12281 0.25191 88 231 212
2.91658 -0.04796 1.13695 185 111 189
-0.51201 0.16125 0.71504 88 87 228
1.30406 0.12024 2.08134 77 182 92
-0.41198 0.20523 1.71650 0 0 28
0.38016 0.13173 1.34173 182 118 27
2.20479 0.00274 1.33702 0 38 130
2.30048 -0.03376 0.69435 92 180 73
-0.03072 0.20966 2.19309 60 184 146
-0.49145 0.13456 0.33840 82 183 156
0.20407 0.12877 1.09347 176 192 95
-1.11308 0.21881 1.11625 255 248 192
-0.02516 0.19802 1.85266 161 109 86
1.32201 0.00207 0.16657 244 198 145
2.06204 0.04336 1.82053 42 99 4
1.71819 0.06683 1.78935 182 63 185
1.51290 0.08367 1.80345 255 146 145
1.96193 0.02421 1.21231 151 207 115
2.30034 -0.01301 1.23804 0 83 122
2.74082 -0.00079 1.87474 227 243 145
2.08970 0.05230 2.06857 43 186 184
-0.23378 0.13331 0.71718 20 1 6
2.42274 -0.02531 1.18299 114 198 138
0.72916 0.11784 1.60126 137 77 168
1.92373 0.02241 1.27169 176 168 121
-0.53148 0.24727 2.24941 146 255 242
0.62878 0.06207 0.45337 59 0 0
0.48313 0.07268 0.40850 116 20 46
0.45751 0.12797 1.24681 158 160 19
2.34328 -0.05070 0.61948 19 57 0
-0.35215 0.16194 0.73966 0 11 0
2.82133 -0.11735 -0.03608 255 240 118
2.06470 -0.05119 0.40160 2 0 95
-0.98963 0.18989 0.76946 187 6 0
-0.21431 0.21845 2.05120 0 126 17
-0.38814 0.14787 0.66623 0 0 61
1.94047 0.06620 2.10194 202 255 177
1.26253 0.06623 1.50551 162 87 255
-0.24396 0.16441 1.13014 101 255 248
-0.38811 0.09768 0.02389 83 255 76
1.67232 -0.00394 0.55849 249 89 112
-1.56439 0.20268 0.13235 33 188 112
1.45267 0.01029 0.39504 180 2 109
1.66705 0.06224 1.51308 186 0 3
0.70838 0.05592 0.52524 101 79 202
0.70123 0.11586 1.48137 61 25 194
2.33638 -0.10107 -0.20816 38 182 22
1.00161 0.12731 1.89431 80 175 255
2.12255 0.02670 1.66727 107 108 80
1.39106 -0.01395 -0.03963 255 255 243
1.72851 0.03768 1.26408 249 181 107
0.27043 0.07662 0.32127 185 80 155
-0.74012 0.23166 1.67374 133 8 182
-0.79277 0.24714 1.83554 241 87 202
0.35330 0.18006 2.24840 255 255 73
0.64972 0.13941 1.91888 103 94 0
0.59566 0.09994 1.00088 172 255 177
-1.23404 0.20882 0.71876 153 0 187
0.03612 0.16909 1.48042 192 140 255
2.25241 -0.07551 -0.10072 91 255 109
1.30111 0.07200 1.46517 184 98 255
1.27545 0.02344 0.58230 116 1 85
-1.53964 0.21912 0.51971 109 134 134
-0.28594 0.19225 1.59486 76 101 118
-1.08803 0.17745 0.35169 255 210 215
-1.36821 0.20122 0.38219 117 119 5
2.75448 -0.08759 0.65790 255 182 241
0.58928 0.09584 1.04119 179 255 139
2.31429 -0.07793 -0.08569 31 182 0
-0.09634 0.22278 2.43657 104 227 255
1.13357 0.04029 0.60789 57 6 1
0.14069 0.11434 0.62839 255 72 255
2.50750 -0.01812 1.34634 54 22 34
0.55369 0.15342 1.83585 226 126 155
-0.45635 0.15787 0.86689 84 158 80
-0.30980 0.19109 1.44046 0 89 0
0.06275 0.12357 0.77706 148 35 165
-0.96945 0.27029 2.25316 185 184 0
0.68525 0.12943 1.61207 155 72 196
0.71951 0.05037 0.37338 98 112 101
-0.33929 0.15378 0.91481 85 181 142
-0.12804 0.16079 1.28897 44 163 0
2.79926 -0.11880 -0.00008 255 225 112
1.17724 0.11233 1.96990 110 228 86
0.54756 0.04159 -0.05385 156 255 204
0.48235 0.13754 1.52576 243 99 182
2.15211 -0.03549 0.57285 71 111 255
1.20953 0.01170 0.18957 200 193 229
1.38876 0.04221 0.99875 241 255 70
0.51653 0.06235 0.29116 184 167 203
2.79762 -0.12237 -0.16399 255 255 244
0.06084 0.21005 2.34018 83 174 131
1.93088 0.02880 1.41709 94 12 152
-0.70886 0.19029 1.07532 84 158 27
-0.07619 0.20614 1.99495 38 100 0
-0.14716 0.15006 1.12684 125 255 168
0.68590 0.05974 0.35514 25 32 0
0.61623 0.07003 0.57853 60 0 85
-0.58476 0.23015 2.04663 154 186 197
-0.30158 0.12989 0.60722 6 0 31
-0.78936 0.23769 1.70351 153 0 187
1.84093 -0.04070 0.00686 71 173 164
2.61077 0.01707 2.06879 164 255 191
0.05382 0.09458 0.29464 164 93 0
-0.65513 0.17905 0.97282 59 111 66
0.50505 0.14589 1.86864 242 138 171
1.86985 0.05780 1.94972 224 244 79
-0.94879 0.18870 0.71792 168 0 0
2.03556 0.04071 1.71408 138 120 97
0.60087 0.15713 1.99949 134 132 0
-1.57376 0.23255 0.50816 99 141 164
1.98372 0.08263 2.27141 102 137 187
1.48983 0.07795 1.78811 255 147 138
-1.28899 0.22811 1.09898 118 148 0
2.78333 -0.07044 0.85039 255 255 84
2.99615 -0.02442 1.80976 186 144 189
0.76337 0.05543 0.58337 91 85 255
0.91445 0.14986 2.22559 97 255 120
0.66475 0.16460 2.12641 101 184 138
1.19944 0.12063 2.20999 112 255 172
0.18567 0.18413 1.98392 243 197 254
0.21051 0.15269 1.47705 255 138 163
2.94791 -0.02215 1.66833 255 142 182
1.91898 0.00514 1.01315 170 255 143
2.35518 0.02224 1.89399 0 150 150
2.91379 -0.04589 1.23501 192 65 153
-0.75622 0.18610 0.73374 191 78 217
1.41469 0.00976 0.46972 179 0 152
0.85524 0.10414 1.45783 84 119 184
-0.37844 0.24244 2.35797 93 255 80
0.27109 0.13727 1.17329 255 255 255
1.71855 0.08139 2.18052 255 255 78
-0.26381 0.12883 0.51655 20 7 69
1.42891 -0.00323 0.28590 184 40 16
0.35986 0.06076 -0.02046 231 255 91
0.96282 0.00753 -0.00675 10 185 0
-0.84004 0.23910 1.81736 255 83 252
0.23809 0.07773 0.30734 188 88 119
1.61411 0.02261 0.92254 185 172 77
2.81344 -0.11419 -0.08635 255 255 162
1.40292 0.02662 0.68826 253 130 255
0.18219 0.09311 0.45438 255 104 254
1.66264 -0.05085 -0.19447 145 173 23
1.02885 0.04470 0.63292 100 108 79
1.64457 0.02449 0.98554 183 188 147
0.80317 0.07737 0.96172 12 172 0
2.41694 0.02174 1.69725 11 45 189
-1.01230 0.23007 1.23522 192 190 177
1.24025 0.09222 1.63677 148 83 255
-0.81488 0.22562 1.40648 240 224 97
1.47550 -0.03253 -0.12630 190 186 143
0.03870 0.14515 1.05203 141 176 0
-1.35571 0.29138 1.88091 50 0 16
2.80359 -0.03300 1.37208 255 86 226
0.96859 0.12061 1.89573 73 177 255
-1.21614 0.20717 0.65049 162 0 191
0.20614 0.07970 0.16439 187 157 4
0.23585 0.13292 1.10816 183 190 153
1.74126 0.06208 1.80551 255 163 255
-0.53579 0.20202 1.36863 114 229 255
0.83693 0.02087 -0.04007 0 189 86
0.66413 0.14388 1.89103 183 158 75
-0.73153 0.18342 0.73549 177 88 232
-0.05398 0.16991 1.57598 156 101 255
0.91720 0.00837 -0.04909 0 190 17
0.43619 0.06698 0.29503 223 164 255
-0.82373 0.21431 1.18319 142 188 59
2.41554 0.03773 2.17053 84 255 85
1.74099 0.10114 2.28291 180 137 60
1.04637 0.11858 1.95293 81 211 212
0.55754 0.12953 1.63301 220 74 255
-0.19970 0.21593 2.14177 0 170 0
-0.05207 0.12806 0.80268 99 48 185
1.13631 0.00926 0.05056 158 255 236
1.44984 0.10994 2.22489 140 177 137
0.83969 0.14794 2.20585 26 189 124
2.38544 -0.04950 0.54611 125 112 84
2.60976 -0.02830 1.33730 110 18 124
-0.23950 0.17510 1.63619 84 83 194
2.51193 0.03924 2.23911 30 135 147
-0.71637 0.26776 2.31944 232 255 255
1.19295 0.10002 1.64001 37 0 188
1.86965 0.04939 1.63632 127 2 188
-0.07480 0.23090 2.40634 113 239 255
1.57796 0.04675 1.43662 255 97 116
-0.14158 0.13197 0.70923 59 8 76
1.20141 0.02520 0.47225 92 0 0
-0.29835 0.12003 0.29951 103 203 255
0.67290 0.13304 1.50422 163 105 255
1.78447 0.02294 0.98307 139 189 174
0.51960 0.17939 2.28662 170 178 138
2.80039 -0.00208 1.94796 248 255 252
-1.00104 0.18907 0.72711 185 0 0
2.63201 -0.07476 0.26961 240 91 77
0.36603 0.15117 1.69948 190 0 128
0.90903 0.12712 1.85664 0 69 150
2.17389 0.04747 2.10430 18 190 157
1.14860 -0.00401 -0.09087 175 255 124
-1.14428 0.28670 2.13945 143 129 184
0.62370 0.18329 2.32160 219 253 255
-0.91632 0.23048 1.49376 180 86 0
0.31658 0.13630 1.41211 255 172 113
0.24428 0.06126 -0.01383 185 186 20
1.68450 -0.01746 0.20906 235 161 255
0.57918 0.08623 0.83875 179 178 255
-1.32611 0.22869 1.05282 102 132 28
-1.02980 0.23900 1.66425 255 99 105
1.17172 0.04040 0.75402 150 158 224
1.81521 -0.05534 -0.14179 70 183 37
0.87338 0.05704 0.80049 0 87 0
0.45662 0.04796 -0.03414 203 255 122
0.65214 0.07215 0.73239 136 135 255
1.97500 -0.06021 -0.13674 102 255 255
0.58541 0.15208 1.93789 126 96 0
0.83858 0.07944 1.06038 0 189 60
-0.54630 0.17341 0.91526 23 87 24
1.36398 0.09230 1.85032 111 76 0
-0.44504 0.17298 1.00871 83 227 112
-1.44678 0.31390 2.29541 89 255 210
-0.24231 0.15129 0.88953 102 173 208
-0.53431 0.19430 1.28859 109 255 255
2.06781 0.05921 1.90740 48 145 64
-0.46256 0.20055 1.40496 88 208 228
2.17228 0.04015 1.90532 10 154 162
1.02073 0.03708 0.45412 106 77 197
0.24497 0.12877 1.18461 255 255 255
2.58538 -0.01066 1.52010 86 0 191
1.22521 -0.00729 -0.02014 214 255 255
2.45038 0.01278 1.83703 101 218 197
0.59619 0.09564 0.94636 166 238 208
-0.14852 0.22822 2.32216 8 179 145
-1.19219 0.24511 1.50615 144 100 148
1.67955 0.05722 1.49763 185 0 6
-0.07256 0.14110 0.90150 171 186 255
1.65849 0.02521 0.99851 181 184 170
-0.79936 0.18162 0.69467 198 81 153
0.00313 0.09325 0.28038 147 113 10
-1.17813 0.27831 1.87154 138 0 26
-0.90414 0.18839 0.82694 255 110 154
-0.81874 0.22773 1.59616 159 29 149
-0.42445 0.24603 2.34405 106 255 87
1.50568 0.04024 1.22231 178 129 185
0.09408 0.12133 0.77313 164 41 130
0.97721 0.11083 1.76645 0 20 138
2.15001 0.05880 2.05405 15 188 185
1.74995 0.07434 2.09018 255 255 77
0.15689 0.18564 2.04757 232 224 255
-1.43666 0.31413 2.31450 92 255 220
0.03016 0.14267 1.13941 121 188 0
1.11197 0.00591 0.08500 145 248 234
2.35202 -0.02568 1.11802 3 138 169
-0.33301 0.16150 1.07388 73 255 255
1.79188 -0.00080 0.75060 122 104 104
-1.57115 0.18883 0.12830 27 185 106
0.44472 0.09821 0.98169 241 246 255
1.41472 0.01569 0.56472 179 5 186
2.81244 -0.09963 0.18321 188 32 21
1.04115 0.08893 1.45632 84 116 79
-1.14744 0.20306 0.77759 178 7 74
0.50401 0.13757 1.67488 241 74 255
0.60596 0.17344 2.17584 137 186 115
-0.71549 0.17900 0.80380 174 98 255
1.69069 -0.00951 0.70371 170 76 0
2.61800 -0.06839 0.71262 136 120 192
-1.18281 0.29924 2.46121 115 168 4
0.53785 0.14612 1.83987 236 130 166
-1.30280 0.17049 0.05067 235 255 255
-1.51124 0.27296 1.44885 95 237 84
1.38968 0.00491 0.30203 169 34 0
-0.69322 0.26697 2.30274 223 255 255
2.76082 -0.07485 0.55950 255 129 255
0.61475 0.04616 0.11898 131 242 239
-0.52438 0.23460 2.06125 131 192 250
0.84891 0.03084 0.25646 0 78 61
0.47546 0.13343 1.48323 162 37 56
0.19632 0.07910 0.30539 189 88 82
-0.35258 0.22810 2.21265 82 255 116
-0.58334 0.20845 1.49028 137 168 255
-1.15159 0.22150 1.13170 252 255 162
2.83120 -0.07443 0.67117 255 190 161
-0.98574 0.22495 1.30647 188 176 127
-0.42112 0.19496 1.44416 0 98 81
-0.39009 0.16158 0.94834 77 202 127
0.80320 0.09186 1.13977 94 255 186
0.63417 0.15649 2.12449 117 178 93
2.29240 0.05240 2.14575 0 178 22
0.01312 0.09085 0.18119 149 159 61
1.56497 0.08113 1.79960 255 153 193
1.39482 0.03102 0.87968 246 241 122
-0.62058 0.14616 0.35246 24 100 0
-0.26377 0.21682 2.13298 0 160 0
0.73942 0.08880 1.15435 33 184 51
1.64349 -0.02909 -0.00967 160 180 2
2.56193 0.01604 1.86833 145 234 81
-0.68542 0.25274 2.18162 215 254 210
0.78578 0.12062 1.62155 116 75 120
-1.17712 0.30971 2.51291 118 152 0
0.53502 0.08873 0.82918 196 164 255
-1.31015 0.21659 0.87695 108 34 152
-0.49223 0.20797 1.65187 19 7 5
-0.67408 0.16760 0.67504 150 80 238
0.14077 0.09274 0.24863 181 120 2
-0.28119 0.15116 0.96901 88 215 240
-1.03820 0.16832 0.19513 255 255 130
-1.32813 0.17685 0.13094 227 255 237
0.95309 0.01769 0.04213 6 177 0
2.86555 -0.11142 0.15809 187 44 48
0.41699 0.08442 0.54364 150 0 20
0.77474 0.06589 0.70027 4 33 158
2.81823 -0.11348 0.05041 255 186 77
-0.31006 0.12620 0.50916 3 9 104
0.80739 0.07710 0.87638 3 133 4
1.29440 0.07235 1.53051 179 80 255
2.59347 0.02579 2.04895 160 255 159
0.48478 0.12050 1.27236 142 145 0
0.80601 0.15273 2.20861 35 190 157
-1.27589 0.25473 1.36292 195 255 219
1.93173 0.01956 1.24024 176 186 106
2.32838 -0.05156 0.51269 104 95 138
0.77997 0.03816 0.42486 90 94 194
-1.43538 0.22625 0.89592 61 41 186
0.60111 0.05698 0.29759 62 65 25
-0.42719 0.21830 1.83107 4 4 91
1.61812 0.00460 0.65547 181 41 6
0.15737 0.18460 2.09485 227 240 255
0.65034 0.16228 2.27139 105 178 192
1.09397 0.05446 0.82910 28 110 117
0.10256 0.16162 1.54873 138 20 116
-1.26941 0.30330 2.19703 164 238 255
-1.31468 0.23442 1.04192 114 123 19
2.76584 -0.13070 -0.21222 255 255 255
0.56138 0.17082 2.23241 154 192 127
1.24652 0.05607 1.02092 175 255 168
1.17612 0.03490 0.66861 152 116 144
1.49646 0.06723 1.74289 255 119 110
-0.90445 0.28449 2.21409 192 165 0
-0.30344 0.16772 1.15488 82 255 255
1.74727 0.07560 2.11079 255 255 77
1.74106 -0.01877 0.50220 225 80 104
0.36978 0.05838 0.00273 238 255 92
-0.55748 0.22691 1.86878 57 12 6
0.28424 0.11297 0.88179 185 103 14
-1.40660 0.22044 0.50515 168 133 81
-0.40658 0.13642 0.54836 0 3 162
2.70198 -0.07481 0.61069 167 66 190
-0.10888 0.22152 2.30565 17 186 154
2.56450 -0.02019 1.38352 75 8 114
1.77319 -0.01039 0.44456 205 76 106
1.01285 0.00324 -0.07443 32 184 0
2.44011 0.03017 2.09103 3 182 0
-1.27274 0.31174 2.51431 61 146 32
-0.07379 0.18620 1.66300 142 77 255
-0.00122 0.17050 1.53673 181 120 255
0.82947 0.05508 0.47821 79 76 255
1.15969 0.10050 1.64341 23 0 192
-0.23907 0.13391 0.72088 18 3 9
0.92817 0.14037 2.12197 86 255 198
2.32904 -0.08961 -0.03892 34 173 0
0.94605 0.01400 0.15848 1 134 60
2.71354 -0.00513 1.74610 220 174 73
0.57595 0.16314 2.14279 146 183 72
-0.08700 0.12057 0.56937 174 74 101
-0.64800 0.19929 1.34130 152 240 195
2.90096 -0.07661 0.88184 255 255 110
1.11722 0.14335 2.32074 0 145 109
-0.46380 0.19968 1.36914 93 222 255
-1.20913 0.26723 1.67777 133 12 32
1.42931 0.02352 0.74230 255 166 211
2.63399 -0.06993 0.64227 151 82 187
-0.53894 0.18981 1.22468 112 255 206
-0.81541 0.16965 0.58750 209 88 76
0.04049 0.18400 1.82123 99 17 0
-0.87746 0.21074 1.24503 170 193 63
0.11292 0.16150 1.59159 143 2 80
1.06699 0.04679 0.84559 19 127 108
2.69377 -0.02697 1.36665 143 7 186
0.81885 0.01345 -0.08053 0 178 128
-0.51366 0.23797 1.93540 42 47 96
0.01570 0.20912 2.25742 69 186 187
-0.95505 0.16698 0.32799 252 214 255
0.61766 0.14087 1.66265 194 73 234
0.27516 0.12815 1.08999 187 188 159
-0.96488 0.23476 1.40658 192 141 15
-0.41183 0.18358 1.17077 79 255 255
-0.68425 0.22062 1.55465 182 130 255
0.97793 0.08849 1.43492 76 124 90
-0.55519 0.23889 2.05864 151 192 228
2.58823 0.00356 1.95129 162 255 89
-0.25380 0.19065 1.45407 0 85 0
2.56570 -0.00351 1.68733 65 51 124
0.79065 0.12335 1.68499 112 83 82
-0.08150 0.13965 1.04729 164 255 158
0.27206 0.13791 1.25459 255 252 255
0.10352 0.07752 0.27838 178 118 0
0.39673 0.06346 0.16431 233 242 233
2.92394 -0.07919 0.84639 255 255 120
1.09403 0.06695 0.90420 23 155 175
1.22570 0.04832 1.01049 162 255 181
1.33814 0.03821 0.97201 215 255 108
1.26544 0.05266 1.06275 95 193 17
0.70602 0.10106 1.31281 49 116 151
2.46271 -0.09136 0.11966 85 88 191
1.12490 0.01848 0.32929 59 41 123
-1.12258 0.28224 2.12877 145 126 181
-1.11821 0.30117 2.44255 226 255 74
-0.19965 0.11380 0.36679 40 70 121
-0.95545 0.24780 1.58301 189 54 7
-0.80714 0.20257 1.11652 142 169 106
1.43516 0.10494 2.10341 137 189 192
-1.18688 0.22261 0.89220 253 139 99
-0.99644 0.15591 0.23793 255 255 207
0.94628 0.03291 0.33060 84 136 255
0.66862 0.12527 1.50363 170 110 255
1.42951 0.01906 0.65503 255 117 245
-1.30272 0.30895 2.28731 143 255 255
0.31585 0.06598 0.16070 254 246 171
-0.90392 0.23791 1.67631 255 87 231
0.34717 0.14028 1.58774 189 2 18
1.54687 0.07694 1.84436 175 83 128
0.74994 0.15006 2.29613 155 255 222
0.07313 0.06927 -0.03486 173 177 171
0.75890 0.08992 1.19211 107 255 183
2.09808 -0.04454 0.33147 0 1 65
2.35104 -0.02873 0.97478 99 255 255
-0.20746 0.12552 0.45202 37 32 58
2.69888 -0.12046 -0.12122 255 255 255
1.09427 0.05322 0.74466 31 63 51
-0.91456 0.25784 1.86275 255 87 255
1.63857 0.00400 0.74279 179 93 0
-1.33797 0.25773 1.42562 170 237 217
-0.17970 0.18614 1.59343 100 98 223
-1.16958 0.17572 0.29070 255 241 91
2.98057 -0.03756 1.48820 255 75 85
1.36876 0.07467 1.53043 215 79 234
2.72453 -0.05285 0.91431 167 193 1
-0.39507 0.23746 2.29086 101 255 103
2.20698 0.04912 2.06074 0 192 150
1.54018 0.07421 1.81558 255 154 187
-1.39084 0.25495 1.12074 68 155 38
0.69759 0.15074 2.03332 83 152 97
1.48035 0.06631 1.42783 254 109 214
0.51675 0.11715 1.20211 134 176 12
2.07541 0.05472 1.91349 43 152 74
0.28895 0.18832 2.16445 255 255 147
-0.00401 0.15550 1.23967 194 255 119
0.51541 0.08815 0.81864 204 165 248
-1.16454 0.18631 0.51993 176 36 168
2.34468 -0.06280 0.30698 113 87 255
2.21194 -0.00745 1.08937 0 167 153
-1.16753 0.28968 2.16204 217 226 255
-0.63065 0.24619 2.02286 186 177 138
2.22023 0.05770 2.19631 84 251 140
-1.01991 0.27007 2.07813 182 103 140
-0.52482 0.23743 2.19757 136 255 255
-1.53579 0.19676 0.32672 36 158 179
2.82834 -0.01605 1.70103 255 154 102
-0.67699 0.26547 2.24932 210 255 255
2.83292 -0.12374 -0.03076 255 237 111
1.02005 0.14674 2.31013 0 154 15
-0.06110 0.12790 0.62169 189 78 164
2.13786 -0.01230 0.94662 82 255 93
0.74283 0.12244 1.65909 130 78 123
-0.45194 0.16988 0.88275 79 155 76
-0.42533 0.15034 0.86885 78 155 73
-0.84403 0.25579 1.96332 255 132 162
0.33515 0.12388 1.22108 255 255 241
-1.13269 0.20700 0.73083 182 0 101
-0.22899 0.12135 0.47582 33 24 59
1.33010 0.08433 1.66972 179 86 175
0.38450 0.13059 1.22054 175 177 119
-1.11748 0.24116 1.44508 170 135 125
2.48336 -0.04025 1.00720 142 255 219
0.96322 0.03544 0.29800 88 143 255
2.52109 -0.09474 0.04506 124 127 189
1.59512 0.08482 1.91673 190 138 198
1.39049 0.08695 1.73536 212 108 84
-1.15854 0.21207 0.96964 255 170 78
2.76459 -0.07104 0.65580 255 179 231
0.30817 0.09011 0.49086 178 0 142
-0.12630 0.13035 0.60519 77 0 25
0.60503 0.16468 2.10894 131 170 58
-0.97023 0.21580 0.93946 255 163 178
-0.91174 0.29602 2.51309 255 230 248
-0.48231 0.24617 2.28420 126 255 172
2.39342 -0.09495 -0.16603 62 191 0
-0.36936 0.18570 1.37082 0 138 90
2.26950 0.02385 1.83416 0 116 172
-0.05661 0.11689 0.55070 187 79 128
0.87031 0.03875 0.52925 74 76 255
-1.04822 0.20125 0.73931 187 2 18
0.07326 0.14765 1.32183 220 233 232
1.03296 0.12290 2.03822 78 247 154
2.40552 -0.08167 0.06924 65 123 149
-0.89183 0.23125 1.61416 178 24 100
0.44382 0.10691 1.03009 238 255 255
-0.57557 0.22125 1.67655 54 0 32
-0.94935 0.21788 1.21865 255 255 240
0.05229 0.18714 1.99661 183 192 157
0.77926 0.02224 -0.06683 0 185 143
2.33920 -0.09732 -0.24705 44 172 26
0.30795 0.12889 1.09597 187 185 180
-0.47574 0.13837 0.40859 0 62 141
1.97295 0.06801 2.15709 188 255 250
1.74259 0.04521 1.47979 168 1 34
-0.25372 0.15451 0.84279 96 150 163
-0.88860 0.18867 0.73955 158 0 15
0.81809 0.06348 0.57977 78 83 255
1.84187 0.09162 2.24182 161 156 124
-0.11349 0.08549 0.01673 104 188 153
-0.02390 0.17497 1.59744 162 91 255
-0.85232 0.16741 0.55931 222 93 79
2.81754 -0.06658 0.98491 187 187 48
1.92798 0.00971 0.99656 159 255 146
-0.33102 0.20236 1.68818 73 83 150
-0.40983 0.10401 -0.00613 77 255 102
2.24757 -0.02918 0.81935 77 247 85
1.51516 0.04804 1.30721 180 86 180
-1.12251 0.16534 0.12114 255 255 78
-0.81234 0.17462 0.65917 209 79 115
-0.69471 0.22025 1.70558 109 0 134
0.76507 0.08054 0.97343 18 173 0
-1.27653 0.27107 1.82639 100 0 0
0.29553 0.12611 1.15075 255 255 255
2.56722 -0.09645 -0.16517 144 188 105
1.32825 0.11124 2.18344 83 181 183
2.91746 -0.06913 0.82211 255 255 101
2.18699 -0.07344 -0.23265 81 255 246
-0.79558 0.26010 2.07374 165 111 0
-1.29824 0.23581 1.05358 115 128 13
2.68078 0.02242 2.08158 199 255 255
1.65974 0.09904 2.24742 191 164 0
-0.31822 0.10755 0.06702 107 255 121
1.66200 0.01584 0.83877 177 143 55
2.47759 0.00947 1.89237 109 243 123
2.20608 -0.00447 1.13835 0 140 178
-0.58565 0.21533 1.56243 143 130 223
-0.28684 0.10428 0.11674 109 255 179
2.71312 -0.04481 1.15069 245 197 170
1.57577 -0.01437 0.14691 185 119 30
-0.67601 0.25800 2.22433 214 255 246
-0.87567 0.18652 0.79953 236 104 152
0.84034 0.06734 0.73331 0 57 65
-1.36315 0.29369 1.96949 47 25 0
0.98904 0.07088 1.06339 0 194 182
-0.99026 0.23624 1.63878 189 21 18
-0.18195 0.10170 0.21509 144 235 255
1.56503 0.04807 1.23455 255 210 255
-0.39390 0.21268 1.82863 0 1 117
2.88922 -0.05920 1.07111 186 148 167
2.33895 -0.05247 0.49059 112 90 149
1.82921 0.01343 0.99690 201 255 218
1.75327 0.08616 2.23034 188 157 16
2.40169 -0.07756 0.24426 138 110 255
2.48198 0.03845 2.21810 19 146 99
0.68906 0.12425 1.53385 149 97 255
-0.74480 0.26042 2.08681 232 202 94
1.14288 0.09294 1.55814 25 0 141
1.16445 0.05652 0.98458 134 255 250
1.01437 0.00823 -0.04111 29 191 0
2.36359 -0.05704 0.43458 113 76 171
1.29532 0.00108 0.17619 236 202 165
-0.60119 0.23873 2.07461 168 209 218
1.41795 -0.00302 0.30234 173 37 18
1.09429 0.13585 2.32489 0 149 86
-0.04974 0.11813 0.63689 197 75 196
-1.44510 0.19130 0.13356 81 188 184
0.48378 0.17689 2.33743 255 246 226
1.18807 0.10476 2.03389 109 255 82
-1.01390 0.28163 2.19426 185 159 40
-0.28877 0.18260 1.43948 0 93 0
-0.51798 0.14095 0.53015 87 94 255
-0.67572 0.19692 1.12461 85 179 0
2.52409 -0.09962 -0.01533 128 145 181
-0.43776 0.15862 0.75744 0 10 31
-0.56964 0.19011 1.08282 24 174 0
2.08783 -0.01040 1.04089 10 182 16
-1.41581 0.17700 0.11266 103 184 190
2.12172 -0.01692 0.67476 77 163 208
1.80656 -0.01984 0.43238 198 73 105
1.61986 -0.01011 0.32614 255 109 255
1.96863 -0.04715 0.21186 32 62 34
1.10973 0.11423 1.88306 89 172 212
-0.31928 0.18802 1.46957 0 80 0
1.45271 -0.01457 0.16131 255 197 72
-0.02149 0.19827 1.89390 155 132 75
1.80153 -0.01276 0.60130 116 26 5
-0.32674 0.12833 0.50419 6 12 129
1.82986 0.05983 1.80959 230 164 197
-0.49577 0.11600 0.10715 70 255 92
0.30345 0.10637 0.70759 255 103 88
-0.08763 0.20798 2.08597 41 142 16
-1.11667 0.27182 1.94038 250 105 224
-0.61604 0.26303 2.48635 110 139 59
0.75198 0.08344 0.88745 13 129 31
-0.53471 0.25963 2.27584 143 255 221
-0.59754 0.16477 0.89941 34 82 60
2.77752 -0.03568 1.22357 173 68 180
-0.82383 0.19509 0.97498 140 101 192
0.15179 0.17017 1.70652 157 0 0
2.06690 -0.02882 0.66967 92 157 251
1.00919 0.00995 -0.02278 28 187 0
1.56013 0.06238 1.57849 255 78 79
2.84176 -0.07018 0.87094 255 255 82
-1.04229 0.24741 1.62024 185 28 0
-0.18953 0.10881 0.15172 148 255 255
0.88819 0.11799 1.77990 3 27 80
0.10019 0.07903 0.19712 178 150 0
0.81600 0.14287 1.97290 26 123 143
0.48327 0.06356 0.31168 114 68 125
2.70698 -0.03568 1.28917 237 130 248
1.31776 0.04794 1.07210 124 189 0
0.31744 0.10067 0.83591 187 87 20
2.83900 -0.08972 0.41604 188 0 188
1.95371 -0.04150 0.21577 35 53 43
0.40219 0.12935 1.39502 177 80 0
-1.23594 0.21820 0.92370 235 146 131
2.25988 -0.09169 -0.23123 18 175 101
1.87262 -0.00764 0.65767 93 54 109
2.89084 -0.02627 1.67631 255 148 136
-0.87534 0.19137 0.84091 245 122 188
-1.22938 0.18085 0.25265 255 255 90
0.83605 0.02714 0.04326 0 181 29
2.12304 0.01516 1.53314 100 75 152
-1.38837 0.28624 1.89269 36 0 36
0.86637 0.02830 0.00824 0 190 14
-0.91564 0.24630 1.79296 255 76 255
0.54725 0.08043 0.65562 94 5 76
0.23984 0.14214 1.33545 255 209 229
-0.16270 0.12098 0.33941 152 163 181
-0.90235 0.29505 2.51883 255 214 255
-0.06318 0.16817 1.46781 63 77 134
1.79003 0.09222 2.28002 177 144 102
1.57120 0.03651 1.17665 255 231 255
0.42805 0.11679 1.06631 249 255 255
0.84307 0.13149 1.84621 15 56 85
1.90614 0.05372 1.83181 202 187 116
2.52203 -0.12000 -0.23991 129 179 18
1.75054 0.02482 1.03984 234 255 255
1.11147 0.03075 0.47632 51 0 21
-1.08452 0.27989 2.12905 166 124 157
-1.38541 0.19839 0.43577 101 95 0
-0.98473 0.25973 1.91541 255 104 255
-0.09500 0.20782 2.09260 27 146 2
-1.24397 0.30968 2.41454 176 255 181
1.37922 -0.01484 -0.01719 255 255 231
0.15641 0.11538 0.89033 175 107 0
2.45684 -0.06076 0.57359 63 44 0
2.38484 -0.06249 0.42992 125 81 166
2.17321 -0.05579 0.36562 0 0 160
1.30857 0.06561 1.21349 110 140 35
0.79892 0.11506 1.63915 113 72 91
1.41480 0.03855 1.06284 162 192 12
0.88139 0.02275 -0.12193 0 173 91
-0.31356 0.11714 0.23354 96 240 232
-0.31324 0.16982 1.14491 82 255 255
-0.73289 0.24000 1.89772 139 15 24
-0.62668 0.16727 0.77547 130 100 255
1.21674 0.08134 1.31516 63 92 20
2.46591 -0.03520 0.81713 65 161 167
2.17923 0.04657 2.06055 8 190 175
1.09930 0.00286 -0.11759 149 255 84
1.17487 0.01267 0.24801 90 70 120
2.11033 -0.04909 0.14959 78 172 78
-0.24144 0.14321 0.76622 17 27 36
0.07974 0.12844 0.88547 156 100 50
1.57853 -0.01074 0.35298 255 93 255
1.99606 -0.02349 0.58825 116 112 243
-0.69755 0.25610 2.10078 218 210 129
2.68242 -0.00826 1.79512 197 198 71
-0.90792 0.26737 2.05994 186 98 45
2.22494 -0.02485 0.92180 74 255 133
1.45918 0.00096 0.48799 182 0 180
0.41776 0.19125 2.31155 255 255 133
1.32078 0.02283 0.59644 145 4 156
2.58209 -0.09520 0.12893 143 77 125
0.72303 0.03364 0.03627 0 184 107
0.64422 0.08328 0.84123 148 190 247
0.56894 0.13083 1.67428 214 75 255
-0.56926 0.24915 2.20861 152 255 255
-0.26647 0.17674 1.46905 0 75 0
2.75550 -0.11609 0.02948 255 208 131
1.75223 0.01719 1.04291 242 255 255
2.68200 -0.09480 0.14556 176 56 17
1.63188 0.07909 1.90494 255 213 255
2.72399 -0.08582 0.34078 178 0 35
-0.88524 0.18734 0.77495 164 7 38
1.00032 0.06806 0.87314 5 134 75
2.61390 -0.02257 1.51766 110 0 182
0.00646 0.13904 0.95297 126 136 59
-1.11480 0.21636 1.04602 255 221 130
0.42345 0.13773 1.36777 172 102 0
2.24636 -0.06756 0.03892 90 224 82
1.49794 -0.02227 -0.00519 191 180 47
-1.03858 0.23959 1.44437 185 123 44
0.61181 0.07688 0.73239 154 122 255
2.41898 -0.04013 0.72889 40 121 63
2.02975 -0.07339 -0.20222 83 255 255
-0.87840 0.19247 0.88818 244 142 219
0.93940 0.05528 0.69182 0 30 20
0.90937 0.08087 1.15559 75 255 255
2.37533 0.03733 2.02395 0 183 41
-0.41219 0.25008 2.41875 15 167 0
-0.64904 0.16179 0.70785 136 77 255
1.58704 0.09847 2.15972 191 188 61
0.23788 0.14122 1.30129 255 229 255
-1.42699 0.32611 2.49235 6 165 181
-1.12831 0.17236 0.23820 255 255 89
-1.43329 0.29703 1.96798 25 24 14
1.74386 -0.02697 0.30934 219 108 247
-0.03469 0.20216 2.05694 60 130 34
-0.67959 0.13846 0.00605 38 178 189
1.05515 0.02206 0.26698 122 158 255
1.99418 -0.07256 -0.08026 94 255 255
0.28855 0.08280 0.25102 255 199 213
0.56624 0.08344 0.74909 168 132 253
0.15533 0.18796 1.93623 234 165 209
1.58440 -0.00099 0.49710 255 78 244
1.13936 0.05610 0.89275 130 235 255
-0.17924 0.16267 1.17167 30 189 78
2.52470 -0.01343 1.26188 153 146 79
0.77265 0.02566 -0.00272 0 188 112
1.07135 0.02642 0.40651 127 88 180
-1.13909 0.28013 2.15742 136 136 177
2.91590 0.00156 2.10271 186 176 83
-0.17287 0.09344 0.06696 163 255 237
1.35227 0.10617 1.96125 106 143 40
0.66462 0.09247 0.99028 139 255 109
2.13221 -0.00869 1.13213 3 142 133
1.72612 -0.03594 0.13579 133 119 155
1.06443 0.11472 1.79708 0 43 187
0.67048 0.08075 0.88702 131 217 189
2.85788 0.01266 2.19007 255 232 154
2.38476 -0.03014 1.01338 104 255 255
0.20516 0.12310 0.89371 186 112 0
0.30760 0.14883 1.71279 188 0 80
1.10182 0.08121 1.31146 97 185 77
-0.29951 0.17511 1.31494 0 157 69
0.15266 0.12422 0.90538 180 115 0
1.27942 0.05049 0.95346 189 255 184
0.25472 0.06146 -0.01010 184 187 8
2.91035 -0.03793 1.32701 255 100 151
1.68167 -0.02095 0.27307 241 130 255
1.01689 0.11537 1.92862 76 186 255
-0.52389 0.16885 0.86203 3 54 31
0.10215 0.21264 2.29891 200 255 226
-0.04483 0.20269 1.99303 54 98 0
-0.03939 0.09931 0.27961 127 122 38
2.77548 -0.07609 0.50289 189 17 186
-1.44143 0.31932 2.39789 89 255 255
1.66040 -0.00601 0.35598 253 98 255
2.17409 -0.02475 0.80381 73 235 76
-0.08949 0.12977 0.67891 89 0 106
1.05163 0.03339 0.60525 105 90 77
0.24248 0.15122 1.58487 186 0 0
0.42291 0.07532 0.34662 139 58 151
0.79900 0.05188 0.58037 82 79 255
1.13066 0.09441 1.52828 24 0 113
0.09775 0.09351 0.40618 255 137 146
1.97707 -0.06985 -0.19825 102 255 232
-0.26459 0.20117 1.74735 77 80 250
2.40035 -0.04096 0.77864 29 151 89
2.86111 -0.01978 1.81406 181 133 139
-0.06866 0.20441 2.13597 38 167 59
1.75295 0.07784 2.18725 255 255 90
1.93006 -0.04195 0.13527 127 184 209
0.78589 0.14337 2.04566 34 164 177
0.81413 0.14642 2.04029 38 161 179
2.67941 -0.05354 0.87358 146 182 62
1.66101 0.06205 1.77000 187 46 168
0.67141 0.04866 0.28742 25 72 0
1.81992 0.07260 2.08781 247 255 84
0.67023 0.03549 0.05126 22 186 157
-1.00161 0.23974 1.42541 186 139 43
-0.01932 0.14801 1.18627 184 255 76
0.21550 0.11229 0.76211 191 31 33
1.16682 0.11845 1.98989 100 232 86
-0.91861 0.25722 2.01037 255 156 179
0.76463 0.13466 1.86906 127 149 110
2.52713 -0.04264 0.81115 86 160 195
-1.20513 0.26749 1.63381 221 116 144
1.19732 0.03687 0.58821 85 0 25
0.25969 0.18982 2.07087 255 232 249
0.54052 0.08254 0.75414 186 141 247
-0.52337 0.12070 0.11289 79 255 108
-0.25586 0.12423 0.44065 26 42 103
1.63302 0.07667 1.94129 255 230 255
-0.26650 0.17732 1.41539 3 113 0
0.41965 0.12659 1.11590 251 255 247
0.47840 0.09866 0.87581 219 197 255
0.48382 0.09630 0.72728 215 118 153
2.29243 0.02294 1.78448 0 94 174
0.03611 0.13943 0.96957 131 144 31
-0.06432 0.20866 2.22765 37 192 140
0.45327 0.15884 1.80171 255 110 255
1.32288 0.02718 0.70108 219 143 255
1.34137 0.05910 1.17845 126 162 24
2.87531 -0.09654 0.32235 193 0 166
0.62455 0.08308 0.71528 146 113 255
0.71235 0.04747 0.22432 12 110 2
1.55931 0.04256 1.34347 187 63 130
1.33627 0.01974 0.55554 145 0 139
-0.39671 0.16790 0.98277 72 222 149
2.54339 0.01562 1.96259 137 255 74
2.58026 0.01613 1.96115 150 255 84
2.91402 -0.07840 0.88104 255 255 130
0.17325 0.06548 0.10513 189 186 0
0.11833 0.11436 0.70335 255 96 247
-0.17834 0.09305 0.03516 156 255 195
1.85755 0.01305 1.12092 199 249 115
-0.44126 0.11260 -0.00367 77 255 118
-0.20925 0.22542 2.33108 0 181 93
0.44896 0.12004 1.25023 163 163 31
2.27500 -0.07759 -0.06992 13 179 0
0.17981 0.08237 0.16900 192 159 0
2.33039 0.03993 2.08662 0 185 22
-0.96236 0.29091 2.43303 255 255 153
1.05092 0.10545 1.76755 0 28 181
-0.21546 0.14825 0.80771 105 126 170
1.43838 0.06010 1.27085 158 105 178
-1.37824 0.32279 2.43622 110 255 255
1.95646 -0.03130 0.41384 38 0 15
2.49749 -0.00427 1.50904 44 0 155
-1.49190 0.26118 1.47455 100 213 114
-0.67323 0.23153 1.81055 114 0 33
1.97577 0.01800 1.37227 157 116 240
2.87754 -0.03826 1.38606 255 84 149
2.71666 -0.11179 0.07877 255 179 127
0.72585 0.06476 0.68802 19 31 184
0.02403 0.21966 2.40914 146 239 208
-0.05307 0.21479 2.11678 47 161 65
-0.44560 0.22058 1.80108 11 0 44
1.90468 0.02625 1.38599 102 27 120
0.94316 0.07719 1.07568 71 255 255
-1.51517 0.24029 0.96884 21 73 180
0.53923 0.13500 1.56250 227 89 252
0.35177 0.06666 0.19426 246 224 230
1.04045 0.05757 0.69330 15 33 0
-0.71482 0.20798 1.38211 200 227 163
0.78077 0.11149 1.52225 115 96 203
-1.43108 0.25919 1.36731 126 255 92
-0.84304 0.17739 0.71454 229 72 118
2.29177 -0.02881 0.94397 83 255 210
2.68470 -0.04538 1.00988 236 255 73
0.79671 0.04081 0.28972 79 150 114
0.12976 0.10671 0.65642 255 85 254
0.43778 0.15857 1.85622 255 127 250
-0.25515 0.13551 0.67700 24 0 0
0.18107 0.09817 0.50792 255 85 255
1.45698 0.05793 1.34348 168 57 182
1.32252 0.01122 0.50687 147 0 98
-0.82596 0.18120 0.69447 222 76 112
2.79595 -0.03751 1.40648 255 83 216
-0.48840 0.22814 1.90084 30 24 83
2.19855 -0.07766 -0.11331 83 255 162
0.23628 0.14425 1.36862 255 197 225
1.20725 0.04981 1.03390 156 255 189
1.82376 0.07742 2.15822 242 255 118
0.30022 0.20006 2.35528 182 163 0
0.23472 0.07344 0.15764 186 164 10
-0.75876 0.21841 1.53949 221 142 241
1.12904 0.12017 2.06450 90 255 80
-1.12664 0.20778 0.78929 185 12 41
1.49102 0.05819 1.28373 180 99 186
-1.58213 0.22011 0.43191 18 104 138
2.17804 -0.06525 0.09538 70 206 81
0.26431 0.20837 2.34369 169 169 0
0.46146 0.18695 2.29720 183 177 76
1.88368 0.08588 2.29090 141 128 181
0.36646 0.14540 1.55052 185 10 9
-1.43757 0.20048 0.36143 79 127 64
1.49250 -0.01351 0.26880 255 129 140
1.59522 0.03337 0.97844 195 186 103
2.00552 -0.03811 0.33437 22 4 0
2.78196 -0.02167 1.56385 165 2 30
-1.54389 0.19400 0.11273 34 184 111
2.26684 0.02733 1.65800 81 104 142
1.31259 -0.01045 0.10454 232 233 219
-1.46138 0.23656 0.91600 49 47 187
-0.16345 0.17332 1.34573 24 138 0
1.11503 0.10389 1.70507 13 3 185
2.96248 0.00722 2.18648 255 222 76
-0.17769 0.11042 0.36105 141 162 194
0.81068 0.06690 0.54252 85 71 255
0.13658 0.07094 -0.04141 191 183 125
-1.00355 0.17840 0.28215 255 248 217
2.08294 0.06497 2.14238 51 185 189
-0.08845 0.16059 1.21127 71 187 0
-0.66930 0.14730 0.34067 41 108 0
1.51060 0.01596 0.56642 255 88 255
0.47648 0.09357 0.80449 220 150 209
2.67775 -0.11659 -0.12894 255 255 255
0.34680 0.10212 0.71582 175 27 0
2.36451 -0.03382 1.01428 99 255 255
1.04273 0.07950 1.07747 91 255 255
0.54787 0.08186 0.74105 193 127 232
1.95599 0.05112 1.81028 176 172 87
-0.71691 0.16898 0.62527 164 79 171
0.99323 0.06861 1.04816 0 189 178
-0.48380 0.21025 1.66493 15 2 0
0.39285 0.05566 0.08281 235 255 180
-0.44561 0.24745 2.27698 107 255 133
0.90025 0.10955 1.59517 0 0 0
0.52780 0.13602 1.53971 225 97 232
2.83902 -0.05244 1.09709 186 139 144
1.17063 0.01336 0.13366 175 222 255
-0.39834 0.14936 0.55540 0 0 156
-1.46123 0.23292 0.85628 136 106 254
0.04648 0.08243 0.16409 170 164 52
2.74716 -0.06916 0.63879 255 166 248
2.58400 -0.01576 1.25867 188 149 119
-0.00155 0.15835 1.29953 189 242 154
2.37914 0.00562 1.62944 90 103 239
2.34422 -0.08474 0.01247 37 149 35
-1.20222 0.26821 1.80937 130 0 0
-1.21266 0.30800 2.54948 100 129 0
2.19185 0.04608 2.08231 2 187 153
-1.31469 0.18685 0.19317 229 255 180
2.65233 -0.01901 1.49155 124 0 179
0.51537 0.12857 1.44952 142 51 60
2.45868 0.01212 1.76792 107 174 245
0.59117 0.16933 2.33771 231 242 255
1.41240 0.09791 2.18863 114 185 178
2.38602 -0.07933 0.11859 48 93 154
1.00721 0.04212 0.45111 90 84 220
-0.82562 0.17029 0.55214 209 95 78
-0.93715 0.20533 1.11231 255 253 255
-1.02804 0.25516 1.80595 255 74 197
0.62836 0.08115 0.83677 155 183 254
0.07031 0.08362 0.07580 171 190 105
1.91768 0.04391 1.54422 105 0 189
-0.00242 0.09674 0.25697 149 123 17
-0.50134 0.25441 2.20347 130 255 243
2.63866 -0.05917 0.64753 143 76 183
0.39821 0.05203 -0.02468 224 255 96
1.16806 0.11282 1.95787 108 227 102
-1.19538 0.22698 1.20649 234 255 158
1.81252 0.04780 1.51474 149 0 129
1.19148 0.03675 0.56868 80 0 15
0.35416 0.18387 2.25585 255 255 74
2.48287 -0.05955 0.58427 73 42 23
0.00224 0.16398 1.34692 185 216 195
1.57809 0.09543 2.07861 178 187 128
2.19256 -0.04780 0.29766 0 7 126
0.17661 0.15797 1.63923 165 0 0
-0.31988 0.23725 2.34567 0 184 1
0.13791 0.19627 2.06969 219 234 255
-1.22083 0.26070 1.64578 213 112 148
0.88055 0.10689 1.63138 1 0 0
2.27380 -0.07895 0.03334 10 141 0
1.63998 0.00461 0.79648 181 128 13
-0.66537 0.21124 1.49683 175 164 255
-0.26300 0.16837 1.30940 0 157 40
-1.26181 0.18566 0.29919 247 237 78
0.71215 0.15531 2.15351 80 188 183
0.90807 0.12782 1.83868 0 52 131
-1.03449 0.19574 0.74919 191 0 1
-1.08023 0.18342 0.34323 255 214 201
-0.59667 0.25958 2.33803 179 255 223
0.17148 0.15576 1.48186 250 134 198
1.17960 0.09486 1.64253 30 0 193
0.28309 0.06811 0.14465 255 252 131
0.35140 0.13803 1.34465 255 196 128
-0.84281 0.22341 1.48535 167 89 42
0.74988 0.08481 0.86163 16 115 56
2.12807 -0.03802 0.59748 78 124 255
-1.37725 0.18954 0.11321 113 192 183
-1.29084 0.31079 2.49695 55 161 67
2.65560 -0.12212 -0.23260 255 255 232
-0.34250 0.23418 2.15707 0 161 55
-0.61214 0.27312 2.49376 102 137 41
-0.23091 0.16666 1.18917 14 190 97
1.28219 -0.01220 -0.04137 237 255 255
0.74813 0.02053 -0.09847 0 179 181
0.93027 0.02156 0.04005 3 183 0
-1.20339 0.17197 0.20710 255 255 78
-0.25647 0.21020 1.92368 79 135 238
2.44075 -0.07705 0.29492 158 97 214
0.09531 0.08480 0.22369 179 136 0
-1.02668 0.18837 0.57105 183 9 120
-0.32554 0.22406 2.31875 0 186 0
2.46780 -0.09903 -0.00407 101 149 148
1.55357 0.08995 2.05113 170 182 171
0.74322 0.16274 2.23856 71 186 172
0.92832 0.07413 0.86291 0 129 5
-1.34252 0.30252 2.01517 53 49 0
2.88695 -0.07594 0.67856 255 199 104
1.27928 0.06239 1.09807 107 188 0
1.98084 0.06543 1.99128 176 255 136
1.33385 0.01228 0.37076 152 13 3
0.52491 0.06579 0.42840 99 13 0
-1.11151 0.25869 1.66809 255 96 71
2.15460 -0.06921 -0.08845 77 255 177
0.44445 0.16078 1.89835 255 150 210
-0.99569 0.28109 2.08522 184 105 123
0.53635 0.06961 0.62611 98 0 41
0.84212 0.07876 1.03285 0 187 41
2.49551 -0.04409 0.81794 66 165 180
-0.44058 0.15360 0.71432 0 3 65
2.94601 -0.03300 1.46409 255 77 78
1.36212 0.07654 1.44643 212 106 255
2.67872 -0.08369 0.29046 255 82 87
2.61687 -0.08079 0.34694 235 70 79
2.53001 -0.11047 -0.13887 132 190 97
2.79946 -0.10905 0.13868 190 55 4
-0.96962 0.19859 0.92899 255 166 170
1.60587 0.02956 1.18512 255 227 255
-1.03905 0.22024 1.12902 255 255 255
2.34446 -0.01985 1.09485 7 161 172
-0.78547 0.23875 1.90823 239 106 149
-0.60220 0.17850 0.95127 38 106 36
1.41833 0.01069 0.59593 168 7 184
1.17157 0.11652 2.06256 105 255 77
2.37404 -0.03860 0.78414 18 135 60
-1.26735 0.29055 2.05972 169 165 179
-0.07959 0.12245 0.74613 87 20 161
2.51954 -0.07354 0.30958 196 76 122
0.94203 0.06094 0.82835 0 112 0
0.05206 0.07923 0.07786 167 183 108
1.94800 -0.01391 0.57266 45 19 117
0.01085 0.16980 1.66939 88 0 121
2.82734 -0.07272 0.82916 255 255 75
2.56082 -0.09173 0.24817 213 104 136
-0.30237 0.23528 2.27453 0 192 0
0.59942 0.04261 -0.01132 132 255 255
-0.78338 0.13644 0.12990 85 186 192
-0.33677 0.18267 1.45898 0 83 3
-0.05497 0.20918 2.17557 42 175 101
1.72344 -0.02021 0.34683 222 94 230
-0.44170 0.18924 1.41153 88 201 223
2.48130 0.02191 1.88153 109 230 149
-0.57170 0.18621 1.09641 35 175 0
2.68858 -0.07528 0.54971 170 40 171
-0.07710 0.14095 1.10739 171 255 117
2.43622 0.03606 2.18839 92 245 121
2.73388 -0.04500 1.20003 247 170 223
1.82210 0.03926 1.43398 145 12 65
2.98267 0.00672 2.13051 255 246 93
1.13921 0.08661 1.38600 109 146 88
1.42934 0.00186 0.43082 184 0 131
0.47161 0.07635 0.53589 133 0 0
-0.65022 0.15047 0.62237 126 76 219
0.51484 0.04513 -0.07704 172 255 157
0.13860 0.16011 1.36869 246 196 255
1.27069 0.04253 0.81038 189 201 255
-1.32748 0.28103 1.87957 67 0 0
2.73344 -0.05860 0.86041 255 255 102
-0.46969 0.23656 1.82130 17 3 46
-1.25982 0.27761 1.83191 95 0 0
1.73597 -0.03134 0.19271 128 80 189
0.64959 0.04703 0.06956 109 255 236
2.26332 0.01033 1.56327 78 80 78
2.50747 -0.03080 1.14516 153 215 95
0.20243 0.19066 2.26646 242 255 142
0.29025 0.11163 0.99343 194 167 111
0.04385 0.07161 0.10601 169 184 105
-1.38672 0.29832 1.99936 35 41 0
1.30724 0.11299 2.02631 64 170 40
2.20406 0.03338 1.89359 0 146 167
0.74238 0.08625 1.12982 26 184 34
0.01486 0.15309 1.24675 191 255 126
2.13689 0.01944 1.54923 93 76 123
-1.56188 0.23649 0.83613 96 93 141
-0.93652 0.28608 2.42468 191 175 90
-0.60140 0.20051 1.16316 52 186 9
0.84335 0.11484 1.54517 5 2 32
1.21576 -0.00891 -0.03895 200 255 235
2.74834 -0.03975 1.10080 255 222 145
1.64219 0.05653 1.58155 190 0 25
2.78104 0.00954 2.18291 151 145 138
0.64532 0.08995 0.89882 151 223 211
2.06201 -0.06615 -0.05551 80 255 226
2.30493 -0.05482 0.32383 99 95 255
2.05743 -0.01117 0.91667 103 255 88
-1.24644 0.30667 2.40060 170 255 197
2.55592 0.02149 1.93203 138 255 72
1.16114 0.05927 0.97496 140 255 253
0.33504 0.11840 1.06828 182 184 189
-0.68280 0.16818 0.80055 68 24 184
1.25640 0.06802 1.37295 82 62 93
-1.15517 0.21530 0.96460 255 175 80
-1.35767 0.22518 0.76479 181 77 255
1.11826 0.06979 1.13967 113 255 183
-0.73759 0.14262 0.17399 70 185 165
2.26506 0.04650 2.09367 0 180 78
-0.30840 0.19240 1.53546 0 42 0
2.68599 -0.07769 0.48994 255 92 225
1.86547 -0.04651 0.03981 150 235 255
-1.16991 0.22804 1.13484 255 254 139
-1.30659 0.31588 2.50754 49 157 72
1.00430 0.04463 0.56509 94 83 133
2.75732 -0.04119 1.28057 255 126 255
2.35221 -0.08406 0.10604 31 98 124
2.95243 -0.04065 1.58030 255 106 126
-0.30031 0.12228 0.21334 103 240 241
2.44660 0.00543 1.58951 22 2 153
0.90699 0.08098 0.99644 0 181 84
0.46069 0.06489 0.26064 207 192 255
0.50920 0.05400 0.22007 182 210 254
-0.35750 0.13963 0.45017 0 39 183
2.83503 -0.02007 1.74446 177 87 40
0.35491 0.06699 0.23955 247 204 255
-0.86543 0.14750 0.19829 127 180 184
0.53389 0.08180 0.79081 199 150 249
0.91432 0.09528 1.18813 74 252 255
1.07228 0.14316 2.33787 0 136 84
1.21999 -0.00302 0.06243 207 248 255
-0.73637 0.17984 0.93237 99 91 171
-0.03214 0.16134 1.31222 91 146 49
0.07986 0.09569 0.55044 247 80 247
0.92276 0.10648 1.59268 0 0 0
-0.30939 0.18561 1.43149 0 96 0
1.72248 0.03808 1.34709 255 145 85
-0.41395 0.15752 0.76628 0 22 10
2.10913 -0.03140 0.51959 0 8 186
1.94903 0.06116 1.90211 185 217 79
1.97040 -0.03078 0.41060 32 0 11
1.77278 0.03812 1.40770 149 20 14
-0.34790 0.21679 2.11255 0 148 83
0.86999 0.02481 -0.03567 0 190 43
1.90207 0.01661 1.31939 188 144 143
2.67663 -0.09735 0.22892 176 20 0
2.14423 -0.03500 0.49378 0 1 189
-1.49943 0.25788 1.20931 16 183 58
-1.20136 0.18754 0.40876 255 189 134
-1.47009 0.26041 1.15429 29 171 85
0.73473 0.15780 2.20303 79 189 184
2.01903 -0.05390 0.04867 91 228 200
-0.61271 0.24698 2.06317 182 195 179
0.82968 0.09321 1.16835 84 255 229
-0.32817 0.10565 0.13597 89 255 145
0.86127 0.13062 1.95496 101 202 255
0.27799 0.18437 1.97530 255 190 255
0.92108 0.08105 1.07432 73 255 238
1.84010 0.03414 1.48900 133 0 137
-0.09639 0.22463 2.27242 22 186 146
0.35107 0.18683 2.14045 255 255 104
0.52799 0.14439 1.71472 235 81 255
-1.33378 0.28037 1.94196 58 17 0
2.67597 0.00957 2.18248 104 151 191
-0.75208 0.26161 2.18772 157 163 62
2.83534 -0.09982 0.29896 184 0 117
-0.88999 0.26681 2.12915 189 133 1
2.18597 0.03976 1.94821 10 159 176
-0.63670 0.18132 0.95637 47 107 55
1.23114 0.11109 1.92490 125 206 84
2.60641 -0.04360 0.92584 125 188 76
0.03118 0.14905 1.21446 211 255 120
2.85043 -0.12149 -0.03738 255 234 96
2.35227 -0.03722 0.99663 97 255 255
2.74145 -0.13086 -0.06135 255 255 206
1.43671 0.11410 2.16674 133 189 178
1.89521 0.05300 1.77718 124 63 79
0.85498 0.03819 0.17230 0 136 1
0.91431 0.09731 1.29763 74 197 231
0.97450 0.13378 2.05242 78 252 199
0.73368 0.14354 2.14323 64 189 189
0.71437 0.12723 1.63597 146 75 162
-1.53033 0.24307 0.98609 22 86 186
2.66559 0.01924 2.19164 101 152 190
-1.29426 0.18903 0.44978 226 165 109
-0.84892 0.28920 2.51084 255 217 255
0.23330 0.11733 0.96172 185 147 25
-1.30795 0.26424 1.67159 83 20 132
1.41988 0.01351 0.48122 177 0 155
2.18439 0.05147 2.07069 7 186 168
1.06596 0.11676 2.05423 71 253 117
-0.18108 0.21431 2.10963 4 152 0
1.01421 0.00995 -0.00979 23 191 2
0.05247 0.21733 2.41504 164 231 176
1.84788 0.00910 1.03235 200 255 175
1.48370 0.10399 2.25589 237 246 169
1.48456 -0.02211 -0.00311 187 177 39
-1.08166 0.24898 1.45134 182 121 87
0.28046 0.08353 0.43858 255 103 255
2.47571 0.01535 1.87698 111 237 138
2.77829 -0.07420 0.64446 255 184 215
-0.72289 0.24991 2.15787 225 247 162
0.40712 0.09870 0.62319 151 0 0
-1.28709 0.24708 1.27362 197 255 143
2.14880 0.05790 2.18627 103 255 209
0.07219 0.10793 0.53706 247 74 235
2.44004 -0.06076 0.41411 150 77 121
0.76806 0.09540 1.20427 107 254 200
0.62242 0.14187 1.80433 200 118 115
1.00418 0.05636 0.72539 0 57 0
-0.58659 0.20424 1.32769 130 248 231
0.92366 0.08217 1.07396 0 195 148
0.54191 0.15944 1.94710 149 107 3
0.74038 0.08204 1.00865 106 255 78
1.12911 0.13427 2.32669 2 141 117
-0.32052 0.18089 1.36636 0 139 46
2.21652 -0.04533 0.67346 77 171 115
2.79197 -0.00756 1.77668 255 190 122
-0.56303 0.25060 2.18565 148 255 255
2.61922 -0.05162 0.88047 126 187 112
0.60825 0.10596 1.24323 93 158 0
-1.42784 0.26696 1.44157 125 235 141
0.99081 0.01904 0.11975 16 156 64
1.70149 -0.00626 0.53771 242 87 117
1.74541 -0.03024 0.27883 214 119 255
-1.29900 0.22176 1.14144 114 168 0
0.87392 0.11895 1.80045 5 35 81
-0.45877 0.23030 1.95651 15 59 162
-0.79070 0.27465 2.23841 170 183 81
2.25810 -0.07646 -0.02532 7 165 0
-1.07838 0.17507 0.39533 255 186 248
-1.21126 0.29104 2.28158 197 255 244
0.00775 0.20724 1.99216 70 101 20
1.85600 -0.00856 0.70801 97 84 128
-1.46397 0.27367 1.64760 105 120 255
-0.69356 0.19524 1.15918 93 185 0
1.11091 0.02323 0.25869 51 78 174
2.56891 -0.04532 0.76588 114 148 184
-0.47032 0.24548 2.27114 116 255 174
0.44008 0.06510 0.24810 221 196 255
2.42445 -0.09921 -0.10041 76 182 36
-0.93943 0.29148 2.40562 186 180 63
0.04657 0.16658 1.58366 119 15 145
-1.38083 0.29084 1.86284 42 0 49
1.94891 0.02915 1.48793 93 0 191
-0.80656 0.26543 2.15644 171 153 10
0.98830 0.10344 1.64109 0 0 64
-0.15354 0.15681 1.08015 127 255 202
2.90209 -0.06931 0.94102 188 191 88
0.19901 0.14348 1.26948 255 242 255
2.33470 -0.02262 1.07919 2 165 179
-0.40842 0.24416 2.39460 16 170 0
1.47816 -0.01817 0.12251 190 139 0
-1.25363 0.25942 1.49029 202 198 255
-1.28373 0.19193 0.38971 232 195 76
2.37271 -0.06386 0.44057 119 83 156
-0.05146 0.19803 1.94517 145 155 73
0.18414 0.12462 0.87861 180 93 0
2.56397 -0.09244 0.15984 215 152 218
-0.67296 0.15052 0.39070 51 81 0
-0.96998 0.20788 1.04386 255 222 250
2.87047 -0.02819 1.61934 255 110 89
2.73159 -0.10681 0.04944 255 199 123
2.51743 -0.06988 0.35417 184 77 101
-0.09907 0.19589 1.78501 122 82 219
0.54316 0.08948 0.87627 193 201 255
2.62887 -0.02743 1.16704 212 201 100
0.87636 0.03001 0.16146 0 143 9
-1.27469 0.21900 0.72054 136 0 189
-1.28682 0.30749 2.38772 155 255 231
0.85925 0.13240 2.00205 98 228 255
0.79316 0.05864 0.51167 86 78 255
0.23992 0.13099 1.11486 187 189 153
2.07231 -0.03021 0.64412 93 142 255
-0.91892 0.25970 1.97698 255 134 223
-0.19979 0.09301 0.00672 140 255 159
1.09598 0.00931 0.09277 138 251 230
2.53089 -0.04579 1.04949 169 252 132
1.09749 0.13415 2.24490 83 255 115
2.29521 0.03597 1.99436 0 181 136
-0.03798 0.12734 0.98659 100 150 88
-0.88582 0.21333 1.19841 255 255 186
-1.18569 0.19527 0.66286 176 0 190
-0.41702 0.20580 1.59189 0 27 0
2.92425 -0.05918 1.13351 183 117 190
-0.24645 0.15955 1.04795 100 252 255
-0.92767 0.20512 0.89463 255 151 198
1.74349 0.03885 1.32640 252 144 77
0.12441 0.07750 0.10128 183 180 22
2.04299 -0.01498 0.75610 102 201 219
0.61879 0.13103 1.60408 190 81 255
-1.03753 0.21600 0.99184 255 201 162
2.79276 -0.02497 1.45595 255 75 182
2.58972 -0.02323 1.29031 174 128 146
-0.89642 0.24449 1.79442 255 75 255
0.21784 0.11847 0.98916 183 152 22
0.27270 0.11093 0.76011 189 37 3
-0.24296 0.20028 1.74504 84 80 255
2.69759 -0.07880 0.56336 171 50 180
-0.88322 0.25842 2.00207 255 149 152
1.31310 0.12668 2.31834 151 222 255
-1.04623 0.21813 1.30324 189 179 162
-0.64812 0.19949 1.39401 154 220 234
1.23824 -0.00480 -0.03907 213 255 254
1.91515 -0.05086 -0.04430 123 255 255
0.66829 0.14436 1.97777 97 123 20
-0.33746 0.21024 1.85154 73 101 255
1.08530 0.11554 1.79055 0 45 182
1.58788 0.03177 0.93548 182 177 66
1.73156 0.00880 0.73036 151 92 41
2.12542 0.02417 1.63677 104 100 73
-1.24519 0.16905 0.24525 248 255 82
-1.03443 0.19203 0.70629 190 0 21
0.77951 0.12572 1.69935 120 81 89
0.20442 0.14940 1.31154 255 226 255
2.12558 -0.07675 -0.12167 79 255 236
0.87807 0.01433 0.03816 0 187 0
1.94819 0.02667 1.49353 84 0 194
2.37661 -0.03794 0.63807 31 71 0
1.74613 0.07457 2.02683 255 255 109
2.54805 0.01920 2.03096 132 255 94
-0.71630 0.15098 0.46703 163 124 73
1.74479 -0.03974 0.06487 121 155 110
0.35570 0.19324 2.27830 255 255 77
0.60354 0.17735 2.37731 229 226 255
2.52738 -0.01569 1.31307 149 126 111
-0.06897 0.21710 2.23882 29 191 140
0.34920 0.09016 0.45181 175 13 142
2.92342 -0.05756 1.09231 189 138 189
-0.50665 0.14417 0.43421 90 138 214
0.97038 0.09034 1.36907 73 158 135
1.41840 0.00496 0.47978 178 0 148
-0.60693 0.22014 1.77317 77 0 12
0.96457 0.04188 0.54776 87 80 185
-0.56583 0.19158 1.19904 121 255 154
0.46809 0.15603 1.85734 255 131 218
-0.01576 0.10831 0.49630 222 95 132
2.39033 -0.02107 1.08144 101 249 231
1.00714 0.01369 0.04718 28 179 28
0.67229 0.06659 0.44360 34 1 25
-0.51494 0.11588 0.02435 78 255 161
1.55759 0.06599 1.72509 255 116 154
-0.12677 0.10086 0.24323 175 227 241
1.31640 0.05087 1.17398 111 158 2
-0.02371 0.18842 1.89278 155 126 74
0.68356 0.03806 0.04293 8 183 156
1.23622 -0.00024 0.08793 206 249 255
1.16025 0.08597 1.43554 118 118 137
-1.58271 0.21010 0.41291 17 113 166
2.07415 -0.05995 0.29668 0 22 22
2.28782 -0.02228 0.94314 80 255 208
0.74136 0.14475 1.96364 57 121 90
0.37858 0.15389 1.67321 187 0 117
1.17590 0.00415 0.16224 178 205 255
-0.05667 0.22058 2.45232 115 217 240
2.53069 0.00305 1.64035 58 23 167
-0.09620 0.11673 0.50135 173 91 82
-0.31957 0.20739 1.81566 79 89 247
0.19926 0.06689 -0.04125 185 185 61
-0.58794 0.15466 0.56273 104 84 244
2.37352 0.02865 2.00423 0 191 67
-1.05139 0.22529 1.26936 186 188 181
0.38210 0.10223 0.78020 255 140 111
-0.45210 0.18135 1.21519 85 255 255
-0.93539 0.25542 1.70499 255 82 210
2.76301 -0.00904 1.74886 246 171 86
-0.73564 0.13831 0.15062 63 189 172
2.34644 0.00325 1.55428 79 79 138
1.13750 0.07541 1.30834 114 187 76
0.75325 0.05962 0.49743 93 78 226
0.87742 0.07659 0.93334 0 160 11
-1.06173 0.20223 0.72199 194 0 38
-0.00634 0.11474 0.58166 216 68 195
2.37556 0.02231 1.78623 0 97 185
-0.67756 0.20855 1.36728 170 234 183
0.18156 0.20257 2.26264 237 255 167
2.19501 -0.01954 0.81368 77 237 77
-1.48229 0.20426 0.40572 57 108 69
1.08152 0.07340 1.13162 102 255 223
-0.43070 0.24770 2.25372 108 255 145
-0.96613 0.18312 0.70371 176 0 0
-0.45704 0.19957 1.31197 84 244 255
-0.96898 0.15693 0.09662 251 255 118
-0.73167 0.13936 0.16470 68 184 162
-1.43323 0.19410 0.25360 85 176 158
1.20637 0.00527 0.08667 187 240 255
2.22132 0.04832 1.96925 0 172 190
0.44496 0.18748 2.33053 186 169 88
2.98798 -0.02418 1.86522 187 163 173
1.59677 0.00161 0.57108 255 92 194
2.98163 -0.03388 1.52712 255 82 108
-0.26516 0.11502 0.28983 117 205 255
-0.44585 0.13243 0.31542 74 196 174
0.29788 0.16778 1.94048 255 164 255
1.93215 -0.05047 0.16384 120 172 183
0.36986 0.05243 0.03207 238 255 110
0.89636 0.03972 0.42810 77 91 255
-0.51030 0.12172 0.19919 83 255 75
0.60468 0.09758 1.07699 165 255 100
0.76801 0.02764 -0.11559 0 174 179
0.15877 0.13144 1.12900 168 193 94
-1.39580 0.28155 1.71163 43 0 166
1.15713 0.09342 1.72939 22 13 178
0.43073 0.04730 0.02543 224 255 156
-1.41159 0.27188 1.49974 126 201 204
0.13687 0.07049 0.02205 186 189 90
0.89813 0.01617 0.02121 0 180 0
0.24578 0.08262 0.31715 191 82 137
0.05386 0.09490 0.26641 162 117 0
-0.52457 0.13696 0.40825 81 150 168
0.08672 0.18808 1.87306 124 37 17
1.69157 -0.02365 0.17666 148 96 169
-0.29096 0.20191 1.77702 72 87 255
-0.39909 0.15256 0.79782 76 120 79
-0.16128 0.13078 0.61537 59 0 2
-1.49848 0.19534 0.14746 55 184 173
0.11557 0.20025 2.13285 207 255 255
0.94704 0.10898 1.61013 0 0 0
0.88032 0.02027 0.02327 0 182 2
2.22048 -0.04953 0.70846 75 185 93
1.20689 0.05173 0.94022 150 253 248
-0.44749 0.24963 2.45688 33 153 0
2.98873 -0.01528 2.01691 188 184 67
2.43951 -0.02247 1.11431 123 230 177
0.63017 0.17467 2.37947 214 229 247
1.42746 0.05521 1.16987 156 160 94
1.30644 0.12336 2.21335 69 180 186
0.17322 0.10760 0.68715 255 91 208
-0.56451 0.15304 0.62587 100 74 255
-0.97876 0.15200 0.03939 254 255 84
0.57717 0.10894 1.19425 111 172 0
-0.55405 0.14556 0.53683 93 97 234
0.94885 0.10806 1.69910 0 0 69
2.72246 -0.01584 1.64231 147 29 18
0.25644 0.08128 0.40712 255 121 255
-0.52465 0.15870 0.88869 14 75 18
0.82269 0.13081 1.93956 23 110 137
1.58826 0.05628 1.49277 192 0 0
2.37554 -0.00547 1.27193 98 151 116
0.78104 0.12854 1.74085 119 88 77
0.10574 0.12819 1.02615 163 167 0
0.14728 0.19240 2.09834 224 248 255
-1.38403 0.19770 0.46133 104 86 0
2.55640 -0.08313 0.30471 214 84 99
0.08878 0.13064 1.04783 154 179 0
-0.71153 0.17224 0.79643 169 107 255
-1.05221 0.17468 0.48399 186 59 188
0.14513 0.10181 0.50148 255 87 255
2.23764 -0.00248 1.21674 0 96 175
1.46235 -0.01411 0.11721 255 217 80
-0.70407 0.17739 0.80195 76 28 189
2.60620 -0.10475 -0.13046 157 189 160
-0.62916 0.16614 0.72539 126 82 255
2.28470 -0.02214 0.84871 86 255 124
-1.00660 0.20044 0.77462 187 0 0
1.43038 0.08638 1.78246 226 136 80
-1.31283 0.29497 2.05439 69 66 50
-0.99321 0.29112 2.48803 255 248 159
1.04197 0.02222 0.25184 24 81 189
-0.34406 0.21319 1.87540 74 106 255
2.03066 0.00316 1.20745 35 113 88
0.47708 0.04541 -0.05452 188 255 139
1.18177 0.04042 0.69258 164 128 180
0.43878 0.16648 2.08369 188 165 0
-0.46844 0.19364 1.33301 93 244 255
-1.50539 0.22599 0.76668 121 81 149
2.43637 0.03696 2.19695 90 235 134
0.28596 0.17739 2.09726 255 243 216
1.04374 0.02061 0.06761 39 174 80
2.65629 -0.10392 0.01653 170 139 147
0.81668 0.16483 2.36528 128 225 98
2.45711 -0.05326 0.67252 60 91 59
1.60542 0.07545 1.69754 255 102 156
-0.14426 0.08961 -0.00151 178 255 214
0.95062 0.03288 0.28678 84 147 243
1.53799 0.04391 1.20999 187 137 192
-1.23790 0.27481 1.76134 116 0 2
-0.19910 0.09241 -0.03831 156 255 141
-0.11067 0.23426 2.38408 104 248 255
-1.35567 0.29927 2.34080 123 255 255
1.68541 -0.01970 0.23105 226 146 255
1.83676 0.07965 1.99948 242 255 75
2.07553 -0.02971 0.61208 91 125 255
-0.60298 0.19553 1.17342 54 187 9
1.25825 0.00263 0.05651 224 252 255
2.67647 -0.04273 1.16911 221 194 132
-0.72930 0.27192 2.39764 242 255 255
2.15208 0.02302 1.52659 90 77 121
1.93914 0.08894 2.22935 120 154 177
1.80429 -0.04003 0.11176 94 118 191
2.70020 -0.03326 1.22529 235 152 223
0.09337 0.20462 2.27699 193 255 239
0.30071 0.09894 0.60159 255 77 152
-1.50974 0.18890 0.26835 48 177 181
2.23868 -0.01439 1.13792 0 143 187
0.87174 0.07850 0.99356 0 172 30
-1.39180 0.21679 0.45171 91 75 0
1.27572 0.07937 1.51401 167 81 255
2.62985 0.02027 1.91824 173 255 88
0.92343 0.11406 1.84257 0 57 147
2.18356 0.04552 2.01926 6 184 188
-0.76190 0.20689 1.14677 115 181 26
2.30326 0.02876 1.98322 0 178 137
1.69545 -0.03744 0.15966 147 104 145
1.59361 0.07156 1.80589 255 150 221
1.39987 0.07961 1.61564 223 79 147
2.81925 -0.12999 -0.08419 255 254 150
-0.10179 0.19118 1.52870 49 35 157
-1.50674 0.20593 0.22248 50 184 193
2.30623 -0.02797 0.95494 90 255 224
-0.67598 0.20277 1.36523 172 237 195
-0.47139 0.25797 2.47401 45 137 0
1.79336 0.01785 0.95477 134 184 187
1.84314 -0.05322 -0.19969 151 255 104
2.48906 -0.01000 1.41924 49 0 82
1.11422 0.06280 0.97703 31 175 185
2.02996 -0.04577 0.20953 6 56 0
1.08522 0.05999 1.03678 18 190 182
-1.03608 0.15530 0.08346 255 255 73
1.20730 0.12890 2.25570 24 169 145
2.41644 0.03635 2.11611 4 183 0
0.89116 0.04672 0.39978 76 99 255
1.50319 0.04929 1.19983 179 146 171
1.55917 -0.00108 0.47873 255 73 255
2.56007 -0.08503 0.22322 219 117 156
-0.35970 0.11115 0.08251 89 255 94
-0.04253 0.09658 0.23694 130 143 87
2.03684 -0.06769 -0.03094 82 255 230
1.14187 0.10365 1.66012 18 0 189
2.93306 -0.05963 1.10376 182 135 188
-0.75487 0.17754 0.69417 188 80 186
-0.39930 0.22566 2.07268 84 209 246
1.19954 0.09857 1.77805 36 32 115
2.07680 0.01572 1.45854 116 78 245
1.70010 0.02597 1.17631 255 230 203
-0.42739 0.15759 0.94298 70 195 99
1.48229 0.04117 1.04096 181 190 41
-0.81736 0.27327 2.34062 176 188 133
-0.71490 0.24209 1.99905 140 59 0
1.90622 -0.00971 0.68145 78 72 147
0.86266 0.06243 0.87251 0 132 0
-0.50344 0.11491 0.01587 79 255 153
1.88867 -0.00953 0.58220 167 104 156
0.90512 0.04574 0.57797 74 79 214
-1.22669 0.19190 0.50089 162 46 110
-0.01956 0.10406 0.47992 216 101 105
0.70582 0.02299 -0.11310 2 175 186
-0.65043 0.17639 0.82912 58 32 175
2.74801 -0.08291 0.58068 255 140 255
0.42991 0.08470 0.50132 141 0 35
-0.05821 0.14549 1.00523 169 241 182
-1.37685 0.25713 1.27839 153 255 89
0.29524 0.13034 1.25783 255 240 239
-0.33197 0.15051 0.67682 0 0 3
-0.93006 0.26391 1.97795 255 128 223
1.84675 0.07103 2.00214 236 255 78
2.57350 -0.08641 0.28400 210 90 105
-0.79044 0.24591 1.88062 240 96 170
-0.22248 0.18731 1.65064 85 79 232
-0.91677 0.23466 1.37683 182 154 9
2.45133 -0.06388 0.50359 148 97 75
-1.11900 0.29882 2.44512 150 177 0
1.51742 0.08427 1.85603 168 89 111
2.08946 0.06245 2.19538 137 254 250
0.06945 0.20405 2.23486 181 255 255
1.11753 0.04152 0.68788 132 125 119
-1.36614 0.20417 0.61159 186 94 144
-0.76500 0.15352 0.39203 95 84 25
-0.83553 0.15676 0.23048 111 162 183
1.63221 0.01564 0.85811 183 152 32
-1.38546 0.31310 2.26147 113 255 218
1.31126 0.10707 2.24199 66 174 191
2.25733 -0.02839 0.83203 76 248 101
-1.49739 0.22910 0.60296 124 96 82
2.62374 -0.05337 0.90066 133 188 91
0.05530 0.13765 0.99562 138 163 11
1.07806 0.10696 1.72700 1 12 187
-0.52047 0.18951 1.23181 101 255 220
2.50913 0.00618 1.68550 39 45 170
0.73483 0.14605 1.88770 64 78 25
2.11053 -0.01063 0.99041 2 188 2
1.77148 0.02694 1.30262 242 161 78
1.37313 0.04695 1.10787 148 187 8
-0.33768 0.16299 0.84776 78 153 97
1.30668 -0.01927 -0.15789 247 255 240
1.60449 0.01354 0.80318 184 126 0
1.12285 0.01207 0.19310 147 194 255
-0.14799 0.13839 0.73516 55 11 96
0.51994 0.05478 0.24459 177 186 227
2.82737 -0.04017 1.24026 182 52 182
0.35277 0.17994 2.06380 255 236 167
0.05088 0.13572 1.03907 139 168 0
2.18890 0.05115 2.07947 7 182 158
-0.54810 0.22325 1.78718 38 0 0
0.55761 0.07285 0.59729 91 0 43
-1.35209 0.28526 1.77304 59 0 86
1.27442 0.00226 0.19944 230 184 160
-0.34617 0.16565 0.94754 77 202 157
0.37472 0.05115 -0.04725 233 255 79
2.97119 0.00396 2.10363 255 255 112
0.60753 0.05695 0.35669 63 40 0
-0.03639 0.19092 1.94575 142 155 75
-0.18146 0.23450 2.44993 80 229 255
1.04398 0.00813 -0.03670 34 192 6
-0.24965 0.17370 1.30142 2 164 36
-1.40952 0.20775 0.56267 164 115 86
1.60174 -0.02786 0.03442 173 172 0
-0.23404 0.14300 0.79869 108 124 153
1.36946 0.04163 0.76651 237 181 242
1.99408 -0.01590 0.75479 126 196 255
0.71817 0.09087 1.05100 123 255 74
0.45014 0.07046 0.37952 128 45 106
-0.97385 0.21524 1.19837 255 255 255
2.13580 0.01603 1.35323 10 31 173
2.00391 0.02887 1.33186 54 57 145
2.58956 -0.04710 0.80812 123 170 174
1.69463 0.07126 1.88274 255 204 255
1.58151 0.08200 1.83417 183 83 164
-1.03745 0.18684 0.73911 187 0 19
0.53758 0.06587 0.25644 167 184 201
1.51833 0.08237 1.88217 175 110 150
-1.01118 0.15916 0.17680 255 255 144
1.95254 0.05607 1.93976 192 240 80
0.52575 0.13400 1.44242 137 56 71
1.98755 0.05466 1.92778 164 243 106
-0.43381 0.20652 1.69813 0 0 0
1.62219 -0.02385 0.02159 168 170 0
1.19392 -0.00257 0.10362 190 244 255
-0.00730 0.11436 0.50767 220 88 133
0.38421 0.14708 1.55083 191 13 21
-1.14424 0.17241 0.19348 255 255 76
1.76825 0.00181 0.94663 143 182 192
1.84467 -0.01373 0.62429 96 38 57
-1.26503 0.19874 0.44414 238 159 124
-1.53053 0.23339 0.81884 103 88 159
-0.31657 0.20228 1.78088 75 79 237
0.41403 0.11880 0.97780 254 249 255
1.14976 0.12818 2.13694 95 255 92
-0.83526 0.17812 0.58818 222 85 71
-0.46653 0.14810 0.61249 0 0 171
0.31419 0.12060 0.96454 189 152 110
0.27662 0.14816 1.45591 255 144 122
1.52273 0.00912 0.66418 188 52 74
2.49927 -0.03151 1.00093 160 255 208
2.51578 -0.03756 1.04934 152 255 157
0.52889 0.17778 2.19152 163 190 63
-1.24157 0.26354 1.64330 197 112 180
1.67739 -0.01505 0.39556 247 81 242
-0.20827 0.09785 0.11034 135 255 229
1.59694 0.01615 0.66488 188 48 19
-0.15603 0.20703 2.07548 9 136 0
-0.18021 0.21516 2.15039 1 165 2
2.39211 -0.07441 0.25175 138 108 255
2.40926 -0.06639 0.39468 135 73 167
1.41786 0.06751 1.58181 226 74 165
0.17163 0.19316 2.17343 235 255 239
-0.67591 0.15325 0.45903 134 128 89
0.33128 0.04858 -0.06868 252 255 78
2.27913 0.04620 2.09768 0 186 61
2.67293 -0.07660 0.57539 158 44 170
0.52206 0.08445 0.74659 199 128 211
-0.65058 0.20053 1.22416 157 255 107
2.82112 -0.08824 0.44776 188 0 185
0.93527 0.07172 1.04883 0 187 141
2.65152 -0.08886 0.33757 247 75 87
-0.31198 0.22019 2.01976 0 103 124
0.27919 0.16958 1.80514 177 12 122
0.93712 0.10228 1.45404 70 114 105
-0.49973 0.23512 2.00765 116 173 254
0.11488 0.13650 1.02524 161 166 0
-0.68984 0.13654 0.06297 40 188 183
1.00279 0.09734 1.48224 0 14 0
0.58358 0.14621 1.94714 131 102 0
1.89230 -0.00164 0.92914 84 183 139
0.74338 0.05903 0.63722 102 94 255
-1.03375 0.24076 1.59536 188 44 0
0.67213 0.05093 0.22153 18 112 19
0.36853 0.17238 1.90201 192 73 174
0.88427 0.14968 2.05824 90 253 255
-0.32526 0.24207 2.47381 79 226 184
0.07066 0.14326 1.13664 138 186 14
1.26193 0.08639 1.66307 157 83 235
2.31334 0.01496 1.72291 73 143 239
-0.43154 0.11985 0.22026 75 248 129
1.07559 0.12116 2.00020 82 232 138
2.99224 -0.00542 2.03328 190 189 52
2.81209 0.00406 1.91512 255 255 251
1.45071 0.04561 1.22183 168 135 160
0.06192 0.16794 1.57598 119 6 134
0.55582 0.07737 0.60443 93 0 44
0.41327 0.18409 2.32707 183 167 61
0.87221 0.14082 2.07801 96 255 255
2.95716 -0.03956 1.48069 255 78 77
2.20099 -0.04405 0.53927 0 8 150
0.68571 0.11167 1.24154 57 155 69
0.68003 0.03702 0.15147 14 147 61
0.68272 0.06083 0.49882 30 0 79
1.10963 0.06007 1.01021 28 190 175
0.22557 0.09969 0.45503 255 105 255
1.29069 0.04181 0.91871 201 252 190
-1.11477 0.25389 1.68498 255 92 74
-1.35309 0.28947 1.88993 54 0 22
-1.10230 0.18380 0.40768 255 182 239
-0.16777 0.17510 1.32981 29 145 0
-0.48657 0.13214 0.42759 0 53 148
0.13078 0.13162 0.92099 164 124 0
2.23246 0.03686 1.87828 1 140 176
2.98408 -0.02427 1.88097 190 166 174
0.69949 0.15899 2.13307 88 181 159
0.82911 0.08152 0.99332 4 180 5
0.38902 0.06520 0.22358 238 214 255
-0.87745 0.18612 0.74372 241 82 112
0.06607 0.10078 0.36284 252 148 100
-1.24389 0.30816 2.54847 75 129 3
0.00824 0.22350 2.36157 149 255 244
2.35167 0.03022 2.08754 0 190 14
2.23892 -0.09643 -0.12436 92 255 127
0.45122 0.06527 0.18185 204 230 255
1.56867 0.09547 2.12647 175 189 109
-0.62473 0.23856 1.90917 92 24 0
-1.49649 0.24370 0.98124 30 83 192
2.10047 -0.02476 0.81946 92 233 126
-0.46135 0.24567 2.28238 116 255 150
-0.19632 0.12758 0.63995 39 0 0
2.16266 -0.07614 -0.02792 76 253 107
1.05488 0.03991 0.67788 23 33 0
0.50056 0.13434 1.47797 150 38 74
-0.72819 0.15487 0.52329 160 100 85
-0.26362 0.11733 0.20441 119 243 255
-0.08659 0.17885 1.62752 136 79 255
-0.41195 0.24262 2.39519 15 172 0
-0.36732 0.22052 1.98803 78 164 255
0.24048 0.06817 -0.04335 186 186 34
0.17515 0.20399 2.30944 227 255 138
1.05872 0.05066 0.75307 14 68 24
1.87071 -0.00415 0.75566 93 117 173
1.32853 0.05409 1.05942 121 187 0
-0.42962 0.12259 0.16572 77 255 91
-0.75964 0.19962 1.28572 214 255 71
-0.54042 0.25632 2.41472 70 162 34
2.60401 0.00756 1.96088 158 255 103
1.31822 0.06847 1.42116 104 33 179
-1.45566 0.21785 0.60253 142 90 85
-0.00626 0.16149 1.26385 193 250 135
2.93793 -0.02822 1.84202 192 155 192
-0.75633 0.19308 0.93764 111 91 177
1.34656 0.10772 2.12688 95 189 166
2.51171 -0.11285 -0.20638 127 185 30
1.29772 -0.01776 -0.12992 242 255 245
2.41950 -0.02435 1.01011 115 255 253
2.80254 -0.06168 0.95464 179 188 20
-1.37683 0.18889 0.20477 114 186 129
-0.67290 0.26602 2.35798 210 255 255
2.94345 -0.06746 1.04253 183 164 178
1.30699 0.02389 0.58744 139 7 146
1.71243 0.00000 0.72437 157 84 21
1.17159 0.02621 0.47525 77 0 0
-1.29926 0.22595 0.93907 124 67 87
1.48920 0.09202 1.87295 159 100 97
0.22183 0.07329 0.25731 190 106 74
1.42371 0.08398 1.78616 229 139 82
-0.68224 0.26549 2.31788 217 255 255
2.06592 0.01425 1.27083 26 79 163
1.28786 0.06681 1.36785 89 59 117
1.80208 -0.00875 0.45211 198 74 94
2.69820 0.02339 2.15360 117 170 193
2.65089 -0.00456 1.72241 109 70 26
1.08651 0.10696 1.69195 2 0 175
2.07520 -0.02421 0.76477 89 207 180
0.65763 0.08339 0.71586 137 117 255
2.59309 -0.00466 1.66561 83 44 101
2.90286 0.00692 2.19412 255 226 95
-1.05771 0.19077 0.42798 255 168 255
-0.73100 0.21429 1.25301 200 255 79
2.51339 0.00953 1.67998 51 37 172
-0.34062 0.21411 1.86746 74 108 255
0.41534 0.08643 0.62927 151 0 0
-1.32410 0.22068 0.63033 205 86 209
-0.14659 0.12176 0.68073 61 0 56
2.37688 -0.08101 0.21201 130 127 255
1.59956 -0.03288 -0.03158 169 184 0
0.18544 0.15652 1.49453 254 124 161
0.51535 0.10027 0.79392 203 151 238
0.44853 0.14164 1.71232 252 80 255
0.77726 0.02524 0.02079 0 193 84
-0.56196 0.26545 2.21396 160 255 255
1.25112 -0.00781 0.08785 215 248 255
2.28608 -0.03162 0.72090 90 188 73
-1.52651 0.20155 0.29057 39 173 190
2.09918 0.00690 1.37305 14 27 183
1.93171 0.00526 0.88292 70 172 149
0.11679 0.09483 0.28490 182 102 3
2.57137 -0.10285 -0.07576 142 172 170
-0.94262 0.21918 1.31540 184 179 58
-0.76062 0.13501 0.06901 77 189 184
1.85794 0.07037 2.16514 231 255 161
-1.09024 0.17836 0.36279 255 199 218
-0.70643 0.22959 1.60835 198 109 255
-0.42546 0.14360 0.75166 0 13 27
-0.64465 0.22632 1.85513 89 1 0
-0.45588 0.24938 2.45374 35 154 0
0.32035 0.12183 1.16236 255 255 255
0.36534 0.08541 0.44700 166 9 130
0.62019 0.16284 2.06616 119 169 47
-0.39368 0.18460 1.24466 0 186 182
1.50052 -0.00200 0.31442 255 112 177
-0.44099 0.22524 1.80643 8 0 51
0.35011 0.18888 2.36191 190 156 36
-1.39995 0.20156 0.43924 97 91 0
0.34610 0.05375 0.00518 245 255 88
-0.30633 0.19555 1.62617 80 90 128
1.58316 -0.02988 0.05606 174 157 0
1.45808 0.02579 0.96951 255 255 79
1.99658 0.04008 1.59170 153 83 200
-1.18991 0.27385 1.95030 133 22 81
2.57199 -0.09453 -0.01258 141 162 186
2.47783 0.01135 1.64928 32 28 191
2.22119 -0.07626 0.00153 83 241 80
2.81533 -0.00518 1.97208 253 255 255
-1.20838 0.22189 1.12525 236 246 108
2.89627 -0.06823 0.87380 255 255 116
2.35132 0.00463 1.54412 82 76 125
2.82469 -0.01233 1.74845 175 88 39
-1.43652 0.30099 1.95601 19 17 28
2.95519 -0.03984 1.49111 255 75 78
1.76327 0.04409 1.51481 167 0 78
0.80537 0.14042 2.02310 34 143 170
-0.04069 0.18930 1.87843 146 119 92
0.68553 0.14900 1.88253 169 153 75
0.65606 0.06803 0.61849 49 4 150
-0.60592 0.15296 0.48014 112 118 152
2.94709 -0.06770 1.02845 184 165 178
1.40940 0.08535 1.79524 225 145 89
1.44840 0.06717 1.41231 162 38 168
-1.28386 0.30390 2.19970 160 232 249
0.55210 0.12472 1.27353 113 147 0
2.03845 -0.02974 0.38795 6 0 48
2.84327 -0.11440 0.14865 186 60 12
-0.58802 0.24131 1.95895 77 60 46
-0.44151 0.20011 1.66863 4 0 0
-1.45727 0.27992 1.83265 16 0 134
-0.12527 0.13526 0.78782 152 119 237
2.10896 -0.00569 1.05248 7 183 33
-0.40433 0.21451 1.85243 7 10 119
-0.89730 0.26705 2.04225 188 91 41
0.38429 0.06348 0.02335 229 255 126
1.86563 0.01550 1.10999 197 248 108
1.55174 -0.02604 -0.02511 186 188 14
-1.21520 0.25200 1.52869 218 181 244
1.55972 -0.03305 -0.03872 186 189 10
-0.71649 0.17671 0.84571 90 41 191
2.84747 -0.00102 2.07638 176 184 141
0.15443 0.09615 0.41454 255 118 208
-1.17789 0.31855 2.54383 114 131 0
0.27808 0.10924 1.01089 195 167 99
0.81477 0.09423 1.25864 94 224 255
2.74777 -0.09136 0.41005 187 0 136
-1.33127 0.24413 1.20869 94 183 0
2.56744 -0.01575 1.37226 80 10 105
0.05783 0.17549 1.58187 121 4 133
1.25460 0.06852 1.28294 83 108 33
-0.35283 0.22051 1.93465 78 137 255
0.52905 0.14297 1.78101 238 95 234
2.91743 -0.06089 1.08042 189 145 181
-0.87527 0.19011 0.91875 244 167 249
-0.38366 0.22875 1.96186 0 66 188
2.85682 -0.07321 0.71090 255 214 105
2.71042 -0.03072 1.30187 237 115 255
0.79777 0.08681 0.99254 8 177 0
-0.29352 0.22433 2.01490 0 102 117
-0.80851 0.16884 0.62613 209 77 90
2.81776 -0.05575 1.07946 183 148 116
1.84609 0.01629 1.23108 202 198 75
1.99239 -0.07112 -0.07979 93 255 255
2.38078 -0.01347 1.30567 95 132 92
-0.12292 0.14386 0.89704 149 186 255
-0.42975 0.20146 1.65796 7 0 0
1.14200 0.06052 0.89511 132 238 255
1.06153 0.03202 0.38422 119 98 214
1.82468 0.06498 1.88312 241 207 137
2.49952 0.02491 2.16211 20 166 75
0.19121 0.11685 0.98539 185 152 1
2.64129 -0.01148 1.56485 113 6 141
2.53832 -0.02155 1.34463 67 24 58
0.86466 0.03117 0.32091 75 130 201
-0.08925 0.13352 0.70736 84 9 133
0.35909 0.18857 2.30437 255 255 91
0.42952 0.04820 -0.03121 218 255 108
0.95458 0.02372 0.17671 5 126 94
-1.21894 0.26494 1.70765 126 4 28
0.46126 0.14761 1.76523 255 91 255
1.69910 0.01153 0.78285 168 120 55
-0.98825 0.20586 0.88023 255 137 119
0.61225 0.05421 0.24200 137 191 146
-0.53779 0.21589 1.69293 42 0 12
1.53512 0.03641 1.23845 194 120 188
2.55851 0.00969 1.80312 147 200 125
2.27839 -0.07802 -0.08786 19 185 0
1.69007 0.05234 1.68641 184 14 152
-1.62516 0.21075 0.31605 13 161 181
1.97279 0.04990 1.88436 179 215 77
-1.55522 0.24496 0.89072 10 28 111
-1.44764 0.22193 0.68052 144 79 138
2.10319 -0.00470 1.19639 7 123 133
-0.01101 0.17590 1.60017 175 83 253
0.45878 0.10001 0.84608 228 179 226
-1.39341 0.21246 0.49970 178 138 72
1.33294 0.09249 1.74842 186 119 108
2.63795 -0.04213 1.06306 218 248 77
1.65394 0.02792 1.19692 255 229 245
2.85622 -0.10106 0.25825 180 7 113
1.62167 0.09260 2.16886 188 184 22
-0.19468 0.23128 2.35912 0 177 115
2.71622 -0.10318 0.25228 180 17 0
2.52327 -0.05471 0.67270 96 91 129
2.05026 -0.04777 0.04818 81 234 173
0.19487 0.20737 2.34836 151 168 8
1.28470 0.05920 1.25805 101 119 35
0.82471 0.08964 1.35740 93 170 255
2.62750 -0.03662 1.11171 214 228 81
2.25966 -0.07571 0.03896 92 228 84
2.77293 0.00334 2.11305 233 255 255
2.25739 -0.05367 0.43344 3 0 175
-0.35403 0.11500 0.10446 95 255 108
-0.40415 0.20948 1.75792 3 0 46
0.81696 0.07876 0.86732 0 121 0
2.50073 -0.00466 1.41941 61 0 87
2.73679 0.00440 1.88550 223 245 155
1.76447 0.03106 1.39273 247 116 81
-0.79495 0.24433 1.88698 240 99 151
2.19416 -0.02918 0.79053 74 229 82
0.24183 0.08689 0.57096 255 77 234
1.70260 -0.00730 0.61913 160 34 0
1.42098 0.01960 0.63394 255 113 255
-1.50952 0.20443 0.38613 45 118 118
1.33510 0.03488 0.93612 228 255 127
-0.39578 0.19561 1.63143 78 91 83
0.27004 0.18256 1.99373 255 208 255
1.50737 -0.02195 0.04136 187 163 0
2.67109 -0.00515 1.57456 125 2 118
0.22688 0.06666 0.07776 192 190 0
0.86510 0.11256 1.47233 88 109 157
1.26317 -0.00603 -0.00318 224 255 255
-1.05672 0.16880 0.35421 255 211 231
0.11805 0.11231 0.75480 177 30 116
0.18253 0.08044 0.25721 186 115 33
0.53686 0.12894 1.38481 130 86 40
1.47771 0.04177 0.99606 255 255 99
1.43906 0.01934 0.65177 255 118 252
0.72138 0.01621 -0.08222 1 180 188
0.70211 0.05235 0.24178 16 100 1
2.59586 -0.00186 1.80466 166 203 94
2.04732 -0.05599 0.09471 78 205 123
-0.34260 0.18976 1.56731 0 29 0
0.72312 0.07702 0.77946 21 74 138
1.60029 0.00831 0.60051 255 109 146
-0.52395 0.13058 0.17887 75 255 77
-1.00150 0.21935 1.14886 255 255 255
1.58778 -0.02845 0.00619 170 179 0
2.74686 -0.07562 0.58536 255 141 255
1.45125 0.02260 0.78562 255 198 146
-1.40730 0.22779 1.03211 65 110 117
1.74598 -0.03903 0.13427 126 112 172
1.48078 0.07653 1.70440 244 98 78
1.04617 0.10705 1.86071 0 79 178
-0.66784 0.18119 0.96193 68 111 84
1.45762 -0.02230 -0.13422 188 185 171
1.98833 0.00726 1.10925 53 165 0
0.12188 0.14963 1.28894 243 234 255
0.77408 0.02716 0.03514 0 188 78
2.15467 0.02016 1.62781 88 91 76
0.08590 0.08227 0.00484 179 181 125
1.22306 0.08668 1.60192 145 74 255
0.89763 0.12473 1.95988 82 207 255
0.36199 0.16361 2.00642 255 216 189
-0.59707 0.18847 1.04202 37 145 0
-1.19805 0.23095 1.11306 238 250 105
-0.22781 0.13218 0.65115 29 0 0
1.59914 0.04296 1.24349 255 205 246
-0.38937 0.20992 1.80328 0 0 113
0.00566 0.15376 1.25765 199 252 134
2.03458 0.06497 2.12515 162 255 255
1.88107 -0.01224 0.51920 161 92 107
-1.10595 0.18692 0.50432 185 36 190
1.27771 0.01243 0.38114 132 5 0
-0.98174 0.17801 0.47014 181 51 159
0.25021 0.07886 0.30546 188 88 124
1.33159 0.03137 0.66922 231 123 255
1.03241 0.10511 1.78546 0 39 181
0.05010 0.11603 0.71684 237 98 255
2.60029 -0.09742 0.02217 155 135 175
-0.84482 0.23640 1.67001 255 93 250
-0.50316 0.21930 1.68314 24 0 0
-0.92168 0.18361 0.61890 166 0 0
0.28590 0.10052 0.57438 255 76 202
1.63996 0.04172 1.17080 255 229 255
1.31542 0.08129 1.48102 195 96 255
-0.90319 0.25672 1.80648 255 72 255
-0.21552 0.23493 2.40489 74 243 219
-1.10397 0.20055 0.77579 187 0 34
0.37835 0.10554 1.08124 255 255 255
2.31089 -0.04871 0.66795 94 168 78
0.08245 0.10593 0.49559 249 87 199
2.81576 -0.06011 1.03239 186 165 68
0.71121 0.07096 0.81064 115 172 218
1.71694 0.06627 1.78561 181 69 194
0.00797 0.09219 0.22327 147 134 32
2.26325 0.02949 1.85552 0 128 182
2.52324 -0.04715 0.71748 90 130 166
0.56229 0.13900 1.72820 214 86 224
1.14395 0.03976 0.61692 59 10 12
-0.83242 0.23433 1.62995 243 105 247
2.63305 -0.03938 1.17447 209 188 111
-0.36844 0.20603 1.71766 84 72 152
1.83019 0.05816 1.94835 240 242 96
-1.59736 0.19733 0.12390 23 187 72
1.16155 0.07548 1.32819 120 176 75
2.04936 -0.04609 0.33316 1 0 25
1.17992 0.08837 1.58165 39 0 177
1.58782 0.06239 1.52787 255 77 78
1.56808 -0.02279 0.17498 181 92 62
2.29473 0.02937 1.73391 81 148 232
-0.17596 0.23073 2.42523 86 232 255
1.48080 -0.01332 0.19165 255 178 78
0.19972 0.13527 1.19547 255 255 255
2.38569 -0.08079 0.11069 62 97 165
-0.99596 0.16094 0.13725 255 255 124
-0.39374 0.24077 2.26242 89 255 111
2.19737 -0.00112 1.21243 0 103 187
0.37185 0.11204 0.96252 255 238 237
0.76399 0.08256 0.96116 17 166 0
1.67682 0.03630 1.26110 255 187 160
-1.21443 0.19448 0.65405 165 0 190
-1.08600 0.29074 2.27347 161 176 67
1.56385 0.00616 0.48596 255 79 255
-0.33260 0.13188 0.50733 1 15 134
2.63588 -0.09108 0.42049 242 77 127
0.50284 0.07778 0.71995 209 112 165
-0.06220 0.09227 0.18837 125 157 127
2.85950 -0.07242 0.81965 255 255 70
-0.18103 0.13884 0.73854 36 20 63
1.63638 0.07418 1.97542 255 239 252
1.20912 0.06174 0.99159 156 255 224
1.07826 0.13888 2.28149 0 166 38
1.88511 -0.02719 0.54389 166 93 118
1.05141 0.00414 -0.00808 37 188 32
2.01084 -0.02362 0.59377 108 110 255
1.65352 0.04616 1.41671 190 24 4
-0.69654 0.22866 1.78063 123 0 64
2.67464 -0.02315 1.47178 132 0 176
-1.15737 0.20206 0.74425 181 0 107
0.39972 0.14562 1.47697 181 45 0
0.57969 0.06257 0.31297 69 65 50
1.04918 0.10338 1.51954 0 8 22
-0.17032 0.09264 -0.00929 165 255 192
-0.74072 0.14785 0.29471 83 139 96
1.86503 0.00144 0.83443 93 155 189
-0.12318 0.24316 2.42854 90 235 255
1.58088 0.07409 1.83786 184 85 160
2.78515 -0.05788 1.10477 181 134 106
1.32205 0.10416 1.99499 81 157 50
1.63281 0.04902 1.46971 195 4 0
0.78640 0.06552 0.72751 0 51 117
2.58610 -0.12340 -0.21294 153 186 95
-0.61475 0.16952 0.86865 46 61 116
2.34789 -0.09224 -0.17903 50 189 0
-1.02828 0.24002 1.43889 190 133 60
-1.16453 0.25926 1.49887 152 102 128
-0.85261 0.16788 0.57394 223 88 79
2.58738 0.02305 2.14400 57 170 128
1.16029 -0.00690 -0.04278 177 255 184
1.96350 0.06296 2.02013 190 255 135
-0.64616 0.17135 0.84385 54 46 150
-1.00581 0.27277 2.09705 189 111 115
1.46645 0.01517 0.66989 255 133 234
2.23410 -0.07912 0.05335 87 218 79
0.40876 0.05187 -0.03818 218 255 102
-0.54368 0.20506 1.43496 121 192 255
2.19987 0.03355 1.83230 0 114 129
-0.76408 0.14492 0.23105 83 173 157
-0.59099 0.18014 1.04767 41 151 0
-0.97111 0.28144 2.20619 191 167 8
0.24024 0.18738 1.89197 177 50 153
2.09423 -0.01537 0.80887 89 237 128
-1.39473 0.23568 0.92512 70 50 184
-0.17356 0.16475 1.19799 30 186 39
2.29357 -0.06092 0.36152 8 0 190
2.05038 -0.05664 0.05671 86 227 171
-1.30786 0.19959 0.31024 224 238 94
2.85030 -0.11913 0.13350 184 63 21
0.74782 0.16383 2.20203 73 186 186
1.69135 0.02544 1.10673 255 247 253
0.38424 0.16190 1.94744 255 181 212
-1.41159 0.30904 2.34306 106 255 255
1.79208 0.03366 1.34061 239 137 80
-0.92702 0.21710 1.26754 183 186 80
1.14655 0.04563 0.91386 135 249 255
0.64328 0.10122 1.22191 76 165 17
1.06474 0.04996 0.75085 23 74 38
1.82113 -0.03394 0.22023 173 144 232
1.59134 0.09752 2.27205 255 239 80
1.35360 -0.00136 0.30259 170 34 0
-1.28012 0.31921 2.51091 60 164 53
0.59972 0.05111 0.25926 137 183 145
2.75628 -0.07431 0.63434 255 175 245
-0.92480 0.19584 1.00391 255 208 255
1.78469 0.04618 1.42429 152 19 28
-0.24037 0.19783 1.64012 83 86 212
0.23071 0.05732 -0.06414 180 176 59
2.54067 0.01789 2.13267 131 255 166
1.04942 0.09054 1.45960 86 114 76
0.10554 0.11485 0.72955 251 102 246
1.37992 0.00121 0.18057 255 190 95
1.93776 -0.01034 0.67043 139 156 255
1.45383 0.07625 1.60640 242 77 103
0.94186 0.05045 0.65562 83 99 126
-0.51258 0.19922 1.38200 106 217 255
-0.26086 0.23820 2.41975 80 239 187
0.66038 0.05820 0.58844 39 0 140
-0.36723 0.14532 0.51486 0 11 157
0.91664 0.09949 1.53005 0 3 0
0.26467 0.15309 1.65387 184 0 2
1.59983 0.07171 1.63805 255 85 113
0.59332 0.07166 0.55609 73 0 37
-1.09044 0.20967 0.89693 255 140 75
-0.75212 0.23731 1.91318 139 22 31
-1.46168 0.20614 0.57602 146 104 80
-0.43831 0.19704 1.46892 83 169 169
0.58591 0.03238 -0.08948 136 255 219
2.17503 0.01521 1.55171 83 81 81
1.11962 0.05812 0.87970 30 139 166
-0.98602 0.30474 2.52308 255 228 197
-0.27342 0.12251 0.25839 110 223 255
-0.98636 0.23126 1.51433 183 78 0
-1.50730 0.22847 0.72715 118 78 125
0.22943 0.11969 1.04456 191 183 92
0.16905 0.11902 0.97098 175 150 0
2.89201 -0.09272 0.46441 177 7 176
-1.37062 0.31745 2.41118 114 255 255
1.96861 -0.04366 0.10234 107 194 200
0.66991 0.11160 1.25933 70 148 65
1.64548 -0.04356 0.00166 159 174 5
0.52766 0.04262 0.10832 170 255 255
-1.33829 0.26310 1.51752 165 186 255
2.81138 -0.08331 0.47781 189 5 183
2.69783 -0.06177 0.79495 166 168 97
0.90330 0.10667 1.41577 76 135 162
2.08863 -0.06497 -0.00210 71 250 168
-0.03543 0.17490 1.65944 152 78 250
-1.15604 0.16215 0.11598 255 255 94
-0.50672 0.11411 -0.01464 78 255 186
0.32449 0.14902 1.46354 255 138 83
2.62861 -0.01647 1.38685 113 8 162
0.02099 0.21534 2.25977 69 189 190
0.76748 0.01885 0.02595 0 190 86
-0.00868 0.15759 1.29876 184 246 140
0.51602 0.13201 1.60079 234 79 255
-0.37224 0.19208 1.42244 0 107 52
0.03829 0.08339 0.19524 159 159 33
0.19709 0.09395 0.50087 255 83 255
0.12124 0.13669 1.14258 244 255 144
2.53408 -0.07609 0.18592 210 132 203
-1.07900 0.23563 1.29663 185 184 184
2.48749 -0.06967 0.28451 174 92 182
-0.07039 0.10502 0.39188 193 141 87
2.15673 -0.03800 0.58922 77 117 243
2.55118 -0.06922 0.43291 206 76 71
1.57814 -0.03914 -0.16311 175 177 79
2.72068 0.00280 1.94873 219 255 205
-0.25611 0.13672 0.51048 25 9 57
1.27246 0.10432 1.82204 156 149 105
0.45415 0.07238 0.35449 131 50 122
2.29185 0.01221 1.64261 76 103 149
0.26452 0.10806 0.94185 191 139 44
2.13288 -0.01302 1.01587 0 186 39
-0.40251 0.12965 0.42031 0 49 185
0.13264 0.10540 0.52999 255 77 255
-1.25873 0.27450 1.82779 95 0 0
-1.21571 0.21264 0.81432 159 10 110
1.45393 -0.00836 0.27276 182 57 14
0.77701 0.13815 1.95842 39 119 105
1.02251 0.05755 0.81743 2 101 28
1.00881 0.02588 0.29888 97 143 255
1.94839 -0.06556 -0.14936 109 255 233
1.96671 -0.04880 0.08702 110 215 220
1.88204 0.07402 2.02210 223 255 92
1.66476 0.04524 1.31994 255 152 131
-1.08326 0.28908 2.37624 158 185 0
2.44869 -0.09125 -0.18643 97 185 2
0.76310 0.06512 0.79021 6 71 99
-0.51832 0.15873 0.66122 88 76 255
0.83800 0.05618 0.57599 82 85 255
-1.08830 0.27528 2.20091 159 156 124
1.84822 -0.00403 0.66569 96 61 95
2.28721 -0.04948 0.71573 89 192 74
2.25502 -0.05085 0.36169 0 0 190
2.41854 -0.07521 0.38186 135 73 156
1.67404 0.05071 1.54808 187 0 25
1.87284 0.06912 2.03369 227 255 87
2.59308 -0.11603 -0.19944 160 189 108
0.21621 0.16603 1.75597 166 4 23
2.49127 -0.09929 -0.15090 112 186 51
2.19739 -0.08096 -0.00348 77 248 90
2.07589 -0.05113 0.22096 0 51 0
2.66101 0.02067 2.20723 84 135 193
-1.12553 0.30436 2.34570 137 194 35
2.55342 -0.09835 0.06816 137 109 176
-1.39851 0.29934 2.08364 118 169 88
-1.43935 0.22738 0.71590 148 77 164
1.28961 0.08115 1.52786 169 81 255
0.60825 0.16160 2.16808 125 185 123
2.25606 -0.00889 1.14724 0 141 189
2.43167 0.00663 1.78284 98 179 248
2.67948 -0.05762 0.87944 157 182 52
-0.16557 0.24100 2.43726 85 231 255
-0.86986 0.18661 0.95189 244 184 255
0.26143 0.11338 0.92734 191 129 26
2.27614 -0.00895 1.02157 0 183 166
-0.81037 0.24636 1.92304 252 112 148
-0.60731 0.14637 0.42641 110 145 115
1.98039 -0.02349 0.52696 33 2 107
1.64771 0.04138 1.37338 255 131 105
0.45408 0.08565 0.61384 141 0 0
1.81179 0.00537 0.95649 129 189 180
1.30822 0.00023 0.16719 234 196 163
0.04327 0.13644 1.12132 137 196 0
0.02690 0.17963 1.69495 100 0 71
0.88094 0.03906 0.42156 72 91 255
-0.96723 0.19355 0.78984 182 11 0
1.97156 -0.03262 0.37134 23 0 6
2.46700 0.04808 2.13981 15 177 28
1.25020 0.11627 2.07810 43 174 42
-1.61211 0.21684 0.23238 9 188 140
-0.65556 0.12556 0.00312 28 175 188
2.99573 -0.00402 2.11030 255 254 88
-0.19483 0.13380 0.63550 40 0 0
0.34367 0.18558 2.20806 255 255 82
0.30239 0.07983 0.32508 255 162 254
0.57899 0.10508 1.15191 99 183 0
0.02691 0.17026 1.51096 189 128 255
-0.87392 0.20302 1.07989 253 240 255
2.81088 -0.13617 -0.16065 255 255 220
2.60743 -0.07787 0.48348 223 91 132
0.46659 0.06961 0.44870 128 5 37
1.68511 0.07707 1.88957 255 214 250
1.70560 0.09454 2.25439 191 156 14
0.78980 0.10317 1.27171 108 220 255
0.38900 0.17472 2.11047 255 255 105
0.19152 0.08937 0.38547 255 131 221
0.29860 0.18610 2.08816 255 247 192
-0.35800 0.14236 0.67288 0 0 45
1.88071 0.00714 1.04074 185 255 144
-0.44355 0.22954 2.10290 107 219 255
-0.15024 0.19008 1.69163 101 75 255
0.82249 0.04839 0.62614 79 84 245
0.12664 0.07795 0.20463 186 147 0
2.46901 -0.05969 0.54027 152 107 82
1.02028 0.07745 1.24145 83 230 205
0.79713 0.06627 0.59631 83 80 255
-1.41123 0.23103 1.03852 62 112 119
1.99524 -0.03573 0.49215 27 0 88
0.08372 0.19186 1.87012 125 40 11
-0.49619 0.11958 0.06220 76 255 106
2.13988 0.04693 1.95891 16 169 166
2.65395 0.02008 2.22089 88 136 189
1.71427 0.02231 0.94421 165 179 174
0.52466 0.17200 2.34980 251 237 253
1.97844 -0.00057 0.95602 131 255 121
-0.86366 0.26710 2.28446 184 185 36
2.88351 -0.07754 0.68113 255 208 107
2.01391 -0.05762 0.10166 86 204 149
2.39701 0.01010 1.61225 88 94 223
-0.49545 0.13282 0.24127 81 236 88
0.77008 0.14360 2.08632 49 174 187
2.43354 -0.06107 0.56991 54 36 0
-1.04321 0.23373 1.39442 188 146 101
-1.26343 0.23570 1.19361 125 181 22
2.42840 -0.06527 0.37495 148 72 158
1.70600 0.03313 1.22036 255 203 160
-0.31638 0.11592 0.33713 89 177 255
2.30696 0.04433 2.10064 0 187 30
2.74194 -0.12442 -0.26283 255 255 255
0.72468 0.13868 1.77727 144 108 76
0.94348 0.07656 1.09181 70 255 255
-0.30078 0.18958 1.57558 0 28 9
0.86723 0.01908 0.11929 0 158 0
-0.43708 0.16000 0.95785 76 201 97
1.34503 -0.00448 0.35747 161 19 1
0.34111 0.12209 1.18007 255 255 255
-1.27045 0.22251 0.93469 136 67 71
1.21942 0.03954 0.88097 167 228 255
-0.71683 0.21443 1.47640 203 180 231
0.52470 0.16220 2.11655 159 178 9
0.77478 0.08885 1.17344 105 255 183
-0.30250 0.12576 0.55447 4 0 70
2.30009 0.02503 1.81760 0 104 182
1.11534 0.13211 2.16513 87 255 85
2.03818 0.06984 2.26095 78 139 165
0.96284 0.12645 1.84422 0 50 178
2.01740 0.05532 1.97223 156 254 151
2.94266 0.00783 2.18475 255 225 86
1.30263 0.12364 2.31922 149 227 255
1.17651 -0.00646 0.09018 183 246 255
2.66369 -0.07907 0.47118 243 91 189
0.23785 0.14160 1.33565 255 214 245
2.60387 0.00147 1.80766 174 195 87
1.25965 0.00434 0.25401 121 66 55
0.62675 0.05575 0.37291 52 29 0
0.12982 0.15355 1.46145 236 151 242
-0.71370 0.26518 2.14879 227 232 168
2.68272 -0.01240 1.64968 128 33 48
-0.13329 0.15043 1.02995 138 247 225
2.03421 0.04425 1.86532 56 119 4
-1.19318 0.18517 0.30046 255 240 82
1.22371 0.06106 1.13807 71 173 3
2.82545 0.00856 2.07287 251 255 255
0.73389 0.05692 0.29717 88 154 77
-1.34831 0.24289 1.17741 90 173 0
1.66140 0.00590 0.79183 181 115 20
0.85840 0.09982 1.31235 85 189 255
-0.61012 0.19207 1.18776 57 193 10
1.48890 -0.02348 -0.01091 190 181 37
2.20277 -0.04061 0.60198 78 138 184
-1.32206 0.29543 2.17359 148 224 220
0.82071 0.04340 0.47709 82 76 255
1.25186 0.12489 2.29831 43 149 190
-0.34116 0.15262 0.80653 79 121 75
2.54493 -0.04736 0.73811 101 135 182
-0.25967 0.14783 0.83577 89 150 158
0.55107 0.06147 0.24217 163 194 199
1.24123 0.13561 2.17499 123 255 186
-1.39151 0.19523 0.47273 175 158 69
2.41959 -0.08938 -0.00055 67 150 106
-0.92153 0.26239 1.93506 255 111 247
2.36568 -0.08909 0.04066 46 142 78
0.44699 0.11807 1.21827 161 169 54
2.10172 -0.01263 0.93266 87 255 81
1.92647 0.00475 1.01614 161 255 116
2.09027 0.04993 1.86265 32 127 47
-0.64756 0.22606 1.70555 89 0 92
-0.04892 0.16087 1.26359 81 166 6
1.91708 -0.01332 0.66977 72 61 152
1.26012 0.04837 1.07281 97 183 12
-0.57423 0.14261 0.34027 8 106 1
-0.61606 0.25582 2.26411 177 255 255
-0.16579 0.18374 1.46626 25 76 50
0.69062 0.05539 0.31340 108 144 73
0.06352 0.14224 1.34431 211 216 250
-0.08138 0.20563 2.06930 37 132 0
0.84646 0.08175 1.03964 1 189 52
0.82151 0.02069 -0.11117 0 179 143
0.82926 0.08487 1.06754 0 191 59
0.35796 0.07232 0.37990 163 38 172
-0.99873 0.19480 0.69355 193 0 23
2.24488 0.01982 1.65532 75 109 124
0.61701 0.08292 0.69509 64 22 157
2.02202 -0.07207 0.00836 93 248 234
2.76560 0.00364 2.01612 239 255 255
1.84647 -0.06553 -0.05482 73 190 120
0.28796 0.19104 2.34640 179 171 0
0.88182 0.04201 0.37549 76 103 255
-0.90134 0.22384 1.16741 255 255 225
1.30916 0.07545 1.46551 187 100 255
1.03712 0.04980 0.76724 18 78 30
-0.27584 0.15208 0.98581 93 223 246
-1.42977 0.28499 1.78979 30 0 143
-0.33643 0.22872 2.10497 0 141 94
-0.83534 0.18123 0.85718 148 44 150
2.02653 0.04159 1.70565 137 121 96
2.16729 -0.04446 0.50627 0 0 188
1.69083 -0.00019 0.84031 170 141 71
-1.30331 0.24074 1.06489 114 138 2
-1.47428 0.29177 1.79044 12 0 178
-0.36136 0.17548 1.12642 74 255 255
-0.38664 0.22397 1.95317 0 56 190
-0.74207 0.20931 1.38668 206 222 146
0.85555 0.15869 2.37427 107 220 82
1.06595 0.11589 1.88319 78 182 245
1.24726 0.11392 2.09336 49 188 52
2.06488 -0.05838 0.15691 82 173 83
1.37684 0.05874 1.38136 140 50 188
-0.46338 0.20633 1.42614 95 199 233
1.20877 0.00431 0.21453 197 175 202
-1.25441 0.28230 1.97238 109 36 50
1.23298 0.02688 0.61695 99 14 83
0.06042 0.13560 0.97794 145 148 7
-0.04995 0.22336 2.20158 44 189 127
1.75827 0.08709 2.27593 178 150 71
1.41761 0.00482 0.42611 177 0 111
-0.09217 0.15859 1.27863 61 165 0
-0.80806 0.27523 2.40118 176 179 176
2.04576 -0.02455 0.61529 100 128 255
0.08457 0.07913 0.02252 177 189 128
-0.60564 0.13104 0.11683 15 190 96
0.02961 0.21025 2.16079 77 175 163
0.91362 0.07495 0.94332 0 164 37
-0.67330 0.23339 1.86970 111 12 0
-0.00453 0.15692 1.23511 183 255 98
-0.95991 0.27563 2.35744 187 184 9
0.75319 0.14433 2.11288 63 174 185
1.29944 0.08683 1.59626 172 75 252
2.13821 -0.02420 0.85092 80 247 80
2.91149 -0.00763 2.07245 186 182 93
0.03058 0.21073 2.31419 73 185 168
0.20352 0.17531 1.98605 254 188 255
0.70763 0.13972 1.91316 80 84 7
0.18590 0.10337 0.81924 182 70 11
-1.52590 0.21474 0.43599 42 97 80
-0.86036 0.17942 0.74347 234 86 124
2.97851 -0.00659 2.04328 190 186 56
-1.21762 0.22826 1.06158 243 220 83
-0.61902 0.15387 0.47828 107 121 145
0.09076 0.08245 0.25742 171 118 0
3.00325 -0.03805 1.65918 255 145 230
-0.93513 0.24636 1.49111 187 97 0
2.17305 0.06280 2.23056 103 238 151
-1.37627 0.26461 1.46617 145 219 217
-0.98459 0.14934 0.04088 255 255 77
0.10104 0.14209 1.21791 240 255 189
-0.10230 0.19389 1.68880 127 78 255
1.13259 -0.00248 -0.09604 170 255 124
2.72776 -0.08735 0.47542 183 6 149
-1.35815 0.27623 1.75794 51 0 106
-0.74353 0.18639 0.92513 102 76 175
-1.51278 0.24764 1.04659 19 121 178
2.37259 -0.01159 1.38033 8 9 0
-0.94239 0.28127 2.20274 193 169 0
-0.50840 0.15516 0.82297 0 38 53
1.41834 0.08585 1.78042 224 139 81
2.51076 0.01977 2.09335 117 255 113
2.21525 -0.02775 0.91384 70 255 128
2.62155 -0.10000 0.18455 235 125 127
1.69944 0.00243 0.72614 160 84 10
-0.26400 0.13778 0.65318 15 0 0
-0.06057 0.18684 1.73428 142 74 208
-1.15767 0.26552 1.77624 237 74 87
0.17479 0.13700 1.13643 255 255 193
0.08524 0.13528 1.03466 150 175 0
0.87890 0.10900 1.63683 0 0 0
-0.46256 0.25738 2.31445 113 255 124
1.10405 0.13238 2.17092 91 255 86
0.36371 0.05187 0.00891 232 255 101
-1.49687 0.27737 1.47326 101 220 114
-1.46995 0.26965 1.43695 109 233 105
0.13094 0.11303 0.79987 175 63 57
1.98688 0.07371 2.25697 95 135 183
-1.10430 0.24872 1.58316 173 50 12
-0.67661 0.16058 0.39007 53 77 0
2.54530 -0.04688 0.84900 102 176 179
2.30890 -0.06353 0.25340 106 103 255
2.13259 0.01890 1.44715 91 79 195
-0.61593 0.18433 1.16088 57 185 4
0.56601 0.05782 0.24672 150 187 181
1.00160 0.12923 2.22306 76 255 78
0.93300 0.03891 0.58466 73 77 185
-0.17522 0.16771 1.22054 27 186 33
1.05113 0.00674 -0.05763 40 192 5
-1.27621 0.26949 1.82429 97 0 0
-0.76506 0.25689 2.14977 159 147 29
-0.14372 0.11624 0.46443 72 24 0
0.81756 0.10217 1.37687 90 154 243
-1.07149 0.19197 0.68363 189 0 78
2.07468 0.01896 1.43272 115 92 254
2.51348 -0.07360 0.28910 181 85 147
-1.05066 0.24334 1.50714 183 98 29
-1.14759 0.16593 0.24826 255 254 94
-0.76597 0.17121 0.57065 185 88 93
2.81239 -0.00145 2.04519 252 255 255
0.16747 0.20675 2.39655 144 152 5
2.81554 -0.04586 1.08187 184 148 125
0.15363 0.19480 2.17829 231 255 243
2.41106 -0.08531 0.13882 59 81 180
1.24621 0.05299 1.13937 80 172 0
-0.71470 0.19447 1.03621 94 142 70
-1.49523 0.23484 0.95813 36 68 190
0.28363 0.17592 1.95878 255 179 255
0.35676 0.05799 0.02708 242 255 105
0.91679 0.02249 0.23354 0 94 104
-1.25958 0.23385 1.02404 132 117 6
1.21746 0.09941 1.88086 49 96 18
2.58157 0.00024 1.64198 76 23 152
2.48410 0.00715 1.60821 38 8 184
-0.52608 0.15509 0.51807 89 98 252
-0.66403 0.14829 0.50997 132 106 129
1.83915 0.04574 1.65165 134 3 187
1.14362 -0.00408 -0.03031 170 255 183
0.51080 0.04600 -0.04500 173 255 187
2.96378 -0.01656 1.82169 187 138 192
-0.96909 0.20782 1.05839 255 232 255
2.18183 -0.04128 0.43020 0 0 183
-0.71021 0.20497 1.04339 93 150 57
1.82606 0.04477 1.42586 141 12 67
0.02434 0.12461 0.88718 126 97 119
1.13547 0.11768 2.08252 91 255 76
1.02679 0.10663 1.75798 0 17 176
-0.06356 0.10816 0.49439 195 89 92
2.05548 -0.05422 0.16464 84 162 88
1.24117 0.00045 0.08094 213 248 255
2.83455 -0.03560 1.42169 255 79 164
0.03991 0.11595 0.79989 147 52 147
1.23732 0.08851 1.60034 144 81 255
1.84315 -0.05149 0.02691 71 153 182
-1.53660 0.21677 0.42366 36 105 101
0.95933 0.11450 1.71284 0 0 79
0.77191 0.15059 2.06339 51 170 174
-0.89619 0.18524 0.64168 155 0 0
-0.75679 0.15609 0.37461 89 97 35
1.42600 0.07060 1.50649 237 82 215
1.07221 0.10831 1.79173 0 43 180
1.50979 -0.01031 0.14142 182 116 0
0.42457 0.05961 0.24685 229 204 255
0.54390 0.07407 0.62876 101 0 43
0.37381 0.06811 0.06316 237 255 143
0.18871 0.06914 0.20328 191 143 9
1.60880 -0.05217 -0.17914 164 176 64
-0.89892 0.15551 0.23483 141 170 181
1.84203 -0.01455 0.62296 98 36 47
-0.61744 0.17113 0.85523 42 53 122
2.17608 0.00343 1.17986 0 120 184
-0.05637 0.20826 2.10060 42 149 42
0.48499 0.08844 0.66351 130 12 31
-0.41816 0.17331 1.02501 80 241 154
1.87421 -0.03420 0.33054 161 97 115
-0.30983 0.20991 1.88411 79 114 255
-0.64965 0.14810 0.44753 124 125 101
-0.49410 0.21009 1.69829 18 0 0
1.90203 0.05482 1.75847 112 61 78
0.46338 0.17657 2.11841 170 177 0
-1.10289 0.17520 0.31874 255 231 157
1.62855 0.02550 0.87762 184 160 46
1.11292 0.09145 1.42932 97 124 97
0.12957 0.10866 0.62492 255 76 255
2.24095 0.01086 1.49830 77 79 81
-1.24285 0.29625 2.13531 175 203 251
1.64513 -0.04088 -0.03692 163 184 0
1.60756 -0.02052 0.22806 255 149 215
-1.23685 0.28545 2.01013 108 51 90
1.62566 -0.02894 0.12378 175 127 48
-1.27254 0.23181 1.05363 127 126 1
-0.32143 0.17761 1.09755 75 255 255
-0.18214 0.17337 1.42630 22 91 17
2.13258 -0.07228 -0.15759 75 255 240
-0.21752 0.15744 1.04971 103 253 255
0.82927 0.05140 0.46087 77 77 255
2.95065 -0.03329 1.64327 255 130 165
0.10929 0.07605 0.14647 183 170 15
0.32070 0.06406 0.03437 255 255 81
2.08909 0.06538 2.14149 50 187 188
2.09252 0.04574 1.91957 43 149 90
2.30487 0.02662 1.75550 76 154 251
0.05385 0.06881 0.05689 172 189 128
1.27810 0.06520 1.20373 102 146 3
-0.83054 0.16632 0.51213 211 119 88
0.87636 0.06231 0.64576 75 97 192
0.07895 0.15705 1.36035 222 208 255
0.85137 0.04035 0.44330 72 88 255
-0.64383 0.19383 1.08685 59 168 0
-1.01568 0.17516 0.54858 185 13 127
2.55522 -0.00168 1.60334 70 9 176
2.30771 -0.08161 -0.14038 27 193 0
0.16251 0.11890 0.88785 181 109 0
0.64408 0.07772 0.70725 138 123 255
0.33702 0.10392 0.79787 255 143 92
1.32578 0.00254 0.27896 156 52 0
1.50066 0.03582 0.90845 255 255 84
1.14167 0.08996 1.51405 29 10 86
2.02326 0.00466 1.16609 35 134 46
1.96494 0.05742 1.97028 192 254 98
0.82948 0.11378 1.36921 87 167 255
2.19170 -0.00596 1.13703 0 142 172
0.65342 0.16016 2.12244 114 184 124
-1.36906 0.29572 2.22086 126 247 209
2.43914 0.01386 1.78383 97 176 248
0.40581 0.18911 2.34823 188 159 62
1.85849 -0.03416 0.23998 166 128 192
-0.56942 0.17744 0.85095 29 48 86
-1.34312 0.18910 0.19846 133 187 112
1.53260 0.06682 1.58552 255 76 78
0.15063 0.07641 0.10165 186 179 19
0.11169 0.20189 2.27118 207 255 225
-1.41398 0.21998 0.74917 156 81 220
2.80398 -0.13327 -0.28452 255 255 255
1.65993 0.05495 1.52909 187 0 13
1.79481 -0.00390 0.71647 129 85 80
0.62473 0.16910 2.15795 119 185 119
-0.11286 0.13357 0.81524 152 135 254
0.48583 0.08327 0.65895 127 8 23
-0.10692 0.13732 0.83760 155 154 255
0.93044 0.11444 1.56055 0 0 0
0.03157 0.14504 1.11802 123 185 0
1.85930 0.05635 1.84453 227 192 151
-1.15742 0.17189 0.21459 255 255 73
-0.02611 0.16600 1.52549 75 39 194
2.43816 -0.05665 0.60406 48 45 0
-0.86196 0.23840 1.58311 176 35 98
2.01288 0.05671 1.98742 164 255 167
0.47601 0.10032 0.83741 223 175 234
2.96042 -0.04825 1.28176 188 34 77
2.09174 0.04200 1.91900 42 160 105
1.97256 -0.03348 0.33124 30 6 0
1.77952 0.02335 1.20018 232 208 107
0.58736 0.09890 0.93282 174 237 222
-1.28449 0.25414 1.38380 189 246 229
-1.12179 0.22849 1.21636 255 255 239
2.06364 0.05016 1.84246 51 114 19
-1.13450 0.19558 0.47609 187 48 172
0.25353 0.19424 2.26329 255 255 114
-1.20384 0.23860 1.23804 238 255 200
2.31768 0.01628 1.51808 77 80 93
1.40016 0.07270 1.60477 220 78 149
2.72746 0.01049 2.04551 211 255 252
0.17927 0.10881 0.52354 255 80 255
0.33152 0.08512 0.50626 178 0 115
1.97775 0.02066 1.25128 59 97 71
-1.44852 0.23770 0.95677 46 75 181
0.11813 0.19701 2.27857 204 255 219
2.44488 0.02649 2.01848 102 255 84
-1.52945 0.19128 0.20696 42 187 185
1.72635 -0.02260 0.14710 141 108 165
-0.11312 0.22411 2.33122 14 179 166
1.96926 -0.07057 -0.17983 97 255 238
2.06604 -0.02837 0.61070 94 123 255
1.06685 0.09603 1.63141 1 0 132
1.88146 0.07153 2.21024 143 168 128
2.04301 -0.02610 0.54695 12 13 176
-1.05002 0.20416 0.78008 189 6 0
1.55418 0.00371 0.58108 255 96 209
3.00760 -0.00308 2.15365 255 239 80
-1.01817 0.23598 1.50722 193 96 5
2.40017 0.01895 1.79650 0 96 176
1.04365 0.10523 1.71392 0 3 158
2.88056 0.01028 2.12021 255 255 176
2.34176 -0.07545 0.15926 116 149 240
2.48842 -0.06943 0.26150 173 99 205
2.02245 -0.05613 0.22066 7 59 0
2.70585 -0.03026 1.34960 148 17 188
2.53164 -0.05740 0.82237 89 165 191
2.58145 0.00106 1.68840 75 47 112
0.90527 0.12699 1.91755 88 184 255
0.64444 0.09620 0.96730 149 251 152
2.64285 -0.04856 0.79225 139 155 152
-0.57263 0.14349 0.31324 9 126 1
1.34672 0.02397 0.69288 234 139 255
1.22448 0.02481 0.56141 92 0 28
0.63974 0.07410 0.61011 53 0 124
0.98123 0.00460 -0.12859 22 179 1
0.53397 0.09294 0.89500 200 216 255
1.90802 -0.02490 0.42874 55 0 0
1.14256 0.11686 2.01499 102 243 86
2.38902 -0.05951 0.44143 127 73 144
2.20826 -0.07539 -0.03033 80 255 96
1.07188 0.05164 0.76351 20 78 44
2.30461 0.02223 1.76360 0 81 167
2.73731 -0.04740 1.19249 251 180 212
1.54822 0.07566 1.75064 255 125 144
0.37089 0.13867 1.52050 183 26 3
2.12423 0.03427 1.79232 19 91 27
-0.59089 0.24355 1.96974 75 55 42
0.46733 0.14772 1.65499 252 74 255
2.49679 -0.09129 0.13101 101 75 181
1.23708 0.03681 0.75270 181 165 255
0.08996 0.11482 0.61441 253 78 255
1.59976 0.06388 1.74856 255 131 194
-0.26010 0.19198 1.44873 0 90 0
1.56135 0.05760 1.52036 255 80 85
2.50005 -0.07100 0.36562 182 75 101
2.57194 -0.01584 1.59249 85 6 175
-1.31922 0.17674 0.08523 234 255 253
-1.16102 0.22828 1.18436 253 255 191
-0.13614 0.23441 2.30253 7 185 136
1.71117 0.04986 1.60433 179 0 103
-0.39806 0.22353 1.94217 2 54 179
0.29591 0.07044 0.20298 255 225 177
1.91890 0.05400 1.83305 199 182 98
2.20472 -0.06104 0.20567 0 52 67
1.89536 0.00151 0.95943 84 191 109
-1.42235 0.23871 0.95814 65 69 174
1.70497 -0.01063 0.50538 237 78 121
-0.68030 0.18662 1.04015 82 144 51
-0.54758 0.13996 0.36398 2 97 34
2.46023 -0.05650 0.60016 68 53 23
-1.21022 0.17948 0.33325 255 225 95
0.56571 0.11789 1.14973 106 185 8
2.29631 -0.01083 1.10657 0 155 187
2.74203 -0.02174 1.44545 162 0 146
0.14406 0.11916 0.80391 179 56 51
1.83289 -0.04383 0.11744 81 115 190
2.41984 -0.04528 0.89129 35 186 182
-0.12410 0.14866 1.02257 141 248 231
0.30447 0.06318 0.11132 255 255 105
2.87504 -0.05041 1.12933 190 118 189
0.30647 0.09538 0.71635 255 110 81
1.00938 0.10223 1.58355 0 0 41
0.07230 0.20317 2.05034 198 219 216
-0.19754 0.09417 0.12913 147 255 248
1.94823 -0.02426 0.54011 48 10 92
2.49367 0.01421 1.83114 113 209 169
1.25288 0.08688 1.70188 156 92 208
2.04241 -0.04114 0.44652 3 0 102
-0.63340 0.19485 1.30766 153 253 184
-1.08059 0.29017 2.33161 160 189 11
-0.92322 0.15945 0.26440 153 158 182
0.52720 0.18042 2.25867 166 186 122
1.72979 0.00767 1.09037 247 255 250
1.07877 0.01925 0.32400 127 123 242
-0.50239 0.17419 1.02512 8 145 6
-1.01614 0.17665 0.60409 185 0 75
1.95393 0.02056 1.30568 161 147 169
-1.57465 0.21553 0.39943 18 120 165
-0.74197 0.21423 1.48300 219 180 210
-0.77630 0.27038 2.37471 168 184 174
-1.34812 0.31650 2.44584 122 255 239
1.02742 0.13749 2.14444 75 255 92
1.19741 0.06680 1.12970 58 179 31
0.61181 0.08659 0.90843 161 218 229
0.38093 0.16837 1.93048 255 169 244
-1.34125 0.20155 0.56991 202 102 152
2.26488 0.00908 1.39000 79 96 117
-0.36282 0.12397 0.22611 85 237 185
0.10005 0.14733 1.30867 235 234 254
1.75356 0.09398 2.24773 179 157 47
1.57176 -0.02880 0.05440 184 160 0
-1.51380 0.24909 1.17152 20 176 107
1.22243 0.13189 2.25368 24 166 147
0.29066 0.17667 1.96835 255 183 255
-0.17289 0.14322 0.94091 128 204 255
-0.32440 0.18312 1.35937 0 138 65
0.35107 0.06964 0.21887 250 213 234
-0.78548 0.28232 2.45841 255 251 255
-0.48126 0.13961 0.34315 76 183 176
0.48973 0.11687 1.28570 149 144 0
0.28446 0.06358 0.20289 255 227 173
1.14826 -0.00395 -0.03474 176 255 191
2.59179 -0.06705 0.52798 215 111 161
-0.36251 0.10666 0.05164 88 255 77
0.74273 0.09955 1.23011 37 155 112
0.20004 0.18181 1.88783 163 49 115
2.25135 -0.01724 1.08459 0 162 176
2.38895 0.01544 1.83296 1 123 163
1.97096 -0.06504 -0.00198 105 254 255
-0.29037 0.11082 0.04023 100 255 111
0.94720 0.13059 1.97399 80 220 255
0.07181 0.09119 0.37029 255 142 112
-0.22601 0.09241 0.01435 140 255 142
-0.35118 0.24378 2.46502 3 141 56
0.83720 0.10173 1.32320 86 184 255
0.60662 0.08964 0.79188 160 157 255
1.26028 0.03439 0.76411 188 174 255
-0.51304 0.20542 1.52973 108 144 194
-1.45047 0.29130 1.92282 19 9 61
0.50099 0.09675 0.98416 222 252 255
1.05195 0.11968 1.96914 81 222 190
0.32460 0.17121 1.89070 191 57 186
2.27188 -0.00931 1.11906 0 149 191
1.23217 0.05423 1.03989 165 255 154
-1.09958 0.29758 2.40114 150 182 0
-0.57820 0.25215 2.18773 156 255 255
2.81361 -0.00246 2.01273 248 255 255
1.87042 -0.05237 -0.09526 141 255 209
0.41963 0.09249 0.80561 244 162 176
0.80127 0.07576 0.95879 2 167 0
2.96939 -0.03971 1.40618 255 80 77
2.51277 -0.06328 0.66175 83 88 93
0.17277 0.17965 1.96214 242 175 244
-0.86025 0.21734 1.39358 163 142 0
1.15862 0.04170 0.53138 64 0 0
0.10227 0.08356 0.37285 255 145 129
1.59256 0.08729 1.98734 184 165 176
1.08598 0.01730 0.20006 132 186 255
2.71262 -0.02068 1.46513 146 0 160
-1.54911 0.22697 0.76063 98 84 98
2.61397 -0.02968 1.26089 191 147 138
1.32488 0.01214 0.30992 154 37 0
0.30104 0.19803 2.32269 176 169 0
0.05576 0.12624 0.84985 150 77 95
2.45881 -0.03254 1.06837 132 253 203
-0.29968 0.18423 1.44086 0 93 0
0.94328 0.12749 2.00942 81 230 255
0.86492 0.11761 1.49907 2 11 36
2.58622 -0.09366 0.13072 145 77 121
2.89203 -0.07719 0.71300 255 223 82
1.17859 0.10493 1.81370 23 49 114
1.95645 -0.05557 0.11221 118 205 213
-1.07648 0.22026 1.26942 187 188 189
2.54066 -0.04712 0.81837 93 164 188
0.78852 0.16440 2.34989 133 234 125
0.76177 0.07186 0.86852 18 123 43
-1.18599 0.21108 0.89181 254 131 106
2.01663 -0.01782 0.64184 114 138 255
2.21794 -0.06159 0.27764 0 16 135
0.91785 0.03662 0.24134 0 89 95
-0.38122 0.14190 0.59368 0 0 118
-1.28722 0.30482 2.41637 154 255 211
0.25071 0.15458 1.50422 255 120 109
2.09108 0.01211 1.29320 9 61 186
-0.70658 0.23083 1.70750 113 0 144
2.35280 -0.00532 1.27731 0 67 52
-1.42070 0.29224 1.91629 28 8 41
2.84664 -0.07531 0.68240 255 205 122
1.07458 0.08839 1.39669 88 140 78
-0.24995 0.24308 2.45341 78 222 235
1.43518 -0.02850 -0.04159 255 255 213
1.60231 0.00757 0.67608 183 47 22
1.44852 0.03301 0.87322 255 241 85
0.24002 0.06105 -0.01350 187 185 18
-1.42726 0.25097 1.37453 132 255 99
-0.33028 0.21477 1.88615 76 113 255
-0.59002 0.13625 0.35561 11 90 11
2.58001 -0.08622 0.15431 221 145 195
1.20248 0.09178 1.53213 133 81 250
1.22179 0.01972 0.50664 101 0 0
-0.53207 0.19260 1.25256 104 255 227
0.10199 0.17095 1.63113 132 1 56
1.94253 0.04380 1.69723 91 32 84
-0.87480 0.15790 0.32589 138 133 167
2.58512 -0.00203 1.51831 82 0 187
2.58261 -0.11404 -0.13250 153 190 158
0.63510 0.17003 2.09524 121 178 91
2.03576 0.06546 2.02303 150 255 212
0.84676 0.08847 1.18736 81 255 255
-1.16666 0.30152 2.50855 112 155 0
1.62637 0.01058 0.76037 183 102 0
-1.32700 0.19690 0.29105 131 165 23
-0.02070 0.21726 2.32531 53 178 185
1.42117 0.00644 0.42522 178 0 106
0.57204 0.07366 0.65833 87 8 103
1.79957 0.01419 0.96242 130 191 181
1.47216 0.03270 0.88121 255 240 79
2.22851 0.01541 1.56632 75 82 74
2.82381 -0.13157 -0.09785 255 255 168
-0.23555 0.10323 0.03827 133 255 171
1.19442 0.05548 0.93906 159 255 255
2.14587 -0.02365 0.94373 81 255 91
1.32826 0.11086 2.07428 88 183 118
2.75220 0.00134 1.95189 232 255 231
0.96170 0.02850 0.13658 0 150 55
2.25078 -0.08184 -0.12756 93 255 121
-1.20791 0.22312 1.07674 240 233 92
2.29547 0.00262 1.23006 0 85 128
1.84472 -0.00753 0.71518 102 82 123
0.79160 0.16223 2.22366 55 191 156
1.61325 0.08162 1.98243 187 162 161
2.32622 -0.08264 -0.15032 40 186 0
2.24383 -0.03565 0.55279 0 22 108
1.87542 0.04460 1.71920 132 39 132
0.39157 0.06225 0.25204 239 200 255
1.61632 0.03703 1.24052 255 201 236
0.31219 0.07103 0.20701 255 225 191
-0.96446 0.21053 1.26167 188 189 124
1.55306 0.10669 2.27344 253 242 107
-0.73752 0.21478 1.42264 203 207 176
1.72666 0.07535 2.01858 255 255 127
2.08786 -0.01246 0.89459 87 255 78
1.05092 0.07932 1.26499 87 219 157
0.24802 0.08922 0.46629 255 94 255
2.60659 -0.04595 0.91044 115 193 98
2.73865 0.01473 2.13892 135 165 178
-1.16691 0.28559 2.23790 218 255 228
0.16338 0.17447 1.68212 158 0 0
-1.43331 0.29770 2.02898 23 47 0
0.81672 0.04592 0.32452 75 132 154
2.05889 0.02731 1.53825 119 75 202
1.60070 0.03758 1.22918 255 204 243
0.55166 0.18187 2.39664 249 217 255
2.76329 -0.03662 1.29575 251 115 255
-0.33557 0.25225 2.45602 0 140 60
2.48316 -0.10344 -0.16211 103 186 24
0.95040 0.05425 0.79040 0 89 0
2.79497 -0.00892 1.68863 171 55 0
0.74111 0.11329 1.40288 39 64 186
1.48193 0.08201 1.81939 249 162 150
0.41795 0.12390 1.26457 170 151 38
1.64004 0.02820 1.04824 255 255 255
0.85972 0.06221 0.70132 0 40 74
0.45568 0.17531 2.13446 177 178 0
-0.39732 0.17681 1.09684 74 255 235
0.85758 0.04484 0.45213 79 82 255
0.70917 0.05536 0.33971 107 136 83
-1.15526 0.28932 2.06567 141 86 182
-1.23747 0.22146 0.93295 233 149 119
2.21200 -0.04396 0.45486 0 0 187
-0.11746 0.10978 0.25169 176 220 230
1.95407 -0.05824 -0.19053 102 255 209
-0.95646 0.15776 0.01898 249 255 90
-0.49441 0.21880 1.84451 31 10 52
-0.69092 0.16739 0.52874 150 100 114
0.73940 0.01975 -0.09464 0 180 184
-0.17525 0.12432 0.47363 54 22 13
0.83679 0.06070 0.72263 0 47 80
1.27179 0.01025 0.35824 134 17 0
0.61576 0.17002 2.38011 217 226 254
0.21793 0.14392 1.27588 255 243 255
1.45178 -0.01820 0.02000 191 174 51
-0.64498 0.21193 1.62796 87 16 154
1.95761 0.05558 1.85711 188 203 79
1.70514 0.02554 1.05389 255 255 255
-0.70354 0.16745 0.61538 162 74 166
1.27314 0.00561 0.26165 136 68 43
-0.94350 0.25513 1.90857 255 103 255
0.36691 0.16321 1.81650 192 17 186
2.70076 -0.10066 0.19332 174 42 0
-0.19654 0.18354 1.52939 10 37 74
0.12764 0.08714 0.40846 255 122 184
-0.00835 0.08599 0.00441 146 191 192
0.96769 0.12245 1.82866 0 46 170
2.02493 -0.07302 -0.22079 89 255 251
-0.78731 0.24312 1.81853 159 0 133
-0.09865 0.22050 2.20948 27 189 98
-0.45639 0.18351 1.23463 84 255 255
1.86826 0.01473 1.12258 195 249 107
2.94239 -0.03284 1.61063 255 112 145
0.15848 0.15888 1.53476 167 18 62
0.56506 0.05553 0.19193 154 220 232
1.45131 0.01474 0.54700 182 0 189
1.24888 0.10959 2.13768 45 189 88
1.60538 0.05767 1.41617 191 18 28
0.82790 0.03714 0.29388 80 153 130
2.14545 0.01713 1.54162 96 77 122
2.16090 -0.03135 0.58325 74 117 243
2.09174 0.04917 2.00032 37 178 159
-1.31041 0.21167 0.59954 211 91 198
2.82595 -0.00333 1.87113 177 158 153
-0.69430 0.17268 0.74740 160 88 255
0.61395 0.16913 2.30495 223 255 255
0.80555 0.08830 1.12358 89 255 165
-0.44604 0.19783 1.53913 90 130 115
-0.87383 0.17417 0.41517 146 78 112
0.84564 0.08417 1.08658 82 255 168
-0.59151 0.20405 1.44185 141 193 255
1.32290 0.08579 1.50798 194 88 255
0.95416 0.09052 1.19935 75 246 255
-0.47763 0.12672 0.34106 80 185 171
2.83735 -0.02288 1.65977 255 135 90
-1.20304 0.26733 1.83046 120 0 0
1.38898 0.04002 0.98345 234 255 82
0.99842 0.14855 2.25746 74 255 72
-0.42178 0.22492 1.92538 6 38 166
1.07899 0.07177 1.08935 101 255 250
1.10006 0.07992 1.27710 99 209 95
2.39471 -0.02545 1.11933 106 232 212
0.50819 0.07547 0.39477 98 25 36
0.47774 0.07819 0.60144 129 0 0
0.21263 0.06180 -0.03994 186 185 52
0.11891 0.14424 1.29575 240 235 251
0.31555 0.12936 1.18543 255 255 255
1.24457 0.03835 0.71397 189 149 253
-1.39114 0.25779 1.22389 69 186 0
-1.43699 0.20008 0.33598 79 146 94
-0.35551 0.14860 0.80489 73 125 72
2.22703 -0.08192 -0.08419 81 255 112
-0.94518 0.27682 2.20884 194 165 0
2.69940 -0.00887 1.64739 126 36 34
1.61317 0.05050 1.61871 187 0 17
1.53419 0.06260 1.58205 255 71 80
-0.62693 0.24456 1.97937 88 60 21
1.61292 0.01998 0.89774 183 166 58
2.37548 -0.00472 1.30403 95 133 98
0.67197 0.08195 0.80419 131 172 253
1.45914 -0.00646 0.32453 189 17 80
0.11143 0.19330 1.91289 133 56 55
-0.17588 0.12731 0.58284 49 0 0
1.65735 -0.03759 -0.06870 152 183 0
0.32397 0.15604 1.63017 188 0 28
0.24656 0.07624 0.28418 190 102 104
0.27077 0.07931 0.29787 182 94 147
1.55569 0.04265 1.33887 190 66 133
0.66755 0.08704 0.86141 138 199 221
-0.29074 0.10468 0.02506 112 255 108
2.53028 0.02412 2.07495 127 255 107
0.00802 0.10037 0.16767 154 161 79
1.97764 -0.00381 0.99201 50 187 20
-0.15806 0.09789 0.19490 160 245 255
0.27411 0.13059 1.14194 255 255 255
-0.16101 0.14182 1.00470 129 234 255
0.20154 0.11089 0.73399 184 30 51
2.37143 -0.02362 1.10797 97 230 228
0.41427 0.17037 1.95205 255 182 192
0.94129 0.13289 1.94559 79 198 255
0.18182 0.20182 2.25346 233 255 182
-0.52885 0.20572 1.46789 116 184 252
2.05935 0.06853 2.19413 139 252 255
0.63410 0.06953 0.50365 52 0 47
-0.30701 0.12834 0.63132 5 0 13
-0.40814 0.22615 1.98130 90 161 255
0.32400 0.17164 1.89283 188 56 187
2.25029 -0.03444 0.74869 80 207 73
-1.54773 0.21545 0.37629 18 140 160
0.17552 0.12937 1.07242 181 186 43
-1.16296 0.24071 1.24732 165 191 154
-0.67984 0.16966 0.78283 145 102 255
-0.92807 0.20994 1.14460 255 255 255
2.18921 -0.08008 -0.01260 79 251 86
1.72276 0.08104 2.12153 255 255 82
1.54314 0.05952 1.56098 255 78 84
-0.05971 0.19423 1.95035 52 75 0
0.49094 0.04451 0.01315 179 255 211
1.84350 0.03000 1.29028 213 164 89
0.89258 0.14972 2.35614 13 138 0
1.46738 0.05593 1.39929 170 37 163
2.52376 -0.02124 1.26757 153 145 84
-0.58564 0.23079 1.78403 58 0 0
2.48013 0.02446 1.98431 101 255 81
1.91670 -0.03496 0.41388 55 0 0
0.06763 0.12874 0.96624 144 146 11
-0.63331 0.22166 1.57272 165 126 254
2.64091 -0.05464 0.75676 136 146 172
1.41088 0.05519 1.27015 161 107 163
-0.72241 0.20498 1.38956 194 225 169
2.01404 -0.02016 0.76424 110 207 235
-1.25399 0.24499 1.37634 212 249 255
0.73047 0.15655 2.23406 69 189 179
1.46807 0.10534 2.10081 144 189 183
2.34228 -0.09181 -0.19001 42 181 10
0.75676 0.13895 1.84108 133 137 95
2.29322 0.00991 1.48630 72 80 74
1.52525 -0.00959 0.17379 184 95 21
2.74548 -0.02074 1.56346 151 5 52
1.22651 -0.01024 -0.00598 208 255 255
0.60144 0.12067 1.43359 111 51 146
0.58782 0.15035 1.71566 209 82 222
-0.86510 0.19056 0.73730 233 84 112
2.36342 0.04403 2.07719 0 191 17
2.71539 -0.02062 1.60737 140 21 49
1.90687 -0.02885 0.44794 56 0 0
-1.34882 0.31991 2.50190 23 161 124
2.17430 -0.02840 0.71005 80 173 141
2.58393 0.01842 1.84891 160 225 83
2.40138 -0.02913 1.12926 99 216 185
0.80824 0.10180 1.38384 95 158 253
-1.07279 0.17238 0.33082 255 213 218
-1.57406 0.20306 0.34610 17 145 182
-0.54185 0.22103 2.01880 138 173 221
-0.97839 0.26107 1.95711 255 121 255
-0.68127 0.16005 0.52585 145 105 111
2.09116 -0.00300 1.03515 12 183 11
-1.26447 0.18443 0.23978 250 255 93
2.78186 -0.07460 0.67711 255 199 199
2.63170 -0.01392 1.60940 104 15 124
0.29959 0.05637 -0.03366 255 255 77
-0.23584 0.15455 0.98971 104 237 255
1.35830 -0.01428 0.05343 255 253 204
0.37997 0.12350 1.20878 178 173 120
1.60524 0.01563 0.79160 190 117 0
-0.97825 0.22883 1.49241 191 94 0
1.87732 -0.05160 -0.03008 143 255 251
-1.23002 0.30615 2.28176 182 255 252
-0.58763 0.27069 2.43792 85 168 63
0.09818 0.16020 1.66246 135 0 34
1.40554 0.04340 1.04608 159 191 0
1.83121 0.03910 1.38510 225 116 122
1.85448 0.02705 1.19106 196 209 78
-0.78724 0.25760 2.02909 160 83 0
-1.60641 0.21600 0.39516 6 126 180
-0.15576 0.21231 2.17127 7 175 16
1.24243 -0.01876 -0.10628 215 255 209
1.83268 0.07619 2.06158 242 255 81
2.88618 -0.08450 0.70748 255 212 90
-1.37525 0.29242 2.13565 121 197 125
1.49754 0.09685 2.06565 158 185 188
1.33893 -0.01508 -0.09600 254 255 255
2.79980 -0.02922 1.44913 255 75 167
1.58482 0.04984 1.42353 189 16 37
-0.31503 0.18561 1.39294 0 124 25
0.13496 0.15214 1.44821 235 151 241
2.91361 -0.04924 1.23222 192 54 141
0.04355 0.13361 0.97761 134 141 25
1.52168 -0.00272 0.30048 255 119 195
-0.29876 0.19057 1.48506 0 66 0
-1.33789 0.24682 1.28758 166 255 104
2.41262 -0.10284 -0.09801 78 187 34
0.01077 0.20218 2.26995 70 186 189
-0.93748 0.15464 0.14654 159 188 117
2.63951 -0.06719 0.54388 145 35 138
1.42923 0.09188 1.83426 142 72 23
-0.30940 0.11489 0.26991 95 219 255
1.03727 0.02852 0.17835 30 123 155
2.69568 -0.00904 1.65441 128 35 31
-0.70203 0.24515 2.07105 217 192 110
-1.17594 0.30299 2.40222 196 255 130
-1.15157 0.29338 2.23473 221 255 231
-0.29317 0.20051 1.66825 75 80 182
-0.34884 0.11577 0.18380 87 255 169
2.05142 -0.07758 -0.18671 78 255 255
1.23665 0.00783 0.19587 206 192 208
-0.20876 0.14091 0.68185 33 0 6
-0.33858 0.18717 1.37429 0 133 66
-0.21329 0.22341 2.24111 0 181 13
2.85693 -0.09590 0.37286 190 0 181
1.35862 -0.02012 -0.15655 255 255 255
0.72539 0.09136 1.06008 116 255 80
-0.76476 0.15148 0.25195 84 162 138
-0.53597 0.12458 0.16194 0 181 6
0.60354 0.13030 1.57835 202 83 255
-0.49364 0.21863 1.69974 18 0 0
1.11883 0.13331 2.26765 0 172 57
-1.54137 0.22951 0.67639 108 80 78
2.78434 -0.01038 1.83107 247 228 152
0.62481 0.10374 1.22612 75 162 11
-0.14420 0.11656 0.57683 69 0 2
-1.00246 0.23697 1.47397 193 108 6
-0.75527 0.25357 2.08276 151 115 0
-0.43016 0.23732 2.21804 107 255 174
2.30880 -0.03430 0.89027 85 255 183
0.16321 0.19763 2.09819 227 245 255
-0.92130 0.28645 2.48397 255 233 236
0.26921 0.05916 -0.04091 255 255 93
0.22568 0.19955 2.19385 250 255 198
2.33275 -0.04614 0.58477 17 39 0
-1.17290 0.17937 0.36160 255 199 141
0.30695 0.14902 1.56144 190 12 0
-1.04943 0.15336 0.04232 255 255 71
1.18875 -0.00009 0.09936 194 241 255
1.44813 0.03015 0.79627 255 202 137
1.00551 0.00940 -0.02284 26 191 4
2.59998 -0.00236 1.55828 91 3 177
-1.09493 0.24436 1.39796 181 155 140
-0.43716 0.12320 0.22946 77 242 125
-1.04985 0.23925 1.37484 189 155 123
-0.76308 0.13877 0.09476 74 190 191
-0.29839 0.15950 1.10031 82 255 255
2.08031 0.01625 1.29099 22 62 181
0.53589 0.12409 1.31367 135 122 0
-0.39024 0.16979 1.02997 77 243 183
1.00917 0.13354 2.11980 73 255 117
0.74908 0.05024 0.34288 86 128 110
-0.81622 0.19622 0.97556 141 105 186
1.66086 -0.03434 0.07734 159 153 52
-0.13953 0.10358 0.39965 75 50 42
2.76417 -0.08509 0.63990 255 179 232
3.01578 -0.01079 2.12762 255 245 78
1.91721 -0.01072 0.72716 70 94 181
-1.38296 0.30708 2.26477 120 255 224
1.78232 0.02281 1.02992 230 255 248
0.62653 0.11853 1.43162 86 45 163
0.35976 0.12457 1.16261 186 187 173
1.87949 -0.02313 0.38487 155 79 86
2.94651 -0.05429 1.15495 186 107 170
1.07181 0.10273 1.76359 0 23 191
2.08044 -0.07958 -0.08417 77 255 239
0.13100 0.13887 1.25333 244 250 243
1.88277 0.07305 2.03779 222 255 96
0.46502 0.17913 2.15715 182 187 1
0.72886 0.01087 -0.04400 0 191 172
0.33924 0.10090 0.66888 176 7 7
2.22137 -0.04850 0.41406 0 0 184
0.05513 0.12062 0.76741 152 37 167
2.25779 -0.01711 1.10425 0 163 191
-1.15062 0.21513 0.96420 255 171 78
0.12691 0.18817 2.04505 225 222 253
-1.15321 0.23609 1.17355 255 255 189
-1.26361 0.25242 1.43120 193 233 255
1.27880 0.06309 1.22794 93 139 8
1.27407 0.10591 2.03274 57 171 24
1.54050 0.04504 1.28501 189 93 173
1.26646 0.07015 1.22431 86 139 2
2.87627 0.01717 2.20210 255 224 123
-1.35321 0.18339 0.07460 124 174 191
-0.01781 0.16166 1.24367 178 255 100
2.76746 -0.02592 1.51220 170 0 73
1.75114 -0.01918 0.46963 223 77 126
1.01939 0.04593 0.50886 98 76 161
0.11638 0.07878 0.06878 184 191 59
2.21739 -0.03811 0.67351 78 165 122
1.98093 -0.00277 0.88696 137 255 173
2.12670 -0.05047 0.39159 0 0 144
0.25291 0.17520 1.75905 181 3 64
0.01036 0.13355 0.93467 123 123 78
-0.90636 0.16171 0.33020 156 121 184
-1.32576 0.22032 0.84714 198 108 255
0.94880 0.13388 2.16326 76 255 125
-1.15155 0.16041 0.12063 255 255 84
-0.88145 0.29610 2.50207 255 232 255
-0.35172 0.16168 0.86775 74 157 107
0.60045 0.07507 0.68696 72 19 151
0.89603 0.09891 1.42048 82 141 178
2.74116 -0.05940 0.75624 255 238 169
2.11207 -0.07154 0.02595 71 234 132
0.59772 0.11096 1.26545 101 146 15
0.15306 0.20679 2.30331 217 255 163
2.78642 -0.06431 0.85262 255 255 82
-0.04622 0.08300 0.12988 125 179 156
1.19290 0.01690 0.35477 89 22 41
-0.35647 0.11357 0.07485 91 255 79
2.44717 -0.05848 0.65550 57 80 34
2.75647 -0.10522 0.08293 255 182 105
2.51295 0.00788 1.83334 131 214 148
0.98250 0.13047 1.98011 75 222 241
-0.16342 0.09538 0.05040 164 255 226
1.63523 -0.02543 0.11325 165 119 77
-0.09326 0.14506 1.09001 153 255 139
-1.16183 0.29031 2.13209 137 127 193
2.61221 0.00370 1.82425 174 210 78
1.18761 0.01152 0.11661 188 228 255
-0.73665 0.26770 2.24373 240 255 213
0.00057 0.10035 0.42307 222 116 89
-1.01851 0.20750 0.96141 255 172 145
0.87292 0.04876 0.53577 78 79 255
-0.96633 0.27932 2.16444 191 144 27
2.82819 -0.11298 -0.06541 255 250 134
-0.32959 0.12959 0.43644 2 37 172
2.69307 -0.08232 0.43219 255 84 178
-0.65602 0.23803 2.09820 194 207 178
-1.21939 0.29938 2.36388 185 255 197
0.31948 0.16306 1.81120 187 17 160
2.15495 -0.00751 1.14607 2 139 145
0.18872 0.08671 0.37654 255 140 209
-1.51556 0.22129 0.60275 125 101 73
0.12467 0.19312 2.03341 218 214 246
1.55907 -0.00283 0.34908 255 93 255
2.20744 -0.08579 -0.02297 78 255 90
1.38731 0.09047 1.76638 206 126 77
0.11050 0.14026 1.21302 243 255 200
-0.57554 0.11426 0.00130 4 171 159
-1.34441 0.23729 0.98123 96 86 110
-1.30393 0.28020 1.78243 80 0 37
-0.51694 0.19722 1.44500 103 187 246
-1.22933 0.23655 1.06607 226 225 72
1.68947 -0.03766 0.04531 144 162 65
-0.48339 0.16129 0.67619 0 0 134
2.46199 -0.09770 -0.09258 96 183 78
0.72789 0.10772 1.21833 37 166 90
1.48049 0.09363 1.95386 159 152 155
1.13465 0.04729 0.74713 140 157 179
-0.01813 0.17165 1.54465 84 25 191
0.59975 0.06246 0.32634 54 55 3
0.81135 0.10687 1.60062 17 0 19
-1.09157 0.30228 2.38261 154 188 0
-1.33333 0.29090 2.03096 58 53 4
1.19985 0.05189 0.73598 166 157 234
1.24219 0.01513 0.36822 112 11 3
2.78064 -0.01676 1.82527 246 225 147
-0.52075 0.16172 0.63053 85 78 255
0.92164 0.05334 0.64439 76 97 149
1.46097 0.05597 1.29833 168 89 187
0.54079 0.05304 0.34205 89 52 51
1.59003 0.08671 2.00783 181 167 177
1.97969 0.00685 1.03032 49 187 0
0.65730 0.15195 2.03283 103 147 53
2.51615 0.02692 1.99074 121 255 72
0.85063 0.05292 0.49973 76 74 255
0.25912 0.09405 0.56207 255 78 226
2.22758 0.04847 2.01521 0 183 172
-1.02946 0.17749 0.29712 255 230 222
-0.09299 0.09055 0.20029 105 162 157
-0.30658 0.18309 1.38117 0 125 28
-0.72582 0.13768 0.16069 66 187 168
2.70463 -0.10239 -0.04259 255 247 233
0.26111 0.15564 1.63346 186 0 0
-0.86948 0.25465 2.04445 187 83 36
2.32718 -0.05900 0.47644 97 86 180
-0.23497 0.11570 0.33237 115 179 255
2.89087 -0.06453 1.08925 192 141 179
-0.95002 0.20850 1.23823 184 191 145
-0.15225 0.16169 1.24427 34 171 9
1.92971 -0.03155 0.29620 48 24 11
-0.99092 0.28133 2.23149 183 173 0
2.48542 -0.07774 0.16512 183 139 249
1.06300 0.13014 2.11069 78 255 86
2.85981 -0.00519 1.96863 178 186 184
1.75171 -0.04413 -0.05053 112 185 48
-1.27306 0.26616 1.58762 199 149 247
1.51196 0.07843 1.65818 255 89 83
-1.11121 0.18213 0.27707 255 249 124
2.83386 -0.07984 0.63143 255 179 182
1.45557 0.06965 1.56743 244 73 121
-1.19968 0.24218 1.35195 145 173 175
0.71075 0.10104 1.15607 39 181 23
2.15366 -0.00737 1.17069 0 134 161
-0.37374 0.11191 0.18865 82 251 143
1.16247 0.04655 0.86965 146 235 255
-1.42339 0.19403 0.25049 90 179 153
-0.66872 0.26883 2.45023 122 157 121
-0.75947 0.18152 0.70564 188 78 193
-0.43841 0.13277 0.32327 76 201 188
0.85038 0.11178 1.57733 0 0 0
0.50705 0.16865 1.98528 162 119 9
-1.03204 0.18426 0.77659 190 1 0
2.52139 -0.04926 0.75395 79 133 170
1.60024 0.04563 1.45579 186 4 2
0.10153 0.16458 1.58070 136 8 96
-1.20187 0.22614 1.09911 238 244 91
1.27664 0.02836 0.64802 203 115 230
-0.25632 0.20159 1.59386 77 100 146
-0.49001 0.24922 2.28469 129 255 181
-1.22999 0.25762 1.64802 211 123 166
-0.89921 0.14318 0.04518 132 175 60
-0.68271 0.12528 0.08189 34 191 173
0.30498 0.06773 0.24436 255 198 230
-0.69927 0.16023 0.54305 152 93 118
-0.32344 0.22145 2.15435 0 161 48
2.78618 -0.05225 1.00768 181 178 34
1.34983 0.04195 1.08995 136 180 0
0.34789 0.08101 0.50215 164 0 93
-0.75245 0.22772 1.70366 141 0 177
-0.54730 0.13826 0.31468 0 118 5
0.26590 0.05895 0.17143 186 153 41
2.85540 -0.10811 0.12995 187 61 19
0.05624 0.08517 0.16336 172 160 44
0.14684 0.19192 2.10570 221 246 255
1.60873 0.03320 1.13767 255 246 255
0.18078 0.09394 0.41425 255 114 244
-0.83439 0.26907 2.31094 183 190 89
2.43413 -0.05692 0.53773 146 103 71
0.86618 0.02068 0.13856 0 151 0
-0.74276 0.20072 1.08798 106 163 57
-1.14166 0.17127 0.17424 255 255 73
-1.14559 0.19407 0.64659 184 0 173
-0.90956 0.15862 0.25271 152 168 183
1.85394 -0.00821 0.72332 101 90 131
2.82015 -0.12137 -0.15659 255 255 214
-1.38897 0.26001 1.13089 71 162 26
0.69249 0.14294 1.92681 81 98 15
2.42185 -0.05020 0.77625 34 141 101
1.64848 0.09300 2.05662 255 255 172
-0.59291 0.18282 0.85622 28 55 98
-0.87703 0.21298 1.19727 251 255 176
-0.28244 0.20328 1.79182 78 88 255
1.39898 0.04434 1.14663 148 162 47
-0.36467 0.20139 1.71575 73 71 151
-1.07158 0.25779 1.72531 255 81 115
-0.77736 0.23401 1.57466 227 135 241
2.82308 -0.03475 1.42425 255 78 163
-1.56988 0.21725 0.42873 9 108 152
-0.07561 0.20315 2.05333 35 121 1
-0.14998 0.21076 2.18249 11 180 26
-0.21963 0.19314 1.39590 9 122 0
2.23771 -0.07919 -0.24246 92 255 212
0.89153 0.16085 2.26461 99 255 114
2.08275 -0.05096 0.21013 0 48 0
2.30955 0.02724 1.86851 0 137 183
-1.37689 0.27984 1.79501 50 0 99
0.49070 0.05659 0.15231 190 242 255
-1.03758 0.25971 2.03658 255 161 255
1.70530 -0.01151 0.42378 239 77 209
2.51546 -0.06961 0.45866 186 88 82
0.86793 0.13089 1.86759 5 71 128
1.47906 0.03990 0.92067 255 255 69
0.23408 0.09247 0.33239 186 73 131
1.09586 0.00941 -0.01985 141 255 130
1.15558 0.02997 0.56762 77 0 0
1.41469 0.07653 1.44103 239 109 255
1.15886 0.06879 1.02083 130 255 241
2.13982 0.04579 2.03643 19 184 191
0.07091 0.18552 1.89213 106 46 5
-1.02331 0.28746 2.16430 174 151 69
1.34078 0.11395 2.07489 86 179 119
-0.37254 0.24945 2.28883 81 255 82
2.75323 -0.10334 0.27592 189 6 23
1.75231 0.02941 1.15327 240 235 167
-0.53182 0.19846 1.37206 112 227 255
1.91390 0.02163 1.18237 173 219 77
2.02752 0.04404 1.55864 138 78 206
0.05184 0.18557 1.87104 108 35 0
2.12378 -0.01458 0.96520 82 255 89
2.43980 0.00696 1.51907 27 0 116
0.57524 0.10981 1.28980 109 136 7
-0.74759 0.19059 1.11331 117 172 44
-1.05533 0.22434 1.16358 255 255 254
2.50949 -0.06160 0.44783 181 84 71
-1.38048 0.30240 2.25609 121 255 224
0.33138 0.08093 0.53801 174 0 101
2.77780 0.00975 2.12623 230 255 255
-1.27280 0.30547 2.28744 166 255 255
-1.25563 0.31214 2.53945 77 137 9
0.76835 0.13119 1.86594 127 148 111
-1.12583 0.15649 0.05783 255 255 102
1.81266 0.03422 1.28463 228 164 78
1.22731 0.01033 0.25947 115 65 73
0.83269 0.05268 0.57002 75 78 255
-0.55115 0.19283 1.27160 112 255 224
2.89072 -0.01814 1.77708 193 115 123
1.42506 -0.01121 0.15128 255 203 85
-0.73523 0.28001 2.32919 236 255 255
2.68681 -0.03054 1.27324 230 135 225
1.03859 0.11871 1.82038 0 56 192
2.17691 -0.06300 0.29712 0 15 96
1.39299 0.06551 1.48937 222 85 249
-1.55331 0.24203 0.93889 17 50 147
-1.38805 0.21162 0.67881 178 76 195
-1.20252 0.27648 1.88399 133 0 19
-0.84132 0.24283 1.71008 253 79 255
2.06524 0.00553 1.10232 18 165 36
-1.32390 0.23955 1.13020 96 161 0
2.37450 0.04115 2.23626 73 219 99
0.66346 0.15223 2.08514 108 168 94
1.57768 -0.00236 0.43143 255 85 255
-0.94899 0.19279 0.79099 180 12 8
-0.50659 0.20792 1.64328 31 3 19
0.80557 0.05406 0.42360 75 86 227
1.45569 0.04583 1.08912 172 184 53
1.64035 0.10455 2.29917 255 225 83
1.58196 0.01291 0.77522 187 106 0
2.55441 -0.00249 1.67455 61 40 145
2.64760 -0.02623 1.28571 204 133 196
1.28108 0.01935 0.55558 123 0 77
-0.63984 0.16787 0.71762 133 81 255
1.28049 0.11846 2.27071 144 247 255
-0.29781 0.23799 2.35993 0 182 30
1.99325 0.07355 2.21154 94 166 188
0.40263 0.05348 -0.05403 220 255 82
0.41961 0.16196 1.89584 183 64 160
-0.92663 0.21261 1.00963 255 208 255
-0.72038 0.19873 1.15056 96 180 5
0.03306 0.13299 0.94174 139 130 43
-1.20340 0.24406 1.31460 148 180 168
0.01280 0.17494 1.48629 185 150 255
0.48387 0.12871 1.57577 245 80 225
1.21294 0.03582 0.88029 160 233 255
0.82665 0.11956 1.60220 17 0 21
0.26768 0.05923 0.02118 255 255 78
-0.52209 0.17625 0.94613 7 102 0
2.85429 -0.10562 0.36343 186 0 170
2.35486 -0.05418 0.53131 106 99 115
0.96137 0.12910 2.00037 78 228 255
0.31862 0.09378 0.63297 181 0 26
-0.54549 0.14483 0.38727 4 79 44
0.18734 0.19891 2.32579 236 255 115
1.11292 0.07477 1.05112 30 190 159
0.04965 0.20229 2.16280 86 176 179
-1.36633 0.22005 0.82204 178 94 255
1.69310 0.06358 1.73112 182 37 172
1.55438 0.01556 0.70123 192 68 25
1.79462 -0.00121 0.96338 142 188 180
1.30196 0.04754 0.92482 207 255 181
2.52344 -0.00101 1.58960 57 2 192
1.88251 -0.00501 0.80103 83 136 188
-0.73592 0.16240 0.70009 167 78 225
1.46781 0.07680 1.70591 247 105 80
0.20088 0.08532 0.30011 186 97 72
2.24214 -0.00702 1.13277 0 145 185
1.68807 0.01735 0.99111 172 186 183
0.60610 0.04087 0.06750 132 255 255
1.26889 0.06191 1.25943 92 125 24
0.57037 0.14716 1.84938 226 133 142
-0.68056 0.16710 0.63752 143 78 210
0.56575 0.13367 1.62141 215 78 255
0.77604 0.14399 1.94472 41 109 91
-1.36190 0.29360 2.00428 49 43 0
-0.27396 0.21337 1.82144 80 84 255
1.01923 0.03116 0.46816 109 78 189
1.16711 0.11670 2.04421 102 255 79
0.69531 0.14768 2.01554 79 136 78
-0.85313 0.20829 1.23868 163 190 37
1.47739 0.02784 0.82763 255 220 97
2.20039 0.03920 1.96562 0 173 190
0.25748 0.14380 1.45578 255 150 119
2.78313 -0.04291 1.22258 181 71 178
1.81832 0.04436 1.58732 140 0 180
1.34035 0.09856 1.84448 97 80 0
0.04931 0.10183 0.42792 243 113 130
2.68575 -0.09283 0.24867 255 102 76
-0.86044 0.24940 1.80502 255 81 255
-1.21159 0.22867 0.97103 244 175 81
1.74742 -0.01103 0.39416 220 81 167
1.98529 0.01264 1.28911 58 73 101
0.79479 0.03119 0.07419 0 174 27
0.26743 0.09506 0.48537 255 84 255
-0.96765 0.24833 1.70828 255 79 179
-0.27008 0.21811 2.05129 0 124 68
1.87978 0.04852 1.68152 123 19 161
2.98984 -0.00645 2.08947 190 176 15
0.21224 0.10644 0.70225 255 96 148
-1.24439 0.27547 1.83462 112 0 0
0.97928 0.05808 0.83706 0 106 19
0.86470 0.00937 -0.11429 0 177 97
0.34969 0.13163 1.24656 255 252 217
2.43991 -0.06545 0.36771 149 81 154
-1.35309 0.28902 2.07824 126 169 113
0.66977 0.13135 1.50028 157 106 255
2.02366 0.02488 1.46282 130 86 255
0.49475 0.05921 0.25010 200 187 243
0.73911 0.09707 1.06966 119 255 81
2.89090 -0.06381 1.00043 187 173 122
2.43669 -0.06255 0.54702 61 22 0
2.47065 -0.07707 0.21557 166 119 247
1.07845 0.12812 1.98007 85 227 153
2.34195 0.01057 1.61316 78 93 183
2.41706 -0.02508 0.95663 121 255 255
-0.69808 0.24477 2.00298 128 66 0
2.53580 -0.07582 0.32457 196 81 105
2.58951 0.00977 1.97786 156 255 104
1.72716 0.04051 1.36241 254 126 76
2.47390 -0.05590 0.57508 76 34 8
-0.44331 0.18608 1.27489 87 255 255
-0.06970 0.19645 1.89902 132 129 96
1.08288 0.11912 2.06152 77 255 104
-1.40236 0.31822 2.50384 13 160 161
2.47398 -0.07832 0.31256 170 89 169
-1.26816 0.21628 0.77508 145 0 176
0.00549 0.16340 1.54124 183 106 255
1.63352 0.03975 1.23489 255 199 224
0.83190 0.01888 -0.07104 0 189 103
0.29947 0.17426 1.89354 188 65 195
-1.36930 0.25587 1.22640 79 185 0
1.27522 0.12387 2.32120 135 231 255
-1.33392 0.24092 1.15444 92 173 0
2.34118 -0.08177 0.05406 38 130 73
-1.15302 0.18017 0.27567 255 250 92
2.49792 0.02890 2.22180 23 146 106
1.07054 0.03545 0.47185 110 76 159
0.15534 0.08986 0.33885 255 155 160
0.77831 0.02684 -0.01466 0 188 100
0.03341 0.09036 0.28051 150 108 1
0.63066 0.14919 1.96099 115 112 0
1.46131 0.00367 0.42459 185 0 141
-1.29221 0.29883 2.05884 161 167 154
1.12407 -0.00434 -0.01284 164 255 179
1.46326 -0.02394 -0.09544 188 188 135
0.13284 0.16393 1.45177 230 149 251
2.73367 0.00253 2.01313 218 255 250
-0.60464 0.13553 0.27840 13 142 0
2.84919 -0.01558 1.63955 255 119 83
1.32461 0.09041 1.72815 186 97 143
0.35040 0.09747 0.60999 174 0 28
2.77427 -0.10773 0.25467 189 12 33
2.26575 -0.03833 0.68980 82 183 79
1.45538 0.07000 1.63893 237 81 87
0.88049 0.14638 2.33823 13 153 0
0.79376 0.13705 1.82247 114 129 110
2.15506 0.06544 2.12491 14 184 159
0.46952 0.13628 1.59786 251 84 226
2.07893 0.01185 1.27248 24 75 171
2.77793 0.01646 2.13910 148 170 167
0.15269 0.20590 2.32068 216 255 149
2.93373 -0.05891 1.10492 187 127 190
-0.91353 0.17061 0.56128 166 11 38
1.17816 0.07184 1.25944 53 123 0
2.14307 -0.04223 0.58848 75 111 251
-1.28774 0.30293 2.42711 136 255 218
-0.12482 0.14384 0.95917 147 220 255
1.37306 0.06320 1.44099 219 108 255
2.85438 -0.06778 0.89349 255 255 95
-0.57138 0.16227 0.69012 101 79 255
2.00235 -0.02151 0.68881 109 165 255
2.26829 0.00126 1.39865 70 92 122
2.83711 -0.03920 1.26220 186 44 187
2.38461 -0.00845 1.38051 9 10 0
2.88513 -0.05826 1.04744 183 156 158
-0.26356 0.24667 2.41239 76 246 190
-1.34131 0.27572 1.66469 71 22 162
2.57362 0.02310 2.15762 55 165 130
2.49132 -0.03012 1.12112 138 229 129
0.76321 0.12522 1.77353 133 98 75
2.71866 -0.01562 1.58579 148 11 56
0.54457 0.11681 1.13107 116 188 33
-1.17006 0.22482 1.19498 252 255 191
-0.93927 0.25345 1.79950 255 76 255
2.14096 0.03978 1.83790 14 112 70
-0.95594 0.22697 1.30909 188 179 91
2.23253 0.05200 2.19927 84 248 117
1.34121 0.01801 0.48810 155 0 77
-0.84707 0.26290 2.19835 183 165 8
-0.30980 0.15545 0.80729 82 131 93
2.23586 0.00763 1.43623 71 89 114
1.33154 0.04272 1.02954 212 255 88
2.35182 -0.02313 1.14391 1 138 151
2.31445 -0.06861 0.25952 100 110 255
2.59282 -0.04560 0.94327 197 255 167
-0.05343 0.19462 1.74483 144 76 191
-0.28153 0.16926 1.11704 86 255 255
0.05471 0.12259 0.83068 144 75 122
0.71980 0.09716 1.04707 124 255 69
-0.22482 0.13515 0.65035 26 0 0
-1.27793 0.22922 1.00466 127 107 26
-1.25330 0.22131 0.97914 135 88 26
-0.22261 0.15755 0.81660 108 134 185
2.21565 0.02316 1.73742 85 144 151
0.81157 0.08311 0.99541 2 182 3
2.41632 0.02239 1.97625 5 184 31
-0.47797 0.21522 1.71036 16 0 0
-1.16988 0.21801 0.91103 255 143 92
2.25256 -0.09247 -0.16359 12 186 56
1.83322 -0.04808 0.05053 81 157 183
0.66336 0.12831 1.65594 165 73 192
-0.68834 0.26898 2.36790 223 255 255
1.60576 0.00858 0.63431 186 32 38
2.04717 0.05808 1.98778 61 176 106
-0.63906 0.14985 0.34803 30 99 0
0.96897 0.15650 2.33519 0 145 7
1.59515 0.08780 2.03780 184 183 147
0.01928 0.19304 1.98356 91 95 34
1.00807 0.13704 2.08600 77 255 151
-0.28032 0.19238 1.66640 76 79 196
2.23211 0.05665 2.24414 90 235 101
-0.78609 0.16371 0.44221 187 147 100
1.54750 0.00857 0.69682 188 58 32
2.83462 -0.01953 1.84060 171 144 122
-0.56735 0.24814 2.19830 158 255 255
2.81577 -0.12770 -0.22218 255 255 255
2.97657 -0.05653 1.37541 255 84 94
-0.68993 0.25725 2.22352 216 255 244
-1.32975 0.18195 0.08853 227 255 255
-1.51357 0.24333 1.14303 14 163 135
2.39242 -0.01745 1.15000 100 215 181
-0.99440 0.15217 0.04663 255 255 85
-0.79116 0.15124 0.18091 95 179 177
-0.43137 0.24869 2.39680 21 169 0
2.88340 -0.07619 0.66267 255 192 110
-1.06266 0.26834 1.89596 255 95 236
1.53959 0.00797 0.65637 191 46 73
0.23823 0.10412 0.74264 188 30 21
-1.41750 0.28721 1.94406 29 14 19
0.86706 0.00137 -0.11561 0 181 115
2.39535 0.02910 1.89620 0 151 120
0.46976 0.15961 1.98995 177 117 33
0.19599 0.13064 1.16024 255 255 231
1.77529 -0.01221 0.47466 210 77 85
2.53415 0.02642 2.11368 124 255 129
-0.90623 0.21654 1.19688 255 255 201
2.77993 -0.01474 1.54476 172 0 25
-1.10406 0.22168 1.11285 255 251 192
2.04417 -0.03351 0.36693 5 0 47
2.00355 -0.04970 0.15855 102 175 121
0.69846 0.12771 1.51111 143 101 255
1.44371 0.10490 2.14821 133 191 179
2.01659 -0.05898 0.00607 89 246 227
-1.52345 0.23548 0.95064 19 64 182
1.86951 0.09183 2.21848 149 172 127
-0.72585 0.25519 2.13713 235 229 129
2.28578 -0.04819 0.46769 5 0 137
-0.21828 0.10335 0.18967 126 247 255
-0.57147 0.16169 0.55363 104 85 235
-0.45600 0.17179 1.02769 0 153 34
0.02182 0.12173 0.87545 132 90 120
2.74399 -0.03968 1.24448 247 148 255
2.44303 -0.05207 0.56704 60 40 0
0.83076 0.05194 0.55378 75 74 255
2.73270 -0.08872 0.26968 184 8 11
2.14850 0.06686 2.24690 110 230 159
-0.58298 0.23812 2.07295 163 203 218
2.06132 -0.04262 0.33847 1 1 31
1.42815 0.01120 0.52287 178 0 182
-1.20988 0.28755 1.99393 117 41 85
2.89774 -0.09579 0.55518 255 132 178
-1.14802 0.18804 0.54083 184 26 186
-0.78919 0.16593 0.43844 193 143 99
1.39405 0.03652 0.97422 243 255 90
2.55393 -0.01544 1.43604 66 0 150
0.18918 0.17321 1.96513 252 175 249
-1.31757 0.26998 1.70318 79 7 110
2.81290 -0.06949 0.76877 255 242 95
-0.02517 0.18342 1.60823 167 90 255
-1.08596 0.26987 2.00830 255 146 255
-0.23175 0.16715 1.18709 11 189 106
0.09614 0.08227 0.07591 180 191 70
-1.07391 0.16579 0.18907 255 255 108
2.04832 -0.06442 0.03633 81 235 176
2.13177 0.06039 2.08370 25 191 188
2.51776 -0.08443 0.06098 114 111 186
-1.09896 0.17681 0.33026 255 220 193
1.23360 0.09352 1.75752 143 112 194
1.37824 0.02371 0.72377 244 156 255
-0.00031 0.18307 1.70314 164 80 178
-0.98043 0.19422 0.87057 255 132 126
2.64524 -0.04282 1.11413 208 222 81
1.85928 0.02544 1.30310 207 160 96
2.31145 0.03005 1.89342 0 145 184
0.79710 0.16186 2.29239 136 255 173
-0.02069 0.20736 2.17891 59 184 140
-0.53361 0.22349 1.75157 40 0 0
1.34672 -0.00300 0.24087 157 71 0
1.87959 -0.06610 -0.14377 137 255 177
1.09142 0.13555 2.31023 0 158 76
0.62148 0.07166 0.60518 61 0 111
2.13881 0.02566 1.71077 96 128 87
2.83468 0.00480 2.15798 165 156 111
-0.66269 0.20337 1.33050 174 252 165
-1.27178 0.29970 2.29931 156 255 255
2.54407 -0.02945 1.22055 161 172 81
1.85070 0.03637 1.33883 203 140 112
1.69080 -0.00210 0.64991 156 49 0
-0.80485 0.25789 2.13327 177 137 0
-0.99932 0.19110 0.71569 184 0 2
1.85607 0.03073 1.27819 207 157 86
-0.32552 0.15452 0.90648 81 175 149
0.18033 0.10235 0.55006 255 82 255
1.78100 0.03407 1.26332 234 183 82
-0.49198 0.21476 1.63256 24 5 14
1.60728 0.00145 0.38959 255 85 255
2.47407 -0.00815 1.27441 128 142 70
-0.30038 0.22188 2.03309 0 103 127
1.52757 0.04517 1.16270 183 156 172
1.71786 -0.01521 0.45748 238 76 155
0.95548 0.06491 0.86613 0 131 25
1.00590 0.13844 2.06563 83 255 166
2.80048 -0.07335 0.81942 255 255 88
0.98047 0.09750 1.51052 0 7 0
2.82942 -0.04745 1.08310 187 145 133
1.43089 0.08464 1.69501 235 97 77
0.46641 0.05998 0.23341 200 196 255
0.21834 0.20034 2.35658 149 170 0
1.47799 0.00100 0.55408 189 3 185
2.14607 -0.02538 0.85479 86 255 81
0.79226 0.03131 0.09017 0 176 24
1.00180 0.14568 2.23634 75 255 74
-0.43394 0.17098 1.09997 80 255 196
0.89573 0.14259 2.13479 88 255 203
1.28347 0.10509 1.98033 66 144 1
0.71138 0.04818 0.36488 100 117 103
-0.89120 0.17746 0.71803 161 0 5
1.50033 0.01898 0.81306 255 207 88
-1.35334 0.30186 2.14810 131 208 178
0.51736 0.06023 0.29429 99 79 100
-0.76347 0.16111 0.53106 186 99 81
0.50976 0.14365 1.56427 233 91 233
0.67527 0.06110 0.49706 40 0 69
1.29636 0.00988 0.32253 136 22 0
2.81951 -0.07601 0.64305 255 181 181
2.73436 -0.06429 0.84806 255 255 106
0.81857 0.10329 1.32827 95 181 255
2.46663 -0.03610 0.98427 138 255 250
-0.22804 0.10234 0.18908 130 255 255
0.28435 0.05806 0.03266 255 255 77
2.92709 -0.00886 2.07998 185 182 87
1.12584 0.12612 2.04511 85 251 85
0.45352 0.09548 0.85475 242 188 227
1.83931 0.08311 2.26733 167 153 121
0.25888 0.16367 1.84249 179 41 144
2.32024 0.05098 2.15228 75 255 92
1.99291 -0.00523 0.96597 126 255 98
-0.52989 0.26506 2.43986 68 162 17
1.22397 0.07471 1.26140 67 119 0
0.37555 0.15541 1.77818 187 7 181
-1.09089 0.17202 0.40589 255 171 237
-1.37063 0.30154 2.07223 125 161 105
2.43987 -0.00928 1.34633 30 23 0
1.98629 0.05788 2.19860 102 177 183
-1.20915 0.17056 0.06344 255 255 166
0.74420 0.14558 2.13203 71 184 189
0.38926 0.12679 1.24419 178 168 90
1.94411 -0.00267 0.89047 143 255 212
1.30134 0.10340 1.88374 78 99 0
-0.03769 0.12144 0.70787 195 100 255
1.13580 0.12456 1.89803 95 183 165
-0.41671 0.16168 0.75080 0 10 11
1.54202 -0.03501 -0.13632 183 190 86
-0.95270 0.21653 1.25441 189 190 121
0.44471 0.07057 0.38885 129 25 100
0.31855 0.13930 1.31945 255 217 176
0.49732 0.12867 1.44757 150 47 63
2.26704 0.03108 1.90940 0 151 191
-1.44541 0.21404 0.53363 155 122 71
2.49892 -0.09399 0.09516 102 101 189
-0.12125 0.14426 1.05327 141 255 205
-1.21252 0.29478 2.40750 187 255 153
1.01174 0.00787 -0.12900 29 177 0
0.91646 0.06481 0.93662 0 164 45
2.88263 -0.01346 1.79108 187 121 133
2.51886 -0.06100 0.57319 92 42 44
-0.89121 0.22150 1.37092 172 160 0
1.78581 -0.04951 0.02952 104 162 140
0.78193 0.01810 0.09923 0 177 23
0.41411 0.10308 0.97433 253 245 255
2.25767 -0.06128 0.25334 4 23 149
1.31075 0.10102 1.81677 177 153 76
-0.92823 0.20355 0.90807 255 152 206
2.07398 -0.04283 0.29487 0 10 17
2.43816 -0.03257 0.91701 44 188 188
-0.34474 0.19648 1.62801 77 97 102
0.09037 0.11457 0.65477 251 81 255
0.96417 0.03916 0.51598 84 75 201
-0.04346 0.12396 0.77129 102 30 187
2.36256 -0.06411 0.21778 117 125 255
2.22728 0.03190 1.81203 0 95 134
-1.13383 0.20109 0.75043 186 0 88
2.90383 -0.06634 1.21145 187 67 173
-0.90486 0.27254 2.04075 189 88 68
1.51402 -0.02966 -0.13051 186 189 114
-0.86538 0.26697 2.18212 185 158 0
1.96542 0.02267 1.45035 75 0 187
0.43232 0.13498 1.46325 167 43 13
1.09167 0.08850 1.62989 5 0 140
2.43963 -0.06455 0.45062 149 81 89
2.82271 -0.13413 -0.18503 255 255 235
-0.72820 0.17335 0.66002 174 74 193
0.14044 0.09655 0.50041 255 88 252
-0.08490 0.13466 0.93184 162 197 255
-0.21159 0.13813 0.68547 33 0 8
-1.53632 0.20316 0.41052 28 109 125
-1.45325 0.31643 2.07085 94 165 75
2.13722 0.02335 1.50950 96 75 143
-0.70207 0.14403 0.13337 53 188 161
-0.29141 0.17419 1.22170 0 182 141
-0.33870 0.12405 0.24705 89 226 227
0.72821 0.13796 1.90445 67 84 24
0.12407 0.18642 1.86344 143 34 33
2.57708 0.01660 2.00003 147 255 100
-0.61330 0.22125 1.70793 76 0 61
0.62522 0.08122 0.90476 154 217 213
1.23910 0.09646 1.70488 147 93 234
-0.43392 0.19903 1.53937 89 128 111
2.02655 0.06305 2.00547 159 255 182
0.66765 0.03443 0.06004 21 186 160
0.12419 0.18914 1.89292 138 65 62
-1.37784 0.22577 1.01697 77 99 108
2.79980 -0.11473 -0.06354 255 254 161
-0.09944 0.20906 2.14301 30 169 31
0.06248 0.11933 0.69084 238 92 255
2.28530 -0.01511 1.04947 0 179 174
2.37437 -0.10003 -0.21870 59 178 3
1.37215 0.03392 0.66446 240 127 255
2.89431 -0.04648 1.36902 255 81 140
2.76474 -0.05253 0.90930 255 255 76
0.54982 0.09118 0.71321 184 119 218
-0.50912 0.17705 1.17041 14 190 96
2.32754 -0.02279 0.93211 90 255 226
0.64250 0.17258 2.32307 210 249 255
-0.30499 0.16964 1.05877 80 255 255
0.59680 0.15107 1.90934 121 84 0
0.65411 0.14261 1.89602 176 158 74
-0.85406 0.21419 1.12304 239 255 214
1.62480 -0.02904 0.17845 167 92 111
2.79202 -0.11343 -0.02979 255 235 128
0.25201 0.13962 1.33804 255 211 214
2.80586 -0.07916 0.70964 255 215 147
2.49892 -0.11180 -0.24642 116 180 4
1.25655 0.00074 0.28806 124 51 31
0.29660 0.19300 2.28233 255 255 82
-0.70363 0.17331 0.82198 77 28 190
2.34656 -0.07460 0.17158 122 147 252
1.94481 0.03593 1.64344 92 8 131
1.63067 0.04405 1.37640 255 123 124
-0.44646 0.13036 0.27635 72 227 139
-0.05341 0.21880 2.38338 121 249 255
1.49648 0.09998 2.12065 155 193 175
0.37926 0.13775 1.37209 183 99 11
-1.59724 0.20343 0.22720 17 191 155
0.31892 0.16196 1.70008 190 0 84
-0.99960 0.21743 1.21490 255 255 255
-0.25746 0.11402 0.32038 108 182 255
1.43738 0.01116 0.53340 179 0 191
-0.35644 0.25242 2.39104 3 167 6
-0.08771 0.15879 1.20284 73 188 0
2.93292 -0.01603 1.85900 194 159 191
2.45197 -0.01434 1.34583 27 24 2
0.04816 0.16908 1.57432 114 10 146
2.29432 -0.08984 -0.24665 28 173 82
0.01856 0.15402 1.45774 196 159 255
0.61227 0.18048 2.30100 144 180 184
2.65626 -0.02867 1.28346 214 133 204
-1.42639 0.20472 0.28706 84 163 124
-0.51682 0.22441 1.88361 47 19 46
1.82307 0.05295 1.72829 155 38 169
0.14124 0.19968 2.20489 223 255 249
2.01309 0.04837 1.84142 162 197 77
-1.06715 0.19100 0.48274 189 47 189
1.87378 0.00172 1.01156 179 255 170
0.04119 0.12531 0.76399 143 27 172
2.01122 0.06664 2.06902 167 255 226
-1.44898 0.28948 1.91086 18 3 72
-0.89049 0.18531 0.54833 247 102 108
0.47758 0.09895 1.00434 229 255 255
-0.47976 0.12659 0.13639 75 255 71
0.87827 0.12300 2.03756 101 241 255
1.75872 0.06426 1.81580 255 168 246
-0.74764 0.26374 2.30247 239 255 249
0.13090 0.16034 1.43464 243 161 255
-1.02472 0.25693 1.70866 255 83 131
-0.36295 0.22774 2.08112 0 130 135
2.53079 -0.04626 0.82785 92 171 194
-1.42066 0.31402 2.37511 93 255 255
2.57123 -0.08377 0.29171 215 89 106
1.72758 -0.03644 0.11447 131 117 159
-0.81196 0.20475 1.31000 234 255 77
2.90922 -0.00689 1.94205 186 179 183
0.08274 0.13948 1.19448 229 255 160
-0.42022 0.15538 0.67668 0 0 87
0.78605 0.09562 1.28777 99 205 255
0.64698 0.14688 1.92974 104 96 0
1.55160 0.03072 1.05212 255 255 206
2.05741 0.00793 1.18005 28 127 96
1.46592 0.01287 0.54274 182 0 196
-0.17672 0.12395 0.50584 65 6 0
1.20759 0.07610 1.34064 55 82 30
2.77551 -0.05858 1.01458 179 176 23
1.65877 0.02748 0.90370 177 172 102
2.88508 0.00712 2.20173 255 218 110
-0.07466 0.20955 2.05574 35 130 5
0.17565 0.12556 1.03584 181 173 32
-0.75854 0.25150 1.99142 149 64 0
2.45374 -0.07894 0.23233 161 113 236
0.75484 0.14475 2.09491 62 181 178
1.55487 0.10529 2.05404 175 180 170
1.68957 -0.04282 0.00315 140 171 38
-0.00405 0.17567 1.79175 166 89 114
1.82676 -0.00530 0.52346 184 87 86
2.53905 -0.09504 0.06081 129 120 188
2.94508 -0.00077 2.12871 255 251 120
1.55784 0.02595 0.86713 185 149 3
2.23142 0.04258 1.93221 0 164 190
-1.38978 0.25750 1.47557 139 210 204
-1.33133 0.27886 1.75561 66 0 88
0.92229 0.10200 1.48390 0 20 15
1.04921 0.02952 0.47181 113 74 162
0.66182 0.14103 1.69361 174 79 162
0.53157 0.12176 1.23658 131 162 0
2.95002 -0.02287 1.80197 189 133 186
1.74330 0.08522 2.01120 255 255 122
1.49238 0.01316 0.64795 255 128 200
0.48317 0.18245 2.32529 255 252 213
-1.25777 0.28688 2.14474 181 210 247
-0.02540 0.19020 1.80608 165 94 125
-0.13417 0.19355 1.75519 107 82 247
0.83377 0.08018 0.92161 0 152 0
-0.46498 0.13606 0.36529 74 173 197
1.84342 0.01759 1.01894 200 255 197
2.66751 -0.01625 1.32696 215 115 239
2.30201 -0.09086 -0.19608 30 184 42
-1.04334 0.27874 2.20395 172 165 63
1.79457 -0.03663 0.13662 103 113 186
-0.69688 0.16514 0.66994 154 76 236
0.32477 0.18603 1.98403 255 198 248
0.86283 0.07968 0.95421 0 165 9
0.59671 0.11915 1.26804 98 144 9
-0.02231 0.22827 2.38735 130 246 255
1.35890 0.08563 1.82986 188 158 74
-0.68489 0.24113 2.05063 208 182 113
-1.46264 0.23230 0.93569 42 59 186
0.81450 0.09106 1.02069 5 183 13
1.07578 0.07790 1.31877 97 189 90
2.06212 -0.05338 0.25343 0 39 0
-1.40079 0.19612 0.18490 102 187 166
2.55421 -0.09691 0.00699 137 144 188
0.35796 0.11552 1.04677 255 255 255
2.77689 -0.03912 1.35155 255 96 255
0.55197 0.11998 1.31595 123 124 5
1.26322 0.09402 1.85020 63 81 8
-1.23406 0.30220 2.31609 178 255 245
0.33741 0.13132 1.22356 255 254 229
-1.02214 0.19896 0.66824 191 0 40
-1.36803 0.21127 0.59610 187 97 133
0.75028 0.05954 0.60320 93 82 255
1.33632 0.04135 0.96559 225 255 119
1.35655 0.01087 0.50628 155 0 115
0.10175 0.09373 0.48792 255 91 222
-0.08761 0.11759 0.64692 86 0 90
2.08564 -0.01560 0.72633 87 185 200
-0.06653 0.16351 1.38180 72 111 70
2.82564 -0.11048 0.16333 190 53 18
1.12100 0.10350 1.80783 8 53 163
-1.18164 0.21359 0.96771 255 170 77
0.18476 0.10726 0.74025 187 21 69
2.53979 0.03811 2.21723 32 146 140
1.89653 -0.05867 -0.20555 128 255 142
2.97988 -0.03213 1.74121 190 101 179
-1.29030 0.23508 1.18297 120 182 4
-1.24743 0.23879 1.29114 214 255 191
0.58593 0.15887 1.90470 212 154 96
-0.78217 0.17830 0.74235 199 84 194
2.81565 -0.00627 1.95835 255 255 255
2.83486 -0.11754 -0.11895 255 255 177
0.83458 0.07099 0.74847 0 62 50
-0.97258 0.23189 1.33409 191 173 89
1.94562 0.04619 1.56070 83 0 171
2.20478 -0.05001 0.33928 0 0 161
0.01736 0.09107 0.23230 154 140 24
-0.21354 0.16452 1.28985 15 166 17
-1.53788 0.21951 0.47637 115 156 163
1.90941 0.00604 0.99198 90 189 78
-1.42529 0.23916 1.11563 52 158 84
-1.37343 0.24381 1.21851 74 188 0
0.07480 0.17819 1.65165 127 0 57
2.33842 -0.00641 1.34940 2 28 11
0.78768 0.07226 1.00848 12 178 0
2.78829 -0.08058 0.61835 255 161 230
-1.04740 0.23318 1.29002 188 188 175
2.79891 -0.05109 1.17443 179 100 168
-0.93313 0.21538 1.14450 255 255 255
-0.47535 0.11312 0.08730 71 255 94
2.05435 0.03291 1.49890 119 74 217
-0.34196 0.19151 1.41823 0 109 19
1.41782 0.01093 0.58593 175 9 189
1.92519 0.03373 1.52983 104 0 190
0.59042 0.07456 0.54973 69 0 31
2.16836 0.05957 2.21272 104 242 170
0.04999 0.07194 0.09940 171 183 88
2.55076 -0.01860 1.36464 73 11 98
0.66513 0.12923 1.65058 166 75 211
-1.04377 0.27190 2.03864 177 76 178
-0.47690 0.20253 1.31732 89 242 255
0.60986 0.10494 1.17271 90 179 0
-1.30257 0.26258 1.75078 85 0 58
-0.71423 0.14194 0.19909 68 175 127
1.78865 0.08215 2.20304 174 175 40
-1.43683 0.21352 0.51420 154 136 74
-0.24058 0.12066 0.37382 38 69 152
1.44558 0.01065 0.47974 181 0 173
0.63635 0.04065 0.12811 121 252 218
0.15330 0.20404 2.20708 222 255 233
0.95252 0.15712 2.34367 0 151 0
1.98852 0.06802 2.12879 179 255 249
0.75183 0.03893 0.36091 93 128 111
-0.37492 0.22017 1.99732 85 172 255
0.83716 0.14288 2.17481 26 190 134
0.54837 0.08055 0.58338 97 0 22
0.94420 0.13917 2.24664 84 255 79
-0.56016 0.23752 2.02427 148 175 200
0.48945 0.06970 0.40872 111 26 53
2.91882 -0.04848 1.24887 187 53 134
2.28611 -0.06243 0.28561 95 98 255
0.70093 0.08220 0.80598 118 164 224
-0.79735 0.22000 1.64303 148 11 174
0.26260 0.09958 0.54336 255 81 249
0.81223 0.06795 0.74559 0 52 84
-0.50115 0.24781 2.35922 134 255 146
1.59586 0.02379 0.95338 190 183 75
1.54897 0.00390 0.55028 255 87 237
2.16356 -0.01112 1.14059 0 141 145
0.55195 0.15396 1.97436 143 113 0
-0.58284 0.14530 0.40123 105 158 114
0.26466 0.16544 1.70495 184 0 32
2.44954 0.00977 1.68385 22 40 193
2.26107 -0.07566 0.02425 91 232 86
1.58425 -0.02589 0.11337 179 127 25
2.00133 0.05017 1.86462 160 207 80
-1.51060 0.25666 1.23879 16 188 53
2.24096 0.04722 2.04164 0 189 149
0.60650 0.08860 0.91310 161 220 228
2.52172 -0.01944 1.31511 152 118 122
0.94975 0.01139 0.03350 3 182 0
-0.75473 0.23092 1.68320 141 2 186
-0.50598 0.27036 2.48572 60 126 0
2.06862 0.02829 1.51341 116 75 203
-1.31344 0.19154 0.49558 220 142 115
-0.09881 0.11017 0.26061 100 121 96
2.80111 -0.11413 0.00958 255 215 102
1.62516 -0.00306 0.52695 255 82 188
-0.91360 0.17179 0.40124 247 176 242
-1.44435 0.18017 0.12831 87 182 187
-0.31921 0.22229 1.96697 75 156 255
2.88903 -0.05343 1.16913 185 93 182
0.34950 0.19001 2.19129 255 255 87
-0.39855 0.21652 1.90738 0 36 168
2.25866 0.03409 1.99190 0 178 171
0.52804 0.12581 1.42764 134 67 63
-1.08462 0.21086 0.98109 255 188 117
0.64608 0.11879 1.43809 78 45 177
1.98753 0.06365 2.09494 176 255 231
0.92437 0.02829 0.28524 80 156 221
2.14508 -0.04504 0.53013 0 8 186
2.15106 0.02374 1.55460 89 78 97
1.72484 0.00048 0.65223 154 48 0
2.67520 0.01189 2.05799 193 255 230
2.73347 -0.05962 0.90835 169 185 0
0.15210 0.20622 2.32600 213 255 153
-1.09371 0.20921 0.84553 255 113 85
2.50913 0.01719 1.98799 121 255 77
-0.59931 0.18662 1.24616 134 255 164
-1.10591 0.23830 1.56385 171 61 32
2.96631 -0.02922 1.74999 189 104 169
0.87701 0.05585 0.54791 75 77 255
2.96932 -0.03463 1.49094 255 82 95
2.00914 0.04851 1.77286 61 69 0
1.71883 0.00535 0.77583 160 113 56
0.37106 0.15205 1.54491 193 9 14
-0.20657 0.20462 2.04794 0 123 23
0.14733 0.20635 2.32053 215 255 158
0.23349 0.12836 1.15592 255 255 254
0.94892 0.11429 1.78717 0 39 136
-0.90012 0.16149 0.21930 140 171 187
2.04891 0.06584 2.21487 149 248 255
0.92024 0.08044 1.08709 77 255 240
2.09542 -0.07688 -0.15854 79 255 255
2.34131 -0.01847 1.06920 3 164 176
2.50695 0.01676 1.96313 121 255 82
-0.09946 0.21201 2.30353 18 183 164
-0.12101 0.16563 1.37612 33 120 23
0.72144 0.11624 1.42814 53 49 187
0.50193 0.14237 1.78103 246 102 234
-0.90823 0.16738 0.42156 156 83 139
1.40802 0.01711 0.60995 171 14 191
1.11256 0.10746 1.81487 11 59 162
2.20225 -0.04385 0.57909 80 110 209
0.72297 0.03898 0.05642 5 183 106
-0.70356 0.24673 2.11306 219 211 128
2.37592 -0.06109 0.40507 116 76 176
2.56918 0.02094 2.11180 135 255 179
1.21092 0.06619 1.23204 59 138 0
0.98319 0.09408 1.25133 81 219 204
0.64599 0.12136 1.62090 170 71 230
0.31490 0.08967 0.56496 185 0 90
0.81260 0.04429 0.34682 80 131 154
-1.30485 0.30625 2.24064 145 248 255
2.51689 -0.01915 1.38695 62 2 79
2.39850 -0.00503 1.49857 7 0 51
2.84342 -0.00923 1.87523 173 162 153
2.35838 -0.06631 0.19304 123 136 255
-1.28698 0.23674 1.01590 117 110 30
2.66069 -0.02557 1.40296 130 1 189
-0.63712 0.12488 0.02443 16 181 174
0.94147 0.01036 -0.02149 7 189 0
0.93398 0.11850 1.81089 0 37 131
0.39869 0.07295 0.52959 158 0 29
1.09046 -0.00453 -0.12548 149 255 78
2.69812 -0.07705 0.50852 251 103 243
-1.59118 0.21368 0.25435 9 182 169
-0.76986 0.24773 1.99806 243 153 83
-0.32500 0.19761 1.63518 79 86 111
-1.25641 0.28842 1.97882 94 28 32
-0.77196 0.15033 0.44093 178 152 85
1.27448 0.06307 1.25449 90 121 22
0.32258 0.05530 -0.05447 248 255 77
0.28272 0.18087 2.01969 255 213 253
1.95527 0.02633 1.39035 76 28 152
-0.20691 0.21311 2.01891 0 108 28
2.22620 -0.03081 0.72704 75 202 89
1.89403 -0.03444 0.28810 56 28 34
-0.72144 0.16925 0.58281 165 86 120
1.51487 0.07164 1.65368 254 88 81
-0.47293 0.18538 1.25768 85 255 255
1.58667 0.04013 1.27230 255 190 249
0.30879 0.16411 1.78556 189 11 137
2.20398 0.05642 2.14125 4 181 102
1.80127 -0.03049 0.34782 192 80 148
-0.64426 0.12572 0.06821 23 191 163
2.51260 0.02686 2.10670 117 255 116
0.37309 0.07479 0.41380 165 29 148
-0.23872 0.15316 1.06021 91 255 255
-0.03150 0.17503 1.48690 78 61 172
-1.24692 0.20997 0.80077 142 5 161
-1.02235 0.23101 1.34989 183 169 126
-1.46220 0.20755 0.44988 62 88 28
0.16848 0.10590 0.66489 255 90 228
-0.70296 0.22723 1.79094 122 0 75
0.59025 0.04611 0.20159 140 216 200
2.46916 -0.03811 0.93153 58 189 180
-0.18679 0.09906 0.29184 141 196 245
2.94158 -0.01145 1.92430 189 179 172
1.14972 0.09827 1.77877 13 38 162
-0.02111 0.19326 1.71868 164 76 193
0.04196 0.20650 2.13513 87 173 153
2.81802 -0.09999 0.31506 185 0 123
0.88807 0.14973 2.17297 97 255 182
0.84368 0.07666 1.00426 0 180 25
1.94931 0.03116 1.61419 96 0 158
0.11299 0.14859 1.26938 234 247 234
2.51408 -0.03069 1.14911 154 212 93
-0.03594 0.10002 0.50407 207 89 105
1.71584 -0.04077 -0.09612 125 191 0
-0.28922 0.24789 2.39920 78 247 141
-0.85699 0.15851 0.15023 125 185 179
1.86654 -0.03092 0.24661 156 128 189
2.20204 -0.01614 1.00598 0 184 91
0.66878 0.15708 2.00388 96 137 44
-1.06359 0.23083 1.11510 255 253 228
-0.12634 0.12423 0.50357 78 4 0
0.14215 0.19823 2.18876 214 255 255
2.24922 -0.07095 0.03656 89 225 78
1.39615 -0.01004 0.22939 255 160 76
-1.26784 0.28536 1.99930 85 49 50
-1.18441 0.23319 1.33146 155 177 179
-0.13960 0.11186 0.39235 72 53 42
1.89447 0.04086 1.50565 115 0 170
2.37015 -0.01025 1.28034 5 58 24
0.58343 0.17529 2.29880 148 180 174
2.26190 0.02279 1.71582 74 141 186
2.23908 -0.05406 0.31848 0 7 167
1.55066 -0.02518 0.12486 187 128 12
2.09299 -0.06303 0.01992 78 244 149
-0.26064 0.15015 0.83224 99 136 143
1.44266 -0.01787 0.12317 255 216 87
2.85784 -0.02825 1.45767 255 78 131
2.29987 0.05397 2.23687 74 226 67
2.34477 -0.00247 1.34909 88 109 88
-0.38578 0.13728 0.35045 78 172 251
0.38679 0.11873 1.16068 178 184 152
2.97454 -0.03220 1.62787 255 115 174
2.78292 -0.05807 0.91619 255 255 80
1.97476 0.04935 1.84152 172 194 77
2.11872 -0.02522 0.65064 80 152 227
-1.03655 0.18516 0.53185 185 27 156
-1.18620 0.29978 2.36023 205 255 158
-1.22660 0.23304 1.13708 232 254 94
-1.10066 0.30480 2.46638 230 248 77
2.60867 0.03174 2.16418 68 160 154
2.21905 -0.06636 0.11885 80 187 93
-1.19023 0.22842 1.26092 158 190 145
-0.08147 0.22313 2.25510 31 188 140
0.40012 0.10687 0.82072 252 170 154
2.32847 -0.04755 0.57442 13 36 10
1.93585 -0.02027 0.47649 50 0 38
2.99657 -0.01574 1.85209 190 158 175
0.92934 0.07087 0.90860 0 147 28
0.03647 0.15202 1.28849 199 241 181
-1.34905 0.27568 1.80036 58 0 60
-0.80984 0.26248 2.13794 176 142 0
0.77296 0.02505 -0.04752 0 189 146
0.15944 0.09974 0.61977 255 78 255
-0.64283 0.22557 1.66010 90 5 113
-0.50370 0.19587 1.40078 102 214 255
-1.46887 0.24244 1.06442 29 127 150
1.91632 -0.04600 0.18756 43 70 83
-0.05619 0.08842 0.06929 133 191 186
2.15084 0.01009 1.46450 90 76 164
-0.70221 0.17621 0.79206 159 109 255
1.52731 0.02841 0.97328 255 255 114
-0.39655 0.10327 0.01357 87 255 82
2.67641 -0.08987 0.26071 255 92 75
2.08470 -0.05548 0.30833 0 8 32
1.82178 0.05177 1.64417 142 4 186
2.50290 -0.06401 0.52410 179 103 98
0.26110 0.18733 2.11071 255 253 226
2.24277 0.03662 1.78180 0 77 127
0.75202 0.04454 0.25545 8 93 0
-0.11340 0.09513 0.03313 105 189 168
0.57287 0.11107 1.13899 103 186 6
-0.25921 0.16991 1.35072 0 134 7
2.41681 0.01298 1.83052 96 210 231
-0.21840 0.16282 1.08957 99 255 250
-1.06810 0.18094 0.50686 193 36 184
1.92997 0.02202 1.33895 167 132 187
-1.30888 0.19668 0.38531 226 199 78
-1.52789 0.24257 0.98648 17 85 187
-0.55392 0.18774 1.24513 117 255 200
-0.46511 0.20177 1.56418 86 120 117
1.49211 0.08400 1.91317 163 124 132
2.63022 -0.00309 1.58243 109 4 137
1.25117 0.04402 0.95803 186 255 202
2.96469 -0.00061 2.15666 255 235 87
3.01807 -0.01058 2.02921 182 191 33
2.65086 -0.01029 1.56752 112 0 142
-0.48096 0.22017 1.90025 23 19 90
-0.04373 0.12755 0.77141 96 39 188
-0.46282 0.15367 0.71821 0 1 91
-1.08733 0.24187 1.47676 185 108 69
0.69429 0.04840 0.18844 20 134 36
1.77693 0.04725 1.55834 160 0 119
-1.08851 0.21979 1.09308 255 236 177
1.14011 0.09300 1.59827 24 0 162
-0.58668 0.23716 1.95100 72 44 35
0.44060 0.13387 1.43566 174 62 0
1.96273 0.02399 1.46352 81 0 187
-0.83206 0.19915 0.91611 144 78 177
-0.72428 0.26713 2.35168 235 255 255
-0.03311 0.16180 1.31272 175 228 144
-1.02266 0.16696 0.26616 255 247 199
0.47379 0.12034 1.30576 153 135 0
-0.77248 0.26793 2.23917 162 180 89
-0.46227 0.18572 1.34883 86 234 255
0.61382 0.12106 1.58306 190 84 255
1.70058 0.02632 1.13667 255 247 239
2.03969 -0.06515 -0.00465 83 253 225
-0.02100 0.15707 1.24396 179 255 99
1.09656 0.02911 0.46289 40 0 34
-0.22715 0.22076 2.18234 0 173 0
0.48344 0.08920 0.72706 217 125 158
-0.52662 0.19778 1.30789 113 255 255
1.35518 0.02294 0.66995 234 122 255
1.98368 0.02245 1.41734 149 91 255
1.21898 0.02609 0.45200 99 0 0
0.37216 0.08513 0.53700 169 0 70
2.54529 -0.04243 0.96159 176 255 186
1.73100 -0.01825 0.31872 224 101 247
-1.41713 0.29330 1.93339 23 11 29
0.34949 0.14973 1.69489 186 0 115
2.31572 0.02325 1.61256 79 94 152
0.29634 0.05723 0.14130 255 251 119
0.12901 0.19134 2.06267 217 227 255
-0.64719 0.19144 1.16129 70 186 0
2.66553 -0.02264 1.23871 218 146 178
-1.25739 0.26721 1.53023 203 176 255
0.17578 0.19080 2.15405 236 255 254
2.16278 0.02354 1.52925 85 75 110
0.84223 0.15306 2.32853 117 241 111
-0.42297 0.11129 0.07244 76 255 73
-0.43253 0.15215 0.64256 0 0 117
-1.08760 0.18371 0.39561 255 185 241
-0.40022 0.23801 2.29220 93 255 93
1.08993 0.00705 0.01750 138 255 170
0.31287 0.06743 0.03446 255 255 85
1.31666 0.10633 1.86734 87 92 0
0.25440 0.08806 0.52630 255 75 249
-1.36237 0.31844 2.45615 117 255 255
0.19863 0.16454 1.66707 170 0 0
1.60505 0.06093 1.72275 255 118 179
2.24087 0.06104 2.22923 81 233 92
1.01033 0.13654 2.11133 72 255 122
2.31058 -0.00262 1.27263 0 59 81
1.83335 -0.00206 0.84156 112 152 186
2.57208 -0.09980 0.08026 139 109 171
-0.12467 0.12504 0.58935 71 0 9
1.49994 0.04402 1.30822 175 87 187
1.56778 -0.03240 -0.08185 181 190 35
2.89406 -0.09146 0.46616 187 9 169
0.86453 0.13097 1.92640 95 192 244
0.36748 0.15222 1.66369 190 0 96
2.12350 -0.04287 0.45777 0 0 173
-0.35066 0.20820 1.76947 72 78 199
2.07287 0.00662 1.29215 23 66 172
1.59916 -0.01316 0.36465 255 90 255
2.59093 0.02487 2.06111 155 255 161
-1.03759 0.16793 0.28634 255 237 211
-0.18407 0.18269 1.53089 18 44 67
0.22097 0.10388 0.75786 183 39 20
1.17773 0.07435 1.34425 49 78 12
2.67180 -0.12187 -0.17425 255 255 255
1.36360 0.10646 2.10787 99 190 160
1.68348 0.02990 1.07337 255 255 255
-0.33444 0.16177 0.99487 77 228 225
-0.32977 0.10174 0.05277 93 255 88
0.24470 0.17860 1.91478 178 65 172
1.11155 0.13478 2.28427 0 165 60
1.88958 0.05941 1.79897 211 163 145
2.74268 -0.07610 0.56443 255 133 255
-0.22191 0.19024 1.65304 85 80 229
0.23469 0.08167 0.30183 190 95 118
1.06694 0.14489 2.22229 79 255 82
-0.46001 0.15648 0.94627 82 195 77
1.69725 0.07659 1.82186 255 171 255
0.77471 0.09045 1.10008 100 255 129
-1.16215 0.26667 1.77316 226 72 79
-0.40022 0.19282 1.59405 79 104 73
2.59903 -0.04286 1.08154 195 244 80
2.25941 0.01664 1.69483 73 121 166
0.35822 0.15856 1.86034 187 40 191
0.79271 0.04831 0.40185 82 98 194
2.10526 -0.06001 0.00043 78 248 146
0.67324 0.17072 2.30086 194 255 255
-0.75021 0.21875 1.42483 209 203 170
0.44408 0.04479 0.03149 203 255 186
-0.19535 0.14536 0.84953 118 155 222
2.21216 -0.05936 0.27256 0 15 128
2.17063 -0.04468 0.46744 0 0 191
-1.43564 0.28523 1.83953 27 0 124
1.38162 0.01054 0.36821 167 10 34
-0.34743 0.20518 1.62027 74 96 91
0.89563 0.02687 0.15479 0 146 13
2.16389 -0.03875 0.56337 0 20 163
2.21543 0.02376 1.78231 0 83 95
0.27603 0.13984 1.45688 255 141 110
2.49658 -0.05360 0.78616 74 148 169
-1.09862 0.19747 0.74292 187 0 67
1.43165 0.05915 1.26114 162 110 167
-1.41319 0.29575 2.02014 21 50 0
-0.18847 0.22860 2.30140 1 190 95
-0.90863 0.19267 0.93063 253 167 230
1.66081 -0.02281 0.29488 247 120 255
0.57310 0.14897 1.85157 222 130 130
2.18823 -0.03306 0.76441 73 217 97
-1.08258 0.18027 0.31291 255 230 180
2.67931 -0.05096 1.00024 238 255 73
0.51354 0.08401 0.68907 114 17 71
-0.58743 0.16203 0.71384 111 83 255
-0.02271 0.13608 1.00492 108 152 58
2.33265 0.01405 1.58907 73 90 148
2.91000 -0.06869 0.85178 255 255 117
-1.35472 0.28726 1.82336 53 0 49
0.92791 0.13301 1.90446 78 177 255
0.13852 0.20426 2.17640 217 255 255
2.65723 -0.02515 1.35859 124 16 171
-0.46669 0.19749 1.45062 88 179 206
1.22319 0.01685 0.50025 100 0 1
2.85321 -0.07088 0.81071 255 255 77
-0.65260 0.24064 2.12315 201 223 183
2.72258 0.01579 2.13699 125 163 189
-0.34378 0.16255 1.04174 74 248 228
0.37185 0.12846 1.27396 181 156 77
-0.70692 0.19933 1.16376 87 189 0
2.03169 -0.05611 0.08126 91 224 163
-1.12083 0.26202 1.77212 246 79 92
0.10187 0.11909 0.63737 255 81 255
-1.39267 0.27256 1.71478 42 5 160
-0.93963 0.16147 0.26234 247 248 255
1.51165 0.10164 2.18349 165 178 111
0.32833 0.06461 0.05883 252 255 109
-1.36212 0.29430 1.91185 59 5 0
2.30129 -0.04501 0.63991 92 153 78
2.55446 -0.09224 0.12189 128 81 149
-1.24717 0.20089 0.57490 154 11 149
0.82035 0.08135 0.88837 0 131 0
-0.22342 0.23571 2.29769 0 185 43
0.58027 0.14071 1.57374 211 89 255
-0.58321 0.25993 2.35270 171 255 211
1.43670 0.09209 1.84487 144 84 26
-0.73826 0.21446 1.37291 203 235 130
0.58167 0.11799 1.40979 115 68 112
1.50875 0.04159 1.17625 187 146 172
0.78364 0.15073 1.96314 43 118 120
0.66903 0.13145 1.56789 163 86 255
-0.43815 0.15445 0.74006 0 7 42
1.56136 -0.03756 -0.15209 177 183 82
1.85032 0.04884 1.63742 136 3 185
1.33149 -0.01941 -0.13231 249 255 255
1.08135 0.11238 1.86797 81 161 247
0.74559 0.07492 0.74154 20 47 153
-0.31414 0.14393 0.50918 3 13 123
1.36045 -0.01719 -0.05516 255 255 255
2.06288 -0.06625 -0.05529 78 255 221
2.83512 -0.01432 1.71328 175 78 26
-0.41938 0.23816 2.20953 105 255 178
2.78863 -0.03765 1.20565 180 79 172
2.39024 0.03574 1.92434 0 166 95
-1.16510 0.20973 0.80729 175 7 75
2.68943 0.00989 2.04548 200 255 235
0.31221 0.05615 0.13451 255 255 136
1.73984 -0.02075 0.45400 227 76 139
-0.30356 0.22021 1.97672 0 81 148
-0.98976 0.27565 2.18146 187 152 35
1.13527 0.13699 2.26318 4 172 76
0.54428 0.05847 0.19475 165 217 241
2.02735 0.00799 1.25046 36 90 108
0.49943 0.12231 1.35292 147 102 0
2.06205 0.06377 2.26339 148 220 214
-0.64376 0.27080 2.39500 193 255 233
-1.40486 0.26724 1.57585 132 160 255
2.98563 -0.03095 1.66050 255 140 222
-1.27242 0.20794 0.66627 144 0 184
-0.95426 0.24807 1.86081 255 85 255
2.74691 -0.11992 0.02961 255 204 129
-0.20218 0.16406 1.14956 109 255 203
2.79706 -0.06870 0.74697 255 236 123
-1.23132 0.24725 1.30105 137 181 135
0.23028 0.06982 -0.05674 185 183 66
-0.01714 0.22694 2.40764 137 231 231
0.73138 0.04141 0.45371 93 85 171
0.56201 0.13994 1.55669 210 90 255
2.28493 -0.01927 1.04673 0 173 180
-1.25991 0.30563 2.31756 169 255 255
-0.58965 0.24932 2.11088 171 224 232
2.69298 -0.03504 1.17717 231 191 150
2.22783 -0.02520 0.78030 77 229 73
0.30069 0.12554 0.98418 184 161 119
-0.95827 0.24516 1.45304 185 116 0
1.95609 0.05311 1.81588 182 181 87
1.84053 0.01494 1.05104 209 255 180
1.16294 0.03949 0.62148 65 9 27
-0.71692 0.15769 0.45182 159 136 79
-1.48185 0.28607 1.81203 9 0 174
-0.23332 0.12859 0.52412 30 7 28
-1.52070 0.25931 1.28264 3 188 42
-0.47348 0.11709 -0.00870 75 255 147
1.77723 0.04215 1.40815 160 23 8
0.72377 0.11386 1.56352 135 87 199
2.25344 -0.08324 -0.16850 90 255 158
1.02449 0.12703 2.16689 75 255 80
1.56037 0.07717 1.71612 255 100 130
-0.72177 0.13485 0.12621 62 184 175
-0.86330 0.24641 1.86237 255 85 240
2.89634 -0.07822 0.63790 255 178 123
-1.07104 0.22401 1.09103 255 242 199
1.42619 -0.00256 0.30128 176 37 21
-0.86964 0.18761 0.76113 243 97 136
1.93525 -0.06297 -0.18966 112 255 196
0.82953 0.05677 0.50866 75 73 255
0.78203 0.05854 0.79667 6 87 72
1.27628 0.09016 1.61358 164 70 255
-1.20323 0.24278 1.50049 145 96 152
2.46314 -0.06543 0.54390 67 27 0
1.02060 0.03339 0.39060 104 93 243
1.41915 -0.02560 -0.10445 255 255 255
2.13782 -0.07411 -0.12700 81 255 215
1.99823 0.03931 1.47810 149 80 255
-1.57042 0.20003 0.11547 32 179 94
-0.77407 0.26887 2.40166 175 178 181
-0.24256 0.21219 2.05660 0 122 41
1.89432 0.06717 1.97191 210 247 77
-1.50484 0.24296 1.00909 20 93 191
1.50552 0.07835 1.84197 167 76 83
2.16934 0.00963 1.42316 85 85 167
0.92223 0.02148 0.09486 0 169 0
2.50482 -0.08187 0.14102 110 72 178
0.24943 0.06317 0.07392 181 189 0
2.40487 -0.01362 1.22598 104 178 115
0.29210 0.13266 1.28797 255 239 234
2.77156 -0.07580 0.68133 255 193 223
0.10803 0.10116 0.27528 177 112 0
0.54668 0.13680 1.43882 129 59 89
1.28260 -0.00430 -0.01429 229 255 255
2.24794 -0.07218 0.10164 85 198 110
2.03742 -0.00761 0.75884 103 204 231
-0.04500 0.16121 1.38284 73 104 108
2.64543 -0.12393 -0.05322 168 167 181
1.58046 0.00394 0.67879 189 55 18
0.22703 0.12024 0.96024 184 145 23
1.98866 -0.02905 0.45802 26 0 64
1.81848 -0.05718 -0.16205 71 184 29
0.32501 0.10015 0.54875 174 0 98
1.68296 -0.04262 -0.07753 142 191 0
1.63061 0.08259 1.90538 255 214 255
-1.39071 0.31204 2.24087 106 248 191
-1.48241 0.29959 1.84719 8 0 159
1.74928 0.08627 2.10334 255 255 80
1.62116 0.09924 2.29430 255 229 80
-0.68776 0.15254 0.47133 140 121 92
2.66997 -0.01781 1.46776 133 0 173
1.76078 0.06371 1.81321 255 164 249
-1.02208 0.21776 1.08496 255 243 245
-1.10077 0.19459 0.71729 186 0 91
0.44849 0.16687 2.16116 180 190 0
0.89989 0.07906 0.97008 0 175 65
1.30208 0.07856 1.57438 177 78 255
1.23513 -0.00356 0.03739 213 255 255
2.31894 0.03267 2.01656 0 192 90
2.76362 -0.01259 1.71645 157 72 0
0.78122 0.05739 0.49217 88 78 245
1.92475 -0.05665 -0.10453 115 255 244
2.61332 -0.07629 0.38555 233 79 84
1.69377 0.06608 1.64751 185 4 113
0.87550 0.02125 0.16499 0 130 10
2.02059 0.03471 1.74873 147 140 82
-0.91279 0.22680 1.40509 180 145 0
-0.88861 0.23760 1.72693 255 78 255
-0.71884 0.15644 0.35598 70 107 24
-1.11560 0.27371 2.02968 245 152 255
0.76797 0.03982 0.26088 0 89 0
2.19909 -0.07423 0.12540 77 184 88
1.44272 0.10307 2.08933 133 188 187
0.94593 0.02135 0.12423 0 151 31
2.53311 -0.01128 1.53882 60 0 187
1.84912 0.06814 1.93113 233 229 87
0.68002 0.11765 1.43946 69 45 188
2.82719 -0.05446 0.99513 185 179 65
2.18543 -0.04510 0.43328 0 0 193
2.02302 -0.01057 0.80967 114 231 190
2.64361 -0.02682 1.26833 209 142 191
0.03278 0.15375 1.25786 209 253 173
-0.04505 0.09934 0.23113 129 131 74
2.74032 -0.10244 0.13882 185 59 0
0.36406 0.16276 1.95463 255 185 241
-0.62524 0.23181 1.92087 88 25 0
1.73380 0.01890 1.10565 250 255 234
-0.29277 0.14653 0.71291 4 6 0
-0.06320 0.12854 0.65180 187 76 198
0.57984 0.09442 0.89989 181 216 255
-0.51520 0.18104 1.04410 9 155 9
-1.37231 0.27086 1.63663 143 124 255
1.80140 -0.02026 0.37616 195 83 145
0.49635 0.14699 1.63767 244 78 255
0.40008 0.15613 1.92809 255 169 227
-1.46134 0.24420 1.14557 33 168 87
-1.16315 0.28938 2.01803 219 148 239
1.52477 0.10589 2.31540 248 218 89
-0.30791 0.10197 0.13004 103 255 155
-0.18929 0.14642 0.78742 118 111 167
0.25105 0.10587 0.65664 255 89 155
0.04712 0.13807 0.94254 135 132 37
2.30599 0.01027 1.54921 76 79 95
-0.74775 0.22925 1.60603 216 114 255
-0.87458 0.14155 0.08090 125 183 109
-0.37133 0.24155 2.21839 87 255 118
0.81174 0.00962 -0.09361 0 177 143
2.86468 -0.04561 1.25348 188 50 175
2.74685 -0.02960 1.22449 253 157 243
0.56498 0.13479 1.57901 215 83 255
1.82215 0.00005 0.92754 120 182 180
-1.22252 0.20422 0.65468 164 0 188
0.34984 0.08412 0.64356 176 0 5
1.98684 -0.06120 0.04122 102 237 226
1.57604 0.01955 0.76852 187 106 0
1.55686 -0.03121 -0.11025 183 185 68
0.66919 0.14266 2.01153 86 138 58
-0.67190 0.19411 1.05594 71 159 22
1.11049 0.07586 1.31293 109 188 79
0.10358 0.15098 1.38843 231 190 255
-0.80930 0.15650 0.28974 112 141 145
1.09864 0.00083 -0.08904 156 255 108
2.01950 0.07491 2.24494 87 148 178
2.52645 -0.03912 0.90334 83 186 169
1.16020 0.08601 1.58649 27 0 165
1.08827 0.14288 2.23713 80 255 110
1.53441 0.01268 0.64771 186 38 84
0.50343 0.11617 1.17869 141 182 37
-1.11800 0.28225 2.27038 150 180 98
0.18957 0.10986 0.60061 255 80 255
-1.49354 0.28565 1.67889 7 20 170
-0.69160 0.24156 1.90054 121 20 0
0.09978 0.20002 2.14403 200 255 255
2.71567 -0.01844 1.52730 145 0 111
-0.80105 0.23240 1.75554 247 76 255
0.32858 0.16238 1.90724 192 65 191
-0.79946 0.24832 2.08749 161 114 0
2.86516 -0.02649 1.51113 255 72 84
0.66926 0.16807 2.34447 195 239 248
-0.02310 0.18964 1.78546 158 88 136
2.32431 -0.09425 -0.10976 33 183 0
2.97758 0.00540 2.12838 255 249 93
1.66497 -0.00916 0.48304 255 76 201
1.11021 0.09987 1.64473 6 0 167
-0.22620 0.09496 0.01102 145 255 154
2.65603 -0.12013 -0.21749 255 255 231
1.27907 0.09172 1.87802 74 93 0
2.04749 -0.04228 0.43817 4 0 110
-1.11154 0.24898 1.53869 169 86 49
1.97800 0.01534 1.19391 55 130 21
-1.17724 0.27503 1.95958 221 111 171
0.67595 0.07186 0.61279 41 0 155
2.01123 0.07395 2.16833 172 255 255
-0.39071 0.25130 2.46045 10 140 18
2.87415 -0.00301 2.07902 179 179 136
-0.28166 0.17077 1.22625 0 186 133
2.78724 -0.02032 1.47241 255 81 165
1.32861 0.01453 0.40479 146 0 22
1.26429 0.07573 1.47174 171 96 255
-1.33452 0.31427 2.29895 138 255 255
2.88425 -0.08189 0.64402 255 183 123
1.73913 -0.00564 0.62859 144 38 0
-0.82268 0.24565 1.73236 255 74 255
-0.05394 0.20169 2.13540 44 166 75
3.00532 -0.02995 1.80963 185 129 189
0.21008 0.18179 2.05104 252 233 255
-1.14681 0.29620 2.45874 132 170 0
-0.89999 0.18614 0.65116 163 0 0
-0.13092 0.18823 1.71864 114 76 255
0.73176 0.12016 1.42562 42 56 187
0.13788 0.11136 0.67422 255 88 248
0.16717 0.19681 2.21712 227 255 223
2.11810 0.04912 1.87436 29 133 84
-0.69987 0.22571 1.63638 110 13 177
1.81478 0.05069 1.76145 154 58 162
1.65657 -0.00833 0.39331 252 85 253
2.20094 0.05441 2.14674 6 176 100
1.93034 0.02537 1.32294 171 147 173
-1.02328 0.23232 1.44382 190 121 40
1.00638 0.03248 0.22821 16 101 166
-1.35685 0.30372 2.30094 123 255 255
0.37643 0.15733 1.76996 192 7 175
2.87113 -0.05986 1.03881 189 162 141
0.83234 0.12564 1.76893 21 18 15
1.62527 0.05294 1.42577 192 26 12
2.31745 -0.00220 1.36966 84 96 91
1.65198 0.02892 1.04051 255 255 255
-1.25301 0.30918 2.32826 165 255 244
1.70046 -0.01501 0.45468 232 73 157
1.73363 0.05700 1.85736 255 189 236
-0.68450 0.14494 0.21570 49 169 85
0.96281 0.04827 0.54605 79 76 182
-0.60471 0.26593 2.46861 99 151 55
2.76052 -0.01904 1.58836 159 14 16
0.52399 0.16809 2.10016 160 163 0
0.17643 0.13170 1.19603 255 255 245
-0.72592 0.24412 1.78125 123 0 92
0.17048 0.15240 1.52924 252 108 155
0.73597 0.10253 1.20369 29 165 83
0.02965 0.12226 0.68731 229 88 255
2.41939 0.01045 1.61715 14 6 160
-0.35646 0.22751 2.00689 0 94 173
-1.16659 0.27106 1.84373 226 79 100
-1.22812 0.29224 2.22030 183 245 255
-1.43907 0.28726 1.75320 20 1 172
1.65647 0.04179 1.37332 255 130 102
1.32892 0.04198 1.03493 218 255 81
-0.63218 0.25803 2.29973 198 255 255
1.81921 0.02757 1.09995 217 255 165
1.19809 -0.01484 -0.13092 198 255 156
1.07395 0.02011 0.26219 126 156 255
-1.09198 0.17815 0.27979 255 238 156
1.94801 0.05117 1.68786 92 20 97
0.06210 0.10215 0.50495 241 89 189
0.72914 0.06124 0.65995 103 103 255
1.29282 -0.01713 -0.14083 242 255 233
1.68194 -0.01205 0.62717 167 32 0
-1.51118 0.22194 0.51141 121 140 107
-1.55710 0.20988 0.29487 24 163 187
1.31873 0.06061 1.14805 119 165 0
2.69862 0.00179 1.80841 215 205 83
-0.53720 0.13244 0.23001 1 157 0
1.41454 0.00397 0.30571 172 39 13
0.21743 0.06601 -0.06284 187 176 68
1.84542 0.07137 2.12746 240 255 115
2.49050 -0.07620 0.19157 179 133 244
0.38675 0.08641 0.58819 158 0 8
0.67022 0.06411 0.47206 31 0 40
2.59073 0.01968 2.09582 146 255 177
1.22066 0.12304 2.09716 124 255 116
1.93782 -0.00633 0.80531 147 225 255
-0.93666 0.17807 0.60976 169 0 12
2.02244 -0.00041 1.29248 37 75 144
-0.74288 0.17955 0.82131 95 28 187
0.24008 0.09833 0.74011 189 26 11
-0.25253 0.10796 0.04320 128 255 141
-1.00714 0.27435 1.92672 255 104 255
1.06582 0.04630 0.72826 18 62 18
2.83637 -0.01616 1.76983 178 110 67
1.86160 0.05998 1.79612 139 77 99
1.60949 0.06200 1.49648 188 0 0
1.37731 0.04625 1.16255 143 165 53
-0.63088 0.21266 1.60352 74 26 155
2.52970 -0.10221 -0.21808 134 184 37
0.20082 0.09549 0.44126 255 105 255
0.72940 0.13187 1.91326 67 82 21
-1.15327 0.19805 0.77057 176 0 89
0.63579 0.16131 2.16390 119 189 145
2.11855 0.02992 1.72738 110 136 81
2.25127 -0.07409 0.06904 84 208 93
0.95620 0.10507 1.64443 0 0 36
0.27045 0.11809 0.97767 189 161 84
2.30155 -0.05645 0.45421 98 81 213
0.19760 0.16344 1.60391 168 0 4
0.95311 0.07595 1.18109 76 255 255
1.66388 0.05913 1.57362 182 0 37
0.99967 0.03558 0.53947 87 76 149
2.19948 0.01917 1.60717 85 87 74
-1.24271 0.29464 2.15386 184 222 255
-0.13060 0.13753 0.81025 141 132 245
2.65143 -0.01255 1.72709 191 159 99
0.99148 0.11334 1.86742 0 73 186
-0.68256 0.15911 0.57199 151 85 144
0.15629 0.07526 0.01088 181 189 65
2.72092 -0.08558 0.43855 178 1 132
-0.24261 0.17892 1.39008 0 122 0
1.01382 0.11579 1.73099 0 15 148
1.94919 0.01937 1.37131 159 115 232
-1.38995 0.22528 0.77815 165 78 248
1.59533 0.08883 2.06988 185 188 132
2.45632 -0.04092 0.74219 55 136 122
1.53019 0.01211 0.58231 255 90 230
-0.91684 0.16709 0.50077 162 33 85
-1.36912 0.26412 1.48436 151 198 234
1.85283 -0.02056 0.65018 101 52 87
2.41433 -0.03242 0.75168 31 135 89
2.49478 -0.06986 0.46793 174 83 80
2.41033 -0.04840 0.63391 45 67 0
0.95332 0.02622 0.23876 0 99 121
-0.05958 0.18392 1.69992 148 74 232
-1.12773 0.19032 0.38445 255 195 199
2.59244 0.00657 1.78893 162 183 118
0.52799 0.08810 0.88570 204 206 255
-0.00112 0.21131 2.14645 66 172 126
2.53162 0.03299 2.20538 38 146 129
2.30932 0.01112 1.66326 78 103 170
0.38232 0.08758 0.52703 160 0 59
-0.22066 0.14554 0.90000 105 179 230
0.14183 0.09290 0.28210 183 105 20
2.68496 -0.02332 1.32689 143 21 178
-0.55835 0.25375 2.33050 160 255 212
0.55666 0.07684 0.53010 84 0 8
2.36668 -0.02783 0.83474 17 170 106
1.82683 0.07789 2.06883 246 255 76
-1.08080 0.28810 2.32461 162 189 13
2.64361 -0.11722 -0.10775 166 183 191
1.59140 0.01520 0.76973 191 110 0
-1.39313 0.26596 1.36607 145 255 111
-0.00250 0.11947 0.79058 129 41 182
2.49380 -0.09045 0.04389 105 124 182
0.09862 0.11868 0.74328 247 107 235
1.27856 0.10977 1.92146 70 117 0
0.93588 0.15234 2.28902 1 170 0
2.54060 -0.05660 0.60409 104 55 99
2.36905 -0.08447 -0.08762 51 178 0
-1.53912 0.24293 0.98975 12 84 183
-0.02102 0.20415 2.11122 58 154 83
0.81769 0.02082 -0.08200 0 187 117
0.98872 0.07263 1.07292 82 255 255
-0.36730 0.14454 0.88845 75 165 108
-0.42891 0.13718 0.45470 0 35 186
-0.53554 0.25723 2.42603 65 165 31
-0.92213 0.19865 1.05159 255 227 255
0.25811 0.18809 2.24095 254 255 120
1.18739 0.10516 1.90650 115 190 114
2.23187 -0.02322 0.85694 71 255 90
1.77089 -0.04391 -0.05314 103 187 54
2.89572 -0.00590 1.99484 180 187 165
-0.90029 0.25206 1.92445 255 103 240
-0.53097 0.25374 2.33281 146 255 175
2.07597 -0.06762 0.01555 73 248 165
1.41274 0.11736 2.26371 196 245 226
-1.13945 0.28328 2.07143 144 87 179
0.77699 0.04435 0.37985 86 114 158
1.40612 0.01408 0.52063 173 0 154
1.01940 0.07063 1.09287 80 255 255
1.49140 -0.01045 0.20447 189 91 11
0.66727 0.05940 0.40925 32 20 9
-0.86874 0.24879 1.82739 255 81 255
1.43092 -0.01411 0.02627 255 255 165
1.16474 0.03627 0.54721 66 0 0
0.15870 0.08901 0.45103 255 97 240
2.33645 0.02495 1.85990 0 133 178
0.97627 0.06004 0.83892 0 121 23
1.67568 0.07580 1.84938 255 184 255
1.36567 0.06563 1.25885 135 106 119
0.58660 0.12484 1.36909 108 91 76
2.08704 0.06356 2.16306 46 174 175
0.57148 0.12518 1.39167 117 81 78
-1.00633 0.16371 0.26653 255 248 217
-1.23934 0.22757 0.99991 226 192 91
2.61894 0.01336 2.06204 161 255 189
-1.26204 0.21835 0.93268 226 149 148
-0.85152 0.18273 0.79891 232 103 180
-1.13828 0.21230 0.83820 177 24 23
-0.33643 0.22750 1.98778 0 77 173
-1.18102 0.30963 2.53416 103 143 0
1.52451 -0.03128 -0.11557 183 180 103
-0.27964 0.17496 1.47496 0 77 0
2.80976 -0.10970 0.26817 190 5 79
2.81570 -0.08392 0.57488 255 145 237
0.77245 0.12356 1.62107 113 75 114
2.67722 -0.11515 -0.11456 255 255 255
0.72935 0.14858 2.15269 71 191 183
-0.23384 0.23672 2.45260 79 222 243
0.37654 0.10127 0.83999 255 172 156
-1.42268 0.22194 0.78980 150 87 238
-0.92821 0.23838 1.81525 255 79 255
1.29490 0.07507 1.47173 186 98 255
-1.63196 0.20206 0.13771 10 187 57
1.97967 -0.00460 0.93595 134 255 131
2.80949 -0.12235 -0.11928 255 255 188
-0.95104 0.24069 1.73075 255 78 214
-1.35000 0.28269 1.83392 57 0 42
2.21010 -0.00313 1.26757 0 68 173
2.45460 0.02164 2.07732 91 255 77
2.29316 0.03543 1.79470 0 96 180
-0.96374 0.20062 0.88016 255 135 129
0.08358 0.07350 -0.00637 175 181 139
-1.39370 0.31747 2.26484 106 255 210
-0.76164 0.20018 1.16839 129 188 13
-0.79796 0.25965 2.00861 251 158 83
0.15263 0.07094 0.20510 186 141 0
0.88922 0.03249 0.28882 72 147 199
-0.67519 0.23774 1.88024 111 10 0
1.02813 0.01688 0.11084 22 149 101
-0.78423 0.14688 0.28528 101 144 125
-0.31662 0.19579 1.73695 78 78 200
-1.10422 0.16717 0.15140 255 255 79
2.69743 0.01020 2.08595 199 255 255
2.58975 -0.10956 0.06575 147 110 159
-0.08600 0.10064 0.39163 188 142 90
-0.20990 0.23692 2.42255 73 236 234
-0.42922 0.18383 1.37033 82 222 237
0.42917 0.16830 2.01295 255 210 143
0.45157 0.14863 1.78394 255 99 255
1.90798 0.03243 1.36870 181 116 174
-1.03491 0.16026 0.05682 255 255 75
2.43709 -0.00802 1.45810 19 0 43
1.45782 0.10138 2.25131 224 253 194
1.53941 -0.03306 -0.14288 182 183 97
1.43917 0.02845 0.72832 255 160 194
0.08317 0.17766 1.70365 123 0 25
-0.68723 0.23535 1.91451 121 17 0
2.42432 -0.07921 0.13819 63 77 186
1.55350 -0.01013 0.34243 255 102 241
2.26825 0.05509 2.13407 0 186 48
2.72575 -0.07687 0.46830 175 6 157
2.45499 -0.07881 0.30815 159 87 195
2.84694 -0.01983 1.73433 176 86 52
1.12149 0.10566 1.80485 3 48 168
0.24395 0.21148 2.34212 166 164 0
2.74616 -0.08301 0.47511 183 1 161
-0.11410 0.19169 1.76191 118 85 230
-0.93461 0.19766 0.94596 255 173 204
2.86508 -0.01794 1.58148 255 101 74
-0.76108 0.14857 0.11096 73 186 193
1.75322 -0.04400 0.08590 120 140 148
1.29377 0.05174 1.11399 109 187 0
-0.12727 0.16673 1.38612 41 118 24
1.42929 0.01651 0.65995 255 119 255
-0.30788 0.16442 1.08853 77 255 255
0.59820 0.12223 1.47267 111 37 146
1.82488 0.08082 2.21379 161 166 82
2.44641 -0.01372 1.33785 115 112 81
-1.37931 0.25304 1.35180 150 255 120
0.88855 0.14465 2.23211 92 255 128
0.79423 0.06275 0.64275 81 96 253
2.04266 -0.02041 0.66298 98 151 255
0.16879 0.07579 0.19402 188 150 0
-1.49374 0.24676 0.89599 31 34 167
0.49293 0.13603 1.65664 249 75 255
1.40306 -0.01326 0.02891 255 255 189
0.47420 0.04301 0.07535 191 255 243
-0.06692 0.15402 1.15551 75 195 4
0.65105 0.15999 2.10099 105 177 108
2.12678 -0.03109 0.68341 80 167 200
0.33179 0.15497 1.73441 188 0 122
-0.85980 0.23395 1.59325 168 38 107
2.39091 -0.01327 0.99821 112 255 255
0.43828 0.12626 1.30470 162 129 0
1.87718 -0.03538 0.33020 152 89 106
0.95646 0.01464 0.06929 4 174 8
-0.44832 0.12722 0.36498 78 169 212
1.40205 -0.02776 0.05184 255 248 162
2.67852 -0.03999 1.10971 237 223 101
-1.22469 0.21795 0.83604 157 15 106
1.15213 -0.01190 -0.10500 175 255 138
-0.66959 0.27561 2.48577 132 142 95
2.61432 -0.10388 -0.13723 162 190 173
0.38940 0.18596 2.26009 255 255 86
2.19992 0.03999 1.81204 1 101 116
0.09163 0.20415 2.14542 198 255 255
-0.44399 0.15224 0.71740 0 0 73
1.62216 -0.02144 0.02845 167 170 0
2.87309 -0.02140 1.70005 255 151 138
0.06963 0.12627 0.87053 154 96 72
2.10162 -0.00818 0.99152 6 188 5
-0.71792 0.19120 0.91387 94 76 165
-0.90199 0.25952 2.14209 192 137 1
0.64747 0.14846 1.91457 102 96 0
2.18735 -0.05620 0.37999 0 0 166
1.99981 -0.00442 1.01093 38 188 0
0.92023 0.12766 1.86101 0 65 151
1.93341 -0.02667 0.50574 46 0 52
2.28853 -0.04411 0.47696 4 0 129
1.62429 -0.00387 0.62182 182 28 30
-0.50619 0.19998 1.42956 101 197 246
1.69815 -0.02749 0.25403 235 134 255
1.66682 0.05757 1.52260 187 0 2
-0.47770 0.22065 1.94297 25 50 126
-1.39656 0.25610 1.27121 144 255 75
0.45815 0.07550 0.38791 129 28 97
0.60879 0.13277 1.63420 200 75 255
1.20847 0.05835 0.90196 158 238 255
0.59599 0.15916 2.14055 138 189 84
2.53299 0.02392 2.05831 127 255 102
0.21065 0.16914 2.00251 255 201 255
0.43480 0.06550 0.13321 214 255 243
-0.24364 0.09869 -0.01316 123 255 113
0.71254 0.04928 0.25084 13 95 0
2.37029 0.01259 1.65801 85 110 230
-0.22522 0.13640 0.75945 114 105 132
-1.07167 0.21854 1.10598 255 253 215
2.58603 -0.03973 1.07043 192 242 81
1.45613 0.04108 1.17059 169 154 124
1.06092 0.00030 -0.00994 137 255 130
1.17876 0.06713 1.19253 53 157 5
1.03916 0.10324 1.47855 0 19 0
0.59514 0.16174 2.09293 129 173 53
2.33025 -0.08310 0.10612 25 95 104
0.09918 0.13736 1.19288 236 255 160
-1.19366 0.30361 2.26954 200 255 244
2.29838 -0.02917 0.90911 82 255 185
0.38325 0.15701 1.75378 187 0 175
2.11274 0.03877 1.93629 34 158 131
-0.41196 0.19591 1.62679 0 13 0
-0.88059 0.21703 1.34630 167 169 9
-0.17698 0.19964 1.91409 97 131 172
1.05559 0.03558 0.46028 107 82 182
1.69695 0.01817 0.91744 169 180 148
2.33901 -0.05898 0.55880 15 28 5
1.96743 0.06670 1.99537 179 255 130
2.30193 0.02039 1.79863 0 100 176
2.78892 -0.01409 1.78815 255 198 139
-1.37769 0.23842 1.11026 82 158 26
0.58263 0.07709 0.55933 77 0 35
0.06426 0.06731 -0.05600 176 179 183
1.34951 0.12269 2.31598 166 229 239
0.01747 0.10051 0.36222 235 147 81
-1.29279 0.28736 1.96723 85 27 7
-0.26705 0.10366 0.03987 113 255 129
0.43257 0.07190 0.32540 137 67 166
0.45663 0.15843 1.83695 255 121 245
2.03083 -0.07524 -0.21065 80 255 255
2.53675 -0.11430 -0.24679 139 178 32
-1.08984 0.25082 1.71191 255 90 82
2.12161 -0.06575 -0.01910 74 255 154
-0.88226 0.22023 1.20257 255 255 194
1.84921 -0.05629 -0.07152 74 185 116
-1.19436 0.23398 1.19385 244 255 169
-0.64380 0.27089 2.32559 205 255 255
2.81345 -0.06159 0.81892 255 255 79
-1.20043 0.30029 2.36794 193 255 164
-1.04208 0.20678 0.97589 255 182 131
1.16712 0.01639 0.43076 81 0 9
1.61550 0.03328 1.29446 255 172 206
2.33044 -0.08875 -0.11574 41 187 0
2.21670 -0.04007 0.58049 75 117 204
1.02399 0.09594 1.38300 79 147 91
1.27380 0.05449 1.26979 91 115 31
0.73138 0.12991 1.79439 144 113 72
1.43276 -0.01232 0.01846 255 255 157
1.16546 -0.00810 -0.00459 179 255 232
0.72377 0.02958 0.11447 5 162 58
0.04162 0.08115 0.02186 165 185 159
2.25438 -0.00802 1.13016 0 147 189
1.10816 0.06476 1.08970 110 255 226
1.55109 0.01069 0.54086 255 77 252
-1.52029 0.24697 1.04819 19 120 182
-0.32627 0.22054 2.17414 0 174 14
-0.38281 0.16843 0.99900 75 228 178
1.02994 0.02502 0.22668 21 87 183
1.36398 -0.00346 0.11550 250 226 147
1.63361 0.00449 0.65897 180 46 2
2.82076 -0.03562 1.36690 255 87 225
2.25216 0.00339 1.31097 0 48 108
0.44849 0.10944 1.04799 244 255 255
1.22585 0.03856 0.76590 177 170 255
1.54017 0.01190 0.75506 191 93 10
-1.29331 0.27272 1.67073 95 14 112
1.60517 0.00926 0.74515 183 94 0
1.81922 -0.01410 0.43761 189 70 93
-1.19924 0.28143 1.97587 125 36 89
0.53499 0.14755 1.86367 239 138 151
1.96959 -0.01690 0.59963 121 117 244
2.19999 -0.01337 0.95431 77 255 128
0.43280 0.10507 1.10837 159 193 145
-1.04777 0.18100 0.49630 191 49 188
2.27148 0.01372 1.41721 76 85 91
0.01742 0.13484 0.97766 123 148 29
1.26391 0.07417 1.24303 90 132 10
-0.15640 0.14850 1.04772 124 255 234
0.53092 0.15643 1.87619 241 139 156
0.39493 0.16837 2.04255 255 223 145
2.57777 0.00066 1.73430 162 167 146
-1.15367 0.16945 0.15826 255 255 85
-1.00612 0.19051 0.73037 186 0 4
2.71485 -0.07319 0.59785 255 148 255
2.70829 -0.02750 1.39320 147 5 186
2.04735 -0.05644 -0.00508 87 253 213
-0.14977 0.12324 0.43176 70 41 29
0.51537 0.07091 0.37489 102 34 42
-1.45314 0.21841 0.72124 143 76 163
1.30026 0.08006 1.63687 177 83 217
0.26428 0.15246 1.50088 255 114 90
2.85652 -0.08791 0.52882 255 116 246
-1.51179 0.25467 1.18747 13 173 99
1.69253 0.02324 1.00516 174 191 181
0.93316 0.07979 1.19634 75 251 255
2.14565 -0.02233 0.79244 80 235 91
-1.00146 0.20389 1.02397 255 206 215
2.03750 -0.02690 0.56511 12 20 175
-0.83500 0.22502 1.60562 159 35 140
-0.59182 0.16512 0.77111 111 99 244
2.04640 0.04031 1.69663 132 122 85
0.91714 0.08219 1.06128 0 184 137
-0.94541 0.19957 0.91522 255 155 189
0.57219 0.15238 1.81911 216 121 159
1.55869 0.00178 0.53670 255 79 239
1.12194 0.10823 1.91267 91 192 167
0.00685 0.20986 2.13582 73 174 142
2.74077 -0.00596 1.76745 235 186 86
1.95872 -0.04546 0.14955 109 179 163
0.37962 0.10941 0.90166 255 214 196
-0.25411 0.24237 2.44325 77 228 226
0.73686 0.02591 -0.01707 0 189 147
2.63838 -0.11609 -0.04939 171 164 184
1.26100 0.10705 2.05567 63 181 40
-0.29335 0.13570 0.65172 8 0 3
-0.37222 0.15350 0.78422 72 119 79
1.40795 0.09136 1.96736 124 149 115
2.38430 -0.03942 0.75605 19 137 56
-0.15464 0.14679 0.76797 133 116 191
2.20384 -0.06269 0.16278 0 73 36
2.32078 -0.04223 0.71133 9 104 0
0.39314 0.06633 0.23159 245 207 255
-0.48903 0.23312 1.93844 30 50 113
-0.05953 0.13641 0.89880 93 104 164
0.18489 0.10230 0.64537 255 81 232
2.52568 -0.10051 -0.13090 127 188 99
2.21546 0.02194 1.68717 77 122 122
0.66135 0.13731 1.75277 167 96 116
2.87557 -0.03346 1.44995 255 74 119
-0.44309 0.16684 1.00784 80 225 125
-0.25629 0.10005 0.04297 123 255 135
2.69631 -0.07611 0.67536 169 106 179
2.61173 -0.01074 1.50284 100 0 185
2.70760 0.01902 2.12587 115 169 192
0.95180 0.14126 2.07710 80 255 208
-0.66993 0.13274 0.01133 33 173 191
1.51822 0.00742 0.58244 255 97 233
2.14657 -0.03185 0.59288 75 119 242
0.03053 0.18150 1.66747 101 0 93
1.83863 0.02992 1.41380 132 20 65
2.20638 -0.04574 0.57182 74 115 208
2.41015 -0.05017 0.82116 34 167 142
0.44502 0.10228 0.85272 237 179 217
0.54966 0.09034 0.90306 198 222 255
1.93763 -0.04514 0.13041 121 192 205
-1.19705 0.22500 1.11924 237 249 99
1.46453 0.02622 0.99389 255 255 93
0.83831 0.03030 0.31729 74 139 175
-0.77024 0.25587 1.99495 155 67 0
1.29850 0.01965 0.57523 129 4 115
0.92606 0.14564 2.36659 5 133 0
0.17176 0.16593 1.62915 164 0 0
0.07870 0.15678 1.44799 221 160 255
2.43884 -0.00894 1.45577 26 0 63
-0.22479 0.12466 0.36400 31 73 147
0.06463 0.13371 0.87668 149 87 84
1.00543 0.12447 2.13033 77 255 106
-1.11147 0.16685 0.24124 255 255 101
2.44993 0.02399 1.95147 98 255 119
2.71323 -0.07153 0.65166 255 181 255
-1.42794 0.24694 1.14654 51 164 46
2.33719 -0.00502 1.38781 89 92 76
-1.01946 0.26439 1.90385 255 96 255
0.55225 0.05772 0.29473 158 164 155
1.65976 0.03820 1.19046 255 224 238
-0.46782 0.14543 0.46434 0 32 175
0.39016 0.08965 0.64507 162 0 0
1.86247 -0.00578 0.67189 95 66 119
-0.23257 0.14466 0.80420 101 136 161
2.27022 -0.01742 1.11162 0 154 182
2.41889 0.01135 1.78464 96 178 255
-0.30590 0.17704 1.41412 0 106 12
-0.25822 0.15664 1.02933 92 245 255
0.05262 0.06919 -0.00578 167 182 172
0.49458 0.03516 -0.04456 179 255 180
1.66876 -0.00141 0.52149 253 86 131
-1.19024 0.26535 1.93546 127 20 71
2.62774 -0.07671 0.56930 146 47 145
2.35582 -0.00994 1.49509 90 71 102
1.42002 -0.01487 0.15970 255 197 87
1.26770 0.07908 1.48198 162 93 255
2.43172 -0.00740 1.35960 29 20 0
2.34215 -0.01360 1.25494 0 73 60
2.46943 -0.07740 0.23520 171 110 237
1.56803 0.07956 1.87896 180 112 169
-1.54691 0.20550 0.34119 28 146 177
-0.48988 0.20932 1.59180 100 114 121
0.19650 0.08642 0.37012 255 142 214
2.01425 -0.07126 -0.13030 97 255 255
-0.36818 0.10903 0.12960 86 255 100
-1.40772 0.21155 0.77326 169 77 238
0.30350 0.18067 1.97247 255 198 255
1.59503 -0.04116 0.04808 181 154 0
2.78890 -0.09370 0.20732 190 21 13
2.44507 0.00746 1.76533 104 170 254
-1.11708 0.21750 1.08968 255 236 153
0.79663 0.11214 1.42902 107 131 251
1.35957 0.05099 1.23184 133 127 81
-0.49086 0.16881 1.01593 2 138 9
1.28813 0.01162 0.38440 131 13 0
-1.01165 0.27795 2.22016 183 173 20
0.01458 0.16270 1.54758 108 25 177
0.80483 0.04759 0.44636 77 88 243
0.14909 0.12406 0.85298 172 87 18
0.63141 0.04222 0.01850 121 255 255
-0.27281 0.20973 1.98240 0 83 134
0.65134 0.09679 1.08715 155 255 80
-1.34639 0.28693 1.86686 58 0 26
1.91847 0.03988 1.50147 102 0 189
1.97214 -0.01903 0.63111 123 138 255
1.04681 0.13577 2.25206 73 255 87
1.13187 0.08465 1.45804 23 25 50
-1.39166 0.19372 0.23337 105 180 127
1.61428 0.10275 2.27324 255 239 80
2.15905 -0.07442 -0.04879 72 255 139
-1.32114 0.26176 1.56315 170 158 255
-1.44371 0.30604 2.11885 92 186 80
2.70430 -0.02534 1.36498 143 6 188
2.55878 -0.07520 0.35992 210 74 79
1.76827 -0.02296 0.37999 211 79 173
-0.62655 0.23465 2.02442 175 175 145
0.11214 0.07962 0.27954 180 109 7
-0.97779 0.29319 2.46681 255 246 163
1.04058 0.13387 2.10768 75 255 98
-0.73804 0.17366 0.69670 178 74 207
1.84796 -0.00259 0.75967 100 114 159
1.95486 0.05298 1.84713 181 201 80
0.68959 0.06427 0.49729 24 0 84
2.27591 0.03677 1.97277 0 179 162
1.71419 -0.02302 0.14763 146 100 154
-1.45739 0.20939 0.45778 61 81 24
1.07026 0.07086 1.08460 102 255 255
-0.41249 0.12431 0.35066 75 178 241
2.16431 -0.05735 0.40242 0 0 165
1.98800 -0.05511 0.05953 97 227 214
-0.89655 0.21717 1.31000 175 180 37
0.23610 0.11255 0.90814 189 114 0
0.81922 0.09717 1.30456 91 207 255
-0.74854 0.23426 1.84761 138 1 77
0.55253 0.12225 1.35048 128 112 21
0.41036 0.11376 1.06889 252 255 255
2.43041 -0.10068 -0.12288 79 184 25
2.68048 -0.04963 0.89578 154 187 39
1.35029 -0.01720 0.05849 250 252 211
-0.92325 0.27070 2.37466 188 180 48
-0.90271 0.23920 1.68229 255 89 216
0.52523 0.05148 0.12663 175 249 255
-1.03326 0.19606 0.74333 191 0 7
0.71624 0.14026 1.96799 76 117 50
1.61121 0.06025 1.55517 192 0 0
0.40464 0.09509 0.67580 161 12 0
0.13894 0.08908 0.28728 187 96 15
1.33719 0.01064 0.49960 150 0 98
1.97161 -0.02282 0.63006 127 130 251
1.61389 0.02653 1.06662 255 255 255
0.47977 0.13956 1.55563 248 93 209
-1.08056 0.29138 2.35793 159 182 0
-1.34145 0.20112 0.38131 129 116 0
-0.06650 0.09137 0.13196 123 179 170
2.64560 0.02062 2.19579 92 146 189
-1.08529 0.23478 1.25033 255 255 255
2.61363 -0.07224 0.51196 225 104 167
1.86130 0.07769 2.18287 238 255 170
2.42914 -0.07189 0.40430 144 70 133
-1.45459 0.21505 0.56563 149 112 78
2.55628 -0.04613 0.93425 178 255 202
0.18381 0.09282 0.40077 255 119 230
0.38622 0.18441 2.17179 255 255 74
0.58249 0.18469 2.35996 235 235 255
-0.54078 0.16159 0.77994 100 96 207
0.47022 0.15287 1.67306 255 72 255
1.22932 0.04131 0.92881 168 252 242
2.42918 -0.02252 1.13597 115 218 166
-0.93798 0.24588 1.71250 255 81 225
-0.42952 0.20776 1.59829 0 20 0
-1.19801 0.20476 0.66371 164 0 186
1.00406 0.04381 0.54836 93 82 135
0.76914 0.17502 2.37117 148 228 139
2.18616 0.04215 2.01964 1 190 184
0.25255 0.16635 1.73363 183 0 58
1.57511 0.05245 1.43353 255 99 128
0.49342 0.10482 0.88935 219 208 255
-0.42342 0.18308 1.31612 0 165 165
0.13057 0.14809 1.29760 245 238 255
1.24794 0.10526 1.79205 143 130 154
1.00559 0.06608 1.03040 0 189 181
-0.85567 0.17243 0.59918 226 85 76
2.51840 -0.05918 0.74970 89 138 175
-0.31558 0.20550 1.82886 75 92 255
2.35458 -0.06768 0.43837 112 77 185
-1.36697 0.29422 2.07795 128 170 106
-0.72200 0.21454 1.54812 200 141 255
-0.26312 0.23870 2.37723 0 175 61
2.58205 0.01858 1.90007 153 250 79
-1.22707 0.24043 1.32070 137 182 154
0.30350 0.13882 1.45063 255 142 106
0.13444 0.21483 2.42602 117 135 16
-0.42719 0.24051 2.17897 98 253 205
1.47904 -0.02912 -0.14770 192 185 155
-0.30238 0.14378 0.58975 5 0 41
-1.40419 0.32363 2.47156 12 174 173
2.11882 0.06984 2.25681 132 224 186
0.74569 0.11708 1.46907 41 29 169
-0.78192 0.19040 1.01271 120 126 148
-0.04703 0.12700 0.66983 193 83 220
-1.13339 0.23035 1.14929 255 255 196
2.05073 0.01925 1.38183 118 107 255
0.61713 0.08989 0.95595 161 240 202
2.72851 -0.02131 1.57513 151 9 57
-1.32033 0.22136 0.85942 112 26 166
2.30641 -0.06889 0.27879 96 100 255
1.04067 0.07611 1.22749 93 232 168
0.39411 0.05119 -0.00591 231 255 110
2.95378 -0.01114 1.94573 190 180 143
-0.93102 0.19493 0.95678 255 181 230
1.62996 0.02762 0.97916 184 191 146
-1.03146 0.26372 1.89042 255 88 255
-0.46723 0.17682 1.08536 1 179 83
0.51893 0.13675 1.43893 145 49 64
-0.32614 0.23508 2.33610 0 185 2
0.81325 0.04646 0.49202 77 76 255
2.93764 -0.05318 1.18169 186 84 161
0.87341 0.10005 1.47930 0 20 49
-1.43084 0.29103 1.94716 21 8 35
0.70485 0.13856 1.82381 152 122 76
1.49328 0.02550 0.74729 255 175 134
2.21389 0.03250 1.90596 2 153 180
0.62469 0.07207 0.63216 58 2 130
-0.81579 0.16933 0.44170 195 143 115
1.70064 0.00608 0.73045 165 99 13
0.05348 0.14053 1.04873 134 175 0
-0.19544 0.15246 0.85183 116 150 225
-0.91242 0.20839 1.11459 255 255 255
-0.53232 0.24743 2.20625 142 255 255
1.71768 0.05574 1.56906 179 0 81
-0.70404 0.18502 0.92107 84 86 152
2.13521 -0.02078 0.85422 80 255 79
2.21227 0.03241 1.80947 0 100 120
0.38852 0.13825 1.42760 182 71 0
-1.41478 0.27383 1.61253 121 142 255
2.15951 -0.06288 0.22139 0 37 31
-0.43938 0.16643 0.93863 80 188 79
2.41838 -0.04963 0.68994 45 99 48
1.14186 0.03558 0.50574 55 0 0
-0.24575 0.15193 1.02866 94 247 255
-0.62968 0.17027 0.84572 49 47 141
1.99913 -0.03330 0.49722 22 0 110
2.00122 0.04305 1.66713 75 13 79
-1.08760 0.29567 2.30589 155 184 38
-0.66543 0.22852 1.60170 174 113 255
1.31980 0.01007 0.24573 152 73 10
0.66278 0.04146 0.08011 18 178 133
-0.05650 0.09174 0.06280 127 184 186
-0.93570 0.25329 1.82246 255 79 255
-0.91609 0.21041 1.18276 255 255 225
1.82077 0.02289 1.12848 216 252 145
-0.32474 0.16612 0.95144 85 198 181
0.26526 0.09519 0.54642 255 73 227
1.67431 0.06779 1.63366 183 0 76
2.26736 0.03999 1.95022 0 168 173
2.36980 -0.00330 1.38562 90 94 76
-1.03926 0.20677 0.88124 255 140 86
-1.28937 0.23229 1.11607 121 156 0
1.30963 -0.00307 0.17112 235 204 163
0.29490 0.18591 2.13133 255 255 172
2.20718 0.04436 1.90032 0 148 175
-0.07751 0.21389 2.14911 31 171 66
-1.29198 0.30002 2.16265 154 217 244
1.02999 0.14327 2.21240 73 255 72
1.95610 0.00344 0.97301 150 255 137
1.60656 0.04592 1.29943 255 175 210
-1.31774 0.28717 1.90607 63 6 0
0.61999 0.15745 2.15245 122 186 128
2.22898 0.05158 2.20717 84 243 119
2.94781 -0.03442 1.73296 193 98 152
-0.87939 0.27540 2.33365 186 193 56
-1.38075 0.27158 1.69387 53 14 177
2.63143 -0.04072 1.14061 210 207 85
-0.16093 0.13294 0.82582 133 145 241
-0.48693 0.21697 1.66770 22 2 0
1.40458 -0.00145 0.23619 178 76 0
2.94997 -0.01970 1.83010 190 155 192
-0.60727 0.14817 0.37608 26 92 0
1.88584 -0.04975 0.18917 63 77 122
2.65822 -0.01149 1.63773 114 33 80
-0.80815 0.17142 0.52939 202 99 75
0.39356 0.04264 -0.06428 227 255 86
1.68963 0.05634 1.58729 184 0 70
0.88655 0.04014 0.31291 75 140 207
0.61966 0.11628 1.28244 84 141 41
-0.92222 0.22364 1.51328 183 80 2
0.09065 0.13891 1.08352 152 185 5
1.61036 -0.02408 0.10435 173 135 33
2.37263 0.04155 2.07717 0 190 2
-1.47067 0.26973 1.56800 100 166 203
2.63249 -0.02266 1.38426 121 6 166
-1.53871 0.20273 0.18574 38 190 177
2.39174 0.01151 1.53513 93 74 163
-1.48475 0.27268 1.43189 99 237 89
-1.39697 0.27835 1.83939 41 0 72
0.71090 0.14975 2.07621 78 169 137
1.98862 0.07541 2.25680 97 151 183
0.56972 0.08269 0.72221 178 123 228
1.77121 -0.03884 0.16456 112 95 191
1.83483 0.03022 1.28467 213 171 76
-0.82065 0.26610 2.14503 166 135 0
0.85626 0.11682 1.53031 6 2 34
2.11087 0.05094 2.05570 36 188 183
0.70154 0.17059 2.38800 184 221 185
-0.64330 0.20537 1.29178 156 255 162
1.86943 -0.01446 0.48713 166 79 84
1.24370 0.07051 1.29075 80 106 23
-0.93167 0.24277 1.63259 255 108 160
-0.30383 0.12494 0.42793 6 47 163
-1.15633 0.20433 0.91464 255 140 87
1.01794 0.11740 1.83458 0 61 187
0.53306 0.04184 0.11938 164 255 255
1.04461 0.12778 2.09268 80 255 107
2.36265 -0.07214 0.22283 125 125 255
-0.57058 0.21226 1.70123 52 0 19
-0.60709 0.22283 1.73867 75 0 30
1.05130 0.06360 0.99822 1 185 183
0.88722 0.13664 2.15842 99 255 205
0.98621 0.00553 -0.08679 12 186 0
-0.56398 0.22921 1.92922 60 38 41
-1.41653 0.27994 1.86703 27 0 69
2.71377 -0.05942 0.89654 160 185 7
1.89595 -0.02676 0.36122 64 5 2
0.17264 0.17001 1.77787 161 0 12
0.74877 0.08696 0.84009 21 105 78
2.17103 0.00609 1.22955 0 102 184
0.09605 0.16046 1.52416 223 119 223
1.69785 0.03554 1.22249 255 201 167
-1.03198 0.16820 0.21476 255 255 157
-0.72237 0.23108 1.78108 131 0 97
1.78674 0.01717 1.02751 221 255 237
1.24553 0.12776 2.28368 40 154 179
-0.58146 0.14891 0.38683 8 74 38
0.55196 0.09189 0.85537 191 197 255
-1.28537 0.24768 1.27477 195 255 151
0.78155 0.11291 1.39047 113 160 255
0.28080 0.12750 1.02407 184 175 126
1.49745 0.06335 1.61153 255 76 81
-1.32465 0.19560 0.44130 130 85 0
1.94470 0.01800 1.21185 162 206 102
2.77293 -0.10209 0.23732 193 17 18
-1.15418 0.24217 1.43154 158 141 173
-1.22959 0.30711 2.51859 85 147 0
2.27699 0.02104 1.76086 72 155 223
2.19212 0.04565 2.08711 6 192 146
-0.80060 0.22594 1.43391 238 210 121
-1.03873 0.30162 2.48826 248 240 118
2.41804 -0.05655 0.45515 142 81 106
1.44606 0.00386 0.42570 183 0 126
0.42890 0.09165 0.69079 149 15 3
-0.98965 0.23173 1.51893 192 84 0
-0.21785 0.20960 2.03282 0 109 32
-1.49680 0.20815 0.36520 55 131 116
1.75497 0.05987 1.70765 171 29 187
0.72711 0.16433 2.35364 171 234 205
0.81944 0.10460 1.51181 15 8 66
2.45651 -0.09795 -0.04936 89 164 116
0.73256 0.12234 1.69977 135 78 102
1.34112 0.10675 2.09957 89 182 143
-1.02784 0.21377 1.00411 255 203 170
1.63243 0.00311 0.70946 184 71 0
-1.22018 0.18387 0.19099 255 255 92
2.67966 -0.04786 1.17062 224 194 128
2.59207 -0.00221 1.63147 88 25 135
-1.25516 0.19519 0.58676 152 17 149
0.94648 0.05010 0.57624 81 82 172
-1.16027 0.29325 2.34389 215 255 144
1.35351 0.11021 2.06620 99 178 128
0.71835 0.05763 0.53159 101 73 226
-1.22236 0.21001 0.76752 159 0 143
-0.88036 0.22560 1.49128 179 93 7
0.33682 0.19799 2.41411 184 143 51
0.34797 0.16470 1.69938 184 0 106
-0.28355 0.20355 1.72131 77 77 229
1.37324 0.01285 0.54385 157 0 147
0.43589 0.16897 2.28063 255 255 126
0.09154 0.16692 1.49907 220 131 255
-1.28448 0.25207 1.39729 191 243 247
1.47893 0.11717 2.27431 232 240 152
0.44953 0.07644 0.47338 130 0 25
-0.05771 0.18121 1.63197 146 85 255
2.66801 -0.09170 0.24826 251 99 73
-0.59465 0.15245 0.46287 110 124 145
2.28052 0.00050 1.26005 0 72 115
2.63044 -0.00277 1.85751 177 231 71
2.33561 -0.06714 0.19547 110 133 255
-0.93059 0.20678 1.22254 255 255 225
2.94138 -0.05745 1.12426 189 119 181
0.15764 0.08885 0.31536 186 87 44
2.84233 -0.09969 0.26537 190 0 103
1.51896 0.04177 1.14807 186 164 159
-1.20044 0.22861 1.12531 242 254 121
-0.00431 0.09648 0.22995 151 144 32
0.23684 0.09179 0.40618 255 126 255
-1.43898 0.29114 2.02475 19 59 0
2.69901 -0.09539 0.12463 255 162 114
2.45035 -0.08029 0.17161 172 136 255
2.69148 -0.00232 1.63812 128 29 54
1.38075 0.07717 1.43026 132 25 189
1.09559 0.06897 1.14706 99 255 192
-0.13851 0.12525 0.64257 59 0 32
-1.30839 0.24296 0.94171 114 69 104
2.47754 -0.06075 0.58438 75 46 23
1.61960 0.07461 1.92723 186 135 184
2.50479 0.02673 2.17774 29 167 81
2.48633 -0.05821 0.68499 73 99 94
2.84314 -0.10626 0.09431 255 171 79
1.21808 0.04870 0.92629 170 251 235
1.23084 0.05309 0.94702 175 255 210
0.60543 0.06283 0.39564 58 23 0
-1.46761 0.18224 0.12069 81 183 180
1.68500 0.00049 0.62039 168 32 0
-0.20817 0.14620 0.93338 110 204 255
-1.11044 0.25429 1.67842 253 100 77
0.99305 0.08366 1.18723 80 246 248
-1.35481 0.17288 0.06950 131 178 188
-1.45589 0.22291 0.80933 137 86 216
-1.56412 0.19168 0.13029 31 182 119
-0.10363 0.08951 0.06169 108 186 189
2.55359 0.02941 2.12006 136 255 179
0.43087 0.04433 -0.04118 214 255 126
-1.06167 0.17847 0.32788 255 219 216
0.41342 0.07849 0.37398 148 35 136
2.20233 0.04876 1.95818 1 167 192
0.83852 0.05558 0.55934 78 72 255
2.13743 -0.00320 1.11563 2 158 106
1.18759 0.12974 2.16535 109 255 145
1.39143 0.09157 2.05435 114 180 151
2.16887 -0.01955 0.69016 74 177 153
2.36338 -0.07637 0.18590 127 136 255
0.86417 0.14581 2.28662 21 173 36
1.31240 -0.01497 0.06698 238 250 239
1.52721 -0.00816 0.27854 255 132 190
2.78848 -0.11281 0.03655 255 203 96
0.96882 0.02379 0.11672 3 155 49
-1.12010 0.28053 2.09350 152 98 192
0.57969 0.08041 0.75810 172 135 255
-0.97494 0.15953 0.27746 255 240 253
0.11341 0.17228 1.76166 138 0 0
-1.05484 0.21634 0.96254 255 178 139
1.28570 0.09745 1.81953 165 146 94
-0.76062 0.26725 2.12435 157 130 14
2.50915 -0.03259 0.99785 161 255 183
-0.63797 0.19031 1.08874 62 170 0
0.35349 0.19338 2.34762 189 165 14
0.57567 0.08133 0.79359 177 153 255
1.53450 0.03629 1.10660 192 180 130
2.27777 -0.09081 -0.17713 19 190 39
-1.27161 0.28327 1.92677 85 14 3
-0.69023 0.26132 2.08296 208 199 129
-0.25624 0.12268 0.33165 110 181 255
2.38367 0.01840 1.97685 0 179 69
-0.96918 0.16939 0.38828 255 181 255
-0.90347 0.29324 2.44266 255 252 215
0.03892 0.20250 2.20406 85 185 183
0.35469 0.12561 1.11553 183 185 180
1.03438 0.14857 2.31970 0 153 42
2.06694 -0.03677 0.55075 2 12 189
0.55789 0.13339 1.53699 214 95 249
0.19105 0.18305 1.99772 249 198 255
-1.28514 0.19366 0.44519 235 172 101
-1.51952 0.20966 0.35800 37 135 151
0.28788 0.17926 1.98226 255 185 255
0.52672 0.03370 -0.05178 159 255 199
0.17574 0.18590 2.03838 238 211 255
1.32005 0.05957 1.24430 117 127 56
-1.17663 0.21489 0.86975 255 116 116
1.96013 -0.06320 -0.18956 111 255 219
-0.60618 0.26865 2.38263 186 255 220
-0.78237 0.21819 1.61500 236 113 255
2.44556 0.03190 2.21983 93 229 149
1.10485 0.04658 0.66370 30 30 9
1.40234 0.11297 2.22505 203 255 246
2.58387 0.03249 2.19152 56 158 153
2.10392 -0.04121 0.46783 0 0 168
1.54937 0.08977 2.04696 175 182 173
-0.31999 0.13620 0.62768 0 0 30
0.72712 0.10436 1.31233 42 122 159
0.15929 0.18937 1.95595 231 168 207
-0.27437 0.09397 0.09910 111 255 157
-1.41978 0.22964 0.78929 148 84 239
2.17657 0.05164 2.06256 11 197 186
-0.95671 0.26646 2.01259 255 151 229
2.48646 -0.03326 0.87714 74 176 186
1.13390 0.05087 0.71499 131 135 150
1.08982 0.08693 1.36860 94 148 75
-0.97291 0.21959 1.33409 189 178 89
2.40824 -0.07100 0.24806 140 114 255
0.16786 0.08968 0.37343 255 141 175
0.39491 0.06211 0.27338 231 179 255
1.17116 0.08897 1.52553 29 0 136
-1.24382 0.21397 0.87368 231 122 182
0.67280 0.12068 1.52300 150 94 255
-1.47330 0.24304 1.23895 27 187 32
0.10298 0.15657 1.55577 137 19 110
0.09413 0.18429 1.86398 120 31 9
0.90644 0.01709 -0.09574 1 186 52
1.03905 0.14906 2.35568 0 133 63
1.20977 0.02992 0.47914 92 0 0
0.47759 0.04062 -0.07334 187 255 131
2.51472 -0.08115 0.20894 197 122 212
2.66390 -0.10297 -0.11507 255 255 255
0.36315 0.17161 2.01396 255 218 198
-0.96228 0.28127 2.29754 182 189 0
-0.84594 0.27863 2.29665 188 185 59
1.00400 0.03690 0.42428 97 86 250
1.10020 0.01631 0.32588 48 36 140
2.37719 0.03028 1.95258 0 174 88
-1.52164 0.22054 0.53417 124 122 99
1.71634 -0.00577 0.71621 154 75 9
0.68801 0.14432 1.84912 169 134 76
2.31547 -0.06276 0.44657 97 81 219
0.13594 0.13865 1.21055 255 255 226
-0.50987 0.25811 2.31484 135 255 168
0.47535 0.07215 0.32067 118 67 127
-0.19062 0.21998 2.22375 0 186 24
2.62977 -0.08728 0.25918 239 102 81
-0.34662 0.17004 1.05766 75 250 245
-1.15971 0.23272 1.24763 167 186 158
2.55310 -0.03599 1.04168 179 255 119
2.70923 -0.00342 1.62854 143 27 30
1.65285 -0.00458 0.57479 255 97 114
1.50333 0.03249 0.93745 255 255 88
2.47027 -0.08622 0.07462 94 108 185
1.53841 -0.01635 0.18893 189 92 33
-0.51450 0.20467 1.66819 31 0 4
0.53845 0.07685 0.74799 196 127 232
2.47107 -0.08315 0.22084 173 112 234
0.92254 0.04032 0.43943 75 84 255
-0.90197 0.27364 2.14852 184 149 0
-0.70207 0.20223 1.35540 186 242 159
0.94011 0.11107 1.56999 0 0 0
0.29408 0.10309 0.70768 255 105 80
1.71147 0.01891 0.90559 162 180 156
2.40433 0.01179 1.69991 87 135 255
0.14739 0.08869 0.37960 255 137 174
0.61335 0.09126 0.97235 164 250 183
0.57140 0.13486 1.51462 212 103 246
0.49328 0.10437 1.08804 227 255 204
0.36699 0.04995 0.02699 237 255 114
2.89819 -0.00175 2.10806 255 255 173
-1.14522 0.24331 1.37959 160 160 185
2.38188 -0.04924 0.59407 31 50 0
2.36877 -0.02838 0.91045 21 187 164
-1.17375 0.29495 2.19336 207 234 255
-0.17858 0.11426 0.52072 49 3 0
-0.27723 0.09956 0.10882 113 255 174
0.02570 0.07925 0.07311 157 193 137
1.45409 -0.02007 0.02796 255 254 123
-0.34974 0.12115 0.20557 88 246 189
1.90902 -0.04915 -0.01549 128 255 255
0.53723 0.04444 0.05719 170 255 255
-1.35880 0.27227 1.70011 60 5 144
-0.99479 0.15610 0.02740 255 255 78
1.28772 0.07234 1.41142 90 42 148
2.72949 -0.05212 0.83511 172 180 42
1.69475 -0.01450 0.37229 242 91 237
1.51573 0.03873 0.98454 255 255 120
-0.84904 0.21104 1.11668 242 255 235
2.21015 0.00718 1.18853 0 114 186
1.12215 0.13229 2.22483 86 255 128
-0.62499 0.22769 1.72136 80 0 51
2.20117 -0.07218 0.06867 80 215 77
-0.30195 0.12462 0.21446 103 245 231
-0.27471 0.20967 1.72478 80 72 238
2.51648 0.00824 1.84739 132 222 138
-1.39935 0.21363 0.71989 169 71 207
1.56424 0.05164 1.31663 188 79 150
-0.48749 0.22382 1.80232 22 0 18
0.89058 0.08818 1.21097 82 244 255
-0.97870 0.20271 0.89615 255 133 129
-1.24379 0.23548 1.25347 216 255 168
-0.51402 0.25419 2.34307 143 255 156
-0.97306 0.29237 2.33682 185 193 0
2.44489 -0.00874 1.27771 118 143 78
0.33277 0.08329 0.44076 175 11 169
2.21005 -0.08120 -0.15410 85 255 165
1.34601 0.11662 2.19522 87 182 180
2.00858 -0.00648 0.98337 30 187 0
-0.47813 0.18261 1.19375 2 192 134
2.72167 -0.06205 0.58384 255 142 255
2.63708 0.01421 1.95502 182 255 115
2.83496 -0.02202 1.54173 255 88 97
2.68947 -0.02353 1.41133 146 0 187
-0.17587 0.10363 0.19061 148 244 255
0.79738 0.02154 -0.10518 0 180 158
1.33877 0.09517 1.94970 88 130 7
0.79599 0.07502 0.85042 7 117 27
2.85985 -0.05247 1.16698 181 99 187
-0.97009 0.25398 1.72009 255 83 178
0.65258 0.09014 0.83775 144 188 239
0.74980 0.13309 1.88826 52 83 28
1.14492 0.07437 1.35509 116 163 84
1.93257 0.04163 1.55108 90 0 185
2.19850 -0.04176 0.57349 0 19 146
2.57514 -0.10082 0.06507 138 109 175
-1.06594 0.21024 0.87781 255 124 79
2.76069 0.02623 2.18911 134 141 151
0.32494 0.12388 1.18545 255 255 255
2.18738 0.02723 1.76933 0 75 78
-0.13050 0.10992 0.49162 77 14 0
0.08566 0.11701 0.70263 243 97 255
-0.54089 0.19040 1.19187 108 255 181
-0.48665 0.19747 1.30437 96 255 255
2.42762 -0.07912 0.08774 77 100 174
2.76504 -0.04281 1.04134 171 167 31
2.86675 -0.00189 1.87974 180 165 172
0.07826 0.08912 0.21330 170 150 3
-0.78956 0.15795 0.36096 98 106 72
2.58378 -0.09909 0.05287 145 119 170
-0.07805 0.12778 0.59192 184 70 135
2.74287 0.00795 2.03310 225 255 255
-1.00884 0.17528 0.35460 255 211 255
0.38356 0.15900 1.80832 188 20 189
1.37348 0.03434 0.92927 229 255 107
1.12150 0.04584 0.61068 50 5 0
-1.26039 0.25521 1.37298 208 250 246
-0.62845 0.24804 2.09570 184 218 218
1.71363 0.01430 1.10435 255 255 255
0.81035 0.15441 2.08578 26 176 189
0.57734 0.11121 1.28176 110 138 9
-1.44223 0.21458 0.59136 153 100 85
1.05062 0.14850 2.30567 0 156 31
0.28288 0.17177 1.85640 186 40 165
-0.68627 0.22863 1.73991 107 0 85
-0.23694 0.16858 1.38901 2 120 0
1.35293 0.10334 2.03662 95 173 102
1.11017 -0.00239 -0.06457 152 255 118
1.97566 0.04030 1.67797 76 17 79
1.74028 0.05477 1.71669 181 35 187
-0.50449 0.19181 1.23520 99 255 236
1.56214 0.09718 2.07646 181 190 147
1.37567 0.10585 2.16052 98 188 186
2.88125 0.01933 2.18119 255 231 144
-1.52144 0.22295 0.56617 123 110 86
-0.92150 0.21241 1.30643 181 177 58
-0.32155 0.19406 1.52805 0 48 0
2.73283 -0.12368 -0.14842 255 255 255
1.95494 0.04532 1.62910 86 5 142
-0.93907 0.23468 1.62457 189 23 52
-0.38139 0.19934 1.54275 0 37 0
2.61563 -0.00092 1.76210 181 182 101
1.19819 0.05744 1.09215 64 191 55
-0.34717 0.21216 1.81686 80 90 243
1.24949 0.08743 1.64950 151 80 249
1.88073 0.03632 1.44985 108 4 140
-0.68202 0.25889 2.24896 218 255 255
2.35104 -0.01841 0.92138 9 189 157
2.05656 0.02620 1.62901 130 88 142
-1.27955 0.22036 0.99702 125 93 29
0.68145 0.11149 1.43766 63 49 183
-1.09639 0.27425 1.90580 254 93 208
-0.50254 0.22235 1.88974 19 22 68
1.09812 0.00686 0.06051 148 250 219
-0.68036 0.20106 1.06964 83 164 26
-1.28683 0.21277 0.71607 221 71 255
0.45922 0.14337 1.81242 255 111 255
1.64079 0.03673 1.31406 255 164 152
-0.81311 0.22213 1.50748 245 168 158
-0.24641 0.16128 1.09710 96 255 255
-1.02900 0.29008 2.35230 172 188 0
-1.06594 0.19775 0.69816 186 0 63
-1.25932 0.28579 2.07033 188 165 190
0.81785 0.04407 0.24705 0 99 17
2.19107 0.03839 1.83228 0 109 106
1.80900 0.03770 1.32024 225 145 78
0.85748 0.06389 0.82799 0 102 0
1.11698 -0.00145 0.02170 156 255 196
1.19550 0.01958 0.44561 83 0 0
2.36871 -0.08483 -0.02257 50 165 37
-1.43697 0.28282 1.61006 114 138 255
-1.52994 0.23053 0.64619 115 86 75
-1.03936 0.26051 1.66314 255 103 94
1.85850 0.06743 2.17635 235 255 168
-0.97469 0.19257 0.72403 183 0 0
-0.57370 0.20711 1.54145 139 138 240
2.68988 -0.08736 0.36159 167 0 37
0.04546 0.08031 0.10134 162 184 90
1.44526 -0.02226 0.03057 255 253 130
0.95780 0.14131 2.18280 80 255 127
-0.34815 0.11232 0.15886 94 255 151
-1.46938 0.19959 0.32455 62 148 127
-0.31487 0.11549 0.21367 101 246 228
-0.74061 0.25845 2.24112 241 255 206
0.20772 0.16928 1.56270 173 13 26
-0.08914 0.22273 2.33660 21 179 183
-0.23391 0.14779 0.83475 104 147 180
2.93475 -0.03053 1.67366 255 152 183
-0.33205 0.16058 0.96988 82 211 192
0.00038 0.09059 0.06412 146 187 164
0.15419 0.06188 -0.02788 188 181 111
2.23618 0.03231 1.69809 76 131 149
1.57975 -0.00851 0.48882 255 75 255
2.83236 -0.06045 0.90977 255 255 91
-1.53298 0.23984 0.74912 107 79 107
-1.25294 0.18071 0.07530 252 255 211
-1.41799 0.27566 1.62691 120 123 255
1.24648 0.07615 1.51191 148 87 255
1.74625 -0.00299 0.65148 148 48 7
2.30554 0.01321 1.62937 75 96 165
-0.96056 0.19303 0.92017 255 155 174
0.01710 0.12099 0.73658 218 108 255
-1.24938 0.26906 1.67425 112 16 70
-0.75890 0.14089 0.09955 74 191 191
2.18504 0.04480 1.82029 3 113 108
-0.25796 0.13148 0.59601 21 0 0
2.44895 -0.04830 0.71514 55 113 88
0.23785 0.18293 2.09108 255 241 255
3.01637 -0.00864 2.18854 255 221 86
-0.66141 0.26296 2.31454 206 255 255
1.05546 0.08655 1.39372 84 150 79
0.32981 0.19295 2.41150 183 136 44
1.96531 0.00799 1.10683 65 170 0
2.27511 0.04695 2.11809 0 179 48
0.43049 0.09097 0.75545 241 134 141
-0.37354 0.23476 2.12765 81 240 187
2.66684 -0.07194 0.63228 159 76 185
-0.36460 0.12742 0.44614 0 44 182
2.47696 0.04024 2.18688 21 163 61
2.65981 -0.10798 -0.00597 176 147 163
1.26093 -0.01614 -0.12265 229 255 219
2.41355 -0.02334 1.29899 100 126 84
2.62236 0.00202 1.79914 180 206 80
0.16514 0.20427 2.14688 231 255 255
0.92492 0.08303 1.13957 72 255 255
2.81940 -0.10911 0.03738 255 199 72
2.11278 -0.00792 1.19837 14 111 156
1.57711 0.04605 1.37977 184 45 82
2.64743 -0.04032 1.31787 214 112 226
-0.71222 0.19732 1.14265 97 190 10
2.15176 0.03215 1.75701 95 152 105
-1.30832 0.19334 0.30457 222 239 92
2.58927 -0.01552 1.41293 92 0 155
2.35179 -0.07420 0.32526 114 83 255
-0.59540 0.22626 1.78356 63 0 0
-1.02902 0.16703 0.33325 255 218 248
2.85429 -0.08486 0.55709 255 133 228
0.00906 0.16306 1.43858 189 166 255
-0.48028 0.19933 1.47663 96 167 193
1.94073 0.00891 0.90638 68 176 118
2.57902 -0.05802 0.76394 110 145 193
-1.03876 0.29740 2.53174 255 229 149
-0.48413 0.25540 2.47589 53 141 0
0.01211 0.13287 0.85589 130 82 137
2.04409 -0.05382 0.12454 89 194 116
-0.71577 0.13848 0.06115 49 191 190
0.25530 0.07412 0.01810 255 255 78
-0.73758 0.20547 1.17588 109 188 0
1.06982 0.07461 1.28228 93 196 112
-0.65226 0.22815 1.82789 96 0 6
-1.29468 0.29510 2.16280 156 222 238
0.45126 0.06294 0.14836 207 249 255
1.07586 0.10342 1.72095 1 3 179
0.15760 0.08101 0.26462 178 114 20
-0.42936 0.15182 0.72957 0 2 45
2.36787 0.03438 2.06959 0 188 18
2.44986 0.01540 1.72066 19 62 181
-1.43740 0.21753 0.67703 155 79 151
1.26704 0.11557 2.15241 51 193 114
-1.45331 0.20974 0.53369 148 124 77
2.51284 -0.01515 1.39216 58 4 85
1.00008 0.04724 0.70294 0 38 0
2.34519 0.00815 1.58740 81 82 164
-1.02479 0.24422 1.57611 186 53 0
2.27873 -0.03752 0.66205 82 164 91
1.36033 -0.01864 -0.12614 255 255 255
2.81109 0.00580 2.01679 246 255 255
-1.28714 0.25274 1.63874 184 121 220
0.74650 0.05049 0.45060 95 84 194
-0.99968 0.17879 0.60815 183 0 78
-0.24487 0.11011 0.19130 122 252 254
1.74853 -0.02845 0.18743 133 81 186
-1.41580 0.28605 1.88896 34 0 66
-0.79118 0.26844 2.36386 178 188 165
0.24373 0.08291 0.41272 255 114 255
2.10646 0.01600 1.47016 102 76 204
0.28362 0.12377 0.95589 186 148 77
0.37836 0.13679 1.42470 255 155 79
2.26688 -0.07963 0.04980 11 142 3
-1.25929 0.31498 2.29681 169 255 255
2.55439 -0.05460 0.66008 108 88 144
1.91793 -0.05865 -0.12877 117 255 232
-0.27148 0.13187 0.65201 9 0 0
1.90121 0.04095 1.55888 114 0 192
-0.70563 0.19563 1.08203 92 172 30
0.70708 0.15066 2.09557 89 173 147
-0.62492 0.14760 0.27001 22 147 1
1.98276 -0.01497 0.77415 130 210 254
-0.48985 0.12047 0.11508 76 255 81
1.57232 0.06466 1.48144 255 84 102
0.93212 0.02278 0.17565 0 121 68
-0.31128 0.15897 0.94340 82 196 189
-0.74284 0.16656 0.66850 175 75 171
0.01624 0.08014 0.04679 157 187 157
0.84760 0.06486 0.85496 0 108 0
1.42296 -0.01938 -0.04625 255 255 234
-1.37187 0.31063 2.26104 115 255 233
-0.54994 0.15364 0.61699 90 75 255
0.30499 0.19775 2.20371 255 255 113
-1.39798 0.25479 1.26424 60 189 0
2.13235 -0.05349 0.24105 0 40 24
1.61361 0.05957 1.62972 188 0 37
2.28022 -0.06289 0.21008 92 136 223
2.13867 -0.05597 0.23509 0 43 26
-1.19398 0.19898 0.65775 169 0 175
1.54163 0.01669 0.73930 190 91 14
-0.37629 0.22454 2.12584 86 236 201
-1.39800 0.23083 0.88309 82 33 186
-0.85267 0.16004 0.22321 130 171 194
2.94571 -0.05515 1.19066 182 83 155
-1.14152 0.23113 1.15922 251 255 181
1.43994 -0.00291 0.29620 184 38 18
1.83517 0.02728 1.16250 208 235 103
-0.38707 0.21593 1.81468 0 0 107
2.88990 -0.07498 0.87248 255 255 111
0.88271 0.07029 0.91816 0 155 4
1.80631 0.00651 0.84404 125 158 186
-0.99586 0.16567 0.16252 255 255 149
-0.01559 0.08841 0.17635 138 171 98
-0.60347 0.26777 2.43335 101 160 87
-0.52910 0.17193 1.09275 17 168 25
1.38981 0.06279 1.31472 139 85 169
0.26493 0.14798 1.47517 255 132 102
1.90883 -0.01977 0.47056 63 0 10
0.86533 0.10711 1.51177 0 12 36
0.71131 0.12380 1.50241 143 102 255
-0.21168 0.10440 0.13660 137 255 251
1.72751 0.00959 0.81939 149 136 115
2.51190 -0.07469 0.41927 174 76 78
0.88194 0.12532 1.80681 4 37 87
1.28883 0.12997 2.31107 137 240 255
0.99591 0.07494 1.00514 0 180 163
1.91863 -0.05970 0.04561 123 239 255
1.42099 0.09729 2.16530 129 188 184
-1.07767 0.21171 1.02721 255 214 145
1.46962 0.07246 1.41227 165 25 154
2.00179 0.06820 2.14169 165 255 255
0.20533 0.07083 0.09877 189 184 0
1.66258 0.00568 0.75569 182 100 6
2.26000 0.02042 1.70995 78 133 172
2.47026 -0.06808 0.34985 169 75 134
-0.35419 0.15634 0.88625 76 166 112
0.87321 0.05729 0.75984 0 60 20
-0.26266 0.12095 0.36643 106 162 255
-1.03906 0.25819 1.77647 255 79 156
1.36052 0.04568 1.01067 232 255 85
-0.93425 0.27117 2.08440 186 108 57
-1.36236 0.20651 0.66559 192 80 205
3.00942 -0.02541 1.92866 187 179 127
2.04687 0.02334 1.40841 119 95 255
1.53700 0.05035 1.39367 186 35 110
-1.36488 0.27079 1.64854 144 120 255
0.38370 0.14462 1.52715 184 22 12
2.32735 -0.05023 0.61059 12 49 0
0.07999 0.15468 1.32084 224 227 241
-1.12239 0.27926 2.07160 153 96 185
-1.19398 0.17998 0.25355 255 255 81
-0.36748 0.22588 2.04596 89 195 248
0.67609 0.08154 0.84991 128 193 220
-0.84187 0.24708 1.69158 255 81 255
1.43262 0.05078 1.26721 156 112 163
0.75111 0.10097 1.11038 25 188 22
-0.54830 0.21003 1.44887 127 181 255
-0.15327 0.22485 2.19910 12 184 39
0.97159 0.09989 1.53971 0 0 0
1.31178 0.05501 1.15529 112 168 0
0.66805 0.15144 2.04690 97 158 84
-1.15714 0.25094 1.40501 156 146 179
-1.44319 0.28282 1.71121 21 12 192
-0.17759 0.24314 2.39325 82 249 251
1.10741 0.14043 2.23349 82 255 116
1.85635 0.00686 1.08318 194 255 135
-0.18900 0.09823 0.06221 151 255 214
-0.85927 0.29044 2.42492 255 255 241
0.00892 0.12677 0.87309 127 86 135
2.71562 -0.09935 0.22906 181 21 0
-1.38768 0.18380 0.18870 118 182 142
-0.57035 0.15306 0.51546 98 100 209
2.74252 -0.00300 1.76214 230 187 77
0.52377 0.13023 1.54331 235 98 228
0.28708 0.09531 0.54962 255 73 214
-0.74105 0.23473 1.82386 139 0 88
0.52056 0.17083 2.15590 163 185 29
0.55269 0.13146 1.53953 217 95 248
0.42333 0.19012 2.33047 184 169 67
0.40554 0.11843 1.11518 167 187 165
2.65895 0.01250 1.94189 189 255 130
1.23084 -0.00090 0.03249 208 255 255
-1.44414 0.21265 0.54798 152 120 74
2.51296 -0.02189 1.12377 156 225 100
0.32996 0.06244 0.13705 254 254 164
2.75451 0.00374 1.90651 229 255 189
2.28984 -0.01699 0.93326 77 255 180
2.80382 -0.07391 0.65997 255 193 188
1.52959 0.05704 1.30948 180 88 165
1.81048 0.07677 2.09396 255 255 80
2.74109 -0.09336 0.33545 183 0 59
1.16954 0.00996 0.21840 180 175 235
1.35423 0.11053 2.30347 173 233 234
0.87550 0.10347 1.54593 4 0 7
0.28387 0.12227 1.18030 255 255 255
1.00840 0.06374 0.80651 0 102 33
0.78385 0.04117 0.25235 0 87 10
-0.95052 0.17533 0.53430 175 22 83
2.83490 -0.07026 0.81307 255 255 73
2.35319 -0.07025 0.23342 111 109 255
-0.00593 0.08461 0.18266 143 161 82
-0.02394 0.10111 0.24028 137 139 57
2.92047 -0.03327 1.51117 255 77 75
0.98419 0.12894 2.05101 75 251 199
1.61077 -0.00074 0.51918 255 80 207
1.37538 0.09757 1.85218 112 92 2
0.72473 0.09725 1.28070 40 131 130
0.86456 0.13737 2.03884 100 239 255
-1.17527 0.21946 0.95381 254 166 76
1.26893 0.01188 0.42251 124 0 0
1.05037 0.09351 1.44685 1 20 0
1.93547 -0.03096 0.35399 38 0 0
-0.67113 0.17265 0.73230 155 81 255
1.17357 0.10826 1.85889 22 75 94
1.20588 -0.00117 -0.08656 207 255 195
0.80335 0.11550 1.55913 21 0 60
-1.49844 0.26646 1.45283 99 227 90
-1.26649 0.20338 0.65817 144 0 181
-0.16987 0.19581 1.60335 100 96 235
1.45081 0.07091 1.67344 237 93 82
-0.58466 0.22631 1.82338 61 2 0
-0.61712 0.21436 1.53343 154 142 255
2.37212 -0.09133 -0.14230 53 190 0
-0.14116 0.19355 1.74792 106 76 255
-0.85029 0.27786 2.23426 180 175 7
-1.33345 0.21513 0.70546 202 78 253
2.54672 -0.04384 0.90928 92 194 141
1.48833 0.09915 1.96964 155 151 162
0.55788 0.10668 1.14745 113 190 23
-0.42726 0.23856 2.31868 107 255 109
-0.58418 0.21435 1.63770 61 8 92
1.03910 0.01477 0.09927 35 164 98
-0.59774 0.19511 1.28537 134 255 207
1.01654 0.10084 1.52864 0 0 7
-0.89956 0.20496 1.12135 255 255 249
1.10587 0.02564 0.52196 46 0 0
1.11731 0.02715 0.38169 60 12 84
0.32718 0.11129 0.96237 187 154 118
-0.79051 0.18298 0.66349 206 72 128
0.74252 0.06414 0.50161 93 77 229
1.68128 0.09357 2.28173 187 145 10
1.68286 -0.01423 0.38710 253 83 247
2.23432 -0.07332 -0.07585 83 255 102
2.28474 0.04748 2.11130 0 185 46
1.17917 0.00548 0.18187 184 203 255
0.08006 0.11354 0.70495 251 95 255
1.59612 -0.02982 0.03474 172 166 0
1.77589 0.04799 1.55649 160 0 122
-0.59562 0.24666 2.08263 167 206 218
1.53654 0.08581 1.95151 170 144 187
1.72777 0.04668 1.44723 172 4 10
0.74087 0.09293 1.01251 111 255 79
2.69768 -0.08871 0.38848 171 0 59
1.00314 0.05575 0.64294 89 97 90
1.48334 0.02016 0.83451 255 225 91
0.08945 0.10077 0.66695 255 83 255
1.51091 0.05245 1.25048 179 116 187
-1.12401 0.28996 2.17201 148 139 168
0.49709 0.16150 1.76670 246 89 255
-1.16791 0.30440 2.21824 219 253 247
1.68580 0.05556 1.60055 182 0 60
2.00363 0.05630 2.04868 165 255 206
1.01850 0.12275 1.96153 79 212 230
1.89823 0.04907 1.76383 119 62 76
-0.37450 0.11787 0.14751 78 255 117
-1.40543 0.32063 2.51138 17 156 163
1.87836 0.04676 1.65309 131 6 176
0.02900 0.12095 0.80961 138 66 148
-0.37893 0.22389 2.20113 86 255 134
-0.38105 0.16231 0.85817 76 153 87
-0.62302 0.21745 1.53477 151 140 255
-1.52950 0.22601 0.56648 117 118 94
-1.36664 0.21242 0.74591 182 82 251
2.31342 -0.06755 0.28536 107 96 255
-1.36520 0.22813 0.94230 92 65 152
-0.83827 0.22403 1.43144 155 122 5
-1.06016 0.18601 0.65590 192 0 91
0.92015 0.11019 1.76587 0 23 91
-0.56531 0.20612 1.52992 138 145 241
-1.14090 0.19478 0.60787 180 1 180
0.99328 0.03123 0.38115 89 103 255
0.72462 0.04062 0.14938 3 147 26
-0.75536 0.27750 2.31875 155 192 167
1.97707 0.04052 1.71834 81 39 37
0.08237 0.10791 0.46245 248 100 165
-0.60803 0.16653 0.65594 118 75 255
2.53281 -0.09869 0.00762 124 143 184
-1.41605 0.20571 0.46183 78 76 0
1.83109 -0.04632 0.05350 82 148 180
0.95809 0.14165 2.15288 79 255 126
2.60534 -0.01607 1.40650 104 0 175
0.09380 0.18922 1.99248 206 192 195
0.25678 0.15296 1.66112 182 0 9
2.43116 0.03014 2.06500 1 188 0
-0.54789 0.16276 0.65965 90 79 255
0.88747 0.12351 1.79004 3 26 72
2.10813 -0.06684 -0.04924 77 255 184
0.00274 0.11363 0.56813 220 80 191
-0.36857 0.19241 1.54581 0 40 0
-0.98011 0.21838 1.17254 255 255 255
1.02665 0.10617 1.62529 0 0 85
-0.16107 0.09084 0.06931 171 255 255
0.24557 0.08432 0.49498 255 95 255
0.17174 0.09238 0.34883 255 152 162
0.90059 0.12282 1.63090 0 0 0
0.83738 0.12936 1.74134 15 10 3
2.07599 -0.00380 0.96755 99 255 74
-0.88279 0.16256 0.29422 144 144 189
2.90064 -0.03008 1.63155 255 118 112
1.44010 0.04172 1.01035 252 255 89
2.29700 -0.04807 0.58425 91 122 125
-1.51961 0.23185 0.64227 116 84 73
0.92624 0.12671 1.83624 0 56 148
0.95194 0.07831 1.03530 0 185 155
-0.71462 0.13583 0.05474 55 183 193
-0.31097 0.21880 1.94400 75 140 255
1.47924 -0.00115 0.22753 255 155 105
1.80935 0.01978 0.97818 130 186 171
1.80320 0.01476 1.14598 226 240 144
0.75974 0.08890 1.20140 29 169 109
1.38022 0.05488 1.31895 135 87 159
1.37602 0.05259 1.25908 137 119 116
2.28351 -0.02617 0.91262 81 255 185
0.44948 0.11676 1.32245 162 131 0
1.40965 0.10535 2.07956 126 184 183
-0.02472 0.08151 0.00006 140 183 189
2.10374 -0.01600 0.76593 91 211 157
2.11067 0.05984 2.24075 128 228 204
-0.14141 0.22003 2.43999 92 226 255
2.12560 0.00230 1.11894 0 156 104
0.67197 0.11562 1.33155 66 106 121
0.16269 0.07057 0.12588 186 173 0
-1.04669 0.28373 2.21947 172 164 61
1.66563 -0.02872 0.10941 161 136 84
0.74121 0.15630 2.21270 69 190 187
2.30981 -0.05359 0.51322 92 91 174
2.71159 -0.03562 1.34479 155 10 190
1.33889 0.12308 2.19783 83 186 180
0.25904 0.07070 0.04429 255 255 68
2.58597 -0.02918 1.31301 184 115 178
-1.20551 0.25380 1.61745 220 126 161
-0.45552 0.24851 2.22674 111 255 196
-1.20103 0.20553 0.60317 167 0 180
-1.52052 0.19819 0.27120 40 173 187
-0.51173 0.22916 2.02482 130 180 244
0.33998 0.16788 1.87132 189 58 189
1.95848 0.05566 1.92200 178 232 90
2.66927 -0.01889 1.47052 129 0 172
-0.51812 0.22367 1.90281 40 26 57
0.34411 0.05021 -0.00789 247 255 78
0.85589 0.10798 1.50173 2 16 52
1.71893 0.01143 0.83728 156 146 112
1.31014 0.03204 0.74008 214 162 255
0.49603 0.14880 1.77954 245 97 252
2.03195 -0.02148 0.78425 104 218 209
-0.15648 0.12122 0.41728 66 41 38
-0.06478 0.22267 2.32048 33 176 187
1.05872 0.01878 0.30632 119 137 255
-0.72665 0.25583 2.16082 227 243 163
1.57280 0.05922 1.53140 255 76 74
-1.48765 0.20532 0.38447 49 122 104
1.46715 0.06652 1.56452 251 79 130
0.19963 0.19394 2.26872 240 255 139
2.36738 -0.00692 1.28198 5 62 25
2.36712 -0.02109 1.10357 100 239 242
0.70253 0.08813 0.96707 127 251 110
1.87856 0.08198 2.23906 147 162 143
-0.38872 0.12988 0.36235 77 171 255
0.92494 0.03577 0.40093 81 92 255
0.92413 0.06228 0.79957 0 88 0
1.69020 -0.03312 0.10602 145 129 119
2.69466 -0.03751 1.16384 237 198 149
1.08840 0.00486 0.00251 145 255 162
1.21374 0.08997 1.67037 137 85 255
-0.78869 0.16810 0.64875 194 72 119
-1.06254 0.20352 1.03470 255 213 161
-1.27496 0.26582 1.72305 103 0 64
0.35615 0.18601 2.22447 255 255 72
2.61479 -0.04616 1.08396 201 244 78
-0.74407 0.19925 1.21466 200 255 77
-0.17427 0.22198 2.28633 3 184 93
1.38863 0.07283 1.56353 214 81 207
0.26158 0.05832 -0.00983 255 255 90
-1.11088 0.30078 2.49670 229 241 85
1.30838 0.04366 0.86947 205 229 216
1.80148 0.07663 2.06239 248 255 73
1.85069 -0.02998 0.31964 172 96 141
1.43000 0.05936 1.29926 159 86 185
2.31389 0.00747 1.54652 79 74 104
0.36303 0.10431 0.93183 255 219 209
0.46585 0.15713 1.85344 255 125 237
1.99795 0.06683 2.16817 175 255 255
-1.29393 0.23266 1.02860 116 116 21
0.75520 0.07098 0.77696 15 76 108
1.00662 0.09420 1.48809 0 15 0
2.48302 0.02330 1.95411 114 255 91
-0.53680 0.23373 1.81709 39 0 1
1.02549 0.06235 1.13662 85 255 255
2.15289 -0.01885 0.99177 0 187 22
0.10563 0.10706 0.58472 255 71 255
1.21267 0.08428 1.43208 60 35 104
1.96056 0.03105 1.43803 74 9 188
1.24256 0.04015 0.91660 174 240 237
-0.65052 0.20060 1.41000 165 207 242
-0.69019 0.23524 1.72960 114 0 104
0.56261 0.14705 1.86880 225 145 128
0.34001 0.18924 2.33666 188 169 11
2.07492 -0.01671 0.77204 88 217 181
-0.07506 0.12078 0.62695 181 73 165
2.15793 -0.06536 -0.00379 74 248 117
0.48496 0.08702 0.59658 123 0 0
2.33141 -0.07002 0.15216 111 162 222
1.76040 0.05109 1.47376 162 0 37
2.50464 -0.07185 0.40739 181 76 80
-1.34024 0.19408 0.21578 132 185 88
2.60910 -0.10148 0.07618 153 104 145
1.46542 0.10163 2.06006 148 183 186
2.05499 0.06342 2.08261 64 190 170
-1.08727 0.21191 1.02214 255 210 136
0.37402 0.18749 2.17140 255 255 84
-1.00695 0.20044 0.80292 187 17 0
1.77955 0.04870 1.46628 159 2 57
0.08802 0.16161 1.62606 128 0 76
-0.32492 0.17698 1.13114 79 255 255
-1.01514 0.15462 0.18780 255 255 156
0.86714 0.10188 1.33967 83 183 255
-0.71922 0.16436 0.48974 159 113 87
2.34375 -0.05291 0.56300 14 28 17
-0.03995 0.11431 0.64189 196 79 229
-0.35574 0.20889 1.74173 78 75 179
1.78530 0.01359 0.98191 139 196 184
-0.20977 0.22768 2.28550 0 187 44
1.28918 -0.01024 -0.04010 234 255 255
-1.08593 0.21605 0.93567 255 157 83
2.77748 -0.03631 1.37133 177 6 165
0.25441 0.09827 0.77696 189 42 1
1.68946 0.09685 2.28584 190 142 11
2.88272 -0.06559 1.05047 186 161 156
-0.20932 0.21796 2.27394 0 188 37
0.20265 0.12406 0.82757 186 72 5
-0.64046 0.20839 1.42459 159 203 254
1.95218 -0.00231 0.98123 146 255 127
-0.45900 0.15621 0.61899 0 0 153
2.86735 -0.01598 1.76167 188 106 88
0.57082 0.12823 1.54614 202 91 255
0.90224 0.08084 1.08113 0 187 133
1.37895 0.10583 2.30146 183 236 229
2.75459 -0.10350 0.14929 185 56 0
-0.09808 0.14293 1.07513 155 255 154
-0.83002 0.16342 0.36182 121 103 108
-0.92704 0.15455 0.24314 238 255 255
0.50329 0.18210 2.24805 175 184 72
-0.37471 0.23279 2.14213 80 246 184
-0.34469 0.15175 0.88446 78 159 121
1.22143 0.02416 0.34405 103 24 19
-0.99837 0.20415 1.00893 255 207 195
0.66148 0.13960 1.89889 92 74 0
0.83660 0.09060 1.20150 87 250 253
-0.61809 0.23874 1.93582 82 38 5
-0.92776 0.27093 2.09668 188 111 43
-0.79841 0.22940 1.60990 237 106 255
0.10271 0.20256 2.08237 209 234 255
-0.24944 0.22090 2.16499 0 168 0
1.66673 0.04268 1.42105 185 23 0
0.82869 0.14559 2.12135 27 186 171
0.20463 0.06735 0.00540 190 188 19
-1.32182 0.29599 2.05212 60 75 24
0.12293 0.07114 0.03733 187 194 65
-0.20263 0.14538 0.83746 115 139 210
-1.13118 0.21966 0.93501 255 149 72
2.62192 -0.03857 1.03291 208 254 82
0.25025 0.18105 2.01623 255 211 255
0.59518 0.12270 1.37351 107 80 89
-1.18098 0.31000 2.47100 116 163 0
2.36131 -0.00636 1.27211 4 62 26
0.18213 0.10639 0.62510 255 80 242
0.44359 0.16890 2.16903 255 255 72
1.13910 0.13628 2.22757 87 255 145
-0.63406 0.21595 1.41649 149 215 255
2.23447 -0.06014 0.17411 0 63 74
2.01369 -0.03304 0.42189 17 0 44
1.51100 -0.04039 -0.15086 187 185 126
-0.53362 0.16971 0.85126 16 57 45
-1.33749 0.26780 1.59678 158 141 255
0.04957 0.18079 1.79125 109 4 0
-1.01207 0.19642 1.04712 255 220 220
-0.88280 0.23001 1.62841 255 104 197
-1.48301 0.21842 0.49632 130 144 103
2.84034 -0.06424 0.73064 255 223 115
1.02425 0.03410 0.54655 98 76 125
-0.57937 0.23730 2.12255 159 229 248
-0.40333 0.19291 1.69224 0 0 17
0.53059 0.08078 0.59909 92 0 37
2.68581 0.01737 2.01620 193 255 208
0.68178 0.15482 2.08197 95 167 121
-0.52139 0.12022 -0.00518 73 255 179
1.88542 0.00321 0.95702 93 183 121
-0.04014 0.19701 1.87124 149 120 86
-0.64496 0.13446 0.14435 30 186 108
2.80725 -0.02188 1.68681 255 143 85
-1.41178 0.26335 1.35150 128 255 101
1.40430 -0.00280 0.34820 174 17 33
2.57423 -0.04297 1.01332 185 255 130
-0.54719 0.22998 1.83119 46 0 0
-0.57224 0.19045 1.18156 41 185 49
-0.10917 0.17875 1.46215 46 73 102
2.66391 -0.11365 -0.00439 255 229 229
1.28114 0.08212 1.46975 175 99 255
1.04689 0.13120 2.07498 74 255 118
1.91505 0.06417 1.98764 207 255 82
0.40861 0.05360 0.01961 225 255 140
1.46169 0.07360 1.65516 241 81 82
-0.98917 0.17063 0.35681 255 201 255
0.34353 0.09861 0.58068 175 0 46
1.51718 0.06264 1.47489 255 83 134
-1.18733 0.21567 0.98220 255 178 75
0.96228 0.02581 0.34859 86 118 255
1.78968 -0.00642 0.67849 127 64 51
-0.15003 0.19373 1.86717 105 109 182
-0.22335 0.21917 2.13233 0 162 0
-0.42226 0.17528 0.98436 75 222 114
-0.63486 0.13984 0.23518 31 162 36
-0.16857 0.20223 1.87713 94 115 205
-1.00718 0.17332 0.35705 255 197 255
0.57295 0.15369 1.89926 136 74 5
-0.27207 0.12128 0.21430 110 245 252
2.62805 -0.07149 0.49236 230 98 174
-0.97671 0.30375 2.49583 255 234 189
0.21114 0.15734 1.53839 174 21 32
0.21969 0.17612 1.82908 170 22 95
-0.12273 0.13885 0.88300 144 175 255
0.07145 0.22220 2.38642 174 244 179
-1.38200 0.23938 1.03167 78 115 97
1.60838 -0.03085 0.08289 178 143 12
1.02807 0.00848 0.08913 25 158 91
2.18803 0.03801 1.81890 0 108 110
2.78851 -0.04561 1.22722 180 70 182
-0.33081 0.23282 2.17809 0 170 34
1.84478 -0.06324 -0.18272 148 255 120
-1.45614 0.22657 0.76055 141 77 190
1.73652 0.01270 0.88517 154 166 160
0.33309 0.08585 0.50858 175 0 114
-0.88348 0.14983 0.24645 140 166 194
2.72305 -0.10988 -0.02280 255 238 196
-0.53756 0.17365 0.94950 17 112 0
0.71942 0.07249 0.84670 108 197 162
-0.67009 0.15486 0.49942 129 112 122
2.09719 0.03332 1.52268 108 78 169
2.14811 0.03727 1.72088 95 139 94
-1.39631 0.20087 0.37889 94 122 24
0.13121 0.19638 2.08423 225 242 255
-0.80992 0.18048 0.76328 209 88 193
0.82479 0.03985 0.32782 74 130 178
0.15399 0.13943 1.27539 253 249 255
-1.02256 0.19194 0.60748 189 0 104
1.25814 0.06448 1.23170 87 137 0
1.95366 0.06412 2.12072 201 255 206
-1.16124 0.21419 0.94311 255 159 80
0.77464 0.03309 0.22273 0 118 0
1.00969 0.03619 0.36876 100 111 255
-0.64867 0.21594 1.47908 172 172 255
0.18967 0.21036 2.40459 146 146 0
-1.01938 0.25205 1.76364 255 81 179
0.02219 0.19904 1.91528 175 149 85
-0.78745 0.25215 1.94246 245 123 114
-1.58937 0.21662 0.48575 87 158 211
-0.20059 0.20892 1.97104 86 159 156
-0.21766 0.21761 2.12371 0 160 0
1.03010 0.03836 0.43818 107 88 201
1.97926 0.04280 1.78674 92 73 9
2.61299 -0.10660 0.00010 156 144 180
0.28868 0.14076 1.39875 255 180 139
2.02706 -0.05094 0.11407 91 205 140
2.03140 0.05350 1.88521 58 129 18
-0.14478 0.12759 0.63743 64 0 19
0.60729 0.06162 0.43868 61 2 0
0.00672 0.20351 2.20694 68 184 165
-0.38866 0.10657 0.01075 80 255 82
1.78296 -0.03994 0.03369 103 157 145
2.79173 -0.01579 1.55579 173 4 27
2.42273 -0.06627 0.39917 139 73 136
1.70917 0.04481 1.49517 182 0 17
0.36656 0.13574 1.45508 255 139 73
-0.60051 0.12185 0.04986 16 178 139
1.82926 0.06379 1.96044 244 251 83
1.88959 -0.04142 0.04515 135 239 255
1.13914 0.05983 1.03501 35 186 158
2.21505 0.03301 1.82859 0 107 133
-0.92109 0.23746 1.57134 185 60 24
1.86965 -0.04887 0.06247 145 228 255
-1.22666 0.26579 1.77322 120 0 1
2.55806 -0.01629 1.35986 86 19 101
0.45256 0.08296 0.36023 130 42 120
1.30870 0.03478 0.62144 133 18 152
-0.68904 0.20908 1.45463 185 185 248
2.35375 -0.02120 0.88737 16 183 140
2.05497 -0.07412 -0.22016 80 255 255
-1.20956 0.29234 2.12948 195 208 255
-1.01712 0.21116 0.97797 255 190 167
1.31304 0.08824 1.75340 171 116 123
-0.40306 0.10959 0.06464 72 255 76
1.04253 0.08879 1.36609 82 157 87
2.99636 -0.01290 2.05480 185 188 33
1.88707 0.02708 1.45195 109 0 143
2.95649 -0.01762 1.95263 185 191 154
0.56328 0.17087 2.34936 238 242 255
2.30884 -0.04897 0.52035 92 96 160
-0.10729 0.11240 0.46790 178 107 73
0.25641 0.13853 1.41589 255 163 162
-1.35134 0.25980 1.37577 169 255 164
-1.27209 0.31565 2.56780 62 129 12
-0.70207 0.24396 1.92203 123 36 0
-1.17955 0.21146 0.85696 253 111 130
-1.39888 0.32141 2.56151 10 130 114
1.88496 -0.04642 0.10266 138 211 255
1.09895 0.11020 1.89713 86 180 204
0.52539 0.18383 2.34697 253 245 252
0.90998 0.14327 2.22398 92 255 134
1.28378 0.01549 0.39461 128 1 0
1.52901 0.01519 0.75867 187 97 21
1.08063 0.09311 1.47866 5 22 8
2.02082 -0.02223 0.45281 17 0 91
1.77425 0.08221 2.17242 255 255 95
-0.33384 0.23562 2.34260 0 184 0
2.03820 -0.06236 -0.10286 81 255 255
-1.18709 0.17759 0.15710 255 255 99
1.92006 0.07652 2.28211 129 129 191
2.25080 -0.03298 0.76687 78 223 75
-0.98848 0.29287 2.33364 185 190 0
-1.54766 0.23536 0.80251 101 85 139
2.09048 0.00260 1.07084 17 169 32
2.16160 -0.01203 0.89730 81 255 71
1.31281 0.07081 1.36325 107 63 139
-0.86367 0.24209 1.74167 255 80 255
0.77447 0.02840 -0.02181 0 188 111
0.73114 0.05976 0.43926 97 88 166
0.06502 0.17690 1.70967 116 0 36
1.31304 0.02417 0.43829 142 0 21
1.54190 0.09110 2.02622 172 179 185
2.26840 0.01744 1.64662 72 103 121
0.34105 0.15530 1.73110 186 0 131
2.20585 -0.04641 0.44343 0 0 184
2.28083 0.00910 1.56021 73 75 91
1.74120 0.00590 0.78674 153 116 79
1.57338 0.04923 1.33656 255 147 195
2.41218 -0.01570 1.23592 108 168 104
1.85110 0.07834 2.17624 246 255 150
-1.39666 0.18814 0.07244 113 178 192
-0.31137 0.18801 1.39892 0 118 21
1.92570 0.00439 0.96722 75 188 78
1.09072 0.04022 0.64726 118 111 82
-0.15039 0.09770 0.14087 162 255 255
1.32104 0.09071 1.91980 89 127 0
1.11641 0.07123 1.23266 108 228 112
1.14604 0.06982 1.25776 124 213 81
2.42158 -0.02547 1.03420 119 255 239
0.98322 0.12871 2.06195 75 255 178
0.18513 0.16625 1.68137 173 0 0
2.83158 0.00308 2.11689 253 255 221
-0.96835 0.19465 0.71018 187 0 0
1.33892 0.02492 0.67070 229 131 255
-0.89586 0.27018 2.10750 187 128 8
-0.35519 0.21630 1.77554 72 77 203
-0.93639 0.15668 0.23906 251 254 253
-0.72570 0.21320 1.45856 197 195 225
1.12725 0.07482 1.23327 107 226 104
-0.19228 0.14845 1.09532 115 255 223
1.65435 -0.04722 -0.14986 153 187 13
0.59374 0.10574 1.07568 180 255 112
2.33241 -0.02266 1.07752 0 165 185
-0.17964 0.17854 1.55163 15 34 98
0.80999 0.09653 1.39128 99 163 255
2.17929 -0.02313 0.76711 74 219 97
0.88202 0.06581 0.79049 0 83 0
-0.10570 0.14162 0.83141 159 151 255
1.87779 0.05170 1.63482 130 0 181
-1.03602 0.28773 2.31303 172 187 0
2.86514 -0.08423 0.69063 255 211 110
0.27433 0.07814 0.35892 255 138 255
1.76707 -0.02516 0.35383 212 90 186
-0.93172 0.18263 0.68765 167 0 0
0.27704 0.15512 1.60723 188 0 0
-0.84945 0.19646 1.04669 153 141 178
2.24812 0.01655 1.54268 77 76 80
0.82098 0.12387 1.73494 26 4 0
1.70470 -0.03953 0.02835 139 163 69
1.73317 -0.04314 0.03172 127 163 95
2.75097 -0.08935 0.38836 186 0 109
1.96208 -0.03106 0.54266 39 4 111
-0.06940 0.10787 0.29180 109 115 66
0.41252 0.07852 0.43444 142 11 80
0.22057 0.20999 2.38017 159 157 0
-1.27664 0.22399 1.04097 121 123 10
-0.90845 0.24345 1.63873 255 100 181
0.13967 0.16234 1.72298 151 0 0
-0.98223 0.29103 2.35359 180 189 2
1.58237 -0.03686 -0.13845 172 193 62
-1.48460 0.26714 1.42690 104 237 98
-0.48681 0.16749 1.07452 6 165 40
-1.06563 0.25128 1.58645 183 50 0
1.53148 0.02081 0.83865 255 228 73
0.61470 0.07878 0.59176 60 0 83
1.48840 0.02658 0.76787 255 185 121
1.44302 -0.02856 -0.08644 255 255 242
0.59225 0.13844 1.64470 201 74 255
2.47319 -0.01869 1.16593 135 203 113
1.55458 0.07238 1.70018 255 99 115
1.18353 0.09397 1.51947 38 0 140
2.27584 -0.07832 0.12411 5 91 62
2.76318 -0.10497 0.16065 183 48 0
0.57336 0.05099 0.24054 153 191 187
1.72060 -0.02319 0.35505 236 89 222
1.42215 -0.01689 -0.04699 255 255 223
1.24972 0.01685 0.41982 112 1 0
-0.93340 0.23601 1.52238 182 74 2
0.81951 0.06664 0.77716 0 68 53
0.43931 0.10395 1.01564 245 255 255
1.02003 0.10047 1.57225 0 0 37
-1.09643 0.26545 1.84059 255 77 164
2.74054 0.00358 1.92614 230 255 194
0.99654 0.06709 0.99023 0 177 158
0.61715 0.04717 0.14755 125 241 207
-0.96156 0.26946 2.02997 255 155 231
0.40366 0.09962 0.78755 253 142 128
-0.48706 0.09834 0.00569 75 255 147
1.91853 0.00745 1.06686 169 255 105
1.06454 0.13609 2.23713 77 255 89
-0.25357 0.16006 1.18877 4 186 124
-1.52463 0.22394 0.52930 119 131 112
0.25471 0.09827 0.51166 255 81 253
0.60440 0.12826 1.54145 197 96 255
0.60664 0.17068 2.15064 129 188 106
2.21673 0.03031 1.82794 0 115 146
-0.56230 0.15434 0.56103 98 80 253
0.27745 0.11721 0.94200 188 138 51
-0.72010 0.15256 0.48914 155 114 87
0.46481 0.09595 0.69388 137 23 33
-0.87195 0.26060 2.10629 187 127 0
2.05824 0.04983 1.94466 50 165 92
0.61167 0.13210 1.56131 193 91 255
2.94916 -0.02733 1.62928 255 122 148
0.35746 0.14012 1.47589 255 132 77
0.41654 0.11246 1.09909 254 255 255
1.13525 0.02535 0.54051 51 0 0
2.39908 -0.09304 -0.14821 67 191 0
-0.83925 0.26739 2.11794 176 128 0
1.98543 -0.02119 0.72709 126 186 255
0.01110 0.20232 2.13667 72 168 132
0.49058 0.16193 2.02420 171 136 0
0.47150 0.17352 2.25826 183 188 56
-0.26767 0.11607 0.28926 109 202 255
0.97983 0.03375 0.48169 88 73 221
2.86275 0.00598 2.07553 179 187 135
2.00906 -0.02015 0.64231 113 134 255
1.38217 -0.01781 -0.07269 255 255 255
1.93154 -0.05221 -0.04137 124 255 255
-1.07617 0.24311 1.53204 177 78 21
-0.92989 0.25139 1.93042 255 107 255
0.98508 0.13772 2.17193 76 255 97
2.57619 -0.06431 0.72762 114 123 186
1.11560 0.00264 -0.03204 154 255 153
0.19077 0.13432 1.26413 255 250 255
1.45222 0.09150 1.99695 144 163 156
2.65849 -0.01944 1.47609 130 0 179
0.23633 0.16090 1.60488 180 0 0
2.46757 -0.08347 0.19619 172 132 255
-0.84968 0.23875 1.77309 255 72 255
-0.34732 0.16543 0.94815 76 199 161
1.06750 0.02558 0.21525 40 100 188
-1.50285 0.24246 0.92403 29 48 172
2.73573 -0.10312 0.15790 185 52 0
-0.99357 0.15276 0.18925 255 255 178
-0.10258 0.11719 0.55458 86 0 4
1.36392 0.08642 1.75516 201 117 87
0.57667 0.04993 0.23436 151 190 178
1.32821 -0.01133 0.06066 244 247 225
-0.92029 0.20168 1.13648 255 255 255
-1.45723 0.19086 0.11176 81 184 181
2.30592 0.04610 2.16437 74 255 84
-1.28864 0.20760 0.71378 221 74 255
2.70532 -0.08919 0.34185 174 0 44
0.74202 0.07198 0.79697 18 85 113
2.24073 -0.03211 0.70763 70 187 94
1.54667 0.07556 1.89326 177 111 163
1.56445 0.07650 1.88617 182 115 173
2.75441 -0.02101 1.56934 153 11 36
0.76236 0.09546 1.05424 23 190 0
2.97371 -0.00642 2.01158 188 190 102
2.73842 -0.09883 0.13470 184 60 0
-0.68630 0.19084 1.07365 75 156 17
2.42414 -0.05202 0.67337 43 93 32
-0.17588 0.14365 0.75350 41 18 83
1.35672 0.02451 0.58109 154 4 164
-0.15799 0.12167 0.50379 71 6 0
-0.96046 0.23077 1.47499 189 105 0
-0.26114 0.13092 0.54043 18 0 45
-0.79050 0.20416 1.14623 138 180 55
2.48701 -0.03210 1.15622 139 208 110
-0.69964 0.25405 2.07005 212 198 123
2.99587 -0.01447 1.95821 186 192 112
-0.63648 0.21172 1.56625 172 130 255
1.77009 -0.03025 0.26137 206 134 255
-1.12221 0.30746 2.47370 220 251 73
0.50249 0.06259 0.24990 183 190 241
1.51755 0.05365 1.21549 183 136 181
1.55587 0.02785 0.77280 190 110 0
0.27509 0.16488 1.88630 183 59 175
-0.23633 0.16663 1.22008 10 182 87
-1.04519 0.22392 1.15271 255 255 255
0.70793 0.11899 1.66082 145 76 155
-0.42063 0.20442 1.67545 0 0 5
1.35176 0.09296 1.80300 191 146 78
0.76322 0.14499 2.13976 58 183 187
0.38627 0.08148 0.41829 161 24 145
-0.64735 0.13335 0.16708 30 182 98
0.35298 0.14918 1.46458 255 129 76
-0.02246 0.08436 0.06306 139 188 167
1.27151 0.10658 2.00862 57 165 14
-0.74377 0.17532 0.77296 181 103 255
1.36100 0.07109 1.41576 125 34 180
2.55929 -0.03332 1.09225 175 236 97
2.78867 -0.10637 -0.05866 255 253 166
2.61579 -0.10312 0.04080 162 121 154
0.69843 0.03298 0.05407 11 178 132
-0.43753 0.20046 1.57933 82 119 98
0.68179 0.04876 0.26604 109 173 87
1.50137 0.07796 1.66102 255 83 77
1.03848 -0.00131 -0.04462 42 188 1
-1.13418 0.29591 2.34812 141 191 35
-0.96079 0.26432 2.15010 187 145 24
-0.69099 0.23427 1.80390 114 0 49
0.69684 0.12099 1.50079 146 108 255
1.26526 0.07482 1.53090 164 84 255
0.98710 0.10871 1.69024 0 0 95
1.49272 0.02201 0.77472 255 190 109
0.38815 0.17270 1.85531 190 49 185
-0.20975 0.12776 0.55826 29 0 0
2.24930 -0.03470 0.79242 77 219 76
0.32557 0.08740 0.60223 177 0 43
2.91880 -0.09171 0.68622 255 209 81
1.06874 0.13095 2.04456 81 250 124
2.75925 -0.02028 1.50059 163 0 91
-0.74377 0.28894 2.46828 248 238 255
2.64206 -0.04094 1.16236 218 194 112
-1.07196 0.26473 2.00069 252 150 255
1.56336 0.05014 1.22738 188 118 182
2.18594 0.02071 1.60590 87 88 76
1.39503 0.01339 0.57228 171 6 186
2.36078 -0.00349 1.26118 3 72 51
2.64112 -0.08130 0.40685 240 79 117
2.47517 -0.06582 0.43137 169 75 81
2.19911 0.01678 1.64847 81 101 88
-0.85021 0.22498 1.54485 168 55 81
1.59405 0.10834 2.28397 255 233 72
-0.97373 0.20080 1.00525 255 203 225
2.51350 0.01855 1.97520 121 255 78
-0.31015 0.11408 0.16444 96 255 193
2.78959 -0.02863 1.41475 255 85 219
-0.44945 0.23771 2.12830 104 235 253
1.00883 0.12366 1.95095 70 207 237
-0.39999 0.16704 1.07930 80 255 221
0.04212 0.17639 1.67800 111 0 72
0.38839 0.17199 1.93460 255 165 245
1.42635 0.01297 0.53466 175 0 182
0.79247 0.07166 0.76078 4 60 93
2.22199 0.03105 1.69712 75 131 141
2.00564 0.07069 2.24547 93 153 185
1.42931 0.06778 1.46107 246 100 235
1.55970 0.01093 0.74254 186 79 9
0.52142 0.08934 0.61735 103 0 22
1.72798 0.09505 2.21997 184 167 10
-0.46736 0.21333 1.72873 12 0 1
0.94133 0.02292 0.12099 7 157 22
-1.15142 0.22496 1.12980 253 252 147
0.66206 0.13953 1.81184 170 120 88
0.49615 0.11370 1.14702 140 193 59
0.51322 0.17095 2.22220 168 190 67
0.26761 0.18508 2.14678 255 255 176
2.14078 0.00736 1.21924 3 102 177
1.61541 -0.01613 0.31218 255 105 255
1.00116 0.12857 2.05975 74 255 175
1.94707 0.05775 1.81129 179 178 82
1.78933 -0.05121 -0.05092 103 188 74
0.08052 0.18814 1.96171 204 167 140
2.76608 -0.08767 0.42480 188 0 155
1.75819 0.02227 1.16995 242 225 157
2.65915 -0.04442 1.20899 222 172 158
2.25251 0.04294 2.04045 0 186 132
-0.94514 0.27416 2.17060 184 150 6
2.53354 -0.08103 0.37280 193 71 79
1.54666 0.11593 2.31778 254 220 87
-1.24758 0.25984 1.54568 208 164 246
0.80469 0.13023 1.77295 111 111 97
0.66344 0.12492 1.65064 174 79 205
2.26190 -0.05386 0.46730 3 0 155
0.60603 0.09366 0.98850 170 253 174
-0.03326 0.12056 0.50434 204 90 106
1.22306 0.05918 1.00382 163 255 188
-0.46482 0.22551 2.03445 112 184 255
2.11315 -0.03081 0.57392 80 103 255
0.87868 0.15452 2.33445 21 160 2
-0.90473 0.15143 0.27112 151 157 188
-0.43534 0.09871 -0.00093 72 255 124
-0.23484 0.09554 0.01500 127 255 135
2.14992 -0.06784 0.01205 77 239 108
0.32136 0.05010 -0.03763 254 255 72
-0.13309 0.13875 0.85117 142 154 255
1.36384 -0.01276 0.05334 255 254 206
2.02658 -0.02938 0.51426 12 1 147
-0.38269 0.17153 1.07702 79 255 219
0.11619 0.06069 0.00906 188 185 104
0.27878 0.19570 2.36016 176 165 0
2.33407 0.04159 2.13766 0 175 0
1.92620 -0.03150 0.36322 54 0 0
0.63810 0.08179 0.84571 152 196 245
0.82412 0.02832 0.17197 0 132 0
-0.54818 0.19630 1.14041 23 184 43
1.25409 0.10167 1.89528 59 106 0
1.51216 0.08289 1.87289 167 98 120
2.31548 0.00045 1.54861 77 81 111
1.76779 0.06848 1.78748 170 68 181
-0.25166 0.23986 2.22870 0 183 0
-0.45770 0.22291 1.85428 17 16 80
-1.06198 0.29434 2.27191 161 183 30
0.13392 0.21495 2.31351 208 255 188
-0.05855 0.17754 1.53263 68 33 180
2.75055 0.00883 2.13844 141 165 185
0.85483 0.02301 0.11318 0 154 0
1.47374 0.00028 0.45414 188 0 175
1.09799 0.00769 -0.01368 142 255 148
-0.26721 0.20884 1.92951 70 143 241
-0.46002 0.15493 0.79186 0 28 37
1.29707 0.10376 1.94838 73 139 10
1.05816 0.11271 1.79752 0 43 192
0.18387 0.15385 1.56425 170 12 29
-0.21230 0.17045 1.40259 9 111 0
1.99443 -0.02786 0.44483 20 0 64
1.59510 0.01268 0.70319 180 73 2
-1.23286 0.18642 0.55841 154 23 140
-0.30121 0.24941 2.35810 0 181 21
-0.07542 0.23894 2.35730 114 255 255
-0.76695 0.25154 1.92324 150 26 25
-1.47988 0.21843 0.62243 125 94 77
-0.00352 0.11497 0.72671 214 102 255
-1.32049 0.20856 0.60832 208 93 192
-0.72917 0.19947 1.14205 104 186 14
-1.28390 0.24383 1.32096 197 255 172
1.35074 0.07154 1.45300 207 107 255
-0.13459 0.10334 -0.02294 97 183 127
1.08751 0.11195 1.66122 2 0 162
-0.43052 0.23127 2.20164 97 255 196
2.87748 -0.05998 0.99491 188 176 104
-1.06549 0.29131 2.40997 158 185 0
-0.79647 0.20650 1.16732 132 179 46
0.79748 0.07442 0.84448 0 115 18
0.47420 0.13016 1.38082 153 93 0
-0.68059 0.14727 0.33575 50 115 0
-1.29674 0.31603 2.53113 55 156 58
2.63540 -0.09934 0.22210 248 114 97
0.15858 0.09326 0.49314 255 83 255
1.20324 0.08016 1.42372 49 29 88
0.75048 0.05084 0.69684 11 34 176
0.11285 0.12578 0.94910 158 137 0
1.43552 -0.01945 -0.06086 255 255 231
2.90147 -0.04901 1.21280 190 69 168
-0.41736 0.20047 1.54608 85 126 94
1.05930 0.07146 0.96643 9 175 174
1.81245 0.04239 1.33712 231 141 84
-0.69587 0.13860 0.18170 51 183 129
2.78015 -0.00005 1.90768 241 253 207
-0.89879 0.26178 2.01721 255 158 163
0.19917 0.20095 2.23121 235 255 190
-0.33892 0.17881 1.20080 0 186 181
2.75591 -0.01683 1.63588 153 32 5
-0.31354 0.21690 1.95011 82 152 248
1.05117 0.12179 1.96894 76 211 204
0.51721 0.04807 0.04830 170 255 255
1.57221 0.03987 0.99997 189 193 104
-1.26593 0.22840 0.94322 132 72 60
0.94880 0.11144 1.65564 0 0 38
2.23915 0.05575 2.15886 0 173 64
1.52271 0.06550 1.63151 255 85 81
2.08604 0.05385 2.06726 38 187 181
0.46376 0.14418 1.59992 253 85 226
-0.07489 0.13416 0.81509 94 52 185
0.55399 0.11925 1.28722 124 134 0
-1.19478 0.25593 1.65709 137 21 39
2.36742 -0.02828 0.92112 13 183 158
-1.09801 0.24419 1.39055 180 154 155
-1.39468 0.20717 0.53187 169 118 83
0.03502 0.07144 -0.02657 164 182 181
2.22264 0.04109 2.09064 0 182 128
1.53792 -0.03659 -0.17791 182 174 121
2.58968 0.01037 1.96450 148 255 84
2.25971 -0.03013 0.81648 87 249 97
0.06969 0.13810 1.13342 141 187 25
-0.01203 0.10669 0.44109 218 111 95
-1.35194 0.22708 1.02764 93 109 70
-1.39821 0.27486 1.67389 44 24 188
2.63064 0.01506 2.03482 171 255 178
2.54291 -0.04597 0.90011 95 184 147
1.70727 -0.04348 -0.05845 138 185 6
2.44791 -0.10271 -0.23060 100 179 0
0.85964 0.09164 1.29780 87 207 255
1.02497 0.01598 -0.06140 32 189 0
-1.19892 0.23039 1.24888 236 255 196
2.22566 -0.02499 0.92183 75 255 129
1.31997 0.05921 1.25947 125 116 56
2.26161 -0.07890 -0.16818 15 187 55
1.67904 0.02048 1.08387 255 255 255
-0.27671 0.11979 0.33797 102 184 255
-0.66022 0.14232 0.34004 42 112 0
2.12853 0.00883 1.21926 4 106 170
2.55373 -0.06759 0.58891 107 49 82
0.64237 0.11924 1.37775 82 84 142
-0.69993 0.27395 2.48923 149 143 126
1.66234 -0.00159 0.62476 175 29 3
1.29319 0.08765 1.60678 169 74 255
0.88955 0.06458 0.72494 0 47 32
1.45394 0.04421 1.16142 176 167 114
2.36909 -0.04631 0.69660 25 102 5
-0.72765 0.27704 2.37944 235 255 255
1.03584 0.11254 1.84733 0 63 185
0.86336 0.10659 1.53502 3 0 27
-0.07679 0.19676 1.94949 129 149 86
0.53156 0.12241 1.50154 223 104 218
0.11174 0.18262 1.89654 134 53 45
0.34430 0.11838 1.12423 255 255 255
-0.03123 0.12323 0.89925 106 102 147
1.54125 -0.00364 0.37404 255 82 255
-1.04779 0.29608 2.43959 254 255 89
2.41608 0.01660 1.79368 6 100 176
1.74900 0.08809 2.18377 255 255 83
0.86370 0.05525 0.68218 0 28 84
0.39487 0.19323 2.38652 195 140 107
1.43742 0.08167 1.86212 141 83 43
1.07248 0.00291 -0.03132 135 255 105
-0.36150 0.12774 0.22460 86 244 189
2.74582 -0.00967 1.68923 145 58 0
-0.00150 0.14410 1.06612 115 180 2
1.08738 0.01924 0.31498 45 48 159
0.25614 0.15088 1.70215 185 0 25
1.32896 0.00118 0.10233 243 234 200
2.70723 -0.04135 1.10639 238 224 113
1.23124 0.00659 0.26973 115 62 76
0.42067 0.12078 1.18405 167 177 106
-0.14716 0.22716 2.44660 84 222 255
0.71776 0.06293 0.48147 103 87 178
-0.61961 0.12802 0.14410 22 187 83
-0.36081 0.11206 0.28161 86 212 228
-1.12417 0.19384 0.57979 189 8 184
-0.53230 0.21978 1.84750 42 9 14
2.14303 -0.07320 -0.10905 75 255 212
0.52594 0.15342 1.93887 155 95 19
2.45015 -0.03114 1.07312 127 251 201
-0.80437 0.16089 0.36501 112 108 90
-0.21113 0.09270 0.11167 140 255 242
-0.95060 0.28205 2.31126 189 188 0
1.30167 -0.00154 0.08193 236 241 240
0.60792 0.11126 1.11326 86 191 0
0.68545 0.04442 0.11102 19 165 96
0.79403 0.04211 0.24017 0 104 0
-0.40821 0.19217 1.28961 0 170 180
2.59464 -0.10732 -0.21734 158 188 107
0.71405 0.04948 0.25668 6 86 0
1.77465 0.02569 1.12887 237 246 173
-0.19579 0.12345 0.49733 43 7 20
-0.90530 0.24618 1.78867 255 70 255
0.34486 0.17618 2.18445 255 255 87
0.54899 0.14790 1.80397 230 110 195
1.57978 0.00343 0.48340 255 74 253
2.75749 -0.11663 -0.07264 255 255 213
0.91088 0.06208 0.71760 0 47 27
0.30727 0.16283 1.89598 185 59 188
-0.45110 0.20173 1.59566 8 22 7
0.88885 0.07569 0.92204 0 157 18
0.23091 0.18297 1.89368 174 55 150
0.20228 0.11870 0.84424 187 79 0
1.37919 -0.00621 0.23415 167 76 0
1.55024 0.00032 0.43746 255 77 255
1.80143 0.07646 1.98856 248 255 92
1.66422 0.00591 0.60604 255 104 97
-1.39862 0.24871 1.16832 64 176 14
0.79330 0.06899 0.78046 0 76 75
-0.34940 0.12655 0.46898 0 27 168
2.36714 0.00879 1.65920 80 114 235
0.72902 0.11083 1.40774 47 63 190
1.71576 -0.04560 -0.10873 124 186 0
0.27748 0.11423 1.07783 190 184 164
0.26944 0.16755 1.76563 187 4 89
-0.61623 0.24303 2.02310 171 172 155
0.86634 0.07490 0.94688 0 164 15
2.55039 -0.08096 0.36272 198 82 75
-1.09697 0.19247 0.55681 191 12 181
0.24656 0.10727 0.64776 255 84 177
2.86819 -0.11718 0.10480 255 160 92
0.70058 0.11095 1.31612 51 115 135
2.38949 -0.06402 0.44782 125 76 141
1.24704 -0.01120 -0.13821 227 255 186
0.13808 0.07502 0.13162 188 173 5
0.71515 0.08898 0.94367 122 241 109
-0.02210 0.16857 1.42442 173 169 246
-1.40850 0.32215 2.54596 10 152 148
0.29340 0.18216 1.95926 255 187 255
0.76588 0.08077 0.92362 13 147 3
0.90094 0.03975 0.34487 81 124 238
0.76581 0.02465 -0.00480 0 190 96
0.14524 0.16588 1.76699 143 0 0
2.76715 0.01198 2.14076 150 170 170
1.41944 0.04458 1.18724 152 151 94
0.19798 0.19917 2.22830 244 255 176
-0.40441 0.16518 0.97071 74 214 131
2.37102 0.04790 2.23335 74 223 97
-0.14101 0.19313 1.74302 110 75 255
-0.19467 0.09555 -0.03398 149 255 128
0.92891 0.09508 1.33070 76 180 187
0.15186 0.10712 0.65932 255 84 243
1.69685 -0.02348 0.30222 233 110 255
0.83348 0.09576 1.45246 92 127 198
1.22638 0.12407 2.13213 114 255 131
0.53949 0.04607 -0.02615 154 255 226
-1.11488 0.25036 1.59171 168 51 11
-0.64687 0.12614 0.07219 27 192 158
2.20873 -0.00013 1.37363 75 108 181
1.51698 0.02348 0.79972 255 213 84
1.47024 0.00148 0.58433 185 15 184
0.87934 0.14254 2.20030 91 255 164
-0.13573 0.20482 1.85950 108 104 175
-1.22760 0.27803 1.84196 119 0 0
-0.29654 0.20934 1.94151 74 133 255
1.37954 0.08829 1.85880 122 84 1
0.30256 0.15008 1.48893 255 124 76
2.32212 -0.04966 0.60904 3 55 4
2.02380 -0.00557 0.94236 118 255 100
1.46286 0.02436 0.85725 255 230 88
-0.59588 0.16052 0.57309 107 85 228
-1.11178 0.21992 1.09436 255 245 187
2.45385 0.00925 1.68572 21 43 187
0.46006 0.13573 1.49503 164 30 55
0.91288 0.12203 1.71517 0 9 47
-0.56594 0.19442 1.19181 36 188 62
2.49612 -0.05668 0.73262 70 126 138
0.97958 0.09625 1.46326 77 112 73
1.85153 0.08160 2.24215 153 150 128
-0.81473 0.27495 2.36437 177 182 156
-1.05564 0.28224 2.19790 169 153 76
-0.47785 0.24470 2.13259 112 242 255
2.47729 0.03141 2.10779 106 255 95
0.08826 0.19804 2.14790 190 255 255
2.29860 -0.00539 1.33303 0 38 49
2.41332 -0.00210 1.37778 16 18 0
0.97267 0.06580 1.04270 0 192 167
1.35378 0.10543 1.91068 108 120 18
2.08353 -0.00981 1.01516 15 190 0
-0.63225 0.22112 1.73836 84 0 44
1.47721 0.01540 0.58838 184 5 177
0.24226 0.08549 0.44915 255 100 255
2.77701 -0.07559 0.63664 255 175 230
0.16511 0.16476 1.70262 152 0 0
-0.96595 0.24952 1.75868 255 76 225
2.48795 0.02376 1.97551 113 255 81
2.37619 -0.06548 0.41339 119 70 179
0.59494 0.11730 1.57240 194 85 255
0.94912 0.08344 1.19637 74 253 255
2.25268 -0.03193 0.82323 79 246 90
1.12327 0.05611 0.74451 131 154 165
-0.41057 0.23571 2.13006 91 237 222
-0.93355 0.15366 0.22339 150 170 169
-0.59455 0.18861 1.13031 48 183 0
0.39926 0.09718 0.78882 254 142 120
1.23073 0.04756 0.86855 167 231 255
1.25456 0.04682 0.85881 179 227 255
1.79974 -0.04428 -0.19076 87 174 0
-0.71304 0.24840 1.99299 139 67 0
0.36820 0.19343 2.21515 255 255 72
2.83824 -0.01458 1.83769 174 148 122
1.39402 0.01212 0.48211 171 0 125
-1.19422 0.22538 1.05306 246 221 77
-1.17089 0.20770 1.03535 253 212 89
1.58865 -0.03690 -0.13857 172 185 44
1.76654 -0.00409 0.70340 139 78 50
0.52025 0.04396 0.01154 172 255 241
2.69142 -0.10133 0.24614 174 11 0
0.44682 0.09036 0.64684 147 0 0
-0.61058 0.21652 1.67728 68 0 71
0.75244 0.07905 0.87397 23 121 35
-0.43106 0.23136 2.02429 98 182 255
2.85680 -0.02097 1.70922 255 159 132
3.00685 -0.00622 2.15882 255 235 79
2.90553 -0.01680 1.88670 184 165 188
0.85353 0.02048 -0.03931 0 190 63
-0.26370 0.17866 1.37248 0 128 11
-0.52582 0.24923 2.25404 145 255 248
-0.12349 0.21996 2.24836 8 188 93
2.73612 -0.11732 -0.05340 255 255 216
0.05496 0.21138 2.33953 174 255 218
1.67766 0.09030 2.05195 255 255 151
0.86810 0.05844 0.69758 0 35 59
-1.51226 0.23148 0.79652 116 81 165
2.51379 -0.03864 0.94789 161 255 243
1.28292 0.11537 1.97745 59 150 6
0.98829 0.11985 1.89373 74 179 255
1.09742 0.00681 -0.14573 156 255 82
1.34123 -0.01807 -0.03573 252 255 255
0.20914 0.10891 0.71826 255 109 135
2.38238 0.03363 1.93299 0 162 104
1.67154 -0.01124 0.57696 255 92 105
2.86768 -0.02849 1.39360 255 84 153
-0.69486 0.14688 0.32728 57 118 25
-0.45528 0.15619 0.66076 0 0 125
2.34035 -0.08467 0.17625 111 149 240
0.57020 0.07825 0.62115 82 0 69
-0.74084 0.24579 2.02443 231 166 74
2.49296 -0.05205 0.58598 83 39 21
-0.39227 0.12076 0.21006 76 248 148
0.97577 0.10211 1.53876 0 0 0
0.61982 0.13532 1.76665 192 99 150
1.24410 0.00737 0.36084 124 23 1
-0.99354 0.25953 1.93015 255 107 255
2.14314 -0.06970 0.07869 70 213 79
-1.23103 0.20670 0.65901 158 0 186
1.55992 -0.02834 -0.09147 176 190 36
0.56509 0.10624 1.15377 110 186 0
2.35699 -0.02813 0.97240 97 255 255
1.39931 0.11047 2.16410 111 191 189
1.07397 0.01070 0.03903 130 255 173
-0.53747 0.18971 1.16044 24 194 67
0.95929 0.04183 0.47432 80 83 241
-0.00515 0.17482 1.55695 98 19 185
0.04750 0.17034 1.67034 118 0 70
-1.40582 0.19698 0.20317 100 184 156
1.54591 -0.02476 -0.04597 186 192 31
2.81524 -0.12790 -0.26291 255 255 255
-1.00816 0.21920 1.10385 255 251 255
-1.03555 0.25072 1.65326 255 103 84
1.13884 0.00663 0.12690 164 230 255
-1.28597 0.26150 1.48049 192 208 255
0.77254 0.05686 0.46073 89 84 219
0.83204 0.05751 0.63288 83 92 238
1.17896 0.02897 0.50787 73 0 0
0.25198 0.14852 1.53342 255 111 85
2.20605 -0.00527 1.09658 0 169 153
-0.08979 0.18787 1.84063 123 106 153
-0.21073 0.15155 0.82887 109 142 193
0.75536 0.08933 1.08217 23 188 11
-0.58074 0.23476 1.87837 63 14 1
-0.78479 0.18119 0.73655 202 88 185
-0.98755 0.19071 0.78261 181 1 0
2.07013 -0.06537 0.11324 83 190 95
1.27401 0.11591 2.15961 55 184 131
0.72305 0.10567 1.17821 37 180 54
1.84167 -0.03074 0.44354 171 79 83
-1.21873 0.19071 0.42669 255 171 149
-1.20563 0.31179 2.35505 193 255 180
1.67659 0.04432 1.33064 255 145 125
1.18531 0.03666 0.64155 73 24 65
0.32232 0.08164 0.42281 174 29 174
2.78642 -0.10921 0.01200 255 211 103
1.62849 0.01285 0.71698 181 81 0
0.19300 0.19299 2.13466 242 255 255
-1.44838 0.29507 2.01994 6 53 4
-0.22600 0.16038 1.10900 97 255 245
0.25278 0.10971 0.97042 189 144 49
1.62979 0.10209 2.13501 185 186 43
-1.10414 0.27615 2.07464 156 98 186
0.67904 0.02798 -0.02551 15 189 181
-0.33268 0.18585 1.48256 0 73 0
2.40271 -0.08875 -0.10551 67 188 13
0.09041 0.11252 0.45177 255 99 183
-0.22534 0.18878 1.48541 5 61 11
2.21863 -0.00657 1.05652 0 177 139
2.73331 -0.05728 0.95335 255 255 77
0.23196 0.07393 0.19908 181 139 40
-0.50673 0.18368 1.25540 104 255 255
2.70004 -0.12138 -0.14096 255 255 255
1.83708 -0.02255 0.40651 181 81 99
2.45878 -0.10997 -0.18822 99 186 2
0.66597 0.07951 0.65260 35 11 177
1.89452 0.01582 1.23429 186 196 83
2.80120 -0.03810 1.28680 179 38 188
0.00945 0.20801 2.17923 70 181 159
-1.03029 0.28068 2.20546 173 167 53
1.32117 0.03825 0.75881 215 173 255
-0.38353 0.21872 1.93495 0 49 187
-0.60057 0.17288 0.74007 119 80 255
-0.03031 0.12603 0.63640 201 83 223
0.77144 0.07972 0.78546 2 82 75
0.21551 0.19970 2.24509 240 255 153
1.39075 0.00631 0.50599 169 0 142
2.22049 -0.07425 -0.00817 85 251 80
2.56315 -0.02138 1.39161 79 9 120
-0.55870 0.24885 2.29340 155 255 222
1.29550 0.05935 1.27580 102 105 68
-0.93863 0.25912 1.86685 255 88 255
-1.54806 0.23701 0.90951 13 40 130
1.10779 0.07649 1.28347 102 205 94
-0.21108 0.23043 2.33306 0 178 78
-0.41360 0.19139 1.35029 0 153 159
1.44217 0.05914 1.38871 160 38 185
-0.22470 0.17771 1.36715 4 139 0
-0.37543 0.23569 2.07602 80 217 232
-0.35534 0.15695 1.07993 72 255 245
0.15652 0.08667 0.26005 185 115 10
2.85903 -0.04311 1.29510 187 30 148
-0.66830 0.20669 1.36952 176 235 188
2.34701 0.00010 1.28818 3 60 44
1.70140 0.05547 1.57128 183 0 59
0.14006 0.11361 0.70210 255 99 226
1.18353 0.12081 2.10615 99 255 88
2.11183 -0.02620 0.63166 85 137 251
0.69196 0.03132 0.00795 8 188 166
2.72302 -0.07404 0.63642 255 168 255
1.02452 0.08551 1.26767 83 209 159
2.45822 -0.04985 0.68748 70 98 86
2.59423 -0.10867 -0.06506 148 172 182
-0.07844 0.14984 1.13723 160 255 97
-1.23301 0.20364 0.56051 162 19 141
2.79641 0.00959 2.15828 155 158 139
0.28261 0.15983 1.67903 185 0 37
2.16516 0.02496 1.68838 87 123 85
1.36838 0.07108 1.35092 130 70 172
2.64509 -0.09734 0.21911 241 110 94
-0.95695 0.25183 1.81691 255 76 255
-0.94963 0.29263 2.49856 255 227 220
0.72147 0.03500 0.01364 1 186 137
1.16484 0.01445 0.36853 82 15 46
1.28258 0.06541 1.28150 95 104 60
-0.16810 0.16438 1.19261 34 186 35
0.81035 0.06256 0.64658 79 93 240
0.66406 0.09434 0.98033 142 255 116
2.83919 -0.01659 1.72231 184 85 37
2.61918 -0.06634 0.62101 143 76 174
2.08466 0.05126 2.06384 42 190 184
2.39703 -0.05415 0.60329 33 46 0
1.75099 0.07005 1.93703 255 236 174
-0.57605 0.17565 0.83868 31 48 107
-1.08220 0.19570 0.77388 190 3 18
-0.29699 0.19598 1.63118 71 89 131
1.72756 0.04932 1.53519 182 0 59
-1.41706 0.25426 1.24129 47 186 0
1.79406 0.00788 0.95335 132 182 182
-1.42537 0.25792 1.26094 52 193 0
-0.93077 0.22472 1.27083 180 187 95
2.16772 0.04477 2.17617 99 255 202
2.31950 -0.01347 1.26189 0 67 82
2.30523 -0.01266 1.19544 0 107 141
2.64543 -0.00511 1.62849 106 29 90
1.74621 0.03666 1.33457 255 145 79
2.93575 -0.02224 1.69605 255 153 186
1.43038 0.05237 1.28497 157 103 175
1.52215 0.09401 2.09994 167 186 154
0.15373 0.19856 2.15050 230 255 255
0.36628 0.14274 1.47024 255 137 73
1.28622 0.10746 1.91553 74 116 0
0.85733 0.03656 0.40954 78 98 249
2.85017 -0.08154 0.54864 255 133 228
1.60595 0.09941 2.22065 255 255 99
2.48272 -0.04925 0.78550 67 152 167
0.86343 0.02826 0.15189 0 145 0
1.32430 -0.00220 0.12238 239 221 186
-0.14965 0.09306 0.10670 165 255 255
0.57111 0.08242 0.66393 85 10 115
-0.95668 0.21536 1.04857 255 229 255
-0.36054 0.18432 1.24102 0 180 171
-0.35270 0.13812 0.66142 0 0 35
1.74797 0.02578 1.14533 245 242 190
1.66260 0.05791 1.78883 192 62 182
-0.59514 0.16456 0.71704 117 79 255
-1.09517 0.22046 1.03482 255 212 136
1.93146 0.02077 1.23579 160 190 107
-1.14360 0.21412 0.93053 255 163 81
2.09901 0.03113 1.66296 108 103 84
2.26989 -0.03396 0.76092 83 216 79
0.78483 0.06386 0.72177 3 44 132
-0.84031 0.25289 1.95510 255 121 175
1.37096 0.07579 1.49322 211 93 255
2.86145 0.00080 2.07865 180 177 144
-0.97252 0.23240 1.48945 187 100 0
0.46111 0.16978 2.09391 178 164 0
-1.19968 0.22459 0.97212 247 175 78
-0.23931 0.20661 1.97435 0 78 103
-0.70322 0.14489 0.17811 56 182 134
-0.15781 0.22074 2.07821 8 141 0
2.09516 -0.06780 0.04266 82 227 131
-0.31343 0.16498 1.01828 75 230 245
-0.62509 0.14376 0.36450 25 93 0
-0.66748 0.15166 0.48527 135 121 96
1.07513 0.03193 0.52460 113 74 109
-0.40931 0.23977 2.25162 99 255 136
1.06721 0.12715 2.14960 78 255 77
-0.99763 0.17094 0.45047 179 53 167
-1.41391 0.25918 1.17697 53 181 12
1.92095 0.03357 1.45231 92 0 171
2.63681 -0.00276 1.84333 187 224 77
2.13039 -0.00909 1.01512 0 188 28
1.77716 0.01631 0.94794 144 188 188
-1.19976 0.25882 1.61743 136 40 76
2.23167 0.03852 1.99050 0 187 176
-0.39313 0.18392 1.37909 0 136 100
-0.56479 0.18004 0.97512 25 124 0
1.91081 -0.05984 -0.21063 116 255 161
2.01197 -0.01620 0.59654 111 118 255
0.85526 0.15182 2.23073 110 255 173
2.18553 0.00175 1.35650 0 30 135
-1.36882 0.20303 0.66127 181 78 192
0.14365 0.15767 1.54168 154 14 74
0.63727 0.17714 2.36537 205 237 252
1.81308 0.04617 1.52738 144 0 135
-1.42299 0.25931 1.32187 133 255 81
-0.34747 0.11206 0.20039 89 255 190
-0.92427 0.20374 1.00902 255 206 255
1.70563 0.06735 1.77817 182 57 192
1.44767 -0.01440 0.17980 255 185 74
-0.78347 0.24501 1.90983 238 108 136
0.36687 0.19950 2.35599 187 165 35
-0.60349 0.17099 0.83617 37 42 132
0.52969 0.09410 0.71828 195 106 190
-0.70739 0.18387 1.05358 93 155 45
0.84479 0.11481 1.63399 12 0 0
-1.49676 0.24816 0.94517 32 58 188
0.34386 0.10339 0.72695 255 119 75
-1.18560 0.22271 1.18200 246 255 160
-0.81045 0.26099 1.94692 255 122 147
0.72049 0.11238 1.52433 141 95 254
0.57455 0.13568 1.59166 212 76 255
2.91548 -0.03458 1.43104 255 73 96
-0.81837 0.27053 2.25649 180 181 49
1.99207 -0.00935 0.84709 126 251 178
-1.21650 0.17760 0.15511 255 255 115
0.96714 0.06343 0.88162 0 133 34
1.58314 0.04918 1.15988 255 247 255
-0.63688 0.14059 0.20762 25 169 43
2.14288 0.05677 2.08788 21 190 178
-0.11968 0.18899 1.67235 122 76 255
1.02370 0.12028 1.86207 0 79 188
0.59463 0.05015 0.18314 137 221 204
2.24900 -0.05922 0.13358 84 175 137
0.61443 0.06480 0.45037 58 2 0
1.21410 0.04685 0.89598 160 240 255
1.96904 -0.04573 0.13576 107 197 187
2.43359 -0.09468 -0.15848 81 187 2
1.56165 0.08129 1.94495 180 145 188
-1.33336 0.29483 2.09243 144 177 138
-0.82705 0.17378 0.65350 214 75 92
0.99551 0.08446 1.15166 84 255 255
2.02947 -0.07173 -0.16261 76 255 255
1.66612 0.00810 0.72229 170 89 0
2.88738 0.00346 1.99697 180 189 159
0.76603 0.15369 2.22719 60 187 159
0.99352 0.03495 0.36981 90 107 255
-0.84205 0.18165 0.72280 222 75 138
0.35278 0.07496 0.49323 165 0 96
0.84071 0.13456 2.05714 105 247 255
2.43415 -0.08345 0.13607 160 162 255
0.79981 0.08380 1.08745 95 255 138
0.12143 0.12998 0.98901 168 156 0
0.07821 0.14907 1.26207 220 243 210
0.38968 0.08611 0.71340 245 106 80
1.28502 0.03090 0.71983 203 151 255
1.20960 0.05381 1.08675 71 189 51
2.59060 0.02681 2.20248 60 145 174
1.92595 -0.06117 -0.15596 112 255 210
1.16619 0.11217 2.01826 104 248 73
2.61841 0.01238 2.10475 166 255 218
-0.31147 0.15201 0.78548 86 119 88
1.38444 0.05557 1.19454 139 145 85
-0.11815 0.11545 0.51073 83 9 0
1.11500 0.14352 2.20068 80 255 98
-1.19088 0.21642 0.85255 250 111 148
2.90515 -0.04285 1.32109 255 104 183
0.58927 0.16558 2.27062 142 186 165
2.21566 0.01122 1.36994 0 20 100
2.87745 0.00422 2.12703 255 253 179
1.84264 0.02627 1.36632 208 120 132
-0.73600 0.14180 0.21272 71 171 138
0.50342 0.11938 1.20771 139 177 12
1.21299 0.01138 0.20762 191 182 210
2.76390 -0.02825 1.44401 165 0 118
-0.35429 0.14960 0.87642 76 158 100
1.54193 0.11391 2.28634 253 235 95
-1.36349 0.26206 1.63823 152 122 255
1.49077 -0.02434 0.07343 187 155 0
2.25456 -0.01240 0.97643 0 186 112
0.30280 0.12043 1.09453 187 190 182
2.08318 -0.03935 0.42548 0 0 140
1.28094 0.08319 1.61766 164 79 254
1.32555 0.09308 1.60656 189 74 220
1.70477 0.03625 1.24371 255 194 148
-0.42932 0.11602 0.22046 69 241 118
2.79673 -0.07295 0.54177 255 117 255
-0.10561 0.22027 2.38079 98 255 255
1.33739 0.06529 1.47348 202 98 255
2.47516 -0.04037 0.92895 60 192 178
-0.79762 0.21044 1.21283 227 255 100
0.73784 0.07518 0.74684 19 53 160
2.01084 -0.05743 0.08236 97 218 171
-0.65831 0.26937 2.35621 216 255 255
-0.60669 0.25478 2.14026 177 235 240
-0.58557 0.14450 0.30396 13 130 0
-0.55686 0.16796 0.93277 20 100 15
2.21259 -0.02564 0.66903 70 165 131
0.40965 0.16173 1.81690 188 27 182
1.96459 0.05489 1.94673 187 240 81
0.06308 0.12655 1.00396 143 154 0
2.25247 -0.00626 1.19918 0 109 182
2.23247 0.00978 1.55205 77 76 74
-0.39187 0.15716 0.82478 74 130 72
0.53875 0.06049 0.24561 161 190 197
-1.19431 0.28556 2.00863 120 53 122
1.44340 0.10706 2.22545 222 255 220
0.40921 0.17405 2.06959 255 240 123
2.22250 0.06537 2.24052 85 224 92
2.68008 -0.11185 -0.17778 255 255 255
0.46509 0.06784 0.36055 118 46 102
-0.40087 0.16739 0.96121 75 209 124
1.31841 0.11802 2.19019 71 186 175
1.77199 -0.01102 0.56116 217 94 75
0.51646 0.11671 1.11363 132 189 74
-0.54233 0.13182 0.26842 3 133 0
0.58269 0.16240 1.94841 133 101 0
1.48852 0.10060 2.03942 161 176 186
1.26099 0.02365 0.58046 118 1 90
-0.87677 0.17104 0.28912 139 147 186
1.50408 0.04465 1.06571 185 185 85
1.96431 0.04371 1.73409 87 44 51
1.72007 0.01599 0.79186 162 130 65
-0.62303 0.13483 0.10078 18 190 115
0.51030 0.15627 2.04305 166 147 0
1.56692 -0.03688 -0.14965 180 184 78
-1.09685 0.19693 0.71037 186 0 87
1.92055 -0.05405 0.06756 129 224 255
-1.47897 0.20625 0.47877 143 158 108
2.60833 -0.00243 1.75199 179 170 123
0.07152 0.17326 1.71418 121 0 22
0.96623 0.10704 1.70522 0 3 84
-0.82453 0.25789 1.96230 255 127 141
-1.14344 0.28434 2.09350 149 99 189
-0.23293 0.22381 2.10037 0 144 11
0.69543 0.15019 2.09815 86 179 149
2.58179 -0.03014 1.35123 94 9 106
1.82160 0.06148 1.71276 148 29 176
-0.17232 0.21980 2.20875 3 184 23
-0.67860 0.15491 0.51746 143 105 121
2.01879 -0.08297 -0.21838 86 255 249
-0.36436 0.17846 1.29487 0 168 144
-1.30650 0.28837 1.96256 71 24 0
-0.92840 0.24751 1.69001 255 85 215
2.44845 0.03614 2.09963 92 255 81
2.07070 0.05956 2.06764 51 190 177
1.07158 0.05305 0.94599 19 168 177
0.26002 0.07470 -0.00907 255 255 82
0.05797 0.16155 1.59968 112 0 117
-0.13413 0.21045 2.06202 12 133 0
2.28784 0.03073 1.82675 0 116 187
-0.35828 0.11204 0.13126 90 255 111
-0.62872 0.22707 1.55639 161 131 255
-0.60805 0.20132 1.46305 156 187 255
-0.48801 0.16836 0.88302 0 68 0
-0.16889 0.23707 2.40865 87 243 253
1.52433 0.03864 1.13356 185 173 152
0.09116 0.11195 0.70736 248 98 252
-0.20401 0.18654 1.61177 94 92 217
2.88898 -0.07255 0.84237 255 255 96
2.40662 0.04254 2.13369 0 177 0
0.95604 0.07126 0.94811 0 163 78
-1.47842 0.22142 0.75636 132 79 163
1.36001 0.10061 2.02034 94 168 84
1.57377 0.04307 1.37344 190 47 98
1.77715 -0.01698 0.52848 207 85 83
-1.04440 0.25687 1.90232 255 98 255
2.18036 0.05935 2.17458 101 255 188
2.47398 0.02636 1.99293 108 255 81
1.77887 -0.04963 -0.10596 98 191 24
0.77795 0.04618 0.37663 81 108 164
1.59671 -0.03307 -0.01223 167 178 0
0.48863 0.08635 0.71942 206 123 162
0.47238 0.10792 1.22244 148 166 21
2.72490 -0.06322 0.72300 252 220 208
2.60672 -0.02678 1.40339 98 5 157
1.27112 0.13112 2.33553 134 225 255
0.75972 0.17204 2.37874 157 217 156
-0.64606 0.13897 0.23078 34 163 43
1.25774 0.04863 1.08497 96 186 18
0.55414 0.08296 0.73745 187 128 234
0.28764 0.09178 0.44999 255 100 255
0.00184 0.15649 1.13392 109 188 0
0.63448 0.08850 0.81736 149 176 255
-1.18013 0.17486 0.13301 255 255 111
1.93204 -0.02920 0.41655 51 0 0
2.84825 -0.00922 1.78847 183 122 103
0.28794 0.05421 -0.05493 255 255 88
0.39510 0.08602 0.63642 165 0 0
1.19771 0.10315 1.79505 45 48 108
-1.24955 0.17551 0.18333 255 255 122
-0.79956 0.18767 0.97813 134 104 176
0.24046 0.17149 1.88962 178 57 167
1.99587 0.02084 1.43006 147 84 255
2.95042 -0.05315 1.19480 185 78 150
-0.83145 0.23691 1.78724 255 71 255
1.64969 -0.02290 -0.06701 158 193 0
2.56375 -0.07923 0.39988 207 80 78
1.17098 0.06432 1.15966 44 179 45
1.87086 -0.03530 0.35858 158 79 87
1.62495 0.06581 1.60733 190 0 24
0.23610 0.16849 1.75244 176 0 45
-1.52761 0.25470 1.08853 17 142 172
0.66570 0.12169 1.33758 75 104 129
0.91292 0.07802 1.07433 79 255 235
1.38562 0.11853 2.18571 100 185 189
-0.49293 0.23655 2.21346 126 255 233
2.91038 0.00094 2.04435 185 191 127
-0.91763 0.16946 0.33772 244 207 255
-1.54221 0.24317 0.88721 17 28 124
-0.50429 0.19846 1.33232 102 240 255
-1.07543 0.31552 2.53742 240 225 121
1.10638 0.05869 0.86684 31 134 150
-1.18885 0.22386 0.93818 246 160 90
1.89145 -0.01433 0.66498 88 62 120
-0.72502 0.16790 0.50587 158 108 94
0.79624 0.06870 0.70470 0 41 131
-0.30152 0.11337 0.29423 102 209 255
2.62852 -0.11735 -0.28220 255 255 179
-0.34764 0.24371 2.23851 0 185 0
0.31811 0.09009 0.39632 182 34 185
0.25501 0.05750 -0.03496 255 255 101
1.79863 -0.05328 -0.08971 83 196 70
1.32210 0.12520 2.25975 159 255 255
0.06657 0.18397 1.87081 112 31 0
0.13421 0.15464 1.41124 240 173 255
0.50706 0.11299 1.21181 142 173 21
1.61324 0.08822 2.20817 190 173 10
2.83599 -0.08598 0.38598 186 0 177
-0.95151 0.24242 1.63273 255 106 137
-0.91219 0.16222 0.47554 156 49 95
-0.30293 0.16063 0.90361 85 183 181
2.19859 -0.02769 0.64120 73 146 168
2.31717 -0.01612 0.97164 1 191 165
1.34063 0.02571 0.62681 160 19 182
1.79734 -0.04519 -0.07984 87 192 67
1.92654 -0.00030 0.83865 66 153 171
-1.13462 0.19710 0.72435 182 0 102
-1.00538 0.29045 2.21765 186 172 22
-0.05873 0.15442 1.19828 85 183 0
2.16653 -0.06532 0.25466 0 27 71
2.02459 -0.05049 0.20635 13 65 0
-0.37068 0.16817 1.09243 75 255 244
2.57679 -0.06253 0.77787 110 151 191
1.67325 -0.02744 0.11907 157 128 102
-1.42700 0.30681 2.40887 98 255 255
2.17132 -0.05432 0.35775 0 0 152
1.75049 0.05700 1.67654 170 16 173
1.45051 0.08077 1.56412 249 71 138
0.35655 0.09689 0.75389 255 128 85
-0.86289 0.15854 0.19240 132 173 186
-1.12080 0.19700 0.66378 184 0 150
-0.26703 0.11988 0.18378 118 250 241
0.88484 0.14448 2.15282 95 255 201
-0.83637 0.19529 0.79635 226 103 187
0.05320 0.16926 1.58184 121 8 137
1.79071 0.05108 1.64193 159 1 183
1.56200 0.07456 1.82852 187 79 142
1.83117 -0.03935 0.34518 183 94 138
2.25327 -0.03992 0.66790 81 166 107
-1.21386 0.30168 2.41796 188 255 139
-1.18525 0.28072 2.03317 131 67 144
-0.01967 0.11455 0.56219 209 77 164
-0.38833 0.13210 0.46204 0 24 183
0.42134 0.12905 1.40189 178 81 0
0.30795 0.11194 0.88961 188 117 38
1.10590 0.12247 2.12005 83 255 79
1.62326 -0.02144 0.19771 172 78 121
1.63432 0.07787 1.93857 255 234 255
-0.17969 0.10041 0.09689 158 255 245
1.82319 0.06995 1.89825 241 221 137
2.61022 -0.10256 0.02197 152 133 171
1.03457 0.01203 -0.01165 30 190 11
1.19596 0.13115 2.25976 20 168 123
1.69521 -0.03667 0.16559 144 99 165
2.05003 -0.02925 0.51288 8 2 162
2.44428 -0.06583 0.45742 142 80 101
-1.51861 0.24248 0.80434 111 80 170
1.32373 0.00139 0.30971 146 36 0
1.90270 0.00519 0.93540 76 185 115
2.06896 -0.06123 -0.00636 82 255 193
2.72524 -0.08752 0.33997 179 0 51
-0.35657 0.16034 0.98185 79 213 178
0.09551 0.12211 0.80484 158 55 109
1.90882 0.03710 1.56018 111 0 190
2.11635 -0.02060 0.76589 84 210 139
1.11518 0.11703 1.93337 87 200 167
0.36600 0.10181 0.91075 255 214 192
2.19160 -0.09092 -0.19831 77 255 222
-0.14594 0.19029 1.77169 104 80 255
0.28787 0.10960 0.84851 190 91 9
2.24452 0.05337 2.23727 81 223 90
-0.73264 0.25079 1.98906 142 69 0
0.13244 0.20592 2.21228 219 255 247
-1.43639 0.20634 0.43441 78 89 16
-0.22160 0.19995 1.93804 84 148 193
-0.67122 0.17599 0.74539 148 90 255
-0.89566 0.28301 2.36509 189 187 76
-0.84843 0.18141 0.84669 144 37 136
-0.23290 0.23411 2.20439 0 179 0
2.93731 -0.01565 2.03565 189 189 96
1.82602 0.00492 1.03272 206 255 200
0.03648 0.08057 0.27127 161 115 0
0.37800 0.17818 2.12108 255 255 108
-0.80000 0.27029 2.42023 255 255 255
2.58074 -0.05388 0.79071 122 154 186
-1.29511 0.21907 0.78620 211 89 255
1.17480 0.11093 1.94838 107 221 103
-1.42956 0.19569 0.24779 93 180 144
0.98981 0.13180 2.10390 82 255 137
0.96358 0.11409 1.78068 0 26 155
-1.37941 0.28473 1.77068 36 0 115
2.53633 -0.04930 0.87877 81 186 171
-0.91792 0.18205 0.57824 163 5 28
1.59920 -0.03456 0.04763 176 160 8
1.73327 0.04153 1.39182 254 115 81
0.05706 0.10919 0.54291 244 81 221
-0.02061 0.09638 0.27614 137 118 31
0.91406 0.01677 -0.00978 0 186 0
2.18704 -0.08548 -0.22874 81 255 245
1.53814 0.00563 0.50228 255 76 255
0.29678 0.09810 0.66731 255 100 95
1.84646 0.02059 1.14125 206 239 107
-0.82122 0.24225 1.98709 255 146 118
2.76226 0.02646 2.16105 142 157 169
-0.78488 0.18347 0.64430 198 73 123
2.19203 -0.05918 0.15592 81 171 101
-1.30540 0.20482 0.58410 216 98 200
-1.21808 0.27262 1.81731 127 0 0
0.71781 0.04125 0.23866 6 100 0
-0.90616 0.16941 0.34362 152 114 173
2.61221 -0.02272 1.40513 105 0 168
0.98592 0.09795 1.49512 0 18 0
2.30403 -0.07447 0.10942 19 99 87
-0.05581 0.08618 0.10222 125 184 182
-0.53347 0.22424 1.86479 39 9 27
2.51271 -0.00020 1.59595 49 11 187
-1.34830 0.18095 0.18654 123 184 124
0.32041 0.18965 2.20150 255 255 98
1.50894 -0.02527 -0.06108 188 188 72
-1.16830 0.26677 1.83982 225 82 102
1.43375 0.04163 1.02619 169 189 7
1.93444 0.06646 1.98893 205 255 97
1.16689 0.00066 0.08634 173 248 255
-0.80889 0.20111 1.02364 142 132 165
0.97301 0.13703 2.17517 75 255 106
0.76121 0.10634 1.48915 35 16 156
1.79894 0.03357 1.47663 155 1 70
1.62149 -0.03285 0.19100 177 82 120
-1.18331 0.25074 1.55339 145 71 113
0.87254 0.12727 1.79184 4 31 77
0.08485 0.21591 2.22879 192 255 255
0.29881 0.18995 2.22617 255 255 100
1.75639 0.00003 0.71238 141 83 42
-0.70765 0.20689 1.33158 188 250 123
1.05327 0.10675 1.74764 0 19 177
-1.07845 0.28039 2.00933 252 139 255
1.42060 0.02137 0.69474 255 144 244
2.15279 -0.04944 0.32273 0 3 114
-0.10792 0.18754 1.62939 128 80 255
1.42831 0.04644 0.98760 254 255 74
-0.85340 0.22429 1.41589 164 142 0
-0.48534 0.16492 0.84453 0 46 12
-1.50235 0.21746 0.57640 126 110 78
0.73812 0.15862 2.10427 68 178 179
0.27864 0.09459 0.58688 255 79 193
0.28084 0.11486 1.04641 188 178 129
-1.11392 0.25338 1.53690 171 78 39
1.71175 0.02217 1.08761 251 255 255
0.69473 0.03035 -0.01284 11 190 177
1.15236 0.06656 1.12076 126 255 160
-0.99568 0.19154 0.63837 180 0 52
2.31701 0.04134 2.10590 0 181 26
2.48224 -0.01724 1.19871 142 186 83
2.78329 -0.10537 0.07300 255 190 76
-0.80098 0.25427 1.97930 253 139 102
2.49916 -0.08397 0.08745 105 104 186
-0.28039 0.21584 2.13471 0 158 14
1.88889 0.00504 0.96195 95 188 123
1.21347 0.04733 0.83834 162 212 255
2.20646 -0.06456 0.33170 0 3 165
0.05959 0.14671 1.12117 136 190 2
2.29866 -0.08076 0.00349 18 156 3
-1.45725 0.19526 0.12672 78 185 179
2.62857 -0.03987 1.28075 208 125 195
1.06386 0.00838 0.08868 130 250 212
-0.07524 0.22821 2.33678 21 175 186
0.56397 0.14826 1.82703 224 119 155
0.21309 0.14989 1.45452 255 154 183
-0.18193 0.13263 0.78410 119 120 176
0.97535 0.14774 2.29722 0 166 0
2.57762 -0.04223 0.93665 194 255 188
2.49483 -0.01508 1.38624 42 4 51
-1.24148 0.28453 2.10163 185 193 236
2.89876 -0.03597 1.52581 255 81 73
2.02508 0.03917 1.72001 143 125 100
-0.71478 0.26701 2.36632 234 255 255
2.62207 -0.09761 0.00781 163 143 168
-0.14609 0.10785 0.37932 66 62 70
0.89701 0.13621 2.15987 92 255 190
-1.48302 0.21791 0.54576 140 120 83
1.90237 0.08869 2.28556 140 133 187
2.63433 -0.01841 1.38280 121 6 170
1.54933 0.08252 1.94420 179 141 183
2.39014 -0.07333 0.31721 137 90 243
0.86873 0.15815 2.34652 23 146 0
1.32644 0.01901 0.70454 217 145 255
0.49570 0.15868 2.04308 162 143 0
1.84020 0.04260 1.57186 130 0 179
-0.45595 0.20977 1.79800 10 0 43
-1.00063 0.23330 1.35969 190 163 82
2.35686 -0.04043 0.78617 15 144 61
2.67098 -0.02847 1.34353 133 15 175
1.69889 0.05699 1.57219 187 0 57
2.41521 -0.04841 0.74630 43 131 82
-0.51057 0.19316 1.28259 107 255 255
1.07724 0.09291 1.38852 87 147 74
-0.11781 0.13635 0.88555 159 181 255
0.40261 0.18262 2.14040 255 255 86
0.62426 0.10583 1.11677 77 188 0
1.37414 -0.02126 -0.13716 255 255 255
2.33347 -0.01728 1.18813 7 105 131
2.50457 -0.00660 1.56372 54 5 185
2.30842 -0.01319 1.30095 0 50 66
1.15405 0.01550 0.21713 161 174 250
0.88515 0.06547 0.72098 0 47 33
2.68189 -0.05921 0.86789 160 186 48
2.95508 -0.01264 1.99085 186 192 131
-1.03612 0.17015 0.42943 186 74 189
0.52214 0.10650 1.09419 206 255 169
-0.84604 0.18675 0.90695 141 77 183
2.60326 -0.05410 0.85186 125 181 131
-0.32431 0.24241 2.40067 82 249 111
2.54488 -0.00332 1.69549 57 55 137
1.97783 -0.01923 0.61895 123 122 249
2.67761 0.00232 1.87017 200 241 102
2.60567 0.01850 1.98219 166 255 119
2.10518 0.05540 2.06212 36 193 190
-1.27065 0.26607 1.73906 108 0 34
-0.61016 0.16054 0.76538 125 98 255
1.45758 0.05579 1.30027 167 95 193
1.48125 0.00884 0.46168 184 0 181
1.23387 -0.00778 0.14198 210 216 239
2.25689 0.03540 1.91664 0 157 191
1.90200 0.08179 2.20157 137 163 142
0.27937 0.09342 0.62318 255 78 166
0.92382 0.10754 1.53701 0 1 0
-0.28947 0.17329 1.36816 0 132 23
2.04087 -0.07037 -0.03426 83 255 233
0.00150 0.12562 0.72374 203 99 255
2.58643 -0.10205 -0.07076 152 179 183
2.81050 0.01712 2.20123 160 137 88
2.52014 2.07113 -0.38729 10 0 184
1.08484 1.67628 -0.23497 139 255 224
1.85363 2.65652 -0.35513 145 185 51
-1.26119 2.37919 -0.06489 74 74 83
0.21294 0.82021 -0.11719 138 238 157
1.32090 0.95279 -0.21066 0 34 4
1.52926 2.88762 -0.33105 92 250 76
2.62121 0.27252 -0.29505 0 127 35
0.53060 1.66002 -0.18512 164 177 54
0.13153 1.35963 -0.12624 2 18 69
2.78047 1.72684 -0.38229 99 239 231
0.78562 0.25828 -0.13733 150 51 145
-1.06022 0.93009 -0.01432 59 143 170
-0.28036 1.81389 -0.11893 93 189 87
1.30546 1.67485 -0.25897 0 191 0
2.85605 2.46954 -0.43262 97 220 255
-0.90851 1.50549 -0.05598 194 131 248
-0.57271 1.73597 -0.09386 255 255 149
1.78235 0.25963 -0.22507 183 85 21
2.09857 0.64332 -0.27476 146 170 18
0.07932 2.14535 -0.17044 0 39 86
-1.06921 1.18833 -0.02067 128 92 194
-0.43170 0.48595 -0.03310 205 196 170
-1.16239 2.56598 -0.07813 0 19 162
1.51276 0.18970 -0.18714 62 39 147
-0.58097 2.28435 -0.12736 188 6 2
-0.81675 1.84273 -0.07209 224 255 72
1.11661 1.71054 -0.24403 133 255 171
1.19197 2.83326 -0.30319 49 189 159
0.77412 2.77049 -0.26963 255 255 236
1.84368 2.70657 -0.35205 140 187 65
1.46109 0.17182 -0.19137 46 25 92
-0.09918 2.67972 -0.18478 38 121 48
-1.12353 0.74347 0.01458 116 255 79
1.13773 0.06905 -0.15231 1 0 165
1.68543 1.06552 -0.25886 119 0 59
-0.52502 2.78096 -0.14738 185 154 143
1.14156 2.69402 -0.29000 61 176 28
2.27661 2.13330 -0.35379 123 0 15
0.78721 2.90957 -0.27549 255 255 109
-0.35426 2.00011 -0.12254 215 219 98
1.87920 2.52341 -0.33593 240 200 75
2.02677 0.85492 -0.27234 174 61 0
0.95894 0.44031 -0.16403 76 148 32
1.37229 1.06903 -0.22607 81 80 209
2.84783 0.05381 -0.29909 80 24 64
1.56671 0.27050 -0.20714 84 77 185
-0.30474 2.03778 -0.12877 192 200 80
0.49209 0.69345 -0.12986 164 192 186
1.66652 0.96164 -0.25583 121 26 163
2.80193 2.06391 -0.40706 96 82 128
1.38996 2.41177 -0.29530 0 40 16
0.43013 2.23738 -0.20510 191 81 255
1.89032 1.39243 -0.28388 255 204 255
2.73188 2.80358 -0.44226 0 167 133
0.45116 2.03348 -0.20196 201 168 139
2.15047 0.54415 -0.27243 129 186 49
0.10794 1.98444 -0.15797 0 122 182
1.07045 1.70059 -0.23701 148 255 208
2.53212 2.68384 -0.40562 24 192 81
2.88977 1.07604 -0.35465 161 79 238
2.99364 2.63318 -0.44677 165 255 95
1.57688 0.36972 -0.20513 93 138 112
-0.21082 0.83439 -0.06930 28 159 183
-1.36680 1.12225 0.01524 81 130 149
-0.54517 2.30024 -0.11525 185 0 0
-0.63878 2.83320 -0.14471 172 172 183
0.49857 0.94902 -0.14435 173 69 48
-0.25555 2.09622 -0.13530 175 160 133
1.53944 0.00846 -0.18777 175 76 131
2.18633 1.71593 -0.33888 143 172 181
-1.03848 0.25074 0.02577 87 0 189
-0.07877 1.67156 -0.13661 0 166 7
-0.47933 2.32413 -0.13083 255 78 118
-0.44714 1.95285 -0.12583 161 154 128
-0.63961 2.40001 -0.11610 255 81 68
0.42881 0.56648 -0.12350 243 255 152
1.33117 0.18719 -0.17866 87 116 86
-0.95470 0.96245 -0.01308 111 130 172
0.89852 1.81421 -0.23049 230 255 255
-1.41001 2.00643 -0.03025 24 173 113
0.21378 1.70930 -0.15517 111 255 254
0.01012 2.20195 -0.16525 0 21 106
0.75922 2.83783 -0.26949 255 255 195
0.91886 2.73264 -0.28259 169 180 43
-0.12606 1.03084 -0.09454 9 51 0
1.22436 0.73689 -0.19729 0 154 138
-0.62838 2.43353 -0.11718 255 80 73
1.51934 2.59921 -0.31299 95 231 255
-1.61492 0.23054 0.08301 147 74 254
1.64119 0.30825 -0.21886 128 102 101
-0.17951 0.49603 -0.06546 92 227 139
2.04098 0.61811 -0.25671 171 179 98
2.39534 1.81035 -0.35476 53 123 20
0.59612 0.68649 -0.13712 193 183 163
-1.16479 1.76104 -0.03640 0 171 143
2.42787 2.03854 -0.36555 40 3 83
0.72789 2.68401 -0.25707 255 243 255
1.60892 2.75984 -0.33817 114 255 86
0.07951 1.49866 -0.13475 79 174 101
-1.47841 0.47740 0.05498 8 58 24
0.05150 1.84182 -0.15261 79 255 215
-1.48919 0.91258 0.01566 104 247 188
-0.78355 2.91456 -0.13033 209 255 255
-0.78967 0.27180 0.00766 255 90 82
0.62490 0.32264 -0.12629 255 160 129
1.21923 2.71836 -0.29698 29 178 101
2.31477 0.86467 -0.29044 146 124 255
2.69204 0.25362 -0.29698 102 202 188
0.83959 1.62940 -0.20961 248 255 155
0.13900 1.07809 -0.11460 4 17 181
-1.21001 1.82786 -0.03954 0 186 156
2.73693 0.31933 -0.31269 113 241 252
-0.37325 1.86046 -0.11991 140 181 131
2.39489 0.84248 -0.30107 110 132 254
-0.03437 0.83076 -0.08762 73 239 113
-0.13739 0.82778 -0.08595 4 165 141
2.46973 2.58223 -0.41099 40 170 0
2.56824 0.72222 -0.30750 78 196 208
-0.24634 2.61333 -0.17194 95 87 9
1.88452 2.64116 -0.35959 161 176 54
1.00370 2.88278 -0.28689 133 178 33
0.91804 1.70627 -0.22153 220 255 255
-0.40063 1.57981 -0.09730 136 111 100
-0.29255 0.66727 -0.07007 143 255 150
-0.59672 2.49750 -0.13306 255 103 127
-1.35048 0.46457 0.04390 0 66 131
-0.96256 0.42335 0.01526 203 150 109
-1.29171 2.45803 -0.07217 84 76 89
1.18397 2.32938 -0.27250 111 85 201
-0.46615 0.29771 -0.02502 126 18 182
1.79928 -0.02296 -0.20287 255 75 255
-0.72121 1.36797 -0.06387 177 1 187
-0.23449 0.23196 -0.03937 22 0 105
0.09783 2.86932 -0.19791 0 189 81
1.75268 0.89294 -0.25444 245 133 222
-0.19952 1.62482 -0.12588 50 143 169
1.49512 1.86501 -0.28234 96 218 255
1.00194 0.89543 -0.18795 160 163 255
2.06216 2.36386 -0.34416 189 41 1
-1.18440 2.39670 -0.07613 0 0 29
1.76314 1.97881 -0.31088 134 59 25
-1.40985 2.60698 -0.06546 127 115 81
0.85362 2.62990 -0.26320 176 141 174
2.14718 0.45392 -0.25341 205 255 207
1.33039 0.22400 -0.17271 84 130 111
-1.33360 1.69801 -0.02120 76 229 79
-1.06895 2.42909 -0.07653 15 0 162
0.51743 0.98906 -0.13469 178 46 7
-0.20919 0.59169 -0.06487 112 255 165
-1.00792 0.57376 0.00750 177 223 75
1.02800 0.35834 -0.16270 37 105 26
0.63987 2.13428 -0.21946 255 112 247
2.62715 2.45160 -0.40462 80 201 80
1.78147 0.44222 -0.23209 177 166 13
1.56694 0.34732 -0.21489 93 127 143
1.74119 0.89094 -0.24680 231 133 238
-0.99915 0.30398 0.03003 104 8 140
-1.31824 0.55929 0.03295 0 122 197
-0.49348 1.26347 -0.06462 169 0 123
2.53573 0.90294 -0.31953 0 16 9
0.25296 0.58622 -0.10979 73 179 0
-0.47658 0.25336 -0.02864 135 0 162
-0.84475 2.85108 -0.12648 182 255 188
1.03575 0.52313 -0.16983 39 180 6
-1.17061 1.00208 0.00384 12 105 136
-1.28854 0.36304 0.04718 0 21 110
-0.84820 2.67495 -0.11650 91 99 0
2.16326 0.40604 -0.27642 196 255 238
0.57426 0.03362 -0.10121 191 0 109
2.02778 1.91396 -0.33550 255 166 255
1.86712 0.98347 -0.26646 182 3 0
1.39338 0.39733 -0.19627 106 222 255
1.24540 2.09898 -0.27479 91 103 255
2.69161 1.90793 -0.38228 0 58 186
-1.51275 1.98438 -0.01629 147 255 97
1.00097 2.84640 -0.29085 132 188 7
-0.10024 1.98943 -0.15403 102 213 196
-0.08148 1.70623 -0.13247 10 182 0
1.59173 2.44240 -0.32057 33 70 189
-1.53585 0.23159 0.06839 108 75 181
2.89874 1.78898 -0.39502 145 201 245
-0.14070 2.45644 -0.16404 50 17 32
0.03645 1.26571 -0.11927 0 0 189
2.78605 0.73741 -0.33578 37 89 5
-1.18427 2.53419 -0.08253 80 97 219
0.78327 1.05185 -0.17209 161 11 167
-0.27668 2.47072 -0.15874 107 11 149
1.21853 0.29172 -0.17450 73 165 76
-0.22844 0.35277 -0.05072 108 137 87
0.97204 2.23178 -0.25408 217 73 161
2.46225 -0.02903 -0.26414 78 77 255
2.66325 1.56698 -0.35657 76 255 80
2.74558 0.69867 -0.33466 20 117 0
0.94884 0.55530 -0.16570 81 183 0
1.94174 0.67156 -0.25414 188 160 146
1.70619 1.62437 -0.28774 204 255 255
-1.07639 1.68426 -0.04566 26 144 161
1.43493 0.93633 -0.22922 16 39 79
1.06603 2.29150 -0.26344 167 81 255
1.58398 0.37741 -0.21052 102 142 98
1.77106 0.55834 -0.24951 254 255 176
0.83635 2.33632 -0.24221 255 79 115
2.08378 1.21547 -0.28980 251 109 252
0.98622 1.70798 -0.23268 185 255 255
2.03540 0.49103 -0.26132 255 255 255
-1.06449 2.87200 -0.11117 88 255 82
1.04437 2.91190 -0.29071 116 167 106
0.52573 2.87951 -0.25396 213 255 255
-1.49366 1.43891 0.01374 43 10 172
2.80457 0.77939 -0.34222 50 66 19
0.73495 0.39153 -0.12741 170 114 185
0.09275 2.14146 -0.17696 0 34 79
-0.60543 1.90896 -0.10435 255 255 248
0.61462 2.48185 -0.23711 171 49 0
2.84570 1.84233 -0.39053 120 175 241
0.11291 0.75148 -0.10348 97 255 81
-0.73779 1.58733 -0.07291 255 193 169
-1.17902 0.94424 -0.00017 6 143 66
1.27307 1.95683 -0.26712 83 171 240
-1.10965 0.93037 -0.00273 37 145 132
0.62348 0.29959 -0.11439 255 146 110
-0.59055 1.41458 -0.06541 190 13 91
1.00431 2.13974 -0.25762 102 9 40
0.78137 1.02012 -0.17354 167 20 151
0.27512 1.13364 -0.13380 58 0 113
0.37181 1.00647 -0.13758 121 43 113
1.69288 1.66665 -0.28269 194 255 255
1.31275 1.58953 -0.25217 0 178 3
2.61650 0.52420 -0.30115 76 255 255
-0.68597 2.79432 -0.12329 166 163 188
1.09327 1.09835 -0.20081 34 0 0
-0.47818 2.76406 -0.15057 183 158 101
-1.04329 1.93651 -0.06442 35 179 97
2.69709 1.19078 -0.34016 7 31 183
1.15514 1.10003 -0.20812 94 85 75
-0.88227 1.05717 -0.02378 130 60 27
-0.36100 2.82467 -0.16521 159 180 0
0.06593 0.96932 -0.09651 80 167 136
0.52512 0.53667 -0.12094 255 255 204
2.41052 2.57225 -0.39243 157 248 95
2.13999 2.78058 -0.38933 255 255 161
1.10356 2.22973 -0.26653 153 72 255
1.89290 2.40142 -0.34899 251 148 89
2.86578 1.49776 -0.38048 56 182 50
2.68881 1.48173 -0.37148 81 255 104
2.48914 1.27490 -0.33411 2 67 138
-0.97583 1.34404 -0.03320 165 81 87
1.66332 1.63162 -0.28570 174 255 255
1.05228 2.78077 -0.28016 106 190 6
1.75521 1.58526 -0.27829 216 255 255
1.82523 1.81131 -0.30542 151 143 0
-0.00236 1.24431 -0.12420 0 0 178
-1.29633 2.73440 -0.08267 82 192 255
-0.70978 0.89712 -0.02478 255 234 105
2.42285 2.61408 -0.39411 153 255 79
-1.43129 0.46012 0.04812 0 60 50
1.79812 2.48565 -0.34052 219 180 109
-1.05093 1.79005 -0.05701 36 181 184
0.47240 2.44813 -0.21789 110 30 80
1.18207 2.22738 -0.26632 122 69 255
-0.55575 1.23890 -0.06824 185 0 182
-1.41678 1.47454 0.00141 12 18 179
0.42423 1.21076 -0.15521 219 75 79
1.20496 2.97764 -0.31528 47 136 170
-0.36153 1.55894 -0.10070 118 108 136
1.19013 0.92496 -0.20302 2 59 46
0.84790 0.11912 -0.13298 201 76 181
2.21254 1.32725 -0.30394 126 80 0
2.49764 1.88247 -0.36824 17 80 18
0.55984 1.85919 -0.19562 248 251 95
2.29688 0.54218 -0.28556 139 255 76
-1.39883 2.02480 -0.03693 17 163 131
2.28199 0.32792 -0.26037 58 140 100
0.48072 0.89205 -0.13302 165 106 119
2.76914 0.23025 -0.30818 137 197 241
-1.34414 2.32609 -0.06184 14 7 59
-0.30356 0.56014 -0.05234 145 240 87
-1.29008 0.59900 0.02489 80 228 255
-0.28875 2.85101 -0.17863 213 255 107
2.52864 1.34804 -0.33858 84 193 255
0.42653 0.73209 -0.13170 143 178 173
-0.29227 2.49658 -0.15915 127 21 157
-1.38770 2.82465 -0.07118 40 148 164
1.92480 2.23390 -0.32142 255 86 206
-0.62298 2.08264 -0.09876 188 108 176
-0.35316 2.78247 -0.16878 241 245 87
2.35325 0.73078 -0.29965 125 204 238
-1.12153 1.53536 -0.02899 98 142 92
1.25665 2.66048 -0.30176 99 248 172
1.73323 0.40577 -0.22570 163 158 0
2.00343 2.56265 -0.35884 184 150 107
-0.07252 2.30917 -0.16225 12 0 85
1.54651 1.87780 -0.27886 120 208 229
-0.68510 1.50396 -0.07263 184 65 98
0.89744 0.99750 -0.17536 200 111 255
2.89968 0.92380 -0.35339 173 86 255
-0.01762 2.96605 -0.20202 96 255 204
1.22821 1.07032 -0.21882 80 81 86
-0.30923 1.13286 -0.08379 169 93 135
-0.18439 0.43849 -0.05060 98 185 91
-0.01662 1.33277 -0.10730 0 0 184
-0.57405 2.24063 -0.11955 182 17 10
1.44457 2.49764 -0.31027 0 83 128
2.58157 2.08471 -0.38522 0 0 184
2.57506 2.27870 -0.39607 82 106 160
1.18025 1.36064 -0.22617 97 147 255
2.70574 0.59299 -0.31659 16 163 95
-1.49376 2.16925 -0.02444 62 86 159
0.87816 0.39735 -0.15092 117 119 144
-1.20322 2.06944 -0.04903 79 213 212
0.04388 2.18170 -0.16931 0 25 89
-0.18902 1.96197 -0.13833 136 236 91
-1.04982 0.30491 0.01400 73 10 178
0.24051 2.10685 -0.17945 25 50 0
0.17869 0.13021 -0.07797 137 78 166
1.57444 2.90249 -0.33968 101 250 79
0.19016 1.42297 -0.14565 20 48 0
0.41964 1.26448 -0.15041 216 84 97
1.36580 1.86490 -0.26964 69 227 241
0.40149 2.48693 -0.20469 162 127 199
-1.18109 2.16251 -0.05573 81 156 114
1.01763 0.37056 -0.15874 41 115 27
-0.61061 0.52882 -0.02435 179 125 184
-1.36720 1.71490 -0.01135 88 230 75
2.22965 1.79224 -0.34338 216 228 255
-1.30511 0.82888 0.02221 76 255 102
-0.94499 0.50912 -0.00380 211 190 80
1.36414 1.44077 -0.24851 0 112 58
1.96345 1.56258 -0.30588 192 184 19
-0.79862 0.33085 0.00201 255 105 77
0.10021 2.70944 -0.20916 0 150 180
-1.59153 0.86588 0.04363 153 255 255
0.28180 2.55915 -0.21137 116 160 246
1.92214 1.43681 -0.28608 255 217 240
-0.46860 2.46231 -0.14221 255 95 240
0.09597 0.52579 -0.09447 17 162 142
-0.69927 1.26245 -0.06142 190 0 169
2.94575 2.03812 -0.41346 156 84 73
-0.17610 2.30560 -0.14627 63 0 180
-1.21011 1.09766 -0.00874 0 62 168
0.40403 2.90173 -0.23526 70 184 96
1.48396 1.96019 -0.27855 91 163 220
1.28124 1.97211 -0.25297 83 169 243
-0.83902 2.84684 -0.12317 181 255 201
0.55318 2.75743 -0.24109 226 255 201
-0.69352 1.97749 -0.08833 176 156 145
2.41458 1.41567 -0.33163 122 221 241
-0.60478 3.06255 -0.16140 182 165 1
-1.22883 1.74729 -0.03031 72 249 151
2.84014 0.74520 -0.34101 65 87 18
-0.61335 1.60085 -0.07740 255 207 77
1.71802 1.28907 -0.27678 129 47 26
0.90098 2.18787 -0.24972 152 0 4
0.66717 2.10546 -0.21819 255 121 254
-1.15327 1.75769 -0.03898 6 172 144
2.05855 0.91949 -0.28161 170 24 40
-1.41596 2.08319 -0.02754 24 131 174
-1.40443 1.21976 0.00574 4 7 84
-0.90481 0.98539 -0.02126 129 114 114
0.06119 1.62628 -0.13209 78 241 88
0.83241 0.18524 -0.13115 209 100 217
1.54865 1.00879 -0.24248 61 8 190
2.76474 1.39759 -0.36713 16 148 5
0.29716 2.00103 -0.17194 54 102 0
2.17860 0.69832 -0.27045 119 138 0
-0.19942 2.12967 -0.14330 148 140 209
1.39924 2.23876 -0.28728 0 0 2
-0.46700 2.00415 -0.11632 171 136 96
0.46998 2.67392 -0.23209 195 238 86
0.96040 2.21987 -0.24254 211 76 153
1.94921 2.54961 -0.35983 179 143 36
1.71087 1.58322 -0.28667 196 255 255
-1.18875 3.00981 -0.10304 0 187 0
1.51553 2.90579 -0.33349 82 244 76
0.34318 0.79735 -0.11604 113 156 167
-1.55489 0.24831 0.07100 117 75 188
0.14730 1.15351 -0.12323 19 0 179
1.98690 1.85938 -0.31885 255 197 209
2.10527 0.25660 -0.24197 225 174 239
0.91820 0.26817 -0.14265 83 54 182
-1.24239 2.27673 -0.05121 0 24 14
0.16237 2.13261 -0.17704 0 39 19
1.00994 2.39838 -0.26140 197 102 255
2.64511 0.42636 -0.30855 0 188 179
-1.34776 1.31836 0.00556 0 0 185
2.71536 -0.01985 -0.28930 35 0 0
0.51383 1.44029 -0.17348 162 76 189
-1.21101 0.46401 0.03217 92 156 255
2.59883 1.83751 -0.37703 0 101 66
1.18786 0.17340 -0.15798 0 11 46
2.18287 1.58679 -0.33038 145 189 94
1.30725 1.02221 -0.21786 76 97 112
0.75148 0.84037 -0.15834 251 214 84
1.16323 2.95618 -0.31481 64 147 188
-0.29305 2.15221 -0.14558 197 128 143
0.24893 0.59784 -0.10179 65 181 0
2.76287 2.82223 -0.43578 0 156 70
-0.99026 1.09447 -0.02635 77 51 108
1.25287 0.65155 -0.19204 0 178 177
-0.09789 0.60802 -0.06584 0 183 177
1.59300 0.18058 -0.19644 98 34 183
1.22427 1.89361 -0.25238 91 213 138
-0.89112 3.03104 -0.13469 157 255 255
-0.18350 2.87951 -0.18125 164 255 216
1.74689 2.46268 -0.32825 195 168 180
0.31949 0.86155 -0.12335 100 126 181
2.43539 2.61150 -0.40362 64 174 0
-0.12646 1.78185 -0.13091 24 189 0
0.19630 2.29714 -0.18701 86 75 110
1.60653 1.52741 -0.27733 153 250 199
0.58492 1.31613 -0.17008 255 104 255
0.93214 1.76046 -0.22889 213 255 255
0.57753 0.30529 -0.11696 255 144 85
1.19514 0.37001 -0.17265 81 211 103
0.93151 2.15613 -0.24577 148 8 3
1.26749 1.61805 -0.25997 0 190 15
2.99057 2.40023 -0.43388 82 98 175
1.75146 2.22782 -0.31996 200 79 255
2.21887 0.45693 -0.27085 169 255 136
-0.11852 1.80160 -0.13104 20 194 0
1.06800 2.53130 -0.27578 179 180 151
1.73386 0.87574 -0.24940 234 145 248
-1.11086 1.12594 -0.01283 27 43 172
-0.32640 2.95498 -0.17570 238 255 146
2.91537 2.79764 -0.44960 128 242 72
0.81821 1.60345 -0.20118 255 255 132
-1.01069 2.58985 -0.09758 26 42 129
-0.91499 0.82778 -0.00726 128 176 187
-0.51420 0.54171 -0.03349 238 228 202
-0.25509 1.59011 -0.10043 68 120 189
1.93748 1.77260 -0.31605 187 161 16
-1.27920 1.21069 0.00345 0 9 176
-0.03970 2.50061 -0.18206 11 21 0
-0.40002 0.50215 -0.03804 188 213 127
2.69347 0.66325 -0.32109 14 140 51
2.16516 2.15820 -0.35615 164 0 0
2.51359 1.12127 -0.32781 0 0 23
1.42438 -0.00190 -0.17354 28 0 0
0.49022 1.23381 -0.16116 240 76 137
-0.24812 0.41891 -0.05553 117 174 76
0.15417 1.87475 -0.16679 2 169 194
-1.31806 1.97147 -0.03151 0 172 169
-1.18284 1.56680 -0.02555 84 160 75
-0.57717 2.34841 -0.11825 255 73 75
1.60937 2.58667 -0.33788 125 231 198
0.26675 0.52123 -0.10087 86 155 16
-0.63433 2.94106 -0.13492 172 189 107
1.32596 0.17206 -0.17259 0 21 0
-0.71303 2.05706 -0.09286 174 126 177
0.81656 1.22542 -0.18647 159 0 138
1.40437 0.32619 -0.19508 102 196 252
1.94591 1.21214 -0.29269 255 98 250
-1.03998 2.99296 -0.11764 96 255 134
2.25887 -0.01027 -0.25215 137 81 182
1.97895 0.96127 -0.27651 255 102 99
1.05821 2.87098 -0.29918 112 177 66
0.76545 2.66613 -0.25932 255 240 255
-1.26185 0.40037 0.04276 85 120 250
2.19827 0.27484 -0.25719 178 198 255
0.20485 0.25426 -0.08012 148 108 255
-0.27461 0.57096 -0.05966 128 247 99
2.04892 2.39828 -0.35355 184 64 18
-0.50808 2.66738 -0.14778 255 196 255
0.87707 0.17551 -0.14000 192 98 245
1.42380 1.65127 -0.26268 0 193 50
-0.62974 1.08361 -0.04442 255 135 183
-0.81656 1.56499 -0.06287 235 173 246
1.18311 0.89250 -0.20229 0 66 61
2.71136 -0.04244 -0.28025 29 0 4
-0.18833 1.39020 -0.10816 117 108 234
2.17082 1.24344 -0.30535 222 120 165
1.04377 0.61083 -0.17375 129 255 133
1.22039 0.31100 -0.17603 71 178 89
-1.39731 0.47801 0.04953 0 76 109
-1.45232 1.83717 -0.03224 118 255 73
0.76576 2.53465 -0.24845 189 85 140
2.77262 1.12761 -0.34449 113 89 255
3.01895 2.75830 -0.46646 166 255 90
-0.50951 2.09765 -0.11207 181 87 63
-0.23495 2.88549 -0.18362 190 255 179
-1.63137 0.30048 0.07898 140 76 209
2.59579 2.09734 -0.38369 87 78 255
0.19171 1.28585 -0.14007 25 0 64
-0.05709 1.27643 -0.11407 0 0 174
-0.89999 0.37540 0.00489 146 34 9
-1.06441 3.05936 -0.12197 84 255 167
1.54761 0.20503 -0.19514 86 46 185
0.46419 1.49192 -0.17174 146 99 192
0.59789 2.87957 -0.24924 243 255 255
1.21373 1.16806 -0.21966 85 78 146
-0.84409 0.50167 0.00744 160 107 32
2.97663 2.25435 -0.42479 75 22 153
1.37592 2.89043 -0.31683 85 251 186
1.43741 2.27644 -0.29472 0 0 0
1.05645 1.11893 -0.19962 45 0 16
2.20471 2.47414 -0.37823 159 111 182
1.17593 2.29253 -0.26598 119 78 243
-0.53875 2.86011 -0.15304 188 184 90
-0.43901 1.80042 -0.11036 242 255 255
-0.26383 2.85282 -0.17879 204 255 122
2.49969 2.22943 -0.38216 109 91 255
-1.24008 1.93755 -0.03718 76 255 255
1.63552 0.80364 -0.23844 189 187 248
-1.31049 1.05876 0.01641 77 167 123
-1.25451 1.10975 0.00098 0 57 136
2.65217 0.46237 -0.30197 0 193 187
2.55396 2.72305 -0.41709 19 189 139
-0.33840 1.71259 -0.10575 113 177 190
2.40143 2.35601 -0.38027 72 57 167
1.13920 2.41076 -0.28028 142 117 186
0.90166 0.28837 -0.14502 94 66 183
2.89091 1.67444 -0.38440 140 255 255
0.11739 1.83909 -0.16342 79 255 255
0.16913 2.24083 -0.18068 1 0 0
1.85780 1.90960 -0.30034 166 88 58
1.37772 1.66435 -0.25174 0 190 17
-0.70085 2.92056 -0.13414 153 191 179
-1.37245 2.02241 -0.03142 10 157 155
2.17046 1.07504 -0.29782 219 74 255
-0.91776 1.46815 -0.04654 186 113 218
0.11180 0.19976 -0.07421 106 87 149
1.37858 1.73289 -0.26816 0 179 60
-0.42456 2.70542 -0.14630 249 212 177
2.25007 2.66508 -0.38595 233 255 141
1.77312 2.87977 -0.34944 102 157 136
0.49126 2.14958 -0.20719 224 102 254
0.31405 0.66461 -0.10123 100 190 35
1.47510 1.47658 -0.25761 14 133 0
-0.04308 0.88658 -0.09238 75 215 98
1.89767 2.66933 -0.35870 164 179 84
-0.88202 1.59197 -0.05119 114 103 182
-1.40397 0.33512 0.04397 76 92 91
0.63016 0.52905 -0.13833 255 255 255
1.16535 0.40657 -0.17649 83 227 98
2.14230 2.54774 -0.36186 255 232 255
0.55597 2.86243 -0.24795 225 255 255
1.83410 0.87019 -0.26040 255 148 168
-1.23260 0.75818 0.01981 90 255 97
0.84051 2.85556 -0.26739 181 189 13
-0.94858 0.26050 0.01936 130 0 124
0.13998 0.30131 -0.08920 34 43 174
2.22717 2.02069 -0.34588 218 103 91
-0.01114 1.56504 -0.12389 76 211 113
0.03474 0.50225 -0.08079 0 150 186
2.42598 1.87596 -0.37272 45 83 0
2.20236 1.42583 -0.32189 129 140 5
1.11059 2.17224 -0.25239 54 0 170
2.96047 2.72297 -0.45250 147 255 74
0.02905 2.65590 -0.19344 0 119 152
-1.43109 1.36145 -0.00025 8 0 169
2.35350 0.12492 -0.26149 15 33 179
-0.30840 2.72545 -0.16577 219 228 79
-0.92867 0.96328 -0.02054 111 116 149
1.17906 2.75124 -0.29327 50 183 73
-0.36325 1.73425 -0.10902 127 182 183
-0.29442 0.14050 -0.03549 49 0 190
-0.44047 1.75098 -0.10635 241 255 255
1.95155 0.54916 -0.24566 189 190 189
1.46933 1.15386 -0.24068 102 76 255
0.82821 2.91960 -0.27262 255 255 80
0.09047 0.68259 -0.09455 86 255 137
0.98581 0.05429 -0.14167 135 69 252
-1.09191 2.89967 -0.10550 86 255 76
1.92940 1.62644 -0.30531 255 255 89
1.26704 0.78765 -0.20362 0 132 77
-0.79969 1.59786 -0.06601 245 193 217
0.30277 1.68655 -0.16654 145 255 255
2.74731 1.92957 -0.39100 0 50 183
-0.77681 2.22989 -0.09872 150 26 185
0.35235 1.38196 -0.15531 182 122 133
0.83924 1.35303 -0.18964 160 45 22
-0.71418 1.38285 -0.06424 181 4 188
-1.32715 1.60447 -0.01310 81 171 101
0.23717 2.53633 -0.20116 99 151 255
2.45696 2.55394 -0.39681 51 158 0
2.58273 2.45743 -0.39800 87 199 81
2.66358 1.13307 -0.34486 0 1 164
2.87810 0.89459 -0.35221 164 99 255
1.05305 2.37743 -0.26590 178 96 255
0.65332 1.51138 -0.19050 191 120 66
-1.27030 2.44918 -0.06645 81 75 82
1.34216 1.02221 -0.21890 77 89 140
1.53581 1.58854 -0.27171 34 178 93
-1.22663 1.57747 -0.02654 0 81 0
2.95201 2.66053 -0.43448 138 255 115
0.29143 2.97884 -0.23517 19 168 56
1.65033 0.15632 -0.20199 218 109 255
1.15702 2.29507 -0.27067 126 74 243
0.12985 1.59389 -0.15305 87 224 95
-1.38864 0.28875 0.06246 76 83 86
1.55736 1.62408 -0.27591 42 189 134
2.62960 0.56908 -0.30951 81 255 255
1.00195 0.52534 -0.15789 58 180 0
-0.53894 0.45931 -0.02807 157 95 185
-1.29148 2.14353 -0.04482 0 91 154
2.12903 -0.05701 -0.23456 121 0 0
-1.18452 0.57661 0.02433 100 212 200
-0.20174 1.17883 -0.09691 121 84 83
-0.38161 0.20668 -0.02575 86 0 191
2.87325 0.76056 -0.34440 83 76 71
-0.58547 3.08283 -0.15079 181 151 0
-0.74976 0.97864 -0.04044 255 190 79
0.83743 2.11112 -0.23831 170 24 15
1.53577 0.65441 -0.21762 140 255 76
-1.21087 2.21799 -0.06186 0 44 22
2.03056 2.41728 -0.36041 186 63 10
1.32237 0.78266 -0.20681 0 123 20
2.01585 0.26168 -0.23595 255 181 157
2.49476 0.71544 -0.31338 81 203 255
2.03904 0.67690 -0.26541 176 149 53
0.85434 0.35611 -0.13558 120 95 178
2.69707 0.39189 -0.30634 101 255 255
-0.66375 1.40863 -0.06970 194 22 161
-0.66173 0.25628 -0.00394 255 87 107
1.59678 0.52890 -0.21549 103 188 0
2.92151 1.57543 -0.38254 63 183 148
-0.38214 1.67363 -0.10708 132 155 183
-0.86610 3.12003 -0.12973 158 230 255
2.70764 0.58409 -0.32069 15 171 110
-0.82883 2.35095 -0.10301 124 0 149
2.60046 1.57389 -0.35859 73 255 98
1.06272 0.09547 -0.15846 21 0 187
2.27635 0.93950 -0.30343 172 93 255
1.87453 1.74295 -0.30600 172 169 0
0.73374 1.13868 -0.17665 181 0 186
-0.94202 1.65096 -0.06143 85 129 191
-0.30645 2.59121 -0.15433 135 65 90
1.21271 0.79532 -0.19907 0 126 109
2.84541 1.31935 -0.36331 50 102 0
-0.48235 0.41486 -0.02501 221 162 255
-1.31283 1.43867 -0.00933 0 6 135
0.90956 1.56204 -0.21427 220 241 182
2.08814 1.21652 -0.30437 255 102 255
1.80939 2.72839 -0.34643 123 191 50
-1.06430 1.71251 -0.04086 34 153 178
0.68656 2.85596 -0.26953 255 255 238
0.54286 0.27073 -0.10113 255 127 77
-1.51925 0.36851 0.06071 108 103 77
0.13672 1.42420 -0.13716 2 48 11
0.12719 2.03382 -0.16881 0 89 116
1.71299 2.62438 -0.33268 80 163 4
0.60575 2.45798 -0.22186 168 35 0
2.85589 1.18160 -0.36287 149 121 177
2.09747 0.89497 -0.28210 162 41 50
1.98828 0.28943 -0.23805 255 201 160
-0.53772 0.77949 -0.05188 254 255 80
-1.52970 0.48543 0.05885 29 72 2
-0.78079 1.97794 -0.07319 152 164 62
2.43000 0.06310 -0.25826 87 91 253
2.46563 2.04693 -0.37064 34 8 116
-0.91763 1.48163 -0.04484 195 129 237
2.49352 2.22360 -0.37952 113 85 255
1.66906 2.65654 -0.32879 59 173 17
0.33008 2.83978 -0.23204 42 191 0
-0.50013 0.47415 -0.03819 230 189 239
0.03908 2.29899 -0.17398 77 74 91
2.69488 0.25724 -0.30504 107 202 196
0.38163 0.29750 -0.10312 228 135 161
-1.38016 1.47419 -0.00955 2 24 154
-0.25963 0.65193 -0.05915 129 255 173
0.43691 2.35196 -0.21159 98 0 177
2.08280 0.09633 -0.23099 139 11 11
1.05880 1.70286 -0.23922 152 255 221
2.21272 0.97368 -0.29752 191 90 255
0.74557 0.70616 -0.15413 255 255 97
2.88424 1.21131 -0.37196 159 128 126
1.08864 0.50679 -0.18472 106 255 106
2.57731 2.52283 -0.40312 4 148 4
2.73489 1.93998 -0.39422 0 41 174
-1.10077 2.17582 -0.07301 97 156 73
-0.07695 1.72969 -0.13695 9 186 0
0.48690 1.74963 -0.18211 151 192 30
0.46324 0.06540 -0.09095 176 0 172
2.04777 2.41632 -0.35743 191 74 24
-0.92816 3.11590 -0.14116 131 235 255
0.04393 2.49184 -0.18408 84 116 114
1.48391 2.64246 -0.31270 79 247 255
2.29404 1.14765 -0.31504 166 91 111
0.38748 0.46650 -0.10464 223 222 81
-1.08743 1.44291 -0.03126 107 104 77
1.65273 2.84022 -0.34578 47 180 10
1.92727 0.40035 -0.24253 255 250 194
0.32247 0.13507 -0.08250 118 0 191
-0.46072 1.68359 -0.09759 255 250 213
0.93883 0.14041 -0.14097 162 83 255
2.06222 1.77194 -0.32357 255 238 216
1.22621 2.18249 -0.27524 99 79 255
0.20076 2.36385 -0.19675 92 83 159
0.95991 1.06297 -0.19275 99 3 140
2.71874 2.33663 -0.40730 75 134 81
0.33747 0.62040 -0.11218 193 255 109
1.70154 1.93384 -0.31029 98 90 0
-1.07012 2.25975 -0.08057 101 109 105
0.47965 1.74075 -0.18137 142 186 48
-1.53412 1.34068 0.01209 60 0 66
1.68786 2.56511 -0.33049 77 138 59
2.39944 0.94736 -0.30153 26 3 92
1.19177 1.08442 -0.21481 90 83 85
-1.34055 2.84064 -0.07974 16 157 186
2.68399 2.42568 -0.41110 72 189 110
2.25855 2.50109 -0.37049 142 125 181
1.15770 0.97838 -0.19871 8 34 27
1.14599 0.00417 -0.14929 0 0 181
2.87642 2.64135 -0.44393 118 255 199
-0.87996 2.53085 -0.10693 87 25 52
2.79431 1.01392 -0.35312 116 78 255
-0.98463 1.61529 -0.04686 69 114 178
2.64658 1.42215 -0.36735 76 229 181
2.81130 1.56607 -0.38436 29 190 59
1.44065 1.97704 -0.27472 87 157 246
2.75062 0.84746 -0.33450 16 37 26
-1.19313 0.28990 0.03948 19 0 142
1.07324 0.96053 -0.19171 117 133 197
0.19707 1.07099 -0.12334 113 107 255
-1.04969 2.48085 -0.09490 8 0 181
-0.75513 0.99160 -0.03690 255 188 80
1.21435 1.48773 -0.23027 8 131 155
-1.21890 1.78441 -0.04441 75 255 186
0.91879 0.23576 -0.14221 83 38 190
2.09825 2.69759 -0.38411 255 255 255
1.51355 1.02609 -0.22520 132 87 255
1.88402 1.53086 -0.28272 255 253 200
2.34516 1.05643 -0.30868 55 0 52
2.59885 1.23644 -0.34486 0 46 180
-1.37398 0.91926 0.01783 77 245 98
0.90057 1.65896 -0.21434 229 255 240
-0.12204 1.38083 -0.10390 97 105 255
1.48074 0.25512 -0.18794 52 69 162
-0.56885 2.49571 -0.12821 255 97 161
-0.33864 2.63719 -0.16763 147 94 81
0.22400 2.70904 -0.21321 0 149 109
-1.08604 1.94905 -0.05060 15 180 120
-0.24379 0.25667 -0.03697 22 9 87
2.59205 0.91656 -0.32966 0 9 0
2.59124 0.41115 -0.29124 0 179 134
1.33464 1.21947 -0.23138 77 85 255
1.78447 0.82911 -0.24925 252 166 244
-1.34525 0.65790 0.02912 0 165 169
1.95935 -0.02811 -0.21730 178 0 87
0.24969 0.87086 -0.11704 153 209 225
-1.05257 1.79097 -0.05251 33 175 185
1.58431 1.29169 -0.26166 65 38 0
2.78059 1.71462 -0.37874 99 241 227
0.32380 2.10721 -0.18774 51 48 5
-0.38362 2.08768 -0.12528 235 165 75
1.52632 0.70490 -0.21778 142 251 83
-0.67117 0.75844 -0.03223 255 255 168
1.37487 1.20485 -0.23409 78 80 255
1.75460 0.30245 -0.21686 170 98 18
-1.16003 0.58126 0.02267 110 227 156
0.51350 0.80893 -0.14055 172 150 159
0.98651 0.01720 -0.13169 136 77 213
-1.16796 2.44118 -0.07360 0 0 70
1.36441 0.65326 -0.20515 0 180 100
2.15688 2.33170 -0.35884 174 34 65
0.72139 2.30300 -0.23909 191 0 0
-0.91117 2.96060 -0.12779 140 255 212
-0.96703 3.10756 -0.13304 116 243 255
0.09871 2.48788 -0.17438 72 117 180
1.35552 0.72031 -0.20785 0 155 42
-1.16149 1.19765 -0.00725 94 95 254
-0.93237 0.62016 -0.00120 212 253 126
1.60071 1.01499 -0.25115 82 7 180
2.08071 1.97042 -0.33434 255 133 255
2.43135 -0.06436 -0.25994 84 71 255
1.93748 2.32484 -0.34094 255 105 119
-1.08143 2.95185 -0.10850 82 255 69
1.35873 1.41380 -0.23950 0 91 102
1.44620 1.76364 -0.27442 83 254 240
-1.45349 2.05634 -0.03087 40 147 117
-1.09807 3.07011 -0.11506 81 252 132
0.11930 1.71552 -0.15272 83 255 173
-0.61873 0.82722 -0.03548 255 255 83
-1.07530 0.85883 0.00185 51 173 113
1.41533 0.43045 -0.20178 105 245 255
0.47061 0.96104 -0.12751 155 66 75
2.68899 0.47063 -0.31720 12 185 184
-0.04529 2.49715 -0.18121 15 30 0
0.16788 0.27206 -0.07700 40 31 179
-0.36758 2.44104 -0.14639 148 0 185
-0.94372 2.24903 -0.08925 152 110 218
-1.07403 2.96466 -0.10721 88 255 80
-1.56428 1.26658 0.01243 60 0 0
2.26766 2.08898 -0.35617 215 90 76
1.35565 2.24380 -0.28817 0 0 26
0.75871 1.84380 -0.21728 255 248 255
1.03430 2.17510 -0.25189 95 1 96
-0.11062 0.66103 -0.08037 83 255 255
1.90679 2.10270 -0.33214 176 0 189
-0.56555 0.17211 -0.01277 251 75 117
2.94020 1.47941 -0.38478 83 180 101
-0.77261 1.13752 -0.04328 168 21 15
0.39366 0.40161 -0.10348 227 190 91
2.02155 0.62969 -0.26325 175 171 89
-0.30225 2.12387 -0.12907 196 150 114
1.08905 2.86648 -0.29122 91 182 102
0.79311 0.75311 -0.16302 245 245 80
-0.17386 0.57252 -0.07062 93 254 194
1.59248 1.33292 -0.26509 73 58 0
2.38888 1.90161 -0.35510 61 80 0
2.25300 0.99261 -0.29361 188 79 255
2.50031 0.70197 -0.30740 79 218 255
2.55740 1.00674 -0.32348 0 0 0
-0.74314 1.45786 -0.06525 172 37 178
-0.61783 1.33409 -0.07769 188 0 169
1.19373 0.79330 -0.19889 0 127 137
-1.02382 0.39601 0.02060 180 130 168
0.40473 0.21592 -0.08938 158 17 98
-0.73779 0.20264 -0.00226 255 80 80
0.22015 2.87924 -0.21794 0 186 0
-0.33329 1.94563 -0.12252 201 250 119
0.11038 0.63771 -0.09446 12 186 49
-0.43505 1.06633 -0.06213 133 51 189
2.66459 1.48116 -0.35896 75 255 126
1.85100 1.95894 -0.31297 164 62 85
-1.08018 0.70630 0.00836 138 255 76
0.62064 0.66519 -0.14045 183 192 160
1.34613 0.53433 -0.19400 81 255 255
-1.17766 2.15341 -0.05401 81 169 119
2.66364 -0.11956 -0.27334 14 0 103
2.37888 2.46955 -0.38646 91 114 119
-0.23377 1.28626 -0.09051 137 73 98
2.33356 1.93958 -0.35942 173 141 82
0.13905 2.63763 -0.20694 77 196 255
1.55525 0.02474 -0.18805 185 73 149
-0.29248 0.45826 -0.04680 150 198 83
0.82521 1.75950 -0.20931 255 255 255
2.50721 2.54188 -0.40587 32 152 0
0.11382 1.99850 -0.16822 0 119 172
2.12484 0.64726 -0.27448 136 162 6
0.77994 2.59765 -0.25288 188 122 181
-1.30158 2.99961 -0.09398 8 185 76
1.20626 1.15242 -0.21886 86 81 138
1.94183 0.92737 -0.26856 189 29 0
2.40840 1.65583 -0.34472 134 255 222
2.10496 -0.04499 -0.23801 122 0 0
-0.44558 2.03439 -0.11360 163 114 56
1.34115 1.03617 -0.22585 77 91 158
-0.00450 2.94776 -0.20323 95 255 210
-1.17002 2.17453 -0.06266 75 157 93
-0.14536 2.81598 -0.18950 154 255 195
-0.59363 2.58045 -0.12848 255 140 197
0.06108 2.13640 -0.16708 0 40 110
0.29782 1.30793 -0.14545 70 6 0
-0.03620 2.37878 -0.17338 4 0 11
0.96207 0.15194 -0.14993 154 94 255
0.61070 0.56879 -0.13626 255 255 255
2.76508 2.16565 -0.41128 87 79 90
1.51128 2.94896 -0.33111 80 226 72
-0.80524 2.24849 -0.09455 213 106 255
1.14144 1.50018 -0.23722 110 215 255
0.88160 2.15009 -0.23857 153 8 0
-0.67708 1.30125 -0.05911 188 0 188
0.22602 2.18418 -0.17940 12 22 0
0.05980 2.51536 -0.18600 79 136 167
1.55594 0.80757 -0.22712 154 199 167
2.30455 1.14576 -0.30834 158 88 114
-0.95639 1.38429 -0.03296 172 96 131
-0.11430 0.95682 -0.09361 0 96 18
1.26153 2.60323 -0.29093 98 231 132
0.84713 2.66451 -0.26355 180 149 151
0.35814 0.32777 -0.09424 216 153 149
0.19935 0.78907 -0.11580 125 253 111
-0.39789 0.47791 -0.04233 186 197 130
0.98475 1.11797 -0.19417 86 0 78
2.44896 1.98090 -0.37426 33 35 39
1.14905 2.50655 -0.28206 140 169 98
0.36005 0.19418 -0.08870 139 0 172
1.58522 0.66759 -0.22583 182 255 104
-0.24124 2.21240 -0.13570 171 104 233
2.20198 2.53365 -0.37709 246 225 255
-1.18484 1.73871 -0.03937 0 168 103
-0.41590 0.34655 -0.01992 201 129 255
-0.90278 2.03627 -0.07212 176 228 92
2.12321 2.20697 -0.34232 176 0 0
0.62404 2.29759 -0.22839 181 0 61
1.35538 2.83853 -0.30955 79 255 238
1.36137 2.28741 -0.29890 0 0 9
1.55740 0.01518 -0.18733 182 78 146
2.07300 1.56162 -0.31061 184 181 0
0.59413 1.42128 -0.17210 255 155 255
0.87602 1.00888 -0.18487 213 112 255
1.98764 1.88249 -0.32500 255 182 238
0.74885 1.66346 -0.21118 255 255 125
1.76403 1.29355 -0.27198 151 43 65
0.83084 0.41939 -0.14613 133 137 157
-0.23073 2.13809 -0.14692 165 141 187
-0.25055 0.29277 -0.04403 32 20 64
0.10059 0.51777 -0.07689 8 152 152
-1.05308 2.13453 -0.07125 106 174 75
0.95953 0.38435 -0.15705 72 109 80
2.21091 1.74165 -0.33198 226 250 255
2.12650 0.56408 -0.26247 140 193 56
2.31725 1.83451 -0.34625 173 200 145
0.49301 0.85187 -0.13864 169 125 140
1.72037 2.77551 -0.34316 74 186 14
0.76928 1.77736 -0.20747 255 255 217
2.61892 0.32170 -0.29167 0 154 87
-0.12519 1.40102 -0.10703 98 113 255
0.99925 2.28729 -0.25419 199 79 244
-1.10482 1.24831 -0.01621 109 81 185
0.59232 0.37593 -0.12012 255 191 147
1.28928 0.43714 -0.19049 81 245 235
-0.27839 2.75743 -0.17071 215 238 77
-1.32014 0.34643 0.04360 0 6 70
2.88883 2.07972 -0.41020 48 0 0
1.60707 2.49414 -0.32324 46 99 177
1.50087 0.77554 -0.21801 127 215 98
-0.74059 1.80431 -0.08631 253 255 79
-1.27058 2.96745 -0.09575 0 190 74
-0.17337 0.66321 -0.07299 90 255 255
-0.70024 0.85546 -0.04236 255 243 108
-0.68137 2.64473 -0.13883 252 171 175
-0.53604 1.61626 -0.08705 255 221 101
0.84660 1.30090 -0.19565 156 21 53
2.78393 0.99386 -0.34499 117 76 253
2.13000 2.45074 -0.36884 177 99 133
0.75449 0.56504 -0.14168 169 187 135
0.74766 0.30590 -0.13058 164 72 147
0.77788 1.17426 -0.18388 169 0 192
1.37831 1.50460 -0.24918 0 147 4
1.12975 0.23286 -0.16038 86 130 123
2.67518 0.33074 -0.30160 95 242 234
-1.31397 0.82009 0.02247 71 255 112
-0.47593 3.10684 -0.16318 189 132 49
0.40716 1.24331 -0.14542 206 77 80
2.34016 1.17738 -0.31998 66 13 0
1.08239 2.53725 -0.28159 171 181 136
2.09365 2.17414 -0.34248 181 0 15
2.16372 0.69999 -0.27938 122 140 0
-0.74576 1.38903 -0.05146 178 8 188
0.05819 1.67060 -0.13805 75 255 100
2.49590 2.40766 -0.39303 113 162 139
0.45500 1.67946 -0.17958 128 177 110
0.89082 1.22460 -0.20270 126 0 61
-0.07715 2.90132 -0.19660 120 255 255
2.57420 2.76073 -0.42397 6 184 173
-1.11779 2.46664 -0.07405 3 0 147
-0.92482 0.51409 -0.00138 141 117 2
2.52167 0.61602 -0.30336 78 248 255
2.07665 1.11662 -0.28479 255 76 255
-0.59942 2.90770 -0.15007 185 193 109
2.66584 1.53118 -0.36644 75 255 89
-0.64660 1.38586 -0.06516 194 0 162
0.24344 1.08637 -0.13003 59 18 167
0.62921 0.05467 -0.10986 178 0 35
2.25978 0.05500 -0.25410 145 93 229
1.78479 -0.04773 -0.20700 255 78 255
2.49437 1.53035 -0.33409 98 255 243
-0.47015 0.72422 -0.05123 143 190 0
-0.57341 0.38270 -0.01432 174 55 166
-0.69113 2.35925 -0.12029 255 81 101
2.46891 0.99949 -0.32174 8 0 2
0.11991 3.06434 -0.21955 0 130 0
-0.72353 0.71919 -0.01687 189 185 161
2.55986 0.57342 -0.30422 78 255 255
2.37371 0.63150 -0.28198 117 248 179
2.31128 2.29437 -0.37291 108 19 164
2.15187 0.31331 -0.25605 204 219 255
1.42054 1.78315 -0.25944 88 255 233
2.12693 1.69859 -0.32553 162 185 136
1.05785 1.45005 -0.22069 146 192 233
1.14616 1.65649 -0.23451 115 255 186
-0.65410 1.74471 -0.08436 255 255 99
1.56397 0.95309 -0.24062 156 113 255
-0.80955 2.91191 -0.13154 197 255 255
1.89187 1.56278 -0.29115 255 255 160
1.64064 2.10814 -0.30441 61 5 10
3.00905 2.45156 -0.43886 88 127 141
2.54086 0.60822 -0.30534 70 251 255
1.29979 0.54146 -0.19015 77 255 255
0.17275 0.53727 -0.09199 41 166 68
2.04687 2.58954 -0.36902 255 236 242
-0.17557 2.81174 -0.17452 163 255 173
0.78828 0.38042 -0.13883 151 110 185
-1.52234 0.21555 0.07274 101 73 176
2.64874 1.65394 -0.36127 76 255 78
1.58496 1.54336 -0.26847 139 249 177
1.66679 0.89622 -0.24318 200 135 255
1.61364 2.81003 -0.34186 113 255 75
0.65797 2.64200 -0.24594 255 222 201
0.09169 2.30060 -0.17008 79 72 74
0.98587 2.78943 -0.28873 139 187 0
1.05396 1.88009 -0.23809 81 147 13
1.21798 1.92785 -0.25692 96 189 159
-0.02123 1.91342 -0.13768 0 170 110
1.98174 0.53463 -0.25307 180 197 184
-0.74657 1.32950 -0.05179 174 0 178
1.50616 2.89432 -0.33251 80 249 78
0.35647 2.51904 -0.21456 145 142 228
-0.25004 0.51936 -0.05370 122 224 82
0.91212 2.23879 -0.25513 242 76 127
-1.08851 1.60842 -0.03744 25 99 93
0.05738 1.51830 -0.13360 77 190 88
0.95593 0.47583 -0.15831 71 165 3
-0.34655 3.01323 -0.17939 157 174 91
1.14520 1.26911 -0.21546 107 97 162
0.44944 0.76664 -0.13247 153 171 189
-0.48442 2.54708 -0.13674 255 114 255
1.49106 2.92894 -0.34188 84 238 80
2.91866 1.25963 -0.36671 176 157 84
-1.47004 0.75564 0.03375 11 188 189
1.68009 0.26435 -0.21609 137 88 110
-0.73451 2.06001 -0.09089 156 121 170
-0.94140 1.05920 -0.01423 104 73 98
0.22482 0.87326 -0.11204 137 212 203
0.04960 2.89793 -0.19658 0 187 114
-1.24410 0.84288 0.01034 0 180 0
-1.14502 2.45833 -0.07936 0 0 122
2.47157 0.95556 -0.31166 4 2 29
0.23401 0.91729 -0.12707 137 190 240
2.01643 0.05425 -0.23627 165 0 0
-1.42795 3.06916 -0.08966 55 175 127
1.04611 1.29714 -0.21487 69 19 13
-1.19239 1.69031 -0.03014 0 153 61
2.50795 1.94820 -0.37739 6 43 86
0.34461 0.61835 -0.10779 203 255 106
0.76233 0.24767 -0.13011 156 41 100
-0.61148 1.22982 -0.05599 188 0 184
0.84037 2.02267 -0.23515 175 70 80
-0.57812 0.22800 -0.01033 255 77 150
-1.24520 1.36741 -0.01136 78 81 208
1.07188 2.49341 -0.28640 172 158 182
-0.24207 1.18201 -0.09104 136 85 75
-0.98149 2.41188 -0.08919 41 0 186
-0.45253 2.14358 -0.11316 170 61 0
1.19790 0.19739 -0.16445 76 109 100
2.37944 2.02026 -0.35400 154 101 105
0.88379 2.11396 -0.23688 150 30 0
0.40889 2.54897 -0.21777 163 160 150
0.67367 1.03177 -0.16373 255 100 148
-1.08433 2.64416 -0.09571 2 70 156
-0.23958 3.06549 -0.18678 198 237 255
-0.34366 1.33287 -0.08925 192 86 78
-1.55748 0.93863 0.03060 133 249 249
-0.25456 0.93514 -0.08085 51 103 148
-0.29561 2.53282 -0.15765 122 40 113
1.43407 0.28001 -0.18908 117 164 240
2.59463 1.40527 -0.34194 77 223 237
2.16291 2.11278 -0.35008 249 78 89
-1.19403 0.48533 0.02523 98 172 255
-0.10330 0.73228 -0.08175 80 255 255
1.66302 1.40759 -0.27097 184 189 143
0.27276 1.24469 -0.13383 59 0 26
-0.81798 0.90950 -0.03344 247 228 184
-0.50128 2.53477 -0.13896 255 116 249
2.80768 0.16394 -0.29637 150 159 204
0.12587 0.14069 -0.06822 113 80 128
2.76932 2.54543 -0.42293 1 160 179
-0.23445 0.38927 -0.05842 113 159 80
0.00937 2.27341 -0.16769 85 78 136
-0.66636 0.55649 -0.01367 188 145 185
1.05602 1.68280 -0.23556 158 255 240
-0.86780 0.93382 -0.02106 232 219 211
-1.38959 1.02763 0.02490 82 184 76
0.56287 0.16660 -0.10254 188 0 29
1.66708 1.11833 -0.26103 109 0 33
-0.66727 1.59268 -0.07307 255 199 104
-1.43615 2.78635 -0.06673 55 131 118
0.25979 2.03650 -0.18103 31 88 7
2.43635 1.00884 -0.31859 20 0 8
1.24636 0.72054 -0.19786 0 160 132
2.32916 0.28267 -0.27643 34 123 86
2.52083 0.54195 -0.30117 78 255 250
0.03283 0.26564 -0.07694 86 105 134
2.60105 1.63484 -0.35312 76 255 78
1.43299 0.69544 -0.21654 17 165 5
-0.86164 2.69926 -0.11742 88 107 0
0.18033 0.77506 -0.10408 122 255 96
2.33052 1.37622 -0.32815 75 112 50
0.63942 2.80917 -0.24607 255 255 255
0.30341 3.05111 -0.23723 19 132 114
2.33558 0.27865 -0.27102 35 117 97
1.86686 1.34724 -0.27866 255 164 255
0.64378 1.97588 -0.20151 255 192 255
-1.12448 1.42961 -0.02844 105 96 77
2.12033 0.10758 -0.24267 130 19 55
-0.56210 2.17580 -0.11780 188 49 58
2.67032 0.79604 -0.32720 81 155 86
-0.93887 1.27243 -0.03257 192 79 73
2.23666 0.73537 -0.29143 91 113 70
-0.42397 0.86998 -0.06029 122 151 115
2.72917 0.49346 -0.31118 27 189 158
0.00239 1.71001 -0.13452 75 255 83
-0.23967 0.66696 -0.06225 119 255 213
2.21401 0.69808 -0.27879 100 140 16
0.18243 1.72829 -0.15912 98 255 246
-0.31334 0.23963 -0.04204 52 0 160
-1.16130 3.12124 -0.10417 0 146 32
1.12455 2.13204 -0.26089 52 10 140
2.63456 0.50216 -0.30539 77 255 255
0.79886 1.88901 -0.21437 187 146 188
2.72091 2.56827 -0.41940 0 169 163
-0.39871 0.36069 -0.04267 180 137 233
-0.06795 1.71409 -0.13398 4 187 0
-0.46440 1.58927 -0.09247 250 202 134
-1.09081 2.30610 -0.07680 95 97 114
-0.02840 0.45762 -0.07242 0 123 158
-1.20402 0.80220 0.01119 2 193 0
-0.02482 1.79628 -0.13703 80 255 114
1.09209 1.51156 -0.22040 130 225 255
1.05766 2.67926 -0.28101 102 170 0
2.18990 2.03602 -0.35502 239 101 117
1.62823 2.78831 -0.33927 120 255 76
-0.51505 2.51327 -0.13169 255 109 217
2.30339 0.73507 -0.28657 142 202 217
1.91110 2.48921 -0.34226 255 197 80
2.78314 1.49145 -0.37863 18 173 0
1.59266 0.76739 -0.22555 169 217 162
1.56581 2.19617 -0.29204 23 0 9
2.10377 0.99473 -0.28217 244 86 230
0.98122 0.06781 -0.14384 135 75 245
0.41049 1.15262 -0.14947 219 81 79
0.17336 2.39183 -0.19170 84 88 173
2.63992 0.62052 -0.31648 79 245 230
-1.00178 0.79700 -0.01339 92 189 121
2.89629 1.75199 -0.40185 138 225 255
-0.49989 2.05053 -0.11260 182 106 105
0.61716 0.91303 -0.14601 192 81 0
2.25248 2.45551 -0.37410 142 98 189
1.62635 0.27633 -0.20296 128 88 143
2.19893 0.62288 -0.27024 105 176 0
-1.08591 3.15298 -0.11970 83 216 216
0.91526 2.42618 -0.25992 241 109 255
-1.16613 2.22387 -0.06166 80 129 77
-0.46125 0.93643 -0.06593 151 120 130
-1.50650 0.65877 0.04963 18 165 158
-1.35152 1.23943 -0.00327 0 3 158
0.98843 1.24349 -0.20611 86 0 0
1.41327 1.19901 -0.23268 90 83 255
1.62498 1.72910 -0.28751 159 255 255
1.44713 2.55738 -0.30988 0 125 176
-1.02292 2.46758 -0.09482 27 0 189
2.55738 0.16224 -0.28121 0 62 0
2.19458 2.40116 -0.36705 164 61 139
-0.42993 1.70920 -0.10251 155 169 168
1.49393 -0.02689 -0.18177 152 81 74
-0.51225 0.69446 -0.04516 159 188 0
-0.12255 2.10382 -0.15796 117 149 255
0.42086 2.72067 -0.22396 89 166 0
1.38406 0.81202 -0.20868 2 104 0
-0.56750 1.24834 -0.06671 181 0 185
0.05606 1.75556 -0.15062 81 255 135
-1.26104 0.28684 0.04610 1 2 91
1.89392 1.58691 -0.29264 255 255 143
0.00839 0.61330 -0.08865 0 180 163
1.57057 0.73005 -0.22705 156 241 112
1.57473 2.41709 -0.31220 23 55 180
1.15978 0.24743 -0.16167 82 138 100
-0.45069 1.90564 -0.11005 251 255 246
1.32616 2.60823 -0.30978 77 231 206
1.19873 2.59486 -0.29619 34 126 0
1.73365 1.99183 -0.29863 110 51 3
0.09719 0.55661 -0.09816 9 170 135
-1.01480 1.90226 -0.06368 46 188 88
0.90282 1.24062 -0.19245 128 0 55
-0.69029 1.47039 -0.07225 183 41 141
-0.08437 2.00985 -0.14447 105 203 221
0.86424 2.10804 -0.24023 164 23 1
-1.31955 3.07252 -0.09821 17 174 35
2.86867 1.25562 -0.37026 143 155 118
1.88074 2.44576 -0.34383 248 165 85
-0.58779 2.66857 -0.14665 255 184 255
-1.10174 2.92344 -0.10501 78 255 75
0.72030 0.42593 -0.12472 172 134 188
-0.42390 2.29353 -0.13126 167 0 45
1.63472 2.27831 -0.31890 142 84 226
1.39088 0.13095 -0.17834 19 14 8
-0.86247 1.50122 -0.05775 211 136 255
-0.58097 2.07468 -0.10661 190 99 142
-0.83117 0.83066 -0.02008 240 255 255
0.23384 1.55877 -0.15035 118 216 152
2.60374 1.91064 -0.38345 0 63 135
2.85105 1.79542 -0.39962 129 202 255
-1.33265 3.06904 -0.10065 18 172 41
-1.09822 2.43649 -0.08345 4 0 138
1.57328 2.31406 -0.30828 25 6 101
1.49819 0.04042 -0.17472 146 77 118
-1.27868 2.52220 -0.06562 81 88 141
-0.41995 0.97360 -0.07001 133 97 180
-0.50165 0.87563 -0.04362 248 241 117
-0.15644 2.74292 -0.18273 147 244 138
0.25629 2.97090 -0.22398 9 172 21
-1.19014 1.88491 -0.04373 0 187 187
0.65996 0.91704 -0.16087 191 82 0
1.59811 1.83752 -0.28467 51 141 126
0.17659 0.47874 -0.08966 40 140 117
2.54235 1.22211 -0.33522 0 38 127
0.15681 0.39146 -0.08449 36 86 184
-0.16053 2.12106 -0.15013 129 143 239
1.09075 1.28693 -0.21451 43 17 34
1.11945 0.63567 -0.19128 13 186 150
1.74564 0.62018 -0.23914 242 255 209
0.96226 2.93470 -0.28616 149 167 27
0.23385 1.94294 -0.16942 18 143 112
0.43008 2.17552 -0.19814 187 94 214
1.68163 2.27419 -0.31073 163 84 250
0.89308 1.88157 -0.22767 147 148 142
0.05491 0.34167 -0.06722 6 59 132
-1.29797 2.97542 -0.09381 7 188 105
-0.01573 1.52053 -0.13075 78 181 168
0.42389 2.58208 -0.22112 92 99 32
-0.53974 3.10846 -0.15740 192 143 0
-0.87763 2.26306 -0.08723 182 107 255
1.64954 0.43470 -0.22499 121 166 11
2.01650 0.62908 -0.26091 174 173 94
-1.08213 1.44937 -0.03214 118 100 79
2.46914 2.31646 -0.39214 121 115 228
2.25509 2.56013 -0.37735 235 240 242
2.28211 1.02892 -0.29834 167 73 235
2.42566 2.85695 -0.41167 156 241 198
-1.27792 1.63698 -0.02058 80 201 74
2.45485 2.14566 -0.37067 122 77 255
1.70636 2.76224 -0.33934 77 190 0
1.95426 1.36997 -0.29151 190 98 165
2.14115 2.64772 -0.37444 255 255 253
1.91867 0.41183 -0.24152 255 250 204
2.87667 1.66660 -0.39299 140 255 255
2.73673 2.32418 -0.41870 77 138 90
0.00386 1.65379 -0.14721 75 249 72
1.75716 0.54313 -0.24188 248 255 147
0.19599 2.05655 -0.17123 1 77 47
-0.82136 0.76082 -0.01712 245 255 255
2.29958 1.63060 -0.32243 100 192 186
0.15955 1.23679 -0.13653 16 0 127
-0.50257 1.89481 -0.10639 255 255 255
1.02750 0.58072 -0.16436 51 186 27
2.29944 0.24804 -0.26076 46 100 150
0.20809 0.18153 -0.08231 152 82 233
-0.82732 1.90817 -0.08670 133 182 0
0.87170 1.19946 -0.19063 135 0 111
1.42282 0.94468 -0.22300 10 31 79
-0.19210 0.86708 -0.06827 19 141 147
-1.44585 1.55458 -0.00346 25 59 152
1.08075 2.70565 -0.29173 96 176 0
1.86277 1.34276 -0.28243 182 72 178
-1.43819 2.83727 -0.07946 57 150 142
1.77604 -0.04068 -0.21230 255 76 255
-0.12059 0.13206 -0.05559 78 75 159
1.71241 0.98766 -0.25193 133 7 115
0.93428 0.73063 -0.17946 182 251 147
1.32997 2.59288 -0.30691 83 220 177
-0.47374 1.95769 -0.10813 172 157 146
0.10874 1.54395 -0.14436 83 196 78
2.56818 0.43630 -0.31024 0 186 126
-1.56780 0.71815 0.05890 55 185 143
2.25424 0.27709 -0.27193 153 200 250
0.85479 0.23632 -0.13755 113 32 179
0.89845 1.55082 -0.21388 222 236 162
2.77330 2.01064 -0.40046 1 11 121
1.27642 2.41139 -0.28649 4 29 0
0.82203 1.03528 -0.17059 157 21 177
-0.66695 1.58529 -0.08217 255 194 115
1.97532 1.17948 -0.28940 255 89 255
-0.97490 1.52238 -0.04355 164 148 211
-0.02293 2.65796 -0.18176 7 119 105
-0.28785 2.68009 -0.17194 123 119 0
0.63137 0.59212 -0.15084 255 255 255
1.51291 1.03395 -0.23803 50 0 195
0.76241 0.74610 -0.15646 249 253 79
0.43752 2.44209 -0.21955 100 24 113
1.24822 2.02548 -0.26793 93 139 255
1.50446 1.95340 -0.27968 98 168 208
-1.18574 2.97048 -0.10987 0 187 0
0.56798 2.19137 -0.21067 247 90 255
-0.27822 1.60618 -0.10923 69 130 186
0.95782 0.01814 -0.12940 142 75 212
2.39597 2.40609 -0.38170 70 79 130
0.02871 0.49923 -0.08316 0 141 188
0.38385 2.18108 -0.19523 82 10 103
2.52529 0.30648 -0.28174 0 140 3
1.32568 2.77922 -0.31838 83 255 255
-0.88212 1.40302 -0.04417 205 92 205
-1.13663 2.62028 -0.09243 0 48 181
1.22292 0.86418 -0.20452 0 90 58
0.25570 3.01494 -0.22113 9 148 49
1.82848 2.44548 -0.34263 227 164 115
-1.10894 0.24734 0.03212 54 0 177
-1.17822 0.53187 0.02529 105 198 207
0.01114 2.48349 -0.17780 0 25 10
2.88912 1.79488 -0.39124 146 203 246
2.27593 1.14151 -0.30577 172 88 137
0.76804 0.57405 -0.14935 159 183 105
1.29505 2.45917 -0.29175 0 55 0
2.68883 2.83716 -0.43991 0 152 125
-1.06019 0.26905 0.02161 81 0 184
1.45588 0.08644 -0.18365 131 82 112
2.81498 2.02174 -0.40807 102 86 148
2.64278 1.20356 -0.34792 0 34 183
-0.80926 1.38841 -0.06218 160 3 167
-1.32399 2.43645 -0.05784 93 76 73
2.50587 1.96639 -0.37260 9 36 82
0.61556 1.85686 -0.20793 255 250 148
2.85104 1.85928 -0.39268 119 163 235
2.57690 1.96798 -0.38186 0 32 159
1.69483 2.05894 -0.30211 92 20 12
1.21524 0.02292 -0.16285 0 0 120
-0.57028 1.40961 -0.07202 186 19 67
2.05991 1.99170 -0.33647 255 124 255
1.25270 2.23026 -0.27663 1 0 141
0.77325 2.12773 -0.21855 255 106 139
1.37821 2.77005 -0.31391 77 255 255
-0.44151 1.13377 -0.06892 229 106 255
-0.64156 1.93956 -0.10040 190 167 170
0.73191 1.76095 -0.19935 186 187 85
1.10169 2.87490 -0.29385 84 180 121
0.72031 1.18204 -0.17557 255 75 255
2.93411 2.36352 -0.42728 51 81 185
-0.65557 2.26907 -0.11361 181 3 58
-0.81730 0.66720 -0.02353 169 181 178
-0.79008 0.93389 -0.03624 252 222 140
1.62451 0.77631 -0.22480 189 210 221
2.25668 2.23622 -0.36291 128 0 79
1.46392 0.91121 -0.22722 34 52 93
2.24506 0.42058 -0.27493 167 255 155
0.19480 0.38438 -0.08829 60 88 163
0.36846 2.86589 -0.22913 51 190 20
2.22848 0.93096 -0.29248 198 106 255
-0.65023 1.69336 -0.08173 255 245 79
2.27056 0.95853 -0.30151 167 96 255
2.50218 0.83948 -0.30691 83 123 170
0.52605 2.97485 -0.24754 215 252 255
2.44654 1.17445 -0.32941 17 13 6
2.67556 2.29098 -0.40142 72 110 87
0.23626 0.75048 -0.10994 144 255 112
0.69573 1.87312 -0.21675 255 243 232
1.47102 1.75141 -0.27098 9 181 155
-1.53436 0.41406 0.06853 26 34 0
2.07348 0.30527 -0.24991 237 206 248
0.31875 2.95384 -0.23624 22 175 48
2.73352 2.65877 -0.43588 0 189 189
0.51761 1.86114 -0.19297 239 255 81
-1.13671 1.28144 -0.02779 101 78 182
1.44069 2.65758 -0.30946 80 255 255
-1.10904 1.88476 -0.05953 13 184 172
0.47692 0.17278 -0.10394 174 2 88
2.20378 2.84451 -0.38353 255 250 80
2.44935 2.71387 -0.40993 56 188 38
2.72247 2.69648 -0.43778 0 189 186
0.80811 1.95576 -0.21919 182 119 161
2.33474 0.35274 -0.27618 37 153 31
-0.96119 2.84269 -0.12133 122 255 88
-0.59972 2.46304 -0.12153 255 84 111
-1.31914 1.10423 0.01335 78 143 155
0.62187 1.25067 -0.17822 255 81 254
2.50034 0.00739 -0.27309 78 87 228
-1.55637 0.94964 0.03110 137 240 230
-0.60351 2.07418 -0.10853 186 108 163
1.36340 0.58652 -0.20545 0 186 151
2.87281 1.29339 -0.36497 60 95 0
-0.67131 1.73560 -0.08817 255 255 85
-0.73986 0.20204 0.00005 255 77 79
-0.14680 1.57839 -0.11471 29 126 156
-1.38766 2.97248 -0.09418 38 192 164
0.09352 2.36315 -0.17690 75 78 83
2.26061 -0.02461 -0.24974 134 76 162
0.99779 0.88559 -0.18813 156 172 255
2.34519 0.53790 -0.27785 127 255 97
-1.03335 0.88816 -0.00502 62 158 160
2.21484 0.72773 -0.28633 108 119 34
0.27102 2.75694 -0.21569 21 173 21
2.64376 0.19462 -0.29423 0 84 9
0.55981 1.51832 -0.17585 174 122 144
-1.29457 0.66187 0.02275 75 255 222
1.05988 0.39747 -0.17029 19 125 0
0.30929 2.58837 -0.21315 121 183 202
-0.31477 2.73579 -0.17027 224 232 79
2.81306 2.80845 -0.44283 4 157 29
-0.83990 1.09840 -0.03002 240 129 79
1.07638 1.49476 -0.21659 131 220 255
2.95493 2.12467 -0.41445 72 0 37
1.78499 1.13990 -0.26759 163 0 0
2.10604 0.37682 -0.25453 230 239 255
-1.19005 0.44268 0.02890 100 144 255
1.85293 0.02591 -0.21445 189 0 150
1.90820 2.78614 -0.36007 165 185 183
-1.31322 2.33224 -0.04599 7 10 22
-0.07989 1.67543 -0.13667 4 168 13
0.42468 1.61183 -0.16280 116 165 179
1.64152 1.66962 -0.28060 169 255 255
1.74311 0.01495 -0.20453 255 72 255
2.78126 2.53908 -0.41446 1 160 178
2.06524 2.25460 -0.33997 191 1 0
1.20492 1.95460 -0.25204 99 183 169
0.29873 0.65587 -0.12058 93 190 21
2.01724 0.45138 -0.24819 255 255 255
-1.29974 0.39063 0.04521 78 117 211
1.64149 1.24524 -0.26356 95 25 0
-0.55622 1.92890 -0.10962 186 168 193
0.26368 2.97018 -0.23318 10 168 22
1.50367 0.57198 -0.20395 136 255 111
0.41418 0.20512 -0.09324 153 8 123
-1.34838 0.46471 0.04584 0 61 125
1.48785 2.01364 -0.28709 94 134 175
-0.69786 1.33002 -0.06393 182 0 187
1.61469 2.34182 -0.30553 129 102 252
-1.01265 1.26777 -0.03301 147 72 88
1.52547 1.08743 -0.23969 44 0 180
-0.33651 0.44990 -0.03494 156 187 106
2.24652 2.52865 -0.38714 225 224 255
-0.75125 1.64382 -0.06233 255 216 140
2.12096 0.65883 -0.26630 148 159 3
-0.24543 1.81446 -0.12690 68 191 34
2.13181 0.67191 -0.26295 140 151 0
1.33497 1.50422 -0.24614 0 146 33
0.53435 1.65037 -0.18485 171 175 66
2.22361 2.78011 -0.39570 252 255 93
-0.38047 1.99130 -0.12029 225 229 116
-0.16174 0.96448 -0.09167 14 88 39
1.34001 2.17787 -0.28663 81 78 190
1.13804 0.92017 -0.20106 15 53 82
-0.50344 1.37500 -0.08130 169 5 37
0.80678 1.24831 -0.17467 165 4 116
2.72069 2.00273 -0.38400 0 10 160
1.09016 1.11660 -0.20288 34 0 0
1.58144 1.99737 -0.29321 132 144 98
1.93487 1.05640 -0.28260 255 73 122
1.71777 1.60230 -0.28188 203 255 255
0.76881 1.33116 -0.19650 179 29 99
-1.43213 0.75991 0.02762 4 190 167
1.59166 2.77765 -0.32972 111 255 80
1.75021 0.31200 -0.21925 168 108 9
0.63978 2.63809 -0.23849 255 228 194
1.11576 1.91983 -0.25289 42 123 0
-1.39737 0.30997 0.05855 76 91 85
1.65199 0.99571 -0.24079 110 12 146
1.49504 1.68270 -0.26700 19 187 139
1.39589 1.65016 -0.25671 0 189 22
2.79146 1.16076 -0.35941 108 106 253
0.91947 0.81920 -0.17665 196 213 192
0.09114 2.43052 -0.18728 76 99 111
-0.56481 1.03207 -0.05641 255 162 192
0.73427 2.51818 -0.24779 194 69 113
1.17461 1.33688 -0.21302 97 137 251
2.55276 -0.04917 -0.27026 76 69 233
2.36585 0.00081 -0.25705 97 75 255
0.16442 0.61028 -0.08841 31 185 34
2.75941 0.69223 -0.32833 32 118 0
0.98006 2.41704 -0.25787 212 109 255
-1.30054 1.68401 -0.02222 75 221 76
0.52699 1.35082 -0.16731 254 119 253
-0.93277 1.68373 -0.05480 82 152 176
-1.33917 3.11216 -0.09713 29 165 33
-1.27918 2.53265 -0.07020 77 96 148
2.61108 1.21107 -0.34655 0 35 170
-0.89136 2.00909 -0.08005 185 236 90
0.47337 1.10496 -0.14672 246 85 76
-0.09530 3.05377 -0.20167 134 237 215
-0.19475 2.58877 -0.16631 73 73 0
1.88124 0.40565 -0.23124 255 246 142
2.47881 0.97899 -0.31864 3 0 8
1.02267 1.44748 -0.21716 164 190 195
1.04043 2.15880 -0.25474 88 1 104
2.64658 1.00168 -0.32388 0 0 51
-0.31600 1.47244 -0.09136 183 148 183
-0.39856 0.53753 -0.03519 195 231 99
-1.14213 1.53640 -0.03974 94 147 84
0.86979 2.41510 -0.25521 255 104 216
0.39306 1.16970 -0.14927 207 78 82
2.34614 1.72619 -0.34426 163 254 211
0.69080 0.92424 -0.16347 193 78 0
1.61313 2.02624 -0.29774 54 40 0
0.31376 0.83514 -0.11909 93 143 155
0.80031 0.10137 -0.12799 223 77 114
2.01179 1.68515 -0.31643 189 189 12
-0.16938 2.05557 -0.14064 129 176 181
1.87253 2.73996 -0.35909 152 190 116
2.06527 2.82999 -0.37757 255 255 195
1.81259 1.24717 -0.28467 163 26 75
-0.10234 0.92406 -0.09140 0 103 19
1.82502 2.75958 -0.35970 131 189 82
2.18858 0.51659 -0.26981 107 184 42
-0.54597 0.41801 -0.02860 158 72 190
-0.83296 0.56804 -0.00848 160 146 95
0.96915 2.37987 -0.25743 221 103 255
2.30831 2.18738 -0.36825 109 0 80
-0.81107 0.60320 -0.00638 170 156 146
-0.59507 2.42098 -0.11148 255 75 89
1.19689 1.82645 -0.25758 104 250 83
1.50466 2.61137 -0.32208 89 237 255
-0.65842 2.61732 -0.12537 255 153 178
1.18529 2.81651 -0.29123 40 185 143
-1.45666 2.52079 -0.05352 142 84 99
-0.05223 0.70889 -0.08675 76 255 224
0.56283 0.36025 -0.11741 255 174 106
2.04582 1.04732 -0.28979 255 74 223
-1.26927 2.06788 -0.04883 0 131 171
-0.94612 1.60733 -0.05565 86 108 188
2.76690 0.06210 -0.30304 52 26 15
-0.80638 1.84498 -0.08351 224 255 70
1.08512 2.57928 -0.27637 177 209 108
0.01694 1.18683 -0.11504 0 0 169
-1.45143 0.59337 0.04115 10 135 139
-1.12444 2.97086 -0.09877 74 255 76
-1.51165 1.50701 0.01487 49 25 189
1.96311 1.96041 -0.33448 188 61 167
2.07286 2.91595 -0.36911 255 217 121
1.23833 0.52961 -0.18791 74 255 255
2.91424 1.44709 -0.37695 78 169 54
2.79445 1.97824 -0.39556 94 108 206
0.37789 1.19966 -0.14499 197 76 77
-0.92272 0.35360 0.01332 140 30 41
0.59144 1.04594 -0.16234 255 106 95
-1.16493 2.27406 -0.07181 78 102 77
1.03402 2.13793 -0.24884 95 10 68
1.53270 2.71918 -0.33406 96 255 169
-0.79746 1.21507 -0.03774 164 0 56
0.15892 2.44260 -0.19456 81 96 178
1.09077 0.25786 -0.15989 106 137 141
-1.37713 2.62673 -0.05730 117 134 125
1.52992 0.45368 -0.21569 67 169 90
0.46658 0.72679 -0.12930 167 182 186
2.68960 0.11090 -0.29249 105 123 82
1.52243 2.72133 -0.32437 95 255 189
1.40892 0.48989 -0.18878 100 255 255
2.04189 0.85080 -0.27728 174 54 0
2.47426 1.88021 -0.37093 21 77 15
0.82582 1.59784 -0.20175 253 245 119
1.54393 2.55255 -0.31895 17 129 181
-0.69141 1.11743 -0.04792 255 119 142
1.20312 2.87468 -0.30126 39 178 184
2.47206 -0.00675 -0.27251 77 75 255
-0.32609 1.78696 -0.12081 109 188 136
-0.32727 0.27807 -0.03329 63 17 129
1.95121 2.06269 -0.33373 188 10 184
2.84684 1.75941 -0.38627 122 217 255
-1.39678 2.53721 -0.06847 115 88 74
-0.09674 1.64793 -0.13407 4 167 33
0.06111 1.27203 -0.12112 0 0 178
1.29160 0.95735 -0.21275 0 31 0
2.03394 0.27100 -0.24503 250 180 176
-1.15878 1.71019 -0.04863 4 151 104
0.90792 1.14760 -0.18259 118 0 127
2.62656 2.85748 -0.43137 0 140 154
0.90109 2.28907 -0.23792 244 71 146
0.81907 2.84604 -0.27698 255 255 143
-1.02354 1.91971 -0.06463 40 188 90
-1.49197 1.72115 -0.01604 127 230 150
1.36144 0.24525 -0.18572 93 137 138
0.89935 2.96570 -0.28698 174 154 11
1.86920 1.27518 -0.28123 184 43 155
1.27642 2.18411 -0.27925 0 0 149
-1.13160 2.72758 -0.09643 0 106 145
-1.25087 1.64516 -0.02612 79 206 78
-0.67824 2.76311 -0.13576 165 149 179
-0.98881 3.06934 -0.12280 103 248 229
-1.21577 0.51698 0.02310 90 189 255
0.99654 1.40372 -0.21235 87 73 47
0.21909 0.45281 -0.10466 63 125 108
-0.85940 2.78277 -0.11784 177 242 134
-1.26688 1.70269 -0.02412 74 230 89
1.51288 2.81224 -0.33443 82 255 118
1.57796 2.74862 -0.33218 102 255 109
-1.04195 2.95143 -0.11901 92 255 95
1.29202 0.64958 -0.19735 0 181 150
2.05267 1.51014 -0.30967 186 171 0
-0.23713 2.30041 -0.15591 91 0 185
-0.89544 0.60650 -0.00493 138 165 61
1.34995 0.14997 -0.18242 7 10 1
0.35418 1.79762 -0.18590 169 255 197
-0.59246 1.21317 -0.06015 187 0 190
2.26205 1.14905 -0.31037 180 88 147
0.32417 1.28197 -0.14792 81 0 0
-1.42906 1.81911 -0.02359 113 255 76
0.16896 0.32394 -0.08388 47 54 192
1.37712 1.99711 -0.27913 73 145 255
-0.67999 1.83333 -0.07885 255 255 124
-1.51490 0.99727 0.03530 124 214 158
2.50526 0.51005 -0.29546 82 255 209
-0.17749 1.69673 -0.12374 41 176 78
-0.03763 0.96977 -0.08960 83 171 76
-1.16285 2.08717 -0.05414 76 211 169
-0.92368 0.24921 0.01536 221 80 205
-0.42525 2.23407 -0.12820 164 18 14
0.34219 0.85297 -0.11504 113 131 181
0.03335 1.75332 -0.15667 75 255 136
1.95287 0.08571 -0.22862 185 6 4
0.19636 0.92840 -0.10951 124 180 222
-0.55132 2.29963 -0.12531 187 0 0
-0.25132 0.31165 -0.04003 117 117 131
2.76608 0.88503 -0.34254 106 108 143
2.49439 -0.06749 -0.27433 75 74 255
2.47459 0.78670 -0.30067 80 166 238
1.38735 2.70560 -0.31951 75 255 255
1.44103 2.07990 -0.27565 75 110 172
-1.06535 0.57789 0.01962 152 229 90
0.15879 0.14248 -0.07361 131 75 152
0.45443 0.41900 -0.11574 251 203 76
0.17811 2.73322 -0.21482 0 160 125
0.95555 1.06864 -0.18482 100 0 141
-1.57482 1.23355 0.02525 61 13 0
2.73317 0.40977 -0.31769 109 255 255
0.24995 2.39310 -0.19377 103 89 235
-0.25725 1.48807 -0.10152 154 151 231
1.12265 1.15725 -0.21139 108 74 81
1.12805 1.43056 -0.22193 109 179 255
2.70030 2.43886 -0.40780 75 191 121
-1.19739 1.99845 -0.05442 79 250 252
0.88469 0.80864 -0.17330 205 224 154
-0.93863 1.24483 -0.03641 189 80 80
2.60736 1.16338 -0.33024 0 12 135
2.72561 2.04466 -0.40029 0 1 125
1.06879 2.73294 -0.29747 93 178 0
-0.42891 1.19102 -0.07901 225 85 198
2.80810 2.73554 -0.43434 0 183 108
-0.78698 0.22258 0.01436 255 79 98
2.01193 1.58432 -0.30312 189 186 0
0.35479 1.50595 -0.15642 88 103 130
-0.50077 0.44843 -0.02462 238 180 255
2.44104 2.09252 -0.38077 49 0 125
-0.37535 0.49653 -0.04904 181 214 104
-1.25494 3.14739 -0.10800 0 141 0
1.15934 2.91489 -0.30201 62 164 183
0.71355 1.62530 -0.20348 188 169 0
-1.10622 2.40022 -0.08397 5 0 101
1.91630 2.29096 -0.33656 255 89 161
2.48737 0.83931 -0.31492 80 134 182
2.57078 1.10359 -0.33713 0 0 61
2.39432 1.49766 -0.34023 138 255 255
-0.89419 1.87739 -0.07442 101 192 0
1.27014 2.68370 -0.29932 95 255 200
0.46927 0.73416 -0.12875 160 174 185
-1.45446 1.83210 -0.01901 115 255 75
1.96371 2.14149 -0.33200 255 78 236
0.19717 0.23103 -0.07870 147 96 255
1.31956 1.82127 -0.26639 75 243 172
1.43178 2.39880 -0.31433 0 33 41
-0.77475 2.04549 -0.09507 144 126 122
2.67902 2.52830 -0.40841 0 156 104
-1.30625 3.09833 -0.09109 12 168 11
2.34191 0.22702 -0.26936 35 85 143
1.41483 0.71199 -0.20681 11 163 10
-0.34860 0.21745 -0.03433 78 0 189
2.98993 2.62742 -0.45257 152 255 108
-0.85290 2.91525 -0.13339 171 255 240
1.71536 0.37324 -0.22687 154 142 4
2.89437 0.88189 -0.34397 163 102 245
1.20830 0.48899 -0.17564 81 255 199
-1.42871 0.29316 0.06256 76 81 77
2.19229 1.84780 -0.33762 234 200 255
2.23062 2.09776 -0.35291 226 86 77
-1.43179 2.49813 -0.05215 131 80 95
1.45971 1.50880 -0.25425 8 155 0
0.75174 0.86547 -0.15888 255 191 88
0.26591 0.11667 -0.08159 101 0 149
-1.30433 1.02852 0.02537 67 189 116
0.35568 2.93150 -0.23365 42 177 66
0.73700 1.86138 -0.20863 255 249 254
2.23261 0.09926 -0.24060 66 22 162
0.61008 0.41864 -0.12639 255 213 197
1.05452 0.38305 -0.16301 30 128 0
1.96301 2.03527 -0.33676 185 28 188
0.13514 2.46139 -0.19649 77 102 181
2.42269 2.63790 -0.40204 153 255 74
2.91673 2.52880 -0.42484 131 252 240
-0.30600 2.64755 -0.16582 137 104 40
1.94986 1.88370 -0.31968 183 107 106
-0.38858 1.89983 -0.11534 145 178 122
1.78350 1.99954 -0.31021 136 46 51
1.62068 2.19517 -0.31147 131 74 132
2.79758 1.58279 -0.37549 23 193 54
1.21880 2.61259 -0.29117 23 141 15
-0.69479 1.89174 -0.08370 255 255 166
-0.72187 2.19419 -0.09563 165 42 180
-1.35288 0.63012 0.03126 0 159 187
2.80222 0.33699 -0.31786 146 251 255
-0.45481 2.38356 -0.12994 255 76 177
-0.92522 2.61109 -0.10202 65 55 39
-0.69722 2.08896 -0.09836 174 95 189
1.56918 2.04693 -0.29982 118 115 87
1.22423 1.67612 -0.24395 5 188 15
-0.17166 0.27836 -0.04277 7 18 8
0.46107 0.16488 -0.10450 172 0 100
-0.92310 1.09542 -0.02847 121 55 51
-0.07407 1.23262 -0.11176 82 77 199
-1.05632 2.66076 -0.09269 12 74 123
0.34550 2.54585 -0.21591 134 156 200
-1.41176 1.81411 -0.01755 107 255 73
-1.34989 1.07973 0.00917 75 158 117
-0.27792 2.28369 -0.14788 198 79 251
2.35808 0.81180 -0.30513 124 148 255
0.09026 1.55724 -0.14240 81 206 78
0.59046 2.52350 -0.24333 164 70 0
0.50214 1.10802 -0.15167 252 86 77
2.50169 2.31238 -0.39217 106 122 192
2.21558 0.57367 -0.27765 94 179 0
1.65683 1.15912 -0.25984 109 1 17
0.66242 2.49003 -0.24297 186 44 11
0.46240 1.57923 -0.17237 143 149 174
2.21037 2.61214 -0.39101 248 255 229
1.56212 0.73246 -0.23863 148 236 109
0.94896 1.61537 -0.21910 207 255 247
1.40941 1.24197 -0.24285 87 100 255
1.86317 1.58769 -0.29225 255 255 161
2.93178 2.71434 -0.44985 130 255 90
-0.58857 0.42237 -0.02672 171 68 184
0.49896 2.44762 -0.22360 122 27 51
1.65064 2.32866 -0.31356 147 100 253
1.16674 0.17049 -0.16237 0 16 57
-0.06556 2.98396 -0.19561 107 255 234
0.97763 0.69772 -0.17798 152 255 161
-1.45908 1.89453 -0.02089 124 255 81
0.57138 0.48851 -0.12328 255 238 218
1.26600 0.78518 -0.20035 0 133 72
1.28512 0.14138 -0.17224 0 11 0
-0.10805 2.31272 -0.15236 24 0 139
2.59583 2.71725 -0.42103 4 186 164
-1.30737 2.69146 -0.07991 92 163 240
1.13868 2.48986 -0.27920 143 156 124
-0.61688 2.16829 -0.10773 186 49 106
-1.48111 2.20237 -0.03436 50 76 178
-1.57652 0.63686 0.05313 58 153 62
-1.45299 1.37704 0.00698 25 0 160
1.24719 0.63841 -0.19637 0 185 185
1.46706 1.41263 -0.25780 15 93 6
0.17797 1.51458 -0.14774 101 187 91
0.25753 1.86897 -0.16425 30 175 138
2.74379 2.76299 -0.43870 0 180 147
0.41460 0.59737 -0.11298 228 255 152
2.89087 1.60693 -0.38977 53 187 154
2.46424 1.72344 -0.35486 22 167 21
1.06421 0.64954 -0.18011 116 255 191
1.33497 1.43544 -0.23833 0 110 102
1.69745 0.89232 -0.24205 218 141 255
2.52052 1.82940 -0.37276 0 111 3
-0.33260 2.03805 -0.12757 212 198 78
-1.30117 1.05484 -0.00002 77 169 143
-0.71226 0.44899 -0.01689 192 90 119
0.25916 0.09888 -0.07423 177 81 208
-1.32802 2.72974 -0.07961 103 189 240
0.16896 2.72448 -0.20861 0 164 137
2.81686 2.60811 -0.43093 14 189 178
2.19300 0.31208 -0.25830 190 214 255
2.89890 2.44783 -0.43499 34 127 192
1.88806 1.09477 -0.27532 187 0 30
-1.37161 0.41516 0.04759 0 41 74
0.24028 2.92498 -0.23415 0 184 0
1.95806 0.10323 -0.23136 176 11 0
2.71794 1.98670 -0.39440 0 20 172
1.50132 0.62923 -0.21262 130 255 83
-0.94249 0.78152 -0.00936 112 188 162
-1.05618 1.71670 -0.05564 34 160 187
2.58496 0.74319 -0.31420 71 185 179
2.21544 0.62650 -0.27567 100 165 0
2.39961 1.22307 -0.32079 34 34 12
2.98671 2.26976 -0.43490 89 29 167
0.16960 2.80948 -0.21759 0 183 79
-0.57319 1.53540 -0.08161 255 171 78
2.50672 2.20420 -0.38687 109 79 255
-0.74195 1.28853 -0.05308 177 0 156
1.84664 1.73645 -0.29872 254 255 81
-1.46182 0.42733 0.05903 4 47 21
-1.20956 0.56786 0.01930 89 218 216
-1.37837 1.83586 -0.02648 94 255 97
0.55932 0.90111 -0.15088 181 102 32
2.47744 1.66634 -0.35516 106 255 136
1.67482 2.03138 -0.30426 87 39 0
1.74322 -0.04673 -0.21324 255 76 255
0.00956 0.65848 -0.09462 0 193 136
1.04791 0.28365 -0.14877 29 63 72
-0.69249 2.40949 -0.12939 251 76 83
0.27549 1.07615 -0.12870 68 19 145
-0.11775 2.06976 -0.15404 110 164 237
-0.98778 2.64894 -0.10819 31 73 76
2.43042 1.50218 -0.35041 112 254 255
0.00154 0.34257 -0.07144 0 55 89
2.12018 2.56102 -0.37962 255 236 255
2.53886 2.69246 -0.40704 24 191 98
1.29448 2.73546 -0.30268 91 255 255
-0.77586 0.99385 -0.02839 255 177 81
-1.24160 3.10412 -0.10342 0 162 0
0.05169 2.32877 -0.18091 75 76 82
1.04320 0.88146 -0.18846 136 175 255
0.45811 1.94994 -0.18963 212 212 95
0.33466 1.77825 -0.17290 159 255 236
-0.33237 1.58849 -0.09481 104 119 162
-0.90122 1.65885 -0.06861 115 133 168
-0.60096 1.03760 -0.05148 255 152 172
2.66467 2.37644 -0.41024 75 158 85
-0.46465 2.27337 -0.12418 176 3 6
2.05590 2.71531 -0.37466 255 255 255
0.52314 2.17043 -0.21175 234 103 255
2.09811 0.20020 -0.24837 227 145 191
-0.86763 1.24209 -0.04496 216 80 94
0.95265 2.21765 -0.25166 217 82 150
1.26487 1.12445 -0.21278 77 73 152
2.41696 1.44771 -0.34160 121 234 255
2.60466 -0.02618 -0.27961 84 77 186
-1.05888 0.19401 0.02554 79 0 176
0.10972 2.42034 -0.18484 80 87 129
0.14199 2.10599 -0.16633 0 49 59
-0.23277 2.58368 -0.16281 89 73 17
-0.53772 0.29524 -0.02046 243 101 242
-0.96548 0.24441 0.02254 118 0 151
2.06494 0.58737 -0.26032 164 184 106
2.10246 1.11872 -0.28626 248 75 255
1.55986 0.38430 -0.20344 82 138 127
1.29256 0.19323 -0.17477 79 116 79
2.34980 1.89869 -0.34905 167 164 83
2.62692 1.28808 -0.35096 72 167 255
-1.43343 2.36603 -0.04052 42 0 94
1.09604 2.34236 -0.26694 152 90 255
1.33110 2.93781 -0.32994 86 239 183
2.21041 0.06713 -0.25475 85 6 109
-1.06062 0.28599 0.01827 77 1 185
2.55844 0.52419 -0.30548 77 255 255
-0.71217 1.91366 -0.08907 255 255 163
2.36099 1.93010 -0.35112 162 141 75
0.89073 2.78295 -0.27798 175 188 34
1.75661 0.95735 -0.25269 150 11 81
-0.87475 1.72114 -0.06036 118 162 106
1.73125 0.29341 -0.21312 160 105 31
2.42883 1.72973 -0.34671 35 165 52
2.07110 2.61793 -0.37356 255 255 255
0.06440 0.67336 -0.09011 86 255 153
2.37738 0.06458 -0.26049 100 98 255
1.16071 0.78119 -0.19211 6 137 168
-0.16332 0.92438 -0.08481 15 118 82
2.67712 2.39456 -0.40698 71 176 97
1.54053 1.91020 -0.28378 120 193 204
1.22092 1.69466 -0.24461 4 185 5
-0.67336 2.44230 -0.12266 255 82 73
-0.91399 1.61128 -0.04228 97 113 192
-0.87866 2.95390 -0.11839 152 255 231
-0.75257 2.38411 -0.11910 234 72 130
0.98723 1.33015 -0.20610 89 25 0
2.07706 0.04327 -0.23080 147 1 0
-0.72482 2.74812 -0.13712 157 132 130
0.77974 2.34646 -0.24937 187 0 10
-0.79554 0.94344 -0.02905 255 213 130
1.66650 1.03548 -0.25295 112 0 109
-0.22573 0.43200 -0.05331 111 184 75
0.21832 2.78488 -0.21550 1 179 52
-1.21432 0.50438 0.02432 95 179 255
1.76888 1.27478 -0.27725 154 36 62
-1.03611 0.36956 0.01905 166 118 221
1.24080 1.03984 -0.20924 82 89 83
0.42249 0.05747 -0.09457 168 0 192
-0.19812 0.82330 -0.07456 21 158 176
-0.41298 1.48868 -0.08954 222 151 110
0.92894 1.91730 -0.23441 139 120 89
1.99360 2.81028 -0.36380 186 180 181
2.46727 1.43975 -0.33517 101 240 255
-1.20804 0.47014 0.03579 98 161 255
-0.60133 1.10583 -0.06101 255 121 223
2.56382 2.28899 -0.39067 91 110 169
2.96305 1.89119 -0.41595 169 142 119
-0.71564 2.67069 -0.12415 246 178 169
1.95850 1.81459 -0.31671 186 142 71
-1.05857 1.83174 -0.04062 30 188 171
1.99539 1.28626 -0.28545 255 138 255
1.93779 2.06447 -0.33316 183 17 187
-1.05490 2.19377 -0.07687 106 138 85
-0.82261 2.66678 -0.11733 111 90 1
1.66140 0.77655 -0.24028 201 206 234
1.90881 1.21767 -0.28475 185 15 139
2.56330 1.45755 -0.35080 80 254 233
-0.93921 2.31805 -0.09437 149 88 255
1.36814 2.16818 -0.28721 77 77 160
0.70835 1.42671 -0.18461 255 161 154
-1.52932 1.20951 0.01972 48 16 0
-1.11705 1.86218 -0.04653 10 192 180
1.85340 0.59250 -0.24444 255 255 255
1.35940 0.42852 -0.20397 89 238 255
1.99176 0.48179 -0.24635 255 255 255
0.68338 1.63477 -0.18846 186 174 0
2.26832 -0.00243 -0.25146 139 74 189
0.63775 2.55913 -0.24374 175 84 41
2.72695 1.53382 -0.36015 92 255 79
1.85925 1.78514 -0.30825 172 154 0
0.80834 0.42385 -0.14986 143 134 180
1.94724 2.68523 -0.36360 171 179 139
0.06038 0.17762 -0.05266 99 83 109
0.10668 2.61712 -0.19004 73 183 255
-1.51373 0.54641 0.05167 25 109 50
2.43836 2.05368 -0.36706 47 6 103
-1.33525 2.26370 -0.04187 7 33 100
-1.11283 1.54446 -0.02878 101 151 101
1.46843 1.32177 -0.24513 98 130 152
-1.01525 0.51079 0.01159 184 189 87
-0.82299 0.38859 -0.00005 167 46 0
-0.58054 0.66233 -0.03042 177 181 73
0.46902 2.90314 -0.23292 190 255 244
0.07664 1.35780 -0.13104 0 20 117
0.50778 1.28390 -0.15460 249 91 194
0.82948 1.57139 -0.20335 255 242 114
-0.23949 0.81499 -0.06608 42 166 191
1.24891 0.29192 -0.17347 75 169 101
-1.29445 0.42447 0.04692 76 127 232
2.82380 2.48220 -0.43001 96 227 255
-1.19161 1.07813 -0.00061 4 73 161
1.64990 1.99109 -0.30547 73 50 0
0.07910 2.03816 -0.16006 0 93 162
-0.58544 0.40006 -0.02020 170 67 176
2.27791 2.80590 -0.40484 224 255 81
0.81691 2.29072 -0.24489 255 81 88
1.64773 1.87436 -0.28983 75 118 46
2.03398 1.15446 -0.27863 255 86 255
-0.90661 3.02764 -0.12785 142 255 255
1.60162 -0.03178 -0.19091 204 81 148
2.65731 0.52484 -0.32152 85 255 255
-0.80358 0.91454 -0.02646 250 233 164
-0.57945 2.41924 -0.12815 255 77 94
-0.73381 1.37330 -0.05685 177 0 189
-0.33928 0.76804 -0.06105 89 180 102
2.80871 2.76101 -0.43668 1 172 68
0.82437 0.57711 -0.16022 148 190 57
-0.75215 1.67461 -0.07301 255 241 105
-1.15950 1.57019 -0.04782 0 80 6
2.01457 1.66232 -0.32155 191 182 7
1.62458 1.02522 -0.25102 100 7 145
0.18225 3.03915 -0.22025 0 143 9
-0.68932 1.05691 -0.03887 255 150 108
2.97664 2.80800 -0.45517 140 236 89
0.00161 2.93495 -0.21772 93 255 206
2.49844 2.30866 -0.39255 113 117 207
1.27090 1.66668 -0.25429 0 188 0
-1.40443 2.20807 -0.04776 25 64 181
2.57762 0.46781 -0.30018 0 184 158
-0.04282 2.91052 -0.19546 108 255 255
-0.07545 1.44205 -0.11705 86 132 255
0.40074 0.47866 -0.10813 229 230 75
2.20650 0.61481 -0.27744 99 175 0
0.39509 2.03777 -0.18500 178 160 98
1.15800 0.33630 -0.18409 83 187 75
-1.37540 2.98205 -0.08435 36 188 157
1.87860 2.05927 -0.31922 175 12 180
-1.24561 0.36548 0.03838 1 27 159
0.02209 0.66096 -0.08901 0 184 113
-0.70547 0.36872 -0.00862 191 45 55
2.21407 1.71515 -0.33691 139 170 182
-0.83205 1.88301 -0.07058 127 186 0
0.39536 2.75488 -0.22687 68 174 0
2.87915 1.96910 -0.41116 122 107 127
2.92781 2.03307 -0.42162 147 86 75
-1.16561 1.82237 -0.04128 0 183 176
1.76053 1.58013 -0.28629 221 255 255
0.33339 1.60820 -0.16370 163 242 255
-1.01859 0.95986 -0.00633 74 129 195
1.12181 0.01013 -0.13570 2 0 186
-1.24417 1.47535 -0.02784 77 110 124
-1.08945 1.01720 -0.00492 42 97 187
-1.18481 1.06720 -0.00317 9 74 168
1.36634 2.14664 -0.28071 72 83 182
2.80942 1.91817 -0.39388 99 132 232
-1.23096 1.94693 -0.04706 75 255 255
1.34530 2.71434 -0.31349 75 255 255
1.75861 2.22140 -0.32400 205 75 255
-1.50196 2.07315 -0.02520 65 135 88
0.03073 2.55152 -0.18319 81 146 154
1.96233 1.31317 -0.29815 255 152 255
0.13575 0.14959 -0.07610 117 79 134
1.35106 1.82075 -0.27162 73 243 194
1.48947 1.13265 -0.23882 111 73 255
3.00027 2.46301 -0.44102 167 226 221
-0.50983 1.44209 -0.08443 173 38 2
-0.75102 1.01416 -0.03541 255 173 77
1.03026 1.48183 -0.21838 158 213 244
-1.19459 1.33689 -0.01807 84 76 200
1.98061 1.94768 -0.32782 255 151 255
0.81312 0.90926 -0.16687 244 163 164
-1.30644 1.74273 -0.03050 78 247 85
-1.39251 1.89434 -0.02384 96 255 133
-0.31227 1.42404 -0.10100 181 119 137
0.97947 0.27236 -0.15451 54 67 138
0.23187 0.26143 -0.07982 74 23 186
1.38124 1.39273 -0.24308 0 91 67
1.39304 0.99942 -0.22562 91 102 179
0.30546 1.81618 -0.16861 144 255 230
1.92369 2.67501 -0.35221 175 187 111
2.05934 0.70703 -0.25945 170 136 9
-0.20376 0.13909 -0.02887 7 0 135
2.74465 0.07940 -0.29396 44 16 15
2.42956 2.17617 -0.37132 138 82 255
2.77514 0.55438 -0.32284 32 177 84
0.36485 0.48359 -0.10935 216 235 74
-0.44518 0.85242 -0.05038 133 155 83
0.31311 2.94294 -0.24356 33 184 48
-0.17469 2.27696 -0.15140 141 87 255
-1.40808 2.62452 -0.06700 127 129 96
0.17006 1.13736 -0.13477 18 0 185
-0.67768 2.60977 -0.13110 255 147 147
-0.96045 0.39406 0.00198 211 127 116
-1.07862 3.16396 -0.11043 86 217 221
1.66172 2.94827 -0.34759 41 144 84
0.48072 0.68325 -0.12736 170 188 184
-0.49382 0.70923 -0.05298 239 255 78
2.67133 0.20049 -0.30044 96 177 116
1.20056 1.18218 -0.21151 85 78 151
1.51600 1.34361 -0.25371 121 147 94
2.64220 2.26805 -0.41131 77 106 108
-0.84712 0.80982 -0.02042 235 255 255
0.32784 1.73689 -0.16589 154 255 255
0.27852 1.96258 -0.18253 42 122 42
-0.20469 2.51599 -0.17475 80 31 44
0.58429 1.77763 -0.19713 172 187 0
1.08506 1.90352 -0.25294 63 131 0
1.35440 1.36247 -0.23832 70 158 217
1.56678 0.59376 -0.21588 158 255 75
-0.92489 1.47579 -0.04454 180 121 213
-0.40806 1.49414 -0.09375 219 156 127
1.18977 0.47880 -0.17913 77 255 187
1.58266 2.83143 -0.33694 105 255 78
-0.66439 1.79394 -0.08904 255 255 113
1.82707 0.20287 -0.22254 183 52 22
-0.58234 3.10623 -0.16099 180 135 0
2.53190 1.83096 -0.36180 13 100 18
-1.06393 1.61924 -0.04166 33 102 110
-0.77621 0.66977 -0.01843 178 185 194
0.94249 1.52508 -0.22406 206 227 183
0.79685 1.26741 -0.18448 171 11 116
2.07228 -0.03184 -0.22335 146 0 0
-0.41071 0.40796 -0.03106 196 158 210
2.66804 0.24162 -0.29906 96 192 137
0.12949 1.03082 -0.11214 95 124 238
-0.38242 2.27449 -0.12744 233 86 148
1.11524 2.90227 -0.30538 78 173 156
-0.64731 0.75825 -0.03474 255 255 149
-1.50759 0.23458 0.06723 98 75 152
1.03535 1.30335 -0.21282 66 24 15
2.68286 2.64118 -0.43136 0 189 177
2.07644 2.06233 -0.33318 255 95 189
2.61233 1.72364 -0.36598 0 153 8
-0.47650 1.14112 -0.07205 160 13 189
0.33014 0.80314 -0.11885 98 156 144
1.20983 2.90103 -0.30774 38 171 183
-1.39888 2.22443 -0.04623 23 49 180
0.43682 1.68319 -0.18182 135 185 123
2.59809 0.84883 -0.32154 70 120 88
-0.91864 1.99392 -0.06779 178 246 75
0.02833 1.69209 -0.14245 80 255 84
2.83711 0.41031 -0.32052 153 255 209
0.55097 2.25620 -0.21868 158 0 161
1.44861 1.19029 -0.24669 102 83 255
-0.00912 2.16530 -0.16004 78 115 239
0.83676 1.30435 -0.18327 157 22 56
1.11867 1.40268 -0.21359 120 164 248
-0.06074 1.81223 -0.14142 0 188 10
2.36056 0.22448 -0.27221 18 82 111
1.84597 2.65691 -0.34741 141 172 21
-1.46134 2.24552 -0.03378 54 41 190
2.11928 0.34154 -0.25259 225 229 255
0.69156 2.66894 -0.25053 255 233 250
-0.36410 1.72780 -0.11814 121 184 192
2.24130 1.65605 -0.33393 119 184 182
0.02697 1.41923 -0.13703 0 44 109
-0.94353 3.12436 -0.12222 119 228 255
0.24707 1.38853 -0.14655 42 38 0
0.40014 0.50357 -0.11663 230 247 82
1.55486 2.48919 -0.31211 18 88 191
1.41038 2.09669 -0.28058 75 106 190
-0.81391 1.67355 -0.06598 230 235 170
-0.43010 0.88244 -0.05773 130 140 116
-0.72641 1.14501 -0.04058 181 16 49
-0.88301 2.37001 -0.10111 95 0 171
2.42423 0.38662 -0.27997 5 167 0
-1.23810 2.77135 -0.09177 0 134 182
-0.21121 1.70576 -0.13072 61 181 107
0.69145 2.88643 -0.26747 255 255 215
-0.66617 0.60232 -0.02103 192 163 183
1.09822 0.78394 -0.18736 111 221 255
2.40333 2.11743 -0.37262 143 78 211
-0.03858 2.73522 -0.18593 103 241 233
2.08712 1.06460 -0.28781 252 68 254
2.93632 1.52080 -0.38971 83 185 142
-0.58141 1.00764 -0.05524 255 167 171
-0.97730 2.11014 -0.07217 136 178 87
0.34892 0.17978 -0.10217 129 0 179
0.77843 0.89232 -0.16028 253 177 121
1.37502 2.17054 -0.27982 77 80 174
-1.33461 2.45344 -0.05932 92 71 78
2.53545 2.41924 -0.40760 102 177 97
1.23196 1.17813 -0.22076 84 77 172
2.42863 1.93923 -0.37289 53 54 0
1.22547 0.87279 -0.19850 0 87 46
2.18337 1.90320 -0.34075 242 161 220
1.44715 2.72030 -0.31116 73 255 255
1.81213 2.18753 -0.32203 227 70 255
0.23758 0.09675 -0.07023 170 73 197
-0.56652 2.26629 -0.11388 185 14 8
1.91758 0.25589 -0.23162 255 165 80
1.46105 1.49877 -0.25272 11 148 0
0.25977 1.04074 -0.11658 149 121 255
-1.51645 1.08028 0.02789 117 165 90
1.18660 2.68160 -0.29854 45 167 38
0.64351 0.50372 -0.14098 255 254 255
2.81576 2.01982 -0.39717 106 92 150
1.65991 2.95162 -0.34420 43 127 91
1.96128 0.53817 -0.25830 255 255 255
2.61254 0.38931 -0.30055 0 181 138
1.35449 2.66035 -0.31117 79 255 248
2.17934 1.52787 -0.31636 146 182 46
-0.80494 3.12282 -0.14862 196 229 205
1.14492 2.33045 -0.27593 129 83 235
2.59281 2.06060 -0.38644 0 0 190
2.50949 0.41705 -0.29734 0 181 63
1.72727 2.80282 -0.35528 85 183 41
2.87288 2.19934 -0.41936 34 1 21
0.02119 1.25019 -0.11791 0 0 187
2.28898 2.32044 -0.37661 123 28 166
2.66941 0.64446 -0.32076 91 235 171
0.87961 0.87100 -0.17399 214 185 198
-1.36766 3.01215 -0.08625 31 194 119
-0.48713 2.10350 -0.11815 182 84 51
2.82730 1.20667 -0.36649 123 124 181
-1.41997 3.10620 -0.08753 53 166 96
1.88456 1.95356 -0.31300 174 70 103
0.02393 2.68583 -0.19975 84 220 254
2.42615 1.32682 -0.33721 112 180 194
2.30091 1.34801 -0.31782 82 97 8
0.03888 2.36718 -0.18299 73 73 73
-0.37331 1.27109 -0.08108 204 75 93
1.41974 2.72326 -0.32430 75 255 255
-0.60428 0.64807 -0.03733 179 180 101
1.90884 2.55099 -0.34866 168 136 8
-0.78426 2.20449 -0.10293 136 44 192
1.09612 0.45803 -0.17441 100 249 83
2.77279 0.89191 -0.33754 122 104 163
-0.75344 0.81540 -0.02590 255 255 192
0.66860 1.08279 -0.17224 255 92 174
0.33485 1.67332 -0.16727 163 255 255
0.20282 2.02389 -0.16870 12 100 64
0.43889 1.94834 -0.19822 200 215 81
0.99464 2.74440 -0.28588 131 184 0
-0.64977 2.39372 -0.12212 255 73 81
-0.65352 0.19298 -0.00816 255 77 81
0.10446 0.09994 -0.06196 105 76 85
-1.10795 1.22477 -0.02348 116 88 196
-0.42102 0.15251 -0.02324 98 0 132
2.40231 0.68476 -0.29774 107 231 247
2.43452 0.60534 -0.28962 92 255 227
-0.84741 0.66333 -0.01537 158 181 157
0.00957 2.31268 -0.17463 80 77 100
-1.15840 1.17894 -0.01621 98 101 255
-0.33087 0.20789 -0.02912 61 0 192
0.20039 2.60998 -0.21044 83 179 255
1.61211 1.93524 -0.28677 60 86 36
0.46128 2.06254 -0.20216 215 155 174
0.86736 1.58788 -0.21011 233 246 159
-0.14939 2.83679 -0.18728 152 255 209
2.44349 0.35756 -0.28003 5 163 0
-1.10537 0.51795 0.01497 134 190 167
-0.32161 0.25768 -0.03415 59 8 152
1.72208 1.82586 -0.30107 114 142 35
2.88404 2.63308 -0.43203 113 255 200
0.12472 1.34459 -0.13249 0 15 81
1.20893 0.32691 -0.17020 79 189 84
-0.15823 1.53334 -0.11473 20 93 173
0.87093 0.24842 -0.14533 110 34 184
2.04356 1.38300 -0.30750 182 103 93
-0.85937 2.51629 -0.10163 97 14 53
2.32555 2.78473 -0.39801 206 255 81
1.92065 0.52999 -0.23750 255 255 255
-1.37516 1.96689 -0.02216 101 255 187
1.38788 0.98955 -0.21681 92 105 158
1.11263 2.12764 -0.25546 52 15 136
1.03817 2.42101 -0.26100 195 108 255
0.09249 0.12465 -0.06744 104 77 91
0.24687 0.70963 -0.11261 158 255 111
1.80525 1.01090 -0.25943 164 0 13
1.60030 2.54462 -0.32026 32 121 159
2.79347 1.17828 -0.34878 111 112 240
1.06016 1.56668 -0.22353 148 254 255
2.00780 2.66236 -0.36152 184 177 167
1.22612 2.87990 -0.30253 27 174 190
0.21656 1.96078 -0.17819 17 134 98
-1.32145 1.75287 -0.02727 81 252 85
-0.89184 1.54591 -0.04827 199 158 255
1.08200 0.38068 -0.16941 104 208 78
0.80010 1.62319 -0.20655 255 255 130
2.16742 1.42797 -0.31747 148 138 0
-0.48821 0.21825 -0.01579 134 0 133
0.05731 2.85211 -0.20003 1 192 133
-0.63522 2.02130 -0.10494 185 133 189
0.81194 1.64791 -0.20252 255 255 153
2.81000 2.80333 -0.43769 0 159 42
0.26425 2.74836 -0.22631 11 171 37
-1.27006 0.87816 0.01462 0 171 0
2.11867 0.17920 -0.24093 221 140 188
-0.57514 0.47727 -0.02860 176 117 181
0.51659 0.83527 -0.12824 173 135 116
-1.15787 0.24272 0.04617 34 0 146
-1.50450 1.31695 0.01758 43 0 76
2.74922 1.39851 -0.36467 10 137 21
0.50088 1.87458 -0.19902 236 244 76
0.20646 1.89096 -0.17259 15 164 164
0.25989 0.26984 -0.08725 85 24 191
0.20732 0.65609 -0.09977 134 255 79
1.30115 2.18017 -0.27631 82 82 223
0.17830 1.46194 -0.15127 100 162 76
1.54403 2.33019 -0.30216 15 10 91
0.85422 2.20062 -0.23979 164 0 0
-0.07438 3.01900 -0.20512 118 250 222
0.12384 0.84274 -0.10202 99 229 89
1.45198 2.86785 -0.32715 81 255 122
-0.57126 0.18881 -0.01691 250 75 128
-1.21917 0.95661 0.00049 3 135 47
0.66610 1.04607 -0.17572 255 106 134
2.43679 2.68602 -0.40186 63 187 7
0.32817 0.87858 -0.12976 96 114 186
2.12463 0.97288 -0.29278 238 84 234
1.14610 1.87826 -0.25427 34 146 0
2.64990 2.16664 -0.39141 76 77 187
-1.18535 0.64965 0.00994 92 251 124
2.95955 1.98190 -0.41435 165 100 80
-0.34050 0.36834 -0.04371 156 144 164
2.71129 2.48075 -0.41470 0 138 91
-1.04494 1.38390 -0.03400 133 81 77
1.12150 1.21673 -0.21061 27 0 18
-0.10124 0.56619 -0.07558 0 159 162
2.39706 2.14803 -0.36668 150 74 217
1.32193 1.11466 -0.22849 75 75 199
0.16324 0.13520 -0.07722 129 76 150
0.76738 0.58547 -0.14660 161 186 88
-0.91937 0.47582 0.00238 216 175 75
-0.27095 1.15315 -0.08664 155 99 94
0.91516 0.51603 -0.15391 99 176 16
-1.32382 1.15764 -0.00125 77 116 196
1.29676 0.68347 -0.20051 0 169 133
2.61453 -0.09159 -0.26488 87 74 218
2.10147 0.47436 -0.26506 226 255 227
-0.99015 1.88209 -0.06344 57 190 87
1.74203 0.02541 -0.20788 255 78 255
1.88988 2.25147 -0.32839 255 82 213
2.43915 2.59401 -0.40185 58 172 0
2.34730 2.23809 -0.37855 85 0 159
0.45206 0.99193 -0.14306 149 41 57
1.99716 0.15267 -0.23202 255 123 81
1.12991 1.13573 -0.20516 106 72 75
-0.73921 2.60929 -0.12533 240 150 111
0.58427 1.03652 -0.15758 255 109 81
-0.98039 0.71729 -0.00065 184 255 178
0.33462 2.38997 -0.21657 134 92 255
-0.83392 0.95596 -0.02866 242 208 161
-0.54130 2.08439 -0.12252 187 106 113
0.33824 2.75705 -0.21974 37 172 0
0.99177 0.15990 -0.15519 140 94 255
-0.91581 1.95612 -0.06698 177 255 73
-1.32951 1.37754 -0.00143 0 0 186
1.55587 2.27754 -0.30414 22 0 68
-1.21975 2.21963 -0.05598 0 46 23
2.70921 1.30179 -0.35042 80 169 220
-0.22179 0.92735 -0.08233 35 107 128
2.54952 0.42277 -0.28960 0 182 94
-0.70278 0.59551 -0.01924 188 163 193
-0.68453 3.05262 -0.15871 160 163 56
1.62261 2.49924 -0.32277 131 187 255
0.98303 2.11936 -0.24168 119 11 13
0.05836 2.27667 -0.18215 74 77 97
0.59300 2.00324 -0.21195 253 176 239
0.00427 2.75813 -0.19890 90 252 255
1.55383 1.02443 -0.24637 60 4 185
1.07927 2.62370 -0.29279 89 143 4
0.44417 1.07167 -0.14979 233 102 95
0.56756 0.62144 -0.13371 255 255 255
-0.16009 1.79697 -0.13120 30 188 3
1.17139 0.35559 -0.17865 77 196 84
0.08306 2.01336 -0.16369 0 108 172
1.67037 1.78612 -0.28736 87 162 107
2.72846 0.26070 -0.29887 119 213 225
-1.19397 1.18071 -0.00992 91 105 255
-0.96103 2.93964 -0.11406 124 255 156
-0.80242 0.21270 0.00451 255 71 133
0.12658 2.19431 -0.17659 0 11 4
1.60663 2.04927 -0.29034 49 36 0
-1.25760 2.75992 -0.08505 87 207 255
-1.39717 1.82558 -0.02143 102 255 86
2.36292 1.91583 -0.35539 157 148 79
1.48449 2.90624 -0.33696 77 248 82
0.59099 1.44211 -0.16886 180 79 166
2.76431 2.07543 -0.40079 8 0 58
1.33332 2.78878 -0.30876 89 255 255
-0.37477 2.76451 -0.16381 158 158 19
2.00177 1.87500 -0.33151 255 188 230
-1.36007 1.53753 -0.01586 0 54 87
2.54585 0.38113 -0.29970 0 176 68
0.81957 2.55037 -0.25539 189 97 178
2.10319 1.29817 -0.30125 251 148 172
2.54748 2.37426 -0.39437 100 160 112
0.44654 2.45885 -0.21540 101 28 102
2.29292 0.73761 -0.28534 70 121 109
-1.11093 2.93974 -0.10475 78 255 75
2.00984 -0.02974 -0.21552 165 0 37
2.66108 1.69446 -0.37232 0 168 15
2.02922 2.11298 -0.33400 255 83 195
0.16829 1.45476 -0.14038 17 73 0
1.26455 2.11315 -0.27320 91 98 255
2.22487 1.37219 -0.30646 120 101 0
2.70774 1.95728 -0.39137 0 28 183
0.74903 0.80367 -0.15854 255 223 73
1.71666 2.64453 -0.33844 86 170 0
-1.18791 3.13557 -0.10940 0 148 20
0.26606 2.97139 -0.22415 11 165 32
1.78379 0.93494 -0.25645 253 114 154
2.15350 2.12369 -0.34555 255 83 90
1.47667 0.88987 -0.22363 32 70 69
2.36036 2.70659 -0.38928 189 255 75
-0.61834 1.85346 -0.09017 255 255 198
0.48078 0.16221 -0.09574 178 0 104
0.80121 0.31311 -0.13501 144 72 180
1.92917 2.41378 -0.34633 255 153 79
1.12446 1.32297 -0.21512 26 39 113
0.73178 1.50417 -0.19240 191 119 9
1.68599 1.40790 -0.26829 191 198 174
-0.56585 2.39761 -0.13816 255 79 93
2.12851 1.34705 -0.30910 155 92 29
0.95438 2.12496 -0.24815 132 16 0
-0.77849 3.06626 -0.14955 201 247 228
2.51671 1.14739 -0.32556 0 7 49
0.69685 0.56658 -0.14192 181 182 169
-1.25524 1.59090 -0.01674 78 170 76
1.94214 1.61253 -0.31170 255 255 86
-1.13798 0.60592 0.01422 119 238 114
0.95354 2.29768 -0.26264 220 78 227
0.69779 0.27499 -0.12907 169 49 85
1.67286 1.76260 -0.28275 89 173 133
0.99383 1.47512 -0.20914 177 204 188
1.06003 1.61483 -0.22759 159 255 255
2.49156 2.64292 -0.40743 35 180 22
-0.48421 1.13971 -0.07574 162 14 186
1.53223 2.36831 -0.31017 20 23 119
2.27108 2.50610 -0.38376 137 128 168
-0.85612 0.20229 0.01620 247 77 185
2.30628 2.21811 -0.37221 108 0 99
2.48912 0.72048 -0.30693 79 198 255
-0.20755 0.59297 -0.06534 104 254 169
1.74465 1.86582 -0.29598 122 118 0
-1.02422 2.94933 -0.11055 108 255 112
1.10842 1.76563 -0.24805 137 255 121
1.39415 2.86296 -0.32375 77 255 187
-0.83594 3.15100 -0.14847 174 218 220
0.57856 0.58778 -0.12397 255 255 255
0.54126 2.94788 -0.25154 218 254 255
-1.40738 1.48069 -0.00400 19 20 181
0.33843 1.14461 -0.14151 177 80 128
1.08886 1.72965 -0.23786 133 255 174
-0.61014 1.69580 -0.08850 255 252 95
-1.17851 2.07695 -0.05136 77 218 188
2.09600 2.71073 -0.38274 255 255 249
2.20937 0.84700 -0.29096 113 62 107
1.19835 0.53781 -0.18421 76 255 240
1.75819 1.16473 -0.26533 147 0 0
-1.17084 1.48351 -0.02744 87 117 76
2.61740 0.16840 -0.27871 0 65 0
1.12116 2.04590 -0.25407 49 41 80
2.47094 2.31325 -0.37852 120 121 216
0.13057 2.19228 -0.18225 0 12 10
0.49983 0.04573 -0.09347 184 0 164
-0.11898 1.19953 -0.09569 95 75 155
2.35441 2.73347 -0.39695 189 255 78
2.54593 2.84017 -0.42256 11 150 189
1.67376 0.71633 -0.23613 209 227 215
2.20550 1.70279 -0.32859 145 180 186
1.53757 2.39377 -0.31120 7 39 134
2.35098 2.63263 -0.38890 185 255 99
-0.07121 3.04756 -0.21171 121 234 193
-1.28333 2.20989 -0.05703 0 57 93
-1.22591 2.32081 -0.06879 0 7 0
1.90445 0.73520 -0.25939 192 135 121
2.39166 1.22748 -0.33548 33 37 8
-0.27257 1.59883 -0.10704 81 130 188
0.41306 2.02752 -0.19500 183 182 82
2.56966 1.86293 -0.37222 0 92 61
0.80487 2.81325 -0.26284 255 255 171
0.72328 0.31870 -0.12600 168 78 146
1.39847 1.81623 -0.26872 78 236 239
2.41282 2.09739 -0.36991 55 0 103
0.14819 0.60885 -0.09889 28 187 46
-0.91872 1.97666 -0.07555 167 250 76
-0.53785 2.86206 -0.15331 191 183 75
1.68237 1.70442 -0.28897 187 255 241
-0.82682 2.26937 -0.09202 204 98 255
0.78967 2.12831 -0.23865 255 110 131
2.41197 0.03473 -0.26562 83 92 255
2.80973 -0.06396 -0.28002 74 0 0
2.14057 0.11732 -0.24379 204 110 164
0.99263 1.27907 -0.21036 89 14 0
1.68549 2.17673 -0.32144 168 75 184
1.64165 0.94036 -0.25236 193 115 255
1.07464 0.94856 -0.20124 119 136 200
1.46270 1.29448 -0.24467 106 120 174
2.85193 2.71756 -0.44055 97 255 161
1.91898 0.28375 -0.23457 255 191 110
0.88083 0.41620 -0.14889 107 128 118
1.54913 0.29795 -0.19393 80 96 172
2.23710 0.00430 -0.24559 71 0 78
-0.67156 0.74344 -0.03702 255 255 183
1.04624 0.96079 -0.18903 132 133 224
2.89832 1.97163 -0.40316 139 106 107
1.50900 0.47370 -0.20559 56 180 101
-1.04717 1.92243 -0.05934 35 184 110
-0.76500 0.80589 -0.03078 255 255 216
1.61912 2.71661 -0.33308 126 255 99
-1.25380 1.84276 -0.03379 70 255 211
0.05688 1.23314 -0.12419 0 0 187
-1.31899 3.16238 -0.10155 18 141 0
1.81240 0.85335 -0.24838 255 161 194
-0.67546 1.87375 -0.08658 255 255 161
0.71787 2.68332 -0.25501 255 241 255
-0.43571 0.27764 -0.03209 114 15 188
-1.45674 2.18675 -0.03405 48 74 186
2.94890 2.10044 -0.41517 64 0 11
0.29183 1.33652 -0.15441 66 17 0
1.06078 1.78490 -0.23754 152 255 151
-1.16560 1.47655 -0.03215 85 115 78
2.10614 0.33689 -0.24728 223 224 255
1.61586 2.83697 -0.34515 120 255 77
-0.87700 0.68397 -0.00978 147 180 140
0.11261 1.15574 -0.11396 8 0 191
-0.24538 1.42255 -0.10631 153 129 204
2.18002 2.18339 -0.35371 161 0 1
2.28761 2.62915 -0.38332 219 255 156
-0.87491 2.11897 -0.08329 196 178 182
1.43747 0.05822 -0.18047 39 0 0
-1.48554 1.73278 -0.00914 130 240 150
2.00733 -0.01186 -0.21790 165 0 24
1.37147 1.81169 -0.25995 78 247 203
1.54851 2.71845 -0.33113 94 255 147
0.75555 1.82378 -0.21277 186 176 154
2.59354 0.53466 -0.30895 78 255 255
2.48230 2.33002 -0.39783 118 126 210
-0.50324 2.40868 -0.13985 255 76 146
-0.29415 1.49288 -0.09531 175 155 214
-0.93611 0.82497 -0.01801 114 179 188
2.49556 0.88264 -0.31671 86 110 148
0.93314 0.91849 -0.17614 192 150 255
1.40209 0.78012 -0.22611 14 125 0
1.57069 0.09131 -0.20009 185 84 214
0.11421 2.60002 -0.19633 73 177 255
0.04759 2.90150 -0.21203 0 186 104
1.30753 1.29226 -0.22989 81 115 255
-0.16266 0.28795 -0.05507 88 108 87
2.19481 0.18372 -0.24748 177 143 255
-1.26057 0.45158 0.03195 84 149 255
2.16948 1.27557 -0.30496 224 137 137
-1.03732 1.84110 -0.05770 38 192 152
-0.04432 1.82336 -0.13897 3 182 18
-1.41418 1.62192 -0.02037 102 175 166
-1.34344 1.06784 0.00710 79 159 114
-0.14200 1.36293 -0.11146 103 97 239
1.43169 0.23463 -0.18980 119 141 206
0.57985 2.83001 -0.24363 236 255 255
-1.51921 1.66496 -0.00296 140 206 210
0.82831 0.07697 -0.12282 205 76 126
0.38598 1.99439 -0.18843 85 102 0
-0.40986 2.78593 -0.16120 174 169 30
0.10471 0.96034 -0.10237 89 161 150
-1.07151 2.26879 -0.07200 109 107 130
-0.81011 1.10209 -0.04264 248 125 77
-0.29301 1.58993 -0.09967 82 127 181
1.45291 0.85316 -0.21942 24 78 41
-0.49296 2.09373 -0.11314 179 89 52
2.84110 1.16037 -0.36037 133 104 212
0.92330 3.01277 -0.29207 169 136 55
2.02098 2.00444 -0.32636 255 124 255
1.56940 1.15560 -0.24699 63 0 93
-1.27683 1.39044 -0.00009 0 0 135
-0.09614 1.22775 -0.10521 86 75 182
-1.42641 2.83990 -0.07165 54 153 154
2.57522 0.01465 -0.27999 78 85 162
1.30427 0.54943 -0.19255 78 255 255
0.57570 0.31046 -0.11773 255 152 86
1.22885 1.84393 -0.26701 90 232 109
0.48324 2.58195 -0.23518 112 104 0
1.32243 0.29704 -0.17686 86 168 152
1.17784 2.70210 -0.29936 45 172 45
2.79994 0.40087 -0.31562 136 255 250
1.89536 2.77519 -0.35750 156 188 163
-0.12302 2.20772 -0.15589 118 98 255
0.87803 1.74051 -0.21162 240 255 255
0.43706 1.46102 -0.16781 132 82 168
-1.17467 1.74581 -0.04091 0 164 132
-1.35100 0.68351 0.03769 0 171 163
-0.87326 2.19750 -0.08826 189 134 237
-0.66021 1.71864 -0.08135 255 255 85
0.87636 1.32563 -0.19743 139 33 8
-1.48767 1.53751 -0.00461 37 41 187
0.92162 1.53243 -0.21094 218 224 159
-0.16214 2.84058 -0.18160 147 255 215
2.30214 2.20726 -0.35732 112 0 90
1.31645 1.41629 -0.23650 0 101 123
1.24303 2.09533 -0.27168 92 104 255
0.21942 1.12842 -0.12550 42 3 159
1.06915 2.56335 -0.27472 170 199 111
2.18309 2.50116 -0.37097 164 131 191
1.42212 2.38680 -0.29616 0 27 23
1.62836 1.67937 -0.28580 160 255 255
1.79470 0.71195 -0.25055 255 230 255
1.15259 1.67396 -0.23677 113 255 163
-0.70331 2.85278 -0.13315 157 177 190
1.48794 2.18192 -0.29887 10 0 0
2.28745 1.90564 -0.35094 193 159 116
2.52257 0.55812 -0.30373 76 255 255
2.50005 0.59429 -0.29539 72 255 255
-0.93043 2.15697 -0.08375 161 155 159
2.56209 -0.04690 -0.26675 80 78 219
-1.47414 0.79605 0.03374 99 255 255
0.25487 2.85113 -0.21188 12 191 0
0.08366 2.15302 -0.16863 0 32 72
0.31900 0.07541 -0.07619 111 0 165
-0.33353 1.32566 -0.09321 189 85 77
-0.83048 1.83578 -0.08189 133 191 0
0.89328 2.73459 -0.27183 171 177 59
1.41751 2.17540 -0.28984 72 75 116
-0.52295 0.85982 -0.04909 251 239 118
-0.90134 1.26745 -0.03808 206 76 87
-1.48758 2.09688 -0.03270 60 125 114
0.00636 1.81965 -0.13367 73 255 144
1.74941 0.04859 -0.20969 255 76 255
2.05233 1.85109 -0.32429 255 204 255
-0.66703 2.56483 -0.12649 254 130 125
-1.14726 0.90984 0.00448 20 158 72
0.88479 2.46716 -0.26296 255 137 255
-0.29261 0.53093 -0.05603 143 230 78
1.81674 2.80730 -0.36094 128 184 123
0.32838 0.34433 -0.10296 197 162 163
0.97906 0.51002 -0.16004 65 172 0
1.05402 1.13436 -0.20686 50 0 0
2.57100 2.74734 -0.41716 12 188 160
0.88601 2.41861 -0.26288 255 107 243
-0.85451 0.63303 -0.00943 154 161 121
0.95503 1.42367 -0.19627 194 171 120
-0.29444 2.78458 -0.17419 214 255 84
2.41723 2.18236 -0.37047 142 70 255
0.26368 2.90046 -0.22880 11 187 0
2.69786 0.69908 -0.32316 6 121 25
1.24142 2.73391 -0.30494 109 255 226
-0.44885 1.31329 -0.07667 233 78 113
0.09772 0.98678 -0.11007 88 157 161
-1.01788 2.82039 -0.11993 98 245 80
2.73876 1.95039 -0.39268 0 34 177
1.22704 0.29936 -0.17743 77 172 83
0.01967 2.27486 -0.17308 0 0 32
1.67965 0.81998 -0.24958 211 179 255
2.12308 1.98098 -0.33667 255 128 213
2.76919 0.96330 -0.34703 117 79 220
2.26479 2.65256 -0.38052 228 255 145
0.03347 0.38697 -0.08402 0 79 146
0.14692 2.08241 -0.16558 0 65 81
-1.15205 2.53177 -0.08104 0 8 164
0.83559 2.33370 -0.24345 255 85 131
-0.47080 1.69956 -0.10521 255 255 220
-1.42442 0.23799 0.06172 78 76 85
0.46717 1.14075 -0.15491 236 80 78
-1.45005 0.55459 0.04640 4 114 122
2.36235 1.91268 -0.35880 157 142 73
-0.70317 2.41832 -0.11625 253 80 87
2.15023 0.29527 -0.26019 208 208 255
-0.70048 1.33404 -0.05624 188 0 191
0.57524 1.43972 -0.17655 176 77 168
0.07969 1.04051 -0.11885 86 125 207
2.48070 1.58126 -0.34500 103 255 214
0.13628 2.01339 -0.16982 0 98 137
-0.78260 2.35858 -0.10586 222 74 207
1.86291 0.96792 -0.26730 181 10 0
1.89003 2.15526 -0.31608 255 79 255
-1.45535 0.18569 0.06353 78 76 142
-1.39945 1.21591 0.00352 3 10 97
1.17693 2.67210 -0.28445 42 168 28
2.76375 1.18615 -0.35653 102 128 255
1.15875 1.96489 -0.25058 36 91 43
-0.38111 0.67464 -0.05690 184 255 98
-0.67701 1.77395 -0.08590 255 255 90
1.03802 0.35068 -0.14725 32 104 29
0.16864 1.60419 -0.14564 90 233 109
-0.48628 2.25032 -0.12527 181 7 0
-1.10532 1.47475 -0.03394 109 111 83
-0.28482 2.57788 -0.16722 116 56 77
1.87058 2.64574 -0.34890 149 167 41
1.66753 1.31218 -0.25614 108 57 11
-0.23321 1.98459 -0.13933 153 218 81
-0.44594 2.14761 -0.12269 174 51 0
-1.22019 1.36110 -0.00612 83 79 187
1.38681 1.65077 -0.25923 0 187 8
-0.86423 0.24758 0.01161 248 75 146
2.31463 2.43700 -0.39238 121 96 176
-0.12127 2.95320 -0.19606 136 255 255
1.89777 2.16329 -0.33405 251 74 255
0.60278 1.72338 -0.19847 181 193 0
2.24573 2.17767 -0.35369 131 0 24
0.09364 1.76162 -0.14659 77 255 182
0.79512 2.36242 -0.24218 184 4 32
0.58883 0.92628 -0.15067 185 78 0
0.87037 2.01029 -0.22226 158 75 66
1.18645 0.18157 -0.16863 0 21 13
0.69859 0.27942 -0.12651 180 52 83
2.74165 2.22257 -0.40886 81 89 82
1.60725 0.56198 -0.22224 190 255 80
-0.35291 1.08823 -0.07768 97 24 111
2.20617 2.53272 -0.37698 250 224 255
0.10944 0.16026 -0.07070 106 77 129
1.24279 2.71916 -0.30369 106 255 210
1.17981 0.00594 -0.15749 0 0 158
-1.02628 1.66605 -0.04856 42 134 175
1.25818 0.57893 -0.19395 77 255 255
2.16037 0.90743 -0.29032 132 25 139
-1.31383 2.24843 -0.05071 3 41 91
-1.46063 0.62267 0.03856 5 153 163
0.93899 1.06028 -0.19187 107 5 150
0.94644 1.42244 -0.20890 197 169 104
2.43548 2.17750 -0.36609 134 75 255
1.25949 1.91005 -0.26450 83 203 181
0.20440 2.66387 -0.21838 85 212 246
2.76445 2.30503 -0.41050 85 124 95
0.55564 0.69310 -0.13815 183 183 183
2.81619 2.84578 -0.44309 2 140 14
-1.35945 0.58572 0.02826 0 138 183
1.04634 1.09212 -0.20042 58 0 33
1.47485 0.65241 -0.20954 32 178 2
0.67021 1.68761 -0.18984 185 186 0
0.31465 2.26792 -0.19951 139 71 210
1.16623 0.87511 -0.19714 8 85 94
2.65256 2.76085 -0.42289 0 176 188
-0.97202 0.30332 0.02380 118 11 122
1.06683 0.32217 -0.15926 105 173 113
2.59891 2.06151 -0.38281 0 0 185
0.69221 0.07825 -0.11248 255 75 84
1.66079 2.29620 -0.31679 155 81 239
0.67090 2.60829 -0.23457 184 117 100
2.00566 1.18147 -0.28272 255 87 255
0.62631 0.40089 -0.13305 255 200 198
-1.05581 2.41240 -0.07686 17 0 162
1.95802 2.70403 -0.36293 181 186 159
-1.29972 1.75623 -0.02854 79 255 100
-0.10523 1.35809 -0.11576 91 101 255
2.68926 0.43345 -0.31521 98 255 255
-0.44027 1.93159 -0.11127 160 163 132
-0.41540 1.81903 -0.09860 145 187 179
2.40542 1.80863 -0.35777 47 122 8
1.33996 1.93827 -0.26699 80 174 255
2.08316 2.61874 -0.37588 255 255 255
-0.42504 1.80754 -0.10692 163 190 187
1.32900 0.86263 -0.21287 0 86 0
0.18789 2.89385 -0.21219 0 192 10
0.03171 2.43154 -0.17861 80 89 85
-0.32833 1.74662 -0.11585 116 182 167
0.80033 2.46880 -0.25530 192 48 112
0.52984 0.38000 -0.11456 255 185 101
2.02798 1.90687 -0.32199 255 170 255
1.72253 0.05935 -0.20605 249 81 255
0.77760 1.82672 -0.21840 185 172 179
0.15359 2.74404 -0.20816 0 170 135
0.58299 1.78192 -0.19536 179 182 0
0.05716 0.73485 -0.09488 79 255 106
2.20436 1.95120 -0.35154 234 139 162
1.08531 2.09339 -0.25510 65 25 92
1.18620 2.23892 -0.26781 116 77 255
-0.18146 1.56510 -0.12186 37 123 174
0.18215 0.89237 -0.10156 123 198 177
-0.98939 0.88116 -0.00764 94 167 183
0.52115 3.03524 -0.25374 211 224 255
2.65124 2.82145 -0.43694 1 155 169
-0.96322 2.21134 -0.08048 141 129 168
2.87570 2.50132 -0.43169 114 230 255
1.26971 2.60834 -0.29562 86 232 150
2.73176 1.86845 -0.38377 3 79 183
0.34949 2.20938 -0.19669 66 4 92
1.49012 2.28029 -0.30054 1 0 7
2.79241 0.61378 -0.32638 39 154 8
-1.07398 1.59450 -0.02756 33 89 97
1.84123 1.92856 -0.31409 159 77 39
-0.16834 0.58111 -0.05594 99 255 213
-0.08487 2.06432 -0.14972 101 170 255
1.58587 2.54701 -0.31081 31 123 168
2.05190 0.20445 -0.24687 245 148 154
-1.03040 1.47469 -0.03831 148 116 122
1.56500 2.45965 -0.31296 23 65 185
1.42016 2.90267 -0.32971 84 249 127
-1.51577 0.61564 0.04434 27 141 106
0.98276 2.12964 -0.24487 118 17 19
1.91648 2.10887 -0.33004 171 0 189
2.67977 0.85709 -0.32317 88 123 76
-0.78231 1.17532 -0.04046 168 8 28
1.15500 2.04572 -0.26054 36 46 103
1.55856 0.16295 -0.19425 91 31 166
2.11444 0.89373 -0.28171 156 39 73
1.69670 0.64144 -0.22991 223 255 170
0.46084 2.35495 -0.21206 114 0 164
2.91403 2.14649 -0.41413 51 0 15
2.70089 1.67024 -0.37471 83 255 123
-1.24488 2.99191 -0.10224 0 192 29
-0.44343 1.00620 -0.06178 137 83 173
-1.43486 2.73364 -0.07231 138 187 139
0.26313 2.26696 -0.19808 113 81 147
-0.14906 1.35202 -0.10844 102 89 231
2.27247 1.24577 -0.31418 181 128 83
1.88687 2.04372 -0.32540 173 16 172
2.65807 0.32898 -0.30685 2 152 130
1.02704 0.91746 -0.17900 134 147 255
1.47058 0.45979 -0.19818 120 255 234
0.20703 1.62606 -0.15439 111 247 182
-0.43176 1.99180 -0.11939 160 138 66
2.25883 -0.08570 -0.25102 142 79 118
2.11884 1.44353 -0.30456 163 139 0
0.93726 1.65456 -0.22141 215 255 255
-0.34727 0.55976 -0.04926 167 243 79
1.90041 1.30492 -0.27906 185 64 187
2.62540 2.84808 -0.43297 0 158 175
1.92053 0.77295 -0.25825 187 111 77
-1.08264 1.50128 -0.04153 116 125 104
1.47605 1.78145 -0.27415 93 253 255
-0.49340 1.62387 -0.08238 255 216 137
-0.43314 2.58926 -0.14557 255 144 255
1.83946 2.07237 -0.31734 155 9 153
2.32530 2.90528 -0.40902 213 217 137
1.17533 0.88691 -0.19218 4 75 69
2.84017 2.83301 -0.44521 8 150 3
-0.77907 3.10869 -0.14007 204 228 188
1.19989 2.57871 -0.29270 116 211 88
2.25815 2.55412 -0.37512 221 232 236
2.57863 0.44157 -0.29933 0 194 147
-1.18795 2.15537 -0.05836 76 170 133
-0.83621 1.43193 -0.04735 144 17 171
-1.33056 1.24593 -0.00371 0 0 170
1.01180 2.86067 -0.29413 126 181 29
0.84992 2.10451 -0.23222 166 31 21
-0.68288 3.06400 -0.14719 157 162 67
0.12303 3.00466 -0.21727 0 161 0
2.17182 1.16889 -0.30262 225 89 226
-0.68326 0.63021 -0.02565 191 178 177
1.06410 0.47300 -0.16466 29 164 0
-1.02110 2.54039 -0.09491 23 14 183
2.69519 2.67439 -0.42683 0 185 189
2.35195 0.12387 -0.26758 21 39 176
-0.71832 2.30507 -0.10793 159 0 85
-0.86246 1.57132 -0.06134 130 84 187
0.68562 1.10599 -0.16191 255 83 213
2.57624 0.83383 -0.31657 74 141 116
1.34951 0.92670 -0.21112 0 62 0
2.38008 2.22579 -0.37587 85 0 165
-1.11517 1.96014 -0.05381 90 255 213
2.03664 2.47233 -0.35044 186 97 42
0.01676 1.17952 -0.11706 0 0 168
2.29777 2.30029 -0.37035 117 16 157
1.90707 2.86015 -0.36535 158 165 185
-0.90766 0.84058 -0.02814 131 176 189
0.52094 2.75280 -0.24493 218 255 171
-0.42827 0.49552 -0.03419 204 208 159
1.52697 0.51268 -0.21337 64 185 56
0.92077 1.77023 -0.23126 217 255 255
0.24732 2.22481 -0.18384 21 1 18
1.95247 2.41132 -0.35088 255 149 75
-1.06888 1.09882 -0.01188 43 60 175
2.02635 0.90629 -0.27201 184 30 10
-0.85444 2.18769 -0.09341 195 138 241
-1.17337 1.55340 -0.01932 88 151 80
-0.95732 2.57910 -0.10782 42 36 107
0.19137 0.09086 -0.06911 142 75 149
0.82463 2.59133 -0.26067 186 119 193
0.11625 2.62417 -0.19295 75 194 255
0.10546 0.11734 -0.06374 108 70 96
0.91642 2.37848 -0.25336 235 99 233
2.28035 0.20669 -0.25914 59 76 180
0.94155 0.61226 -0.15908 168 255 86
0.95602 0.11148 -0.13575 147 77 255
1.44470 1.29578 -0.24930 98 120 190
1.95346 -0.02410 -0.22286 182 0 89
2.24405 0.64081 -0.28541 92 168 2
2.01672 0.49767 -0.25176 255 255 255
-0.86726 0.65931 -0.02085 146 180 143
1.01567 1.38201 -0.21646 77 64 42
-0.01715 2.63042 -0.18477 6 107 103
2.25520 0.36419 -0.27080 159 238 183
1.16358 0.45371 -0.17413 80 239 130
2.14936 0.13152 -0.23904 196 118 186
1.10042 0.90922 -0.19543 111 155 216
-1.12065 1.05230 0.00001 30 74 191
-0.62987 0.45149 -0.01824 188 86 173
2.62200 1.40659 -0.35162 76 225 209
0.21865 0.79477 -0.10631 137 245 136
0.91673 0.53115 -0.15767 92 182 2
0.09817 1.25957 -0.11548 0 0 170
2.34777 0.81736 -0.30410 130 149 255
1.78535 0.31327 -0.21988 179 120 0
0.97865 1.22657 -0.19491 89 0 3
2.46037 2.64093 -0.39861 53 179 0
2.67407 1.03625 -0.34958 1 0 110
0.53496 1.53119 -0.17349 168 132 150
2.65515 -0.11193 -0.28004 9 0 112
1.71386 1.73590 -0.28787 199 255 199
-0.92271 2.27757 -0.07890 168 95 255
1.78075 2.55328 -0.34321 121 135 2
-1.22211 2.14502 -0.05802 0 95 99
0.15582 2.64163 -0.20912 77 206 255
-0.35072 1.82972 -0.11803 125 188 145
1.59519 0.28803 -0.20984 103 97 157
2.73902 1.09261 -0.34688 103 80 255
1.77058 0.45443 -0.23317 172 177 14
-1.39401 2.88040 -0.08065 41 174 187
-1.04604 1.03283 -0.01211 56 93 187
-0.14494 1.76661 -0.13268 31 189 7
0.26064 0.51580 -0.10298 75 156 27
2.01048 2.91468 -0.39189 182 142 89
0.85888 0.92918 -0.17953 218 152 230
0.55060 2.79355 -0.23652 227 255 225
0.40664 2.18863 -0.19983 179 93 218
-0.18775 1.93772 -0.13045 139 240 83
1.83945 2.81121 -0.36000 135 184 148
1.36060 1.40816 -0.24474 0 95 95
-0.41828 0.39013 -0.02885 197 150 232
-1.39382 0.79063 0.02561 82 255 218
1.06637 0.65252 -0.17053 118 255 203
1.70651 1.95035 -0.29931 107 73 0
2.50000 0.13715 -0.27429 0 49 45
1.50913 2.10940 -0.29841 97 93 82
1.19209 1.64575 -0.23122 11 181 64
0.32701 1.77671 -0.16736 152 255 235
1.00911 2.69195 -0.28457 126 170 3
2.47778 0.31588 -0.28415 0 139 0
0.34522 0.09331 -0.07840 134 0 180
-0.74913 1.58401 -0.06441 255 184 175
-0.17847 0.53107 -0.07158 96 239 153
-0.59010 3.00503 -0.15025 178 181 28
1.41633 0.49801 -0.19742 111 255 246
-1.42530 0.19019 0.07224 71 81 121
1.85902 2.39744 -0.33599 238 136 125
-0.60628 2.80807 -0.14319 186 167 178
1.76966 1.16326 -0.26449 162 1 0
1.88621 1.59262 -0.29940 255 255 149
-0.92316 2.53666 -0.10180 69 19 100
1.46401 1.60350 -0.25400 12 185 40
1.69844 1.14346 -0.25176 127 0 1
2.71084 2.28860 -0.40633 77 110 79
0.41337 0.26618 -0.09762 238 122 152
0.53028 1.37265 -0.17537 255 118 255
1.72406 2.53631 -0.33064 174 204 152
-1.17321 2.27517 -0.05894 76 107 72
1.70571 1.25453 -0.27142 125 19 0
1.75347 2.66834 -0.34587 101 179 0
-0.13541 2.83003 -0.19061 149 255 221
-0.75987 1.56981 -0.06704 246 182 211
-1.37170 1.59531 -0.01905 87 171 131
-0.76272 2.50094 -0.10889 224 99 83
2.23190 2.13284 -0.35891 139 0 0
1.62044 0.33976 -0.21479 110 114 108
0.61849 1.63586 -0.19641 183 172 11
0.05911 1.58627 -0.13883 76 227 78
-0.04321 1.91142 -0.14456 79 245 177
1.43506 1.02147 -0.23203 98 95 236
-0.89439 1.19944 -0.03398 209 87 79
1.25870 2.85840 -0.31258 101 255 255
-0.02731 0.81608 -0.09610 77 250 119
-0.70539 3.06868 -0.14500 145 159 72
1.53281 2.08104 -0.29511 106 107 94
-1.08426 1.90441 -0.05119 20 185 150
2.95376 2.35345 -0.42833 65 73 187
0.22039 2.33769 -0.19271 96 74 157
0.35926 1.78467 -0.17355 168 255 191
1.29364 1.08579 -0.22052 68 78 166
0.19246 0.85884 -0.12023 126 220 151
2.97770 2.45292 -0.44182 67 125 165
0.67425 1.46035 -0.18144 189 89 83
1.40451 1.25722 -0.23429 84 109 245
-0.92598 1.61569 -0.05882 100 114 187
-0.23165 1.36895 -0.09019 141 100 173
2.53673 2.66765 -0.40853 24 188 78
2.16188 0.69532 -0.27473 129 141 0
2.91329 2.41553 -0.43171 50 105 191
0.03898 1.70020 -0.14879 78 255 94
-1.39875 2.52376 -0.05613 120 86 71
-1.14931 1.22330 -0.01343 96 91 238
0.16653 0.76809 -0.11367 117 254 81
2.66512 2.60095 -0.42329 0 178 138
0.44230 1.64826 -0.17405 131 168 152
-0.85490 2.88146 -0.12005 176 255 208
0.49371 0.33709 -0.10448 255 163 78
-1.40490 2.22854 -0.05192 27 51 178
1.73684 1.37678 -0.27263 220 180 194
0.13776 1.42241 -0.13421 1 45 14
0.30962 2.08140 -0.18097 53 64 0
-1.34154 2.44184 -0.06068 90 71 78
0.86287 0.39659 -0.14646 115 122 151
1.81002 2.49621 -0.34104 216 193 95
-0.27199 2.03897 -0.13321 175 198 86
2.32970 2.58085 -0.39713 193 244 158
1.35627 0.27399 -0.18073 93 161 166
-0.15515 2.98625 -0.18706 161 255 255
2.68100 0.27139 -0.29899 94 214 185
1.75809 1.45474 -0.28136 228 217 255
0.51713 1.90647 -0.19778 239 235 103
1.48453 0.59674 -0.21881 42 188 22
2.59336 0.47982 -0.29689 0 188 182
0.71430 2.78293 -0.25984 255 255 254
1.03133 2.08692 -0.25520 96 28 31
-0.67861 0.30304 -0.00065 255 97 108
0.51096 1.65376 -0.18302 152 181 80
2.76356 -0.05636 -0.29152 48 0 0
2.06093 0.32268 -0.24816 244 221 249
2.32350 0.09926 -0.26885 39 22 188
-1.22208 2.12009 -0.05481 0 107 109
0.55257 0.44004 -0.12532 255 223 157
1.13326 2.60759 -0.28653 64 132 0
-0.24947 1.01578 -0.07295 52 60 81
1.15037 2.27789 -0.26513 127 74 255
1.96640 2.16905 -0.32996 255 75 211
2.44138 -0.06908 -0.25479 81 78 255
-1.00570 1.85379 -0.06949 43 187 133
0.13791 1.30697 -0.13534 4 5 90
-0.07863 0.28681 -0.05412 0 32 0
-0.20938 0.16667 -0.03454 14 0 126
1.66949 2.02344 -0.29838 80 41 0
0.84708 2.14051 -0.22822 167 6 0
1.88039 1.05737 -0.26733 187 0 2
0.01126 1.76247 -0.15255 76 255 125
1.55287 1.93258 -0.29699 120 181 182
1.76353 2.74183 -0.34779 103 189 16
0.87926 2.91402 -0.27767 172 175 0
0.73362 1.35423 -0.18298 255 125 194
2.15263 2.04197 -0.34256 254 102 142
-0.65146 2.73172 -0.13321 169 138 177
1.13615 2.85505 -0.30576 66 181 134
1.06482 1.10592 -0.19596 44 0 15
0.97578 2.26489 -0.25063 212 74 194
2.19050 1.73059 -0.33320 231 251 255
1.00107 0.06860 -0.14408 123 75 255
2.37323 0.95305 -0.31503 36 0 113
1.26634 2.41672 -0.29254 2 39 0
-0.07568 1.06973 -0.10053 0 27 5
0.75987 1.42179 -0.19509 180 74 39
-1.54299 0.47236 0.07312 35 65 0
2.74828 1.23592 -0.35906 100 145 234
2.42269 1.78289 -0.35288 40 136 19
-0.96115 2.57476 -0.09312 48 33 103
0.52575 1.54576 -0.17530 167 130 152
0.03539 2.95130 -0.20947 86 255 156
0.14898 0.68572 -0.10095 116 255 85
0.71577 1.45383 -0.19766 184 96 43
1.36482 2.92886 -0.31744 75 241 149
0.02307 0.78387 -0.09599 77 255 111
0.15379 1.84370 -0.16526 90 255 255
0.21646 1.46998 -0.14262 112 160 80
-1.22760 2.08012 -0.04969 0 127 141
2.27152 2.18644 -0.36397 128 0 43
0.76125 2.32629 -0.23394 188 0 0
-1.13410 1.34851 -0.01866 99 79 123
-1.23709 1.93993 -0.04515 73 255 255
-0.80972 0.80451 -0.02756 252 255 255
0.16396 0.71318 -0.10501 112 255 75
1.17327 2.65772 -0.28766 40 153 19
-1.27881 2.97748 -0.10070 7 191 77
1.59465 1.33854 -0.25489 72 66 0
-0.97954 1.22674 -0.02474 166 83 95
0.68414 2.37341 -0.22986 194 2 0
-0.91589 0.35256 0.01206 138 24 32
0.29766 0.41377 -0.10379 186 198 151
1.41630 1.81653 -0.27036 79 249 240
-0.85633 0.27669 0.01287 254 82 121
2.33838 2.49229 -0.38308 106 121 121
-0.80135 2.62894 -0.11829 119 65 0
1.23557 0.46598 -0.18759 73 251 221
-0.96591 1.11843 -0.02285 96 39 64
-1.40191 0.77838 0.03293 0 196 139
1.69726 2.31802 -0.32573 176 95 255
2.93797 1.54950 -0.38536 84 189 151
2.82430 1.81974 -0.38525 112 190 255
2.20754 2.00564 -0.34290 228 112 121
2.52403 1.59895 -0.36263 85 255 155
2.78527 0.15044 -0.29368 144 154 197
1.99142 0.20155 -0.24173 255 144 95
-0.13023 2.63859 -0.17987 42 101 4
0.45902 0.87509 -0.13862 158 118 151
1.05552 2.62776 -0.27803 99 143 12
2.24749 0.36260 -0.27637 161 245 180
1.07112 0.32236 -0.16148 28 94 26
-0.54059 3.06666 -0.16169 191 150 0
0.97843 2.84985 -0.28046 133 182 3
-1.36906 3.15166 -0.09080 37 144 27
-0.71186 1.12431 -0.04367 255 114 136
-1.29170 3.10219 -0.10527 6 163 5
1.69415 1.76642 -0.29559 102 164 93
2.38157 0.16782 -0.25825 16 57 145
0.56929 0.73821 -0.13275 184 168 148
-0.12672 1.76267 -0.12788 14 190 0
-0.49051 2.82056 -0.15303 191 175 74
0.45753 0.77688 -0.12460 161 160 184
0.71095 1.82637 -0.20957 255 255 212
-1.20389 0.81470 0.02194 3 189 0
2.70167 2.61652 -0.42616 0 182 168
-0.65773 2.84376 -0.14380 174 173 181
-0.00772 1.66273 -0.13625 77 254 72
1.32317 1.24174 -0.23849 77 100 255
2.47189 1.19453 -0.33130 17 24 35
-0.30389 0.65636 -0.05898 148 255 143
0.07941 0.37010 -0.07739 7 74 177
0.38394 0.36771 -0.10781 231 170 101
1.29009 1.34535 -0.23870 78 144 255
-0.52330 1.00603 -0.05717 255 159 215
1.97721 2.62019 -0.36734 185 173 126
0.11158 1.45166 -0.12597 0 65 11
-1.35962 1.25605 0.01137 0 0 143
1.35973 2.24450 -0.28831 0 0 28
1.39598 2.36169 -0.30038 0 17 0
2.40981 2.44087 -0.38888 146 187 174
-1.23378 0.39361 0.03829 92 120 255
0.18560 2.76885 -0.20046 0 175 91
2.36478 1.82391 -0.34570 154 200 109
-0.38322 1.39485 -0.09001 211 106 76
2.03141 0.43663 -0.24940 252 255 255
2.35004 0.55043 -0.29493 120 255 100
1.06492 0.17281 -0.14977 22 13 146
0.84505 1.89348 -0.21902 167 140 164
-0.26797 1.94866 -0.12681 169 242 74
0.78320 1.35012 -0.18755 173 35 55
-1.38524 2.46710 -0.06363 120 78 89
2.37010 1.70806 -0.34799 68 168 119
2.50018 2.24644 -0.39486 112 93 255
2.07845 2.91599 -0.39452 255 220 98
-1.20949 1.21077 0.00144 81 90 255
0.43867 1.38452 -0.17080 221 119 210
-1.39182 1.40779 -0.00295 7 0 189
-0.10202 2.28320 -0.16649 18 0 135
-1.29672 1.40602 -0.01399 0 0 140
1.12148 1.72334 -0.25074 128 255 137
-0.50012 2.89907 -0.16236 188 188 28
2.77329 2.48488 -0.42086 0 141 145
1.28641 2.86891 -0.31856 96 255 255
-0.69489 2.32315 -0.10633 173 0 65
-0.32802 0.64403 -0.05422 161 255 108
-0.10332 1.03598 -0.10551 0 48 0
-1.21859 1.68728 -0.02929 0 139 26
1.66995 0.52502 -0.21931 129 188 0
2.15380 0.80233 -0.29306 131 84 41
1.64510 0.04720 -0.19535 225 73 248
0.16317 1.06252 -0.10406 102 117 255
-1.18569 1.54924 -0.01892 82 146 76
2.59081 0.88456 -0.32848 0 19 0
0.27944 1.82199 -0.16894 129 255 244
2.51052 1.58964 -0.35073 92 255 170
0.53792 1.87464 -0.18954 251 244 96
2.36765 0.13405 -0.26689 23 43 176
-0.18846 1.80946 -0.13114 48 183 11
1.26931 0.92348 -0.19849 0 61 0
-0.99448 1.35998 -0.03749 161 80 80
-1.27478 1.84625 -0.03777 75 255 196
1.76134 2.67366 -0.34946 98 179 0
1.92458 1.16070 -0.28654 255 91 194
-0.09329 1.21065 -0.10558 90 74 182
0.55120 0.62594 -0.13031 255 255 255
-1.26740 2.91125 -0.09317 0 183 122
2.41488 0.16482 -0.27030 0 59 109
-0.82673 2.36330 -0.10463 117 0 155
2.20761 0.29502 -0.26180 181 208 255
2.03331 0.97012 -0.27528 255 89 142
2.69419 0.64805 -0.32407 7 146 73
0.02890 3.05363 -0.20726 92 232 106
0.92770 1.43827 -0.19083 212 177 97
-1.39417 1.52030 -0.00611 3 40 140
0.66431 0.16653 -0.11427 255 84 76
-0.80004 2.96397 -0.13372 195 255 255
-0.15122 1.64781 -0.12462 25 157 98
-1.06968 3.12894 -0.11298 88 232 212
-0.30825 1.32934 -0.09507 175 79 84
2.28319 -0.05932 -0.24161 128 74 144
0.12739 2.51811 -0.19759 70 133 222
-0.57886 0.74274 -0.04462 255 255 101
-1.19750 2.52886 -0.07623 77 90 214
1.61183 2.33956 -0.31584 136 99 242
-1.00600 0.47167 0.01918 179 179 106
-0.67378 1.29737 -0.05349 182 0 192
0.87544 0.31940 -0.14092 113 80 186
0.71075 0.39506 -0.13956 178 121 175
-0.38311 2.48397 -0.14187 241 95 255
0.29855 2.54821 -0.21302 114 149 246
2.84725 1.47433 -0.38421 43 178 25
1.96032 2.80243 -0.37029 171 176 188
-0.47002 2.49867 -0.13631 255 104 248
-1.10748 2.13483 -0.06468 95 173 81
1.93643 0.85533 -0.26764 188 66 9
0.92619 2.24613 -0.24205 231 73 152
0.65934 2.40864 -0.23809 181 23 0
1.52959 0.76328 -0.21563 143 211 124
0.80012 0.37738 -0.14265 145 104 190
-0.96792 2.20236 -0.07166 145 134 160
-0.95122 0.24979 0.02189 124 0 151
0.27156 0.56639 -0.10273 84 173 0
0.04145 2.91288 -0.20720 81 255 198
0.70247 0.58725 -0.14798 179 184 146
-1.13739 3.00653 -0.11047 77 255 78
1.96880 0.80327 -0.25698 188 90 9
1.78056 0.56883 -0.24297 251 255 189
-0.83572 0.21189 0.01488 255 75 159
-0.30419 2.87816 -0.17583 223 255 116
1.36234 2.34651 -0.29555 0 13 0
2.26720 1.90907 -0.35127 208 162 143
1.80091 0.47543 -0.22561 175 178 51
2.09114 2.57859 -0.37003 255 241 255
0.53757 2.93846 -0.25454 217 255 255
1.58170 0.52438 -0.21771 91 187 2
0.23986 0.61908 -0.10191 68 190 0
0.13522 1.29080 -0.14028 8 0 116
2.13867 2.67963 -0.37288 255 255 238
-0.55709 0.18921 -0.01268 247 78 134
2.98064 2.55389 -0.44058 154 254 156
0.31408 0.48455 -0.10125 190 225 93
-0.24817 2.29282 -0.14343 183 83 255
2.77590 1.86136 -0.38833 94 169 255
-0.53311 0.36969 -0.02363 238 138 255
1.22216 0.57005 -0.19458 80 255 255
1.46685 0.31318 -0.18987 122 190 255
1.90231 0.81981 -0.24724 255 172 153
-1.26944 0.88719 0.02069 0 164 0
1.96435 1.09860 -0.27558 255 74 183
2.01980 2.03301 -0.32435 255 108 255
0.67110 0.50206 -0.13074 255 250 255
1.90347 2.53280 -0.34918 245 214 85
-0.21311 0.60207 -0.06423 112 255 174
0.12148 2.93709 -0.21500 0 181 23
0.45500 0.26346 -0.11234 253 123 116
1.14466 1.41976 -0.22166 113 178 255
0.77203 1.08394 -0.17585 169 0 175
1.48035 0.52330 -0.19525 128 255 171
-0.13956 0.75511 -0.07613 2 183 176
-0.39412 1.30588 -0.09111 211 78 82
0.18185 2.65660 -0.20410 77 215 255
1.27707 0.16324 -0.17506 0 14 0
0.30531 0.52547 -0.10678 186 255 80
0.14364 1.30245 -0.12982 15 0 85
1.49239 2.12207 -0.28340 96 87 90
0.05375 1.49901 -0.12843 76 175 106
-0.71469 0.27713 0.00359 255 96 81
0.81682 1.51562 -0.20166 255 217 84
1.43129 2.65188 -0.31140 71 252 255
-1.09258 1.00209 -0.00769 35 109 177
-0.75885 3.04195 -0.13766 222 254 224
-1.33627 1.44147 -0.00498 0 11 148
-0.13954 0.88253 -0.08703 5 136 91
0.88875 2.50484 -0.26101 252 161 255
2.87842 1.03424 -0.36049 161 80 248
-0.08466 2.07653 -0.15681 101 173 255
1.81093 2.54356 -0.34097 215 217 82
0.55216 2.56857 -0.23485 144 92 0
2.03877 1.84324 -0.32378 255 212 236
0.69282 1.72945 -0.21086 182 188 28
-1.02009 3.02225 -0.12079 100 255 154
1.01134 2.11992 -0.24778 104 23 42
-1.21579 0.80004 0.01900 0 188 0
-0.33507 2.09206 -0.11879 214 168 79
1.43395 0.43960 -0.20195 111 251 255
0.16976 0.75274 -0.10481 117 255 77
1.00221 2.56178 -0.25960 213 190 193
-0.23314 2.03419 -0.13647 161 197 110
1.61718 0.75280 -0.22349 182 223 194
0.59156 2.99435 -0.26478 234 241 226
1.69939 0.37265 -0.21719 144 144 15
2.21152 0.39209 -0.26805 179 248 205
0.22627 2.88786 -0.22040 5 188 0
1.50591 1.45484 -0.25773 35 134 0
-1.05950 2.40249 -0.07956 17 0 160
0.67579 1.60801 -0.19687 188 168 0
0.91814 0.47868 -0.15607 94 162 38
-0.80276 2.99416 -0.13775 188 255 255
2.29452 0.00274 -0.24953 128 74 216
1.07509 2.26195 -0.26884 159 76 255
0.92713 2.76558 -0.28283 153 187 14
-0.05182 2.17873 -0.16495 97 108 253
-0.10582 1.33122 -0.10786 91 91 251
0.48139 2.70938 -0.22987 204 251 114
-0.81462 1.69414 -0.06305 229 238 155
-1.21403 0.97003 0.01192 0 133 54
1.92871 2.54182 -0.34695 175 134 23
-1.21696 0.26544 0.04451 11 0 91
0.77878 0.43010 -0.14439 152 141 183
2.76682 1.99847 -0.40422 2 13 138
2.40218 1.61618 -0.33480 134 255 252
2.07782 -0.00873 -0.24203 143 0 0
-1.10044 1.32134 -0.01749 116 78 111
2.91960 1.54974 -0.38529 79 191 135
0.28874 0.45127 -0.10407 181 210 129
1.75433 0.48052 -0.23560 165 176 15
2.45248 0.46540 -0.28569 6 182 39
1.01404 1.76423 -0.23204 173 255 197
-0.65754 0.65622 -0.02761 191 178 154
-0.96903 0.46241 0.00910 199 170 83
0.45259 1.25295 -0.15318 233 84 118
-0.21407 2.05556 -0.13861 146 181 135
-0.08227 0.83425 -0.08979 78 237 154
-0.73116 0.72532 -0.02279 187 190 155
-0.17765 1.58346 -0.12359 45 133 163
0.98989 0.61123 -0.16635 151 255 96
-1.00321 1.83154 -0.05778 57 186 134
0.36860 1.08523 -0.13992 199 95 148
1.09204 1.27867 -0.20708 38 12 30
1.28735 2.45059 -0.29633 4 59 0
2.48372 1.92732 -0.36820 24 51 33
2.45112 2.34876 -0.38837 133 140 228
1.94823 2.03825 -0.32944 184 16 191
0.48045 1.68868 -0.17835 149 182 78
-1.39979 0.56716 0.04995 0 125 168
-0.18987 0.25379 -0.04730 7 4 41
2.52593 0.78771 -0.30389 77 166 204
-0.93990 1.03818 -0.01469 114 83 111
-1.48522 0.98189 0.03057 111 218 139
2.04135 0.33617 -0.25142 252 227 245
2.59767 2.14871 -0.39159 80 71 238
0.98856 2.59404 -0.27324 215 206 176
-0.84558 2.60306 -0.11141 100 56 0
-0.50958 2.99957 -0.16325 188 180 0
1.47590 0.97496 -0.23411 111 107 233
-1.33292 2.65441 -0.08346 97 149 183
1.16807 2.03900 -0.27301 32 45 117
-0.58256 2.77180 -0.15167 186 154 180
1.54582 1.03467 -0.24456 54 0 184
1.41577 2.35556 -0.29541 0 27 4
2.47705 1.87936 -0.36110 19 84 4
0.73482 2.71810 -0.25395 255 255 255
0.86313 2.30834 -0.25741 255 69 126
-1.07522 2.96259 -0.12091 80 255 87
2.88118 1.23658 -0.36318 153 147 99
-0.01787 0.89563 -0.09090 78 203 75
-1.55685 1.11394 0.03050 144 145 103
1.34351 2.24627 -0.28864 0 0 38
0.61202 2.73019 -0.23936 247 255 244
2.53332 1.31814 -0.33885 85 179 255
-0.75334 2.82200 -0.12869 137 163 159
2.57440 1.35342 -0.34111 84 199 255
1.32405 2.91514 -0.31565 87 246 211
0.53255 0.96128 -0.14929 180 67 21
-0.58496 1.35485 -0.07082 179 2 115
-0.17954 1.39170 -0.11210 126 116 242
0.08464 1.04886 -0.12122 81 116 222
-0.52044 2.60219 -0.14172 255 154 255
-0.60945 0.13769 -0.01308 255 78 80
-0.21201 1.23402 -0.10155 122 75 105
0.16549 0.44146 -0.08357 31 118 162
0.45560 0.60897 -0.13311 247 255 212
2.34167 1.54322 -0.33655 75 187 179
-1.03317 1.54911 -0.03292 132 160 181
2.20876 1.95815 -0.33824 229 135 157
0.99755 2.11479 -0.25719 113 23 20
1.26283 2.16106 -0.27941 87 85 255
-0.16593 0.55412 -0.07157 97 243 175
-1.37059 1.92516 -0.02558 93 255 169
2.65056 1.92804 -0.38227 0 49 183
-0.34545 0.87063 -0.05824 91 144 173
-0.01040 0.19542 -0.05808 78 80 73
0.25975 1.51008 -0.14784 136 190 142
2.85535 1.79493 -0.38457 120 194 255
0.12262 0.41936 -0.07617 24 102 188
2.19926 -0.01270 -0.24045 88 0 34
1.11010 2.25060 -0.26841 148 80 255
1.55039 2.78643 -0.33513 96 255 98
1.33571 2.22304 -0.28474 0 0 48
2.71039 2.52232 -0.40799 0 154 133
1.90950 1.29892 -0.27585 184 59 185
1.84320 2.17849 -0.33601 246 73 255
-0.45034 2.24133 -0.13417 176 11 0
0.30677 1.55256 -0.16254 152 214 219
2.95389 2.62395 -0.44690 142 255 133
0.34094 1.30499 -0.14862 87 7 0
1.31391 2.88797 -0.31427 84 255 234
1.20547 0.30030 -0.18038 75 165 80
-0.49624 1.85563 -0.09531 255 255 255
-0.60898 2.81782 -0.13789 181 167 168
-0.76535 0.75656 -0.02234 255 255 241
1.08348 0.35291 -0.16345 105 190 93
-0.75443 1.50496 -0.06353 168 60 160
1.70246 2.41706 -0.33014 169 143 245
-1.13197 1.04245 -0.00598 21 87 186
1.65018 1.31093 -0.26647 99 51 0
2.48949 1.54727 -0.35714 102 255 232
-1.18747 2.72253 -0.08765 79 190 255
1.22513 0.74175 -0.19383 0 158 143
-1.60466 0.48775 0.06841 58 72 0
0.39488 1.79548 -0.17608 100 185 74
-0.91119 3.01633 -0.12518 140 255 249
0.03685 2.67980 -0.19400 79 218 254
2.70481 2.84570 -0.43447 0 145 100
-1.39401 2.98050 -0.08406 44 190 170
-0.19670 2.37744 -0.15289 70 0 154
2.64617 1.61890 -0.36964 76 255 75
0.16864 2.60689 -0.19430 78 190 255
0.12912 2.68798 -0.19893 0 143 184
1.45714 1.68016 -0.27294 9 192 107
1.42490 2.35088 -0.30402 0 22 11
-0.35339 2.28606 -0.13616 229 83 200
-0.49080 2.86754 -0.14359 185 185 35
1.82108 1.48082 -0.28284 246 234 255
0.23784 2.68840 -0.21115 11 142 110
-0.96791 0.60711 -0.00358 199 251 108
-0.71619 0.84346 -0.02481 255 255 138
-1.18240 0.44244 0.03816 102 150 255
2.42573 1.64667 -0.34590 115 255 203
-0.08308 1.80609 -0.14420 10 187 2
-0.67749 1.60410 -0.07693 255 205 105
1.48000 1.77221 -0.27121 5 174 164
1.84402 0.70240 -0.24947 255 236 255
1.64321 1.24503 -0.25204 92 18 0
-0.19995 3.02346 -0.19226 183 253 255
0.83405 2.51658 -0.25784 255 166 255
-1.41004 1.74685 -0.01816 99 248 85
0.66772 0.97236 -0.15121 186 49 13
0.01194 0.32625 -0.06365 0 46 88
-1.06278 1.40124 -0.03279 123 88 76
0.00092 0.59875 -0.08267 0 181 174
1.94381 2.47894 -0.34518 255 184 86
1.27220 2.46630 -0.29703 7 60 0
-1.24068 1.65896 -0.02468 0 123 3
-0.97506 0.77985 -0.00959 102 191 143
-0.98403 1.76185 -0.05016 64 176 159
0.07975 1.19028 -0.11670 0 0 192
2.93045 2.47085 -0.43469 140 224 255
2.30143 1.03817 -0.30505 155 79 210
-0.62714 2.87990 -0.14617 172 182 155
1.04929 2.50094 -0.28068 177 169 177
2.44450 2.45893 -0.39720 140 197 133
1.93216 0.19039 -0.23674 255 142 74
0.02660 0.23445 -0.06472 85 95 115
-0.25171 2.65630 -0.16626 105 109 0
-1.13082 2.80808 -0.10459 78 233 166
-0.32814 0.10639 -0.03465 58 0 178
-0.94474 1.52071 -0.05309 172 144 238
-0.25107 1.50944 -0.10360 73 79 168
-0.86474 1.81752 -0.06667 124 191 11
-0.00422 3.06225 -0.20858 93 225 113
0.93178 2.14619 -0.24016 142 9 0
-0.22551 0.38279 -0.05281 105 155 82
0.47730 0.16928 -0.09342 173 2 98
-1.07125 2.34739 -0.07288 101 82 191
0.44562 2.61944 -0.22138 92 115 0
-0.31059 1.37519 -0.08682 177 97 108
-0.04398 0.43678 -0.06492 0 98 112
2.06364 1.23508 -0.29164 255 118 255
0.86724 0.25794 -0.13819 112 43 183
0.22068 0.32965 -0.08694 64 65 173
-0.51429 1.49674 -0.07916 178 62 0
0.54582 2.86452 -0.24900 222 255 255
-0.93545 2.82066 -0.11904 138 251 95
-0.80305 1.05216 -0.02493 249 151 84
2.06245 1.64683 -0.31934 180 188 25
0.09794 2.44942 -0.17911 78 101 135
0.04830 3.01491 -0.21152 82 246 113
2.71545 2.38887 -0.41965 74 174 101
1.25497 1.57537 -0.22734 0 167 55
1.12621 1.45924 -0.22692 119 195 255
-1.18012 2.89107 -0.09281 0 177 53
0.62524 1.12588 -0.16848 255 86 176
1.95822 1.00933 -0.27469 255 83 114
2.71499 1.84402 -0.38740 0 92 170
2.76627 1.71806 -0.37591 90 241 214
0.27661 2.77968 -0.21230 20 174 5
0.81916 2.88243 -0.27426 255 255 98
-0.32851 1.20976 -0.08719 179 80 97
0.36298 0.61775 -0.11989 203 255 109
-0.14737 1.17816 -0.09990 101 77 113
-1.37141 2.92200 -0.07985 33 181 173
1.89335 2.11650 -0.32819 176 0 192
2.20057 1.75676 -0.33101 231 250 255
0.87379 1.45759 -0.20549 228 185 88
2.16154 0.37783 -0.24999 210 248 249
-0.67190 1.65147 -0.07616 255 227 82
1.98988 0.31753 -0.24422 255 215 191
-1.57216 0.50853 0.06157 42 79 0
1.95969 1.12482 -0.28277 255 84 198
-0.64431 2.52748 -0.12533 255 110 119
1.32337 2.40651 -0.28344 0 32 0
-0.64389 1.25804 -0.06641 194 0 194
1.37763 2.24806 -0.28842 0 0 10
1.11971 1.17314 -0.21394 28 0 5
0.73842 0.49280 -0.14108 172 161 172
-0.88686 3.02052 -0.12667 151 255 255
2.16000 0.92169 -0.29280 224 107 226
0.13586 1.57935 -0.14995 87 219 95
2.01829 1.40485 -0.29717 185 126 71
-0.44217 0.26596 -0.02589 114 9 186
2.60677 2.50111 -0.40965 0 139 21
0.87696 1.37243 -0.19825 146 55 0
-0.98405 1.54417 -0.05004 156 163 224
-0.72518 0.35856 -0.01022 186 37 33
-0.36549 2.19881 -0.13215 226 114 121
2.53640 0.97624 -0.31318 0 0 0
1.74165 2.45259 -0.33945 190 165 185
0.93394 1.89867 -0.23434 127 140 80
0.24600 2.06462 -0.17043 25 74 8
-0.64530 2.97540 -0.14192 171 186 96
1.20406 1.04089 -0.20677 79 82 75
1.48104 1.15385 -0.23569 104 80 255
2.59704 2.37248 -0.40310 85 158 79
1.25419 1.48812 -0.24083 0 141 121
-0.40849 2.66733 -0.15799 255 190 208
0.42851 2.43987 -0.22043 92 18 131
-1.03120 2.91785 -0.10584 98 255 88
-0.37885 0.39536 -0.03171 172 150 190
-0.51796 3.03115 -0.16900 187 170 0
-1.48366 1.62477 -0.00423 128 176 234
2.19490 2.06440 -0.34939 239 97 93
-0.66043 2.35222 -0.11663 255 78 95
-0.40189 1.26761 -0.07843 213 74 106
1.11089 1.61214 -0.23593 127 255 248
1.28920 1.49566 -0.24323 0 136 80
0.34570 2.85984 -0.23088 43 188 12
-0.09741 0.71993 -0.09090 0 187 180
-0.65330 1.32570 -0.06062 185 0 185
0.62076 2.87635 -0.24825 250 255 255
0.76225 0.85719 -0.16611 255 190 97
0.53247 1.65423 -0.18496 165 180 52
0.68940 0.66890 -0.13811 255 255 187
0.04939 1.04029 -0.10895 77 130 162
-1.45043 1.89738 -0.02380 125 255 89
1.14860 0.52016 -0.17062 89 255 162
2.77594 0.40829 -0.31067 129 255 252
1.38940 1.02158 -0.22542 94 96 198
-0.44653 0.19702 -0.01612 118 0 155
1.22811 2.45780 -0.28743 14 59 0
-0.48208 0.65488 -0.03782 230 255 86
0.94486 2.65620 -0.27917 153 157 85
2.69881 1.29614 -0.35195 88 175 229
-0.76952 2.84624 -0.13408 225 255 251
0.47537 1.31669 -0.15737 237 97 184
-1.44042 2.16303 -0.04541 43 91 177
2.67853 2.00391 -0.38309 0 15 180
2.67788 -0.06811 -0.28178 16 0 54
0.54860 1.86151 -0.20005 251 255 94
1.89032 0.33418 -0.23721 255 225 121
-0.26792 1.40765 -0.09701 157 120 175
2.90354 2.44039 -0.43363 40 124 187
2.82869 1.44728 -0.36087 33 172 0
0.97922 0.74796 -0.18035 158 244 198
-0.44433 0.99190 -0.06249 130 92 177
2.21854 1.16606 -0.30794 198 91 178
-0.21158 1.44584 -0.09494 136 133 247
0.15018 2.76799 -0.20624 0 169 140
2.11906 1.53235 -0.31561 168 179 3
1.86318 0.46270 -0.23581 192 182 97
-0.94304 2.61665 -0.11171 55 60 53
-1.37961 1.51241 -0.01064 0 38 132
0.87586 1.73088 -0.22424 243 255 255
-0.41100 0.84084 -0.05974 117 163 107
2.57007 2.48895 -0.40687 90 210 76
2.41314 2.82745 -0.40282 160 248 183
2.51838 1.29801 -0.33558 88 158 253
2.06142 2.27302 -0.34820 187 1 0
2.51082 2.42703 -0.40082 108 189 100
0.87605 2.66481 -0.25419 178 155 139
1.71183 2.47537 -0.32938 174 171 209
2.10798 0.25185 -0.24763 226 172 234
1.46451 0.22719 -0.19464 42 55 144
-1.11329 0.34090 0.02672 49 12 185
-1.28663 2.72851 -0.08367 89 185 255
1.18301 1.07998 -0.20893 85 77 81
0.68297 0.58672 -0.14482 255 255 252
-0.68843 0.84581 -0.03705 255 255 110
-1.35962 1.15363 -0.00137 84 115 171
-1.31476 2.05750 -0.04037 0 144 189
-0.67211 2.34236 -0.11255 255 79 106
-0.93968 0.15034 0.02345 135 0 182
2.63591 -0.09496 -0.27607 91 76 205
2.60077 2.54406 -0.41049 3 158 26
-1.45604 0.95657 0.02196 98 232 132
1.65437 0.88245 -0.24383 205 143 255
2.28784 1.84322 -0.34342 190 198 173
2.43696 0.79646 -0.30701 94 152 245
1.01799 1.74477 -0.23528 176 255 222
0.11674 0.84013 -0.11142 95 226 88
1.49657 0.80467 -0.22544 36 111 36
-0.89871 2.24635 -0.08312 173 115 248
2.72026 2.40172 -0.41376 72 176 125
1.73304 2.74676 -0.34173 88 191 1
-0.33808 2.05587 -0.13580 213 188 79
-0.50337 2.34940 -0.13541 255 73 108
2.81061 2.04441 -0.39420 101 88 135
-0.99039 1.63747 -0.05521 68 120 181
1.42871 2.09310 -0.28715 80 102 168
0.49491 1.67112 -0.17988 146 186 79
1.19829 2.31708 -0.27987 115 84 215
-0.79262 2.71433 -0.11760 123 122 41
1.49765 0.07471 -0.17894 146 79 123
2.05800 2.24025 -0.34748 185 0 0
1.72139 0.27054 -0.22018 160 90 58
-0.74922 1.76690 -0.08185 250 255 69
0.71745 1.38921 -0.19712 255 141 175
-1.15669 1.47848 -0.03332 89 116 74
-0.16090 0.80132 -0.07461 9 171 169
0.33891 1.23593 -0.14446 178 76 77
-1.30597 0.99923 0.01200 77 201 98
0.30659 1.61441 -0.16222 149 242 255
2.04638 2.60248 -0.36713 255 251 255
1.12211 2.28140 -0.26681 139 81 255
-1.14079 0.21250 0.04547 36 0 137
1.78795 2.38960 -0.33196 216 132 200
1.57691 1.28044 -0.26227 61 31 9
-0.78267 1.55521 -0.06543 242 170 233
1.33167 2.38405 -0.29073 0 28 0
-1.19857 1.07277 0.00044 0 75 156
0.33749 1.25404 -0.13876 176 80 75
-1.40042 1.25422 0.00509 6 0 128
-0.03322 1.34954 -0.11955 0 15 193
1.42406 0.17255 -0.18314 110 113 151
0.92225 2.41884 -0.25605 235 117 255
-1.39439 1.99358 -0.03782 15 173 106
0.36723 2.50740 -0.21956 146 138 219
-0.24048 2.22329 -0.14945 167 97 246
2.67140 1.87813 -0.39102 0 73 173
-1.15477 0.46055 0.03319 122 155 244
0.49414 1.24188 -0.16358 247 80 147
2.74891 2.41473 -0.42120 80 187 156
0.81699 2.54470 -0.26012 181 93 171
-1.30963 0.88550 0.01066 71 250 84
0.44365 0.17475 -0.09922 168 0 114
2.12448 1.89861 -0.33629 255 168 255
2.48821 2.09578 -0.37637 24 0 157
0.38388 0.15737 -0.08975 145 1 179
2.37775 2.51722 -0.38687 170 220 163
-0.86377 2.71037 -0.11182 94 109 0
0.22064 2.42298 -0.19411 89 95 229
1.87297 2.03176 -0.32400 168 36 152
1.56874 0.97018 -0.23559 73 16 186
-1.19886 0.62109 0.02062 93 244 174
2.48584 0.73586 -0.31678 88 191 255
0.75127 2.56539 -0.24061 189 95 150
0.92912 1.72389 -0.22080 213 255 255
1.46855 0.19902 -0.18462 47 43 127
2.77069 2.08532 -0.40297 90 74 120
2.35588 2.51872 -0.38375 183 224 175
-0.75466 1.64364 -0.06869 251 219 149
0.26393 1.35218 -0.14576 48 20 0
-0.99828 1.65987 -0.04657 60 137 186
2.76486 0.84010 -0.33224 34 37 37
2.79652 0.85717 -0.34436 40 29 67
0.67467 0.32911 -0.12342 178 77 103
-1.11688 2.21940 -0.06327 87 132 78
1.23017 2.11053 -0.27531 96 101 255
2.38209 0.34407 -0.27863 20 157 7
-1.39244 0.39230 0.05280 0 33 36
-1.01208 0.36717 0.01832 187 120 189
0.06177 0.15581 -0.05992 92 78 91
-0.77646 1.60091 -0.06850 246 202 188
2.80446 0.48084 -0.32270 48 192 82
1.62105 0.33979 -0.20018 115 126 103
-0.34121 0.80137 -0.05566 92 173 137
-0.16888 0.17895 -0.05113 7 0 84
-1.55772 0.65282 0.05326 39 160 97
-1.08732 0.73228 0.00915 137 255 89
-1.10363 2.42255 -0.07908 0 0 110
1.07275 0.51830 -0.17148 31 182 9
1.63245 1.28282 -0.26019 93 35 0
-0.91150 1.86719 -0.06715 97 185 22
1.55175 0.35914 -0.20527 76 137 151
-1.04322 3.07140 -0.11627 98 255 182
-1.28601 2.71454 -0.08121 78 178 255
2.71072 0.14090 -0.28811 108 137 114
-1.04395 0.47917 0.01304 164 176 132
0.16794 2.89580 -0.21826 0 186 15
-1.37452 0.38189 0.03901 0 20 54
-1.50116 1.17140 0.01364 119 112 84
1.89940 1.73914 -0.30401 176 174 0
2.18744 2.19568 -0.35180 162 0 0
0.00666 0.37674 -0.07299 0 75 122
2.39634 0.53305 -0.28955 105 255 130
0.40175 2.07064 -0.19105 178 150 113
-0.35331 0.77590 -0.06226 90 178 107
-0.97037 1.17108 -0.03222 182 100 109
-1.04617 1.18614 -0.02833 136 98 170
-0.79875 2.21035 -0.09456 137 37 188
1.84170 1.38848 -0.29030 255 185 255
0.87899 2.15872 -0.23639 159 8 0
1.03492 0.63857 -0.17635 140 255 155
0.60629 0.96236 -0.14864 188 52 0
2.23221 2.76963 -0.38374 244 255 103
-0.33407 0.24117 -0.02668 61 1 169
2.14164 1.19526 -0.29881 231 99 225
0.82415 2.07956 -0.22943 175 46 54
2.20910 1.46972 -0.32769 128 156 27
-1.19575 0.99769 0.00609 2 112 113
0.71481 1.46153 -0.19189 185 103 41
2.11515 2.80410 -0.38751 255 255 159
-1.08165 1.27534 -0.02618 115 79 141
2.67384 -0.07500 -0.27990 15 0 47
2.31718 1.87293 -0.34809 176 175 124
-0.17761 2.50724 -0.16018 67 32 30
-0.34622 1.24385 -0.09199 189 75 85
0.54180 2.55891 -0.23249 141 86 0
-1.14066 0.91775 0.01072 20 159 85
2.77047 2.42546 -0.41950 82 192 190
1.52682 2.67563 -0.32819 91 255 219
0.10443 1.04453 -0.11859 86 119 228
0.24480 0.46175 -0.10209 70 137 74
2.37590 1.72280 -0.35328 59 164 106
-1.51679 1.01204 0.03306 123 201 125
-0.95833 0.38641 0.01650 207 125 129
-0.42937 2.46577 -0.13799 254 88 252
-0.34529 1.44438 -0.09204 204 123 119
-0.13577 2.95356 -0.19522 151 255 255
2.35959 2.31843 -0.37436 89 29 190
-0.76209 0.70902 -0.02623 175 188 184
2.08217 2.53000 -0.36342 255 217 235
0.19189 1.78099 -0.15979 103 255 255
0.08396 0.30316 -0.06513 13 39 133
2.12495 1.12424 -0.28966 238 79 255
1.41711 1.75037 -0.26203 0 179 119
2.13909 2.34146 -0.35444 178 24 46
0.73034 2.24751 -0.23730 185 0 7
0.10932 2.71043 -0.19654 0 147 186
1.37757 2.43757 -0.30537 0 56 27
2.39137 0.81352 -0.30935 110 151 255
1.31514 0.73195 -0.20269 0 155 70
1.31038 2.16322 -0.28230 83 79 224
1.91316 1.89770 -0.32661 180 98 85
-1.34260 2.29118 -0.05996 7 23 81
-0.70745 1.08054 -0.03852 255 128 112
-0.39945 2.51685 -0.15050 245 118 255
0.96821 1.87960 -0.22978 119 147 70
1.52712 2.40088 -0.32126 14 41 135
2.36476 0.26714 -0.26726 19 112 73
1.48305 0.41046 -0.20025 48 154 170
2.20806 2.59897 -0.38532 244 255 237
0.02558 0.19934 -0.06542 83 79 90
0.45834 1.46483 -0.16505 141 87 183
-1.42088 1.44035 -0.00584 15 3 193
2.09055 1.20566 -0.28494 255 102 255
-1.32263 1.86543 -0.02658 83 255 168
1.00386 1.34094 -0.20796 80 40 13
2.53656 2.41366 -0.39962 101 175 97
2.63604 2.79761 -0.42639 0 171 185
-0.98384 0.42172 0.01963 190 146 124
0.27783 2.36241 -0.19446 117 76 231
0.05518 1.18313 -0.12210 0 0 188
1.30219 2.21043 -0.27571 0 0 102
0.67356 2.62183 -0.24224 255 214 218
-0.87644 0.46262 0.00291 154 90 0
-0.32738 1.61429 -0.10683 107 136 183
0.66718 2.50228 -0.23674 183 58 21
0.53996 0.91263 -0.14527 173 84 36
2.38333 2.36724 -0.37852 76 60 167
-0.48881 1.65509 -0.09102 255 230 154
2.59499 0.84721 -0.32501 77 125 88
0.99238 1.57095 -0.22631 184 247 254
2.58506 1.57693 -0.35990 80 255 114
2.52996 1.36603 -0.34580 82 205 255
1.58085 1.12374 -0.25119 70 0 119
0.15334 1.39533 -0.14541 4 34 23
1.11152 0.68022 -0.17399 18 179 168
1.44950 2.26303 -0.28965 0 0 0
-0.30843 2.97695 -0.17473 224 255 180
0.00350 1.11771 -0.11503 0 6 113
0.18902 0.88472 -0.11565 121 208 173
1.50306 2.26211 -0.30271 6 0 9
-1.38039 1.41013 -0.01072 0 0 184
1.79614 0.59298 -0.24183 255 255 227
0.28117 0.30354 -0.09062 187 132 240
-0.42673 2.12159 -0.12925 161 76 0
-0.67033 2.65714 -0.13358 255 170 191
2.28824 2.55162 -0.38134 221 233 219
1.76923 2.79718 -0.34269 95 184 67
-0.80892 1.50178 -0.05578 147 59 194
1.47864 2.09687 -0.29731 90 100 117
-0.57946 0.54275 -0.02753 177 142 168
1.79732 0.95108 -0.25785 162 21 65
0.65023 1.62700 -0.19625 193 177 0
0.93406 1.03703 -0.18161 105 12 165
2.53366 2.85864 -0.42068 25 145 188
-0.96719 2.13446 -0.07678 145 169 104
1.69640 1.52968 -0.27927 198 249 255
0.86146 1.05364 -0.17052 136 6 187
-1.01517 0.88895 -0.00718 71 158 175
0.92655 0.66825 -0.17168 178 255 100
1.67914 1.14991 -0.26105 119 0 11
-0.19242 1.91223 -0.12725 138 253 73
-0.49887 0.19944 -0.01009 142 0 119
0.44037 2.95356 -0.24904 88 174 161
2.05710 0.05515 -0.23492 151 0 0
0.82324 1.71634 -0.21152 254 255 227
-0.67273 1.35888 -0.06027 188 2 178
-1.46183 0.74898 0.04630 8 189 186
2.65356 2.28579 -0.39431 73 110 94
-0.69134 1.98790 -0.09075 178 151 161
-0.69052 0.14726 0.00978 255 79 105
2.67871 1.70403 -0.37787 0 167 29
-0.95837 1.35608 -0.02775 179 79 102
1.91248 0.05525 -0.22094 189 0 55
-0.99855 2.76515 -0.10197 108 221 90
1.77336 2.52099 -0.33429 195 205 116
2.57897 1.70087 -0.36563 0 167 0
0.15615 2.04066 -0.16915 4 93 103
1.09923 1.44801 -0.22080 130 187 255
1.35548 0.70890 -0.20898 0 156 44
2.28976 0.32237 -0.26700 50 138 100
2.55271 2.68305 -0.41478 19 189 98
2.30053 0.41572 -0.27808 55 180 9
-0.92200 1.46366 -0.04998 192 117 212
2.13376 2.73221 -0.38492 255 255 211
1.30467 1.21172 -0.22139 75 85 251
1.75166 0.02145 -0.20138 255 73 255
-1.34906 1.43122 -0.00266 0 1 168
-1.43805 1.20448 0.02025 20 15 42
2.43182 0.60581 -0.28907 94 255 220
-0.55772 2.51175 -0.12952 255 107 185
0.34512 2.37629 -0.20812 145 88 255
-1.15511 2.08433 -0.05629 84 208 148
2.59991 0.36499 -0.30279 0 165 94
-0.04784 0.62081 -0.09066 0 185 188
0.49051 0.91673 -0.14120 166 95 90
-1.48236 1.70253 -0.00917 127 223 171
1.33429 0.96230 -0.21134 0 32 8
0.48930 0.98856 -0.13648 163 47 23
0.39463 1.66845 -0.17588 113 175 158
0.42672 0.05497 -0.09007 164 0 195
2.41329 1.76852 -0.35243 39 146 34
1.03991 1.96618 -0.24503 88 92 0
2.44451 1.75462 -0.35641 35 160 24
0.37339 1.63614 -0.16738 93 171 188
-1.24152 1.39336 -0.00425 74 83 187
-1.48779 0.40647 0.06113 9 28 0
0.31917 2.57056 -0.22144 121 174 208
1.24265 0.24738 -0.17855 77 135 71
1.52734 1.35661 -0.25486 41 76 0
2.70100 1.18954 -0.34008 1 32 184
-0.86111 0.21276 0.00530 243 77 179
-0.05547 2.76724 -0.18975 107 253 243
1.35942 0.34673 -0.18777 90 200 221
-0.77579 1.39261 -0.05392 170 8 189
0.29474 1.76122 -0.17578 134 255 255
-0.29833 0.58305 -0.05428 147 254 98
-1.38563 1.41507 -0.00250 1 0 194
2.60590 2.60196 -0.40645 4 181 77
0.32316 1.23541 -0.14506 89 0 0
-1.08199 1.24557 -0.02198 122 81 155
0.08242 2.05987 -0.16580 0 83 142
2.28775 1.92799 -0.35794 192 150 108
-1.06982 0.25818 0.02526 71 0 189
-1.61442 0.58254 0.06249 76 122 8
0.16293 1.85180 -0.16995 92 255 255
0.95050 1.46138 -0.20571 197 191 136
2.81610 1.28320 -0.36730 35 81 52
-0.98918 1.44849 -0.03993 159 104 146
1.32158 2.67083 -0.30489 87 255 240
0.47217 0.91331 -0.14125 157 90 94
-1.37866 1.19842 0.01428 0 12 100
-0.34662 2.51581 -0.15746 137 32 169
0.87037 1.54465 -0.21344 236 237 125
-0.56081 2.56277 -0.13712 255 135 230
-0.08496 3.07947 -0.20240 129 221 186
1.05663 1.18383 -0.20636 54 0 0
1.63631 1.56752 -0.27337 165 255 243
-1.08650 2.14500 -0.06816 101 167 76
2.93249 2.26753 -0.42481 56 24 110
2.93938 2.49040 -0.42796 134 232 255
1.60959 1.71905 -0.28164 151 255 255
-0.98522 1.82940 -0.05892 57 190 118
0.11068 2.42644 -0.19041 73 87 139
-0.26703 2.02327 -0.13358 177 203 88
-0.74278 0.54550 -0.00894 189 137 166
0.39873 2.40014 -0.20834 168 89 255
0.58559 0.77466 -0.14261 187 157 105
-0.42669 2.80102 -0.15005 176 169 33
0.58211 2.64587 -0.23051 241 224 144
1.00233 1.20849 -0.20469 76 0 3
1.43520 1.40278 -0.24507 6 91 32
-0.41988 0.23679 -0.03069 102 0 185
0.41014 2.82359 -0.24085 69 183 43
1.96361 0.70442 -0.25988 187 145 97
-1.12747 2.16285 -0.06846 93 158 88
1.26489 1.14160 -0.21859 73 75 170
0.05341 0.32897 -0.07434 0 48 129
2.50250 2.46673 -0.39884 113 204 97
2.47230 1.24092 -0.34163 7 36 73
-0.72876 2.52378 -0.12020 241 101 81
0.07015 2.44662 -0.18163 75 98 118
1.75920 2.87521 -0.35493 100 169 130
0.49776 2.62328 -0.22114 119 117 0
-1.03244 2.93490 -0.11595 97 255 93
1.42310 0.46883 -0.19744 109 255 248
-0.00081 0.54212 -0.07458 0 162 189
1.53195 1.58126 -0.25712 38 179 88
0.60770 2.50157 -0.23662 165 64 0
0.21146 1.76035 -0.15879 99 255 255
-0.59261 0.46623 -0.02932 176 104 192
1.95392 2.68972 -0.36645 183 193 164
-0.07558 3.06087 -0.20576 118 227 179
1.03433 1.30161 -0.20848 73 24 13
0.48148 0.87364 -0.14194 164 109 118
-0.61704 1.90706 -0.10192 255 255 236
-1.45722 1.00706 0.02369 103 204 102
-0.28217 1.11551 -0.08229 156 95 111
0.82572 2.01309 -0.23637 173 73 87
-0.78320 2.31313 -0.11547 139 0 150
-0.41001 2.28393 -0.13071 158 0 63
1.74157 1.84049 -0.29945 122 134 15
-0.10507 1.82484 -0.13549 20 188 0
0.22418 1.56956 -0.15183 120 215 142
-1.24698 2.53081 -0.07062 78 89 160
2.95933 1.93705 -0.40561 162 120 92
0.67939 2.95322 -0.26636 255 254 175
0.93367 1.95916 -0.22783 138 107 47
-0.95283 1.52261 -0.04988 174 149 238
0.08984 1.77195 -0.15742 76 255 201
-0.27261 2.33422 -0.14777 105 0 181
2.99544 2.76756 -0.45340 153 254 86
-1.27709 3.13586 -0.10095 2 153 0
1.53774 1.19376 -0.24278 50 2 99
-0.96128 2.76983 -0.11026 129 230 79
0.57341 2.24118 -0.21117 161 0 143
-0.04750 1.75902 -0.13361 1 193 0
1.77275 0.14639 -0.21236 174 26 111
2.83724 0.10415 -0.30229 173 128 200
-1.41709 3.03209 -0.09256 54 188 145
-0.95092 1.47042 -0.04681 168 115 183
1.28742 0.79038 -0.20702 0 120 41
1.25543 1.42830 -0.23492 0 101 167
1.63995 2.60500 -0.32008 50 150 79
-1.51272 0.99737 0.03478 122 207 147
-0.48193 2.15187 -0.11530 182 54 16
-1.17738 3.04193 -0.11266 0 177 0
2.45232 0.86204 -0.31657 84 127 201
1.68358 -0.01232 -0.19388 239 75 237
2.15265 0.78197 -0.28228 135 94 22
-1.08473 2.28846 -0.07231 95 96 123
2.06325 0.16291 -0.22822 238 131 139
2.66840 1.05172 -0.33662 0 0 108
-0.10291 2.13844 -0.15212 110 130 255
2.03525 0.96386 -0.28365 255 91 151
-1.23961 3.03926 -0.10426 0 185 6
1.58737 2.13566 -0.30652 130 86 80
2.45884 2.88554 -0.41543 57 138 160
-1.17593 2.49069 -0.07761 0 2 114
1.78397 1.05987 -0.26474 160 0 0
-0.67742 3.04912 -0.15555 155 170 72
2.26123 2.59815 -0.37572 235 255 216
0.56162 2.73211 -0.25010 229 255 193
-0.67962 1.32053 -0.06587 186 0 191
2.30020 0.70170 -0.28955 150 217 182
1.10620 0.74368 -0.19401 20 147 189
1.31529 2.20203 -0.28743 0 0 89
0.41938 3.01770 -0.24997 76 147 179
0.25593 1.87694 -0.16789 36 163 128
1.96905 2.22766 -0.34443 255 74 157
1.17308 1.63958 -0.23437 14 182 76
0.31474 0.88625 -0.12514 176 197 255
2.62917 0.51026 -0.30386 84 255 255
-1.43604 1.98052 -0.03474 123 255 131
-0.55463 2.56959 -0.13991 255 126 231
-1.11390 1.89073 -0.05783 14 187 173
-1.32814 1.38886 -0.00281 0 0 172
1.63402 0.13498 -0.20103 213 105 255
2.22645 1.47248 -0.32049 126 158 31
1.11172 2.85453 -0.30567 84 180 117
1.26981 2.56711 -0.30639 5 120 29
1.19130 2.07542 -0.26156 23 29 157
1.30340 -0.00654 -0.16749 0 0 65
1.36387 0.85613 -0.21174 1 85 0
-1.01987 1.69515 -0.04519 52 159 187
2.50332 1.06346 -0.32145 0 0 0
-0.01224 2.91955 -0.21075 98 255 235
2.49689 2.00110 -0.37678 24 24 100
1.46608 2.87468 -0.31956 77 255 122
-0.42162 1.14912 -0.07679 220 93 221
2.01417 1.57082 -0.30445 190 186 0
0.06006 1.89904 -0.15458 0 164 170
-1.15872 0.47200 0.02582 112 170 243
-0.20883 1.78893 -0.12432 54 190 43
-0.75987 0.57293 -0.02115 185 155 164
0.66486 0.84940 -0.16245 191 117 0
-1.00971 1.33810 -0.02800 151 78 81
2.08805 1.17281 -0.29900 253 96 255
2.25319 0.97239 -0.29387 187 84 255
-0.57241 0.42930 -0.01670 175 84 189
1.26255 2.31682 -0.28645 8 0 63
-1.17947 0.81023 0.01728 10 185 0
1.15254 1.91484 -0.26562 36 122 7
-1.11573 1.59922 -0.03078 13 92 55
2.86236 2.42375 -0.43152 28 106 172
2.60438 0.14946 -0.29341 0 58 0
-0.43697 0.27113 -0.02010 119 11 192
-0.55816 2.11136 -0.10969 182 81 97
1.23010 1.03181 -0.22031 80 96 79
2.41833 1.54871 -0.33975 120 255 255
-1.06663 2.53779 -0.09429 3 15 192
2.15971 1.44355 -0.31583 154 143 0
-0.94929 2.17634 -0.07856 154 151 157
1.95430 2.60229 -0.36325 179 162 84
-0.48041 1.93069 -0.10831 174 172 165
2.00716 2.74495 -0.38414 190 191 185
2.60766 1.85358 -0.36926 0 95 86
2.82046 1.35041 -0.36602 39 125 0
2.59196 2.83894 -0.42080 4 156 182
0.37085 0.72958 -0.11999 127 178 145
-0.57217 0.17746 -0.01440 251 76 117
-0.71435 2.36495 -0.11350 249 78 134
-0.02764 1.38983 -0.12277 0 28 172
2.66788 2.59931 -0.42297 0 180 141
2.51093 0.01672 -0.26703 77 88 229
2.73727 2.63851 -0.43008 0 190 186
1.11649 1.95160 -0.25121 50 103 6
2.70391 0.51840 -0.31648 16 185 154
-1.52417 0.57822 0.05123 28 124 67
1.95559 0.15604 -0.22953 255 118 73
1.56837 0.87526 -0.23778 157 156 241
0.57493 0.64486 -0.12266 190 190 195
-1.58026 0.70683 0.04483 64 173 113
-1.46140 1.83462 -0.02517 126 255 73
-0.78013 0.60862 -0.01960 178 159 170
0.77522 3.00838 -0.27849 255 225 72
-0.54943 1.96040 -0.10629 183 153 183
1.98067 2.20767 -0.32992 255 78 162
1.43253 2.34223 -0.30198 0 9 5
-0.40188 2.76894 -0.15305 166 159 32
2.54595 2.80576 -0.41284 23 165 176
1.52246 0.91717 -0.23286 137 133 237
1.40600 2.32023 -0.29750 0 4 0
2.48328 1.81967 -0.37090 13 118 0
0.76017 0.03540 -0.10871 232 72 80
-0.79705 2.42019 -0.10583 129 0 78
-0.58936 0.29857 -0.01137 254 99 204
2.07023 0.59125 -0.26316 161 185 81
-1.55946 1.12102 0.02925 137 147 100
1.32978 2.77132 -0.30908 83 255 255
0.39636 1.67401 -0.17291 104 178 169
2.02432 2.47308 -0.36510 193 100 51
-0.16166 0.76507 -0.07845 11 183 178
1.63349 1.31891 -0.26201 86 54 0
0.47933 1.99541 -0.19841 216 185 130
0.72858 2.24015 -0.23106 190 0 9
0.38411 0.28293 -0.09927 230 124 172
0.83439 0.72301 -0.15260 229 255 78
2.14491 0.71584 -0.28216 138 132 0
2.39210 2.30448 -0.37978 70 25 189
1.05700 2.99606 -0.30403 107 134 169
0.51457 2.84964 -0.24532 213 255 246
0.50518 1.40237 -0.17022 250 140 255
2.00879 0.71278 -0.26399 182 135 38
-1.32280 2.44347 -0.06343 89 73 75
2.67078 2.69921 -0.42124 0 188 183
2.21110 1.56198 -0.33333 124 186 101
-0.06407 2.58676 -0.17540 18 78 12
0.53671 0.73416 -0.13781 178 170 169
-1.30871 0.67314 0.03172 0 172 135
1.08695 1.05029 -0.19781 28 4 28
1.56066 1.65100 -0.28304 121 255 248
1.49215 2.66948 -0.32239 90 255 249
-0.70742 3.03101 -0.15151 147 175 111
1.52209 0.41771 -0.21051 71 156 129
2.37774 2.84713 -0.41013 186 248 159
1.88830 2.74796 -0.36021 161 190 139
-0.05739 0.12096 -0.04941 75 74 100
1.39477 0.77010 -0.21720 8 133 0
0.13342 2.72130 -0.19943 0 156 164
-0.29608 2.92861 -0.18576 227 255 152
-0.94362 3.05722 -0.12123 128 255 255
1.71348 2.47428 -0.32214 165 172 212
-0.01246 0.59840 -0.09315 0 183 186
-1.09413 0.39971 0.02358 145 119 243
-0.92354 2.63261 -0.10529 59 63 24
2.50439 -0.02321 -0.26777 77 81 255
2.40875 0.34558 -0.27997 6 148 0
0.28123 2.15534 -0.18249 37 20 4
2.80244 0.15999 -0.30012 149 161 220
0.74617 2.34396 -0.23336 186 2 0
1.81386 0.14266 -0.22780 255 111 168
2.56271 2.81214 -0.41279 19 160 183
-0.33901 1.37542 -0.09566 194 93 84
0.48905 0.97846 -0.13944 172 53 38
-1.23087 3.01370 -0.09828 0 187 4
0.79598 1.32595 -0.18954 166 21 76
0.22743 1.09326 -0.12486 44 8 175
1.79966 2.02632 -0.31033 142 30 78
1.27969 2.70383 -0.30668 91 255 228
-1.07449 2.71843 -0.10260 1 102 109
-0.38873 1.78241 -0.11249 139 194 181
1.39780 1.01316 -0.22534 95 92 190
2.29273 0.11583 -0.26113 41 38 190
1.83769 0.20459 -0.22583 190 54 18
1.62805 1.04814 -0.24812 94 0 115
1.89463 0.84383 -0.26234 255 159 133
-0.47400 0.80661 -0.05801 150 171 18
-1.47054 1.64020 -0.01078 130 188 211
-0.21688 1.97009 -0.13226 150 230 78
1.44945 1.09276 -0.22679 108 75 255
1.48044 0.14648 -0.19862 145 101 188
-1.37550 2.84356 -0.08051 35 161 180
-1.04301 2.93315 -0.10684 94 255 86
2.23704 0.41460 -0.26361 169 255 160
-1.29619 2.61133 -0.07089 91 130 193
2.92051 2.51041 -0.43635 131 236 245
-0.35053 1.70913 -0.10689 124 174 191
2.00857 0.44508 -0.25569 255 255 255
1.06468 0.15583 -0.15057 22 7 162
-1.05431 0.74755 0.00768 144 255 122
2.11614 1.55356 -0.32010 165 185 6
-0.64098 1.64092 -0.08048 255 221 77
-1.10534 1.37268 -0.02513 106 86 84
2.95305 1.93282 -0.41594 167 123 96
0.51505 1.79728 -0.18610 159 185 0
2.04960 1.81603 -0.32622 255 223 239
1.62707 0.09089 -0.20169 210 87 255
1.75165 0.86540 -0.25344 245 154 248
0.72823 0.42650 -0.13713 167 120 187
0.27655 1.57756 -0.15852 132 225 209
-0.18219 2.17820 -0.15060 135 115 255
-0.60669 1.79208 -0.09889 255 255 173
0.22204 0.12785 -0.06370 160 73 204
-0.46776 0.36166 -0.03152 210 131 255
2.32278 1.94233 -0.35043 178 137 86
1.25585 2.48254 -0.29099 4 73 0
1.71277 2.28992 -0.31880 175 85 255
-0.47592 2.57196 -0.14176 255 134 255
-1.05152 0.63390 0.01580 153 249 72
-0.12523 2.26960 -0.15165 122 85 255
1.48134 0.07468 -0.18716 145 80 122
0.73675 2.84408 -0.27470 255 255 207
2.16393 0.53673 -0.27298 121 187 39
-0.93159 2.03099 -0.08018 165 227 80
2.28882 1.74156 -0.34113 187 246 247
-1.43206 0.84307 0.03753 86 255 203
-1.29420 1.47851 -0.01932 0 32 89
2.29178 0.87587 -0.28984 68 47 186
1.19660 0.39636 -0.17728 78 216 119
-0.51239 2.05220 -0.11503 182 117 107
-0.57800 0.93137 -0.04969 255 211 117
1.00757 2.09767 -0.24883 100 27 20
-0.73075 0.39309 -0.00045 189 53 44
1.05394 0.53909 -0.16094 36 183 19
0.28466 2.15449 -0.18769 30 28 0
2.64837 1.07896 -0.33513 0 0 123
-0.56267 2.95190 -0.16049 192 183 30
0.22518 0.30631 -0.08527 72 52 183
-0.04633 0.46629 -0.05960 0 126 141
2.17435 0.87083 -0.29156 131 42 110
-0.22351 0.62838 -0.05853 114 255 186
2.58632 0.26024 -0.29200 0 123 7
2.88941 2.33024 -0.43453 36 51 122
2.76652 1.97474 -0.39002 2 15 137
-1.31048 0.61611 0.03504 0 148 176
-1.31021 1.49422 -0.00174 0 37 87
0.17593 3.01696 -0.22099 0 156 0
-0.35609 3.09606 -0.17437 163 130 148
0.54194 2.62134 -0.24157 141 121 8
-1.26085 1.38849 -0.00978 0 2 122
-1.24881 2.12021 -0.04912 0 99 135
1.67265 0.64868 -0.22308 216 255 154
1.84442 1.54020 -0.28456 254 255 225
1.82797 0.66824 -0.23901 255 250 255
-0.95888 0.54068 0.00652 202 220 80
-1.16215 2.29862 -0.07558 79 99 82
-0.19376 1.03078 -0.08489 29 57 26
2.89089 2.00029 -0.40673 132 99 97
-0.76018 2.80583 -0.13680 216 247 224
2.03749 2.48988 -0.36077 190 107 80
-1.07895 1.07302 -0.00814 38 71 187
0.86744 2.24400 -0.24482 252 80 92
2.41243 1.41469 -0.34280 121 225 238
-1.13172 2.37745 -0.06735 0 0 57
2.10335 2.76085 -0.38051 255 255 211
1.12869 1.04763 -0.19967 100 94 88
-0.70261 2.51853 -0.11507 253 104 79
0.09545 1.00331 -0.10527 87 149 173
2.36713 1.90794 -0.35881 156 164 76
1.35529 2.38166 -0.29438 0 26 0
-1.17510 1.60883 -0.03013 2 98 26
1.49028 1.24699 -0.23783 119 99 186
1.86757 1.25178 -0.28210 181 24 130
0.73319 0.58181 -0.14564 169 190 134
-0.96538 2.06778 -0.08084 144 204 82
2.71618 0.09198 -0.29550 114 118 96
-1.08006 2.90325 -0.10510 86 255 79
1.58895 2.34936 -0.30637 45 18 140
1.34093 1.82707 -0.26482 73 245 188
-0.61343 1.78800 -0.08429 255 255 159
1.29365 0.86232 -0.20496 0 84 6
1.68145 0.71088 -0.23751 217 241 219
0.63501 2.42124 -0.23361 177 21 0
-1.54250 0.81149 0.03560 120 255 255
1.42451 2.93926 -0.33910 71 230 106
2.14418 0.58175 -0.27781 132 185 33
-0.07253 0.85697 -0.08876 81 221 139
0.19918 2.92348 -0.21437 0 183 0
0.71377 2.86890 -0.26898 255 255 201
-0.50189 1.66496 -0.09374 255 240 169
-0.50784 0.15636 -0.01782 147 0 78
1.78630 0.80819 -0.25122 255 183 255
0.15590 2.83434 -0.21192 0 182 61
-1.53872 0.46489 0.06178 31 55 0
0.77251 0.79823 -0.16478 252 229 76
1.54921 1.16980 -0.24461 49 0 105
0.76721 0.33732 -0.13776 157 88 180
1.90022 0.25730 -0.23109 255 172 88
0.24056 0.61575 -0.10215 68 185 0
0.11081 1.41491 -0.14036 0 45 27
1.73058 0.75643 -0.23771 233 216 255
2.02834 1.57662 -0.31856 182 186 0
1.99806 0.24343 -0.23087 255 173 143
1.84607 1.87782 -0.30780 165 112 10
1.72303 1.86552 -0.30462 110 122 3
-0.71640 1.56364 -0.07194 255 179 176
1.44933 0.25564 -0.19062 125 149 227
-0.10218 1.05379 -0.09390 0 44 0
-0.13466 0.28912 -0.05381 83 115 76
0.23240 2.09258 -0.18298 15 56 0
1.15783 1.71104 -0.24095 21 186 25
-0.11246 1.91403 -0.14370 110 255 114
-0.88293 2.09249 -0.08376 187 185 160
-0.56314 2.90269 -0.15381 188 188 53
0.26545 0.71314 -0.10742 167 255 121
2.77990 1.84701 -0.38897 99 170 255
1.53032 1.85068 -0.28662 107 224 255
2.26929 1.35108 -0.31474 94 87 0
1.31675 0.13659 -0.16758 0 6 0
-0.49119 2.11208 -0.12244 181 76 42
1.79880 1.62652 -0.28989 243 255 184
-1.27212 1.07167 0.00665 77 163 169
1.77192 2.15259 -0.31926 210 77 247
-0.08929 1.40887 -0.12554 88 122 255
2.38946 0.37466 -0.27664 15 167 0
1.19593 2.96844 -0.29805 51 144 180
1.25108 2.01975 -0.27125 89 147 244
0.97188 2.99589 -0.28619 153 136 89
0.23206 2.21117 -0.18611 23 4 0
2.40743 1.87525 -0.35730 45 82 0
2.73089 0.70326 -0.32608 17 117 2
-0.63618 1.14782 -0.05732 195 18 129
1.20720 0.11669 -0.16424 0 0 58
1.54268 2.02220 -0.29145 111 131 125
2.20017 2.41685 -0.36085 161 73 161
-0.28129 1.09811 -0.09340 153 107 132
1.46468 1.50221 -0.25462 9 148 0
0.66335 2.02202 -0.20841 255 173 255
0.16467 1.86595 -0.15874 90 255 255
-1.26274 2.14647 -0.06153 0 88 120
-0.65201 2.77831 -0.13353 175 153 186
0.89160 0.79075 -0.17371 202 226 149
2.48708 0.11528 -0.28057 0 38 80
2.05858 2.14404 -0.35780 185 0 61
-0.68407 1.89368 -0.09755 255 255 163
-0.35134 0.47198 -0.04295 171 198 104
1.96196 1.82198 -0.31493 255 221 164
2.01755 0.22234 -0.24440 255 159 140
0.12320 2.23790 -0.17933 0 2 0
0.48356 1.05791 -0.15189 246 110 87
2.08586 0.17434 -0.24196 231 144 167
0.59015 1.80984 -0.20421 171 179 4
0.12055 0.53500 -0.08163 18 159 124
-1.23547 1.69784 -0.02808 83 232 111
0.87219 2.67505 -0.26201 175 161 137
1.76891 0.80735 -0.24591 247 183 255
1.59656 0.90413 -0.24416 174 142 255
-1.40220 1.84476 -0.01679 101 255 84
-1.46961 0.99599 0.02477 107 213 123
-0.27695 1.11753 -0.08768 151 99 112
1.02630 1.84989 -0.23424 88 158 52
1.02149 2.28457 -0.26788 192 83 249
0.49334 0.15691 -0.11288 180 0 85
-0.78480 2.29618 -0.10404 138 1 156
-1.33724 1.16777 0.00194 74 121 198
-0.43615 2.84549 -0.15771 180 181 17
-0.24532 2.98091 -0.19009 196 255 246
-1.58653 0.87252 0.04627 145 255 255
1.42222 2.88043 -0.32935 73 255 155
-0.25854 2.90271 -0.18127 199 255 165
-0.79615 0.81671 -0.02891 255 255 227
-0.42747 0.33453 -0.02391 202 117 255
2.84420 1.25536 -0.36655 135 158 134
-0.45271 1.30122 -0.08295 236 78 129
-1.27296 1.13524 -0.00601 76 125 227
0.81255 0.65928 -0.15915 231 255 87
0.13471 1.58527 -0.14799 90 225 97
0.61851 0.50438 -0.13434 255 252 254
-1.16677 2.59936 -0.07777 0 44 182
0.38152 1.97085 -0.18366 89 117 0
2.91680 1.88166 -0.39979 147 152 167
2.07270 0.80026 -0.26890 165 94 0
0.68366 0.60891 -0.14145 255 255 244
-0.55890 0.99994 -0.04467 255 173 170
2.49716 0.31683 -0.27249 0 142 0
1.74006 1.06337 -0.25698 143 0 19
1.50066 1.00526 -0.24127 118 98 255
1.01046 2.68062 -0.28337 125 160 16
1.78989 1.16394 -0.27218 158 0 1
2.47906 1.42808 -0.33822 99 239 255
1.19618 1.55581 -0.24273 7 154 126
1.51347 2.07512 -0.29666 99 99 102
-1.48263 1.22271 0.02020 28 7 31
2.36078 1.41022 -0.33418 152 222 197
2.31243 2.84758 -0.40182 208 246 105
-1.37604 0.51647 0.03445 0 99 162
-0.59574 1.20922 -0.06202 189 0 189
0.92248 0.92185 -0.17711 190 159 255
-0.03011 1.59492 -0.12653 79 225 114
1.86783 2.38552 -0.34617 247 128 123
2.71936 0.40597 -0.31527 109 255 255
1.04257 1.70819 -0.23130 159 255 224
0.98386 0.17245 -0.14241 139 91 255
2.80340 0.84950 -0.33531 46 35 68
1.10091 2.86965 -0.29915 80 184 119
1.24850 0.34217 -0.17558 75 186 118
1.72622 1.69339 -0.29078 203 255 218
2.85956 2.65088 -0.43750 103 255 191
2.59149 2.38449 -0.39784 83 165 81
1.62090 1.48335 -0.26773 156 231 175
1.53317 0.30573 -0.20701 76 106 175
1.74340 2.61460 -0.33595 105 165 0
0.76264 0.40248 -0.14258 157 119 187
-1.29492 2.27752 -0.05477 0 27 42
-1.01478 1.77283 -0.05748 53 177 171
1.04443 2.30374 -0.26094 180 78 255
2.59755 2.00290 -0.37806 0 13 181
-0.23726 1.07197 -0.09830 41 36 24
-1.31747 0.33993 0.04010 0 8 72
0.54241 0.65615 -0.13678 182 188 189
2.38872 0.50165 -0.28666 102 255 100
-0.05657 0.56868 -0.07759 0 170 188
1.46170 1.51421 -0.26090 11 148 0
-0.49501 1.92395 -0.11051 175 168 171
1.88462 1.40825 -0.29040 255 197 255
-0.19963 0.24260 -0.04173 15 0 65
-0.80502 1.85821 -0.06532 238 255 75
1.38141 2.85635 -0.31461 79 255 207
-0.43213 1.65928 -0.09759 237 248 220
-1.15278 1.38891 -0.02370 90 82 114
-0.06517 0.46407 -0.06321 0 124 124
-0.72762 0.77179 -0.02433 255 255 208
2.37338 2.77171 -0.39398 178 255 97
1.27935 1.56477 -0.23986 0 166 60
2.41403 0.49812 -0.28627 9 187 40
-1.48619 1.90049 -0.02328 130 255 74
-0.33890 1.55277 -0.11180 109 107 136
1.13619 0.79812 -0.19212 12 121 163
0.38871 2.77517 -0.23321 67 183 0
2.87589 2.47079 -0.42732 109 217 255
1.83340 2.87528 -0.35814 133 168 172
1.33715 2.92324 -0.31983 85 241 177
2.07890 0.42139 -0.25263 241 255 255
0.06839 0.87077 -0.09432 85 211 83
0.40107 0.75636 -0.12179 131 171 173
0.35820 1.10794 -0.14170 187 90 146
-1.03487 0.66377 0.01013 157 255 85
2.00989 1.44133 -0.30152 195 140 65
0.86687 0.33504 -0.15195 110 89 176
0.53969 2.86567 -0.24392 217 255 255
2.60367 2.30904 -0.41043 87 123 111
2.55262 0.13469 -0.27975 0 47 11
-0.25709 1.36834 -0.09568 151 104 152
2.12207 0.80635 -0.27989 142 74 23
-0.30275 1.37885 -0.09637 164 104 122
-0.72595 2.16818 -0.10298 168 49 185
0.27676 0.70253 -0.10972 173 255 115
-1.21662 0.58638 0.03425 97 232 203
2.10555 2.13441 -0.34446 182 0 33
-0.96209 1.73678 -0.05233 72 169 162
2.58854 2.16554 -0.39835 81 78 233
0.11566 0.91081 -0.11034 90 196 120
1.75553 1.57882 -0.29116 218 255 255
-1.42938 1.66960 -0.01255 109 212 145
2.55595 1.57005 -0.35362 80 255 141
0.26048 1.08686 -0.12839 62 11 156
2.19689 0.94349 -0.29624 210 96 255
-0.80927 0.98283 -0.02843 251 192 129
1.33159 1.98200 -0.26859 75 164 255
1.24957 0.76267 -0.20452 0 142 111
2.57246 0.04901 -0.27045 77 94 136
0.70140 0.38187 -0.13539 172 108 160
1.38959 0.23283 -0.17900 102 140 181
1.26128 0.52775 -0.19310 73 255 255
1.57854 0.65257 -0.22095 166 255 88
-0.53213 1.43147 -0.07871 177 33 24
-0.82523 0.89550 -0.02973 251 234 205
0.42290 2.53795 -0.21381 181 147 145
0.12020 0.91748 -0.10556 96 186 151
0.81219 1.37127 -0.19498 164 50 27
0.72925 1.90194 -0.21008 255 228 255
-1.52694 0.45827 0.06496 23 56 0
-0.36795 1.41137 -0.09205 206 109 87
0.13222 1.38554 -0.12394 6 31 37
0.66991 0.45251 -0.12580 255 222 255
1.08506 2.70470 -0.28140 92 169 0
2.72777 1.27349 -0.35198 6 69 147
1.27410 1.25433 -0.23695 82 100 255
2.87912 2.11180 -0.40705 41 0 0
2.02147 0.67421 -0.27175 176 164 67
0.38863 2.54713 -0.21604 157 156 160
-0.09632 0.53742 -0.07430 0 161 161
-1.07502 2.39943 -0.08564 9 0 143
-1.23349 0.53897 0.02588 93 205 247
2.85657 1.13880 -0.36500 145 101 203
1.00180 2.06928 -0.25420 106 43 1
-1.24268 2.43924 -0.06439 79 76 93
1.15396 1.46731 -0.23238 110 205 255
0.46940 0.14290 -0.09703 175 0 114
-1.11121 2.57657 -0.08789 0 32 187
1.90233 2.14328 -0.32847 171 0 186
0.05420 1.21092 -0.11340 0 0 186
-0.30809 1.54327 -0.10231 97 106 161
0.03711 2.48040 -0.18242 73 113 108
-1.33242 0.34310 0.05112 75 93 142
0.81540 1.25386 -0.17891 164 0 125
0.09444 0.83933 -0.10096 90 237 76
-0.22432 0.44992 -0.05687 113 197 81
2.63369 1.16999 -0.34459 0 23 167
0.70693 1.92001 -0.21377 255 219 255
2.10592 1.08248 -0.29396 247 76 255
-0.68613 0.51129 -0.01308 188 119 173
1.16746 2.60848 -0.28544 42 133 0
-0.87008 0.88579 -0.02383 235 249 243
2.25134 2.81522 -0.39430 234 255 76
1.98381 1.53656 -0.30026 191 174 17
1.10759 1.61703 -0.22500 129 255 245
-1.14564 2.48471 -0.08587 0 0 131
0.39388 2.51038 -0.21617 165 145 185
0.94440 2.15710 -0.24673 134 9 14
-1.09896 1.21423 -0.01349 112 96 204
2.33037 2.37147 -0.38584 105 54 189
0.16824 0.97284 -0.11723 110 167 226
-0.97566 3.03611 -0.11871 119 255 225
-0.43642 1.46400 -0.08171 229 136 81
0.02147 2.26356 -0.17706 0 4 43
1.90493 1.58362 -0.30540 255 255 143
-1.47341 1.28150 0.00803 22 0 86
0.59234 0.72576 -0.12719 188 176 142
-0.84467 1.37056 -0.05418 138 3 140
0.11367 1.30226 -0.12927 0 1 124
-0.94387 1.81336 -0.06436 77 183 96
0.02204 1.25034 -0.12088 0 0 186
0.36523 1.37986 -0.15995 188 119 131
-0.99261 1.16447 -0.01824 170 110 140
0.32259 1.59458 -0.15794 157 242 255
-0.60853 1.15418 -0.04879 188 8 170
1.38885 0.93807 -0.21810 0 43 36
0.22718 0.25143 -0.08622 157 107 255
2.48798 1.88218 -0.36359 19 73 8
0.70150 1.15776 -0.17176 255 75 254
1.09283 1.08135 -0.20812 38 0 10
1.45368 1.95054 -0.28556 84 175 244
2.00358 1.43677 -0.31036 185 137 61
2.25431 2.73300 -0.38919 232 255 97
2.88076 2.13172 -0.41129 37 0 0
1.89376 1.91594 -0.32214 177 88 78
0.80471 0.89286 -0.17662 245 175 143
-0.89315 2.88473 -0.11992 150 255 170
-1.10188 1.01548 -0.00672 38 105 185
0.55648 1.29200 -0.16827 255 90 240
2.28661 0.36925 -0.27372 50 159 55
-1.19832 0.89824 0.01535 3 168 18
-0.71096 0.71398 -0.01925 188 193 154
1.23825 1.07238 -0.21311 79 83 104
-0.62440 0.95178 -0.05310 255 198 89
1.86670 1.60558 -0.29965 255 255 156
1.43009 2.36289 -0.30504 0 20 12
-0.23523 0.51346 -0.05829 114 226 98
-0.70176 0.78842 -0.03167 255 255 178
-1.42305 2.78652 -0.06963 48 128 122
1.99363 2.38594 -0.35332 255 135 73
-0.14400 1.21095 -0.09847 100 76 130
1.07448 0.88212 -0.18887 117 175 251
0.67086 2.79201 -0.26258 255 255 255
2.67343 0.25031 -0.29417 93 200 159
-0.46374 2.34576 -0.13438 255 68 135
-0.31223 2.73415 -0.16132 220 236 79
0.00050 0.56112 -0.09148 0 173 190
0.07646 0.47826 -0.07960 9 141 180
-0.52523 0.93445 -0.04463 250 212 157
2.85817 1.70469 -0.39038 129 252 255
0.16344 2.72207 -0.20596 0 154 148
0.29660 1.70912 -0.17036 136 255 255
-0.02000 2.07802 -0.15091 79 157 255
1.48932 2.67183 -0.32353 79 253 252
2.44653 2.38392 -0.39274 142 150 209
2.08385 0.56854 -0.25984 149 183 84
1.21788 1.59041 -0.24012 8 179 68
-1.37758 1.83512 -0.02706 93 255 102
-0.52639 2.82428 -0.15323 192 176 97
2.35171 0.42525 -0.26971 36 183 0
1.57872 2.57351 -0.32030 106 225 249
2.42660 1.77795 -0.36395 32 147 13
-0.61151 0.88036 -0.03535 255 244 76
-0.06224 1.51297 -0.13091 1 97 114
0.23065 1.46029 -0.14780 118 165 86
-0.67341 1.56560 -0.07718 255 174 135
1.48756 0.32004 -0.20228 51 107 191
2.81425 0.79812 -0.34237 47 59 43
-0.34061 0.37223 -0.04041 156 147 162
-0.65285 0.13362 0.00548 255 80 83
-1.22479 2.76920 -0.08906 0 133 177
-0.39178 2.05030 -0.12554 236 187 89
-0.05076 2.82934 -0.20427 107 255 255
-1.50752 2.06096 -0.03285 62 139 68
2.33382 1.45511 -0.33074 155 244 225
0.80325 1.71156 -0.21020 255 255 197
-1.33175 2.02077 -0.03343 0 166 174
2.15599 2.54801 -0.36567 255 229 255
1.97195 0.66438 -0.26168 185 157 120
-1.41634 2.08921 -0.03639 27 129 163
-0.94085 1.98575 -0.06800 163 244 80
0.98474 2.94438 -0.29519 141 161 52
0.59773 1.01236 -0.14937 187 32 0
-0.78159 0.67421 -0.02014 179 185 187
1.77328 0.85309 -0.26121 247 161 230
2.72266 2.11533 -0.40570 76 74 150
2.21931 2.52337 -0.38160 241 223 255
-0.19414 0.15103 -0.03511 7 0 131
-1.23946 2.32162 -0.05871 0 3 0
2.14818 1.65848 -0.32097 156 185 115
2.77469 0.91425 -0.33403 119 99 195
1.00982 1.23354 -0.19979 75 0 0
0.17732 2.60152 -0.20973 78 183 255
0.85314 0.69022 -0.15570 215 255 72
2.49942 0.61147 -0.29886 79 254 255
2.45750 0.34431 -0.27765 0 156 0
1.98362 2.78820 -0.36320 178 191 186
2.40201 2.22760 -0.37246 148 81 255
-1.32814 0.90892 0.02127 77 254 78
2.70428 2.64367 -0.42002 0 191 192
-0.60827 0.61094 -0.02799 183 171 134
2.87537 1.07218 -0.35877 152 75 249
-0.79596 2.67624 -0.11658 126 96 20
0.72620 0.48438 -0.13886 175 167 178
-0.11623 1.79655 -0.13634 18 186 0
-1.12244 2.71568 -0.10428 0 101 137
2.12907 2.48417 -0.36351 185 106 149
0.80881 2.12060 -0.23546 176 22 29
1.15294 2.85790 -0.30441 62 180 159
1.88186 2.16279 -0.33823 254 76 255
1.45327 1.35841 -0.25241 96 155 141
0.84562 0.90827 -0.17621 229 168 194
0.72917 2.27649 -0.23591 188 0 0
1.58597 1.73562 -0.27750 141 255 255
1.58640 0.74861 -0.23500 168 224 152
-0.48290 1.65983 -0.09885 255 238 166
-0.65804 2.75950 -0.13102 168 151 183
-0.04134 0.75742 -0.07747 78 255 179
-0.97718 0.95509 -0.01078 87 132 189
1.45016 0.85901 -0.22111 21 80 34
0.69967 1.66784 -0.19529 190 178 1
1.54205 0.42305 -0.20997 74 162 104
0.60127 1.97884 -0.21613 255 192 222
1.15177 2.77971 -0.29586 54 185 87
-0.94008 1.09320 -0.01443 105 49 67
1.09091 1.73817 -0.23315 139 255 156
-1.22415 0.74783 0.01790 83 255 95
0.53974 0.55562 -0.13059 255 255 227
-1.21997 1.59082 -0.01924 0 94 0
0.65906 2.89256 -0.27271 255 255 236
2.09188 0.06354 -0.24239 135 2 2
0.79062 2.72396 -0.26250 255 255 248
-0.77129 2.75286 -0.12064 220 225 190
2.25238 0.13675 -0.25486 67 36 180
1.08446 2.35106 -0.26697 159 89 255
1.87509 0.58726 -0.24558 189 180 189
2.95931 2.32791 -0.42903 68 57 177
0.38900 1.79221 -0.17654 96 189 83
1.76222 1.17982 -0.26990 152 0 0
0.50649 2.09700 -0.19127 227 126 234
0.12668 1.31843 -0.13503 3 9 105
0.47558 1.14561 -0.14949 244 75 84
0.82992 1.70925 -0.22264 248 255 232
-0.88170 0.68890 -0.00781 143 183 147
2.68016 1.48237 -0.37023 80 255 103
-0.51821 0.66389 -0.03288 159 182 17
-0.27963 2.04014 -0.13229 187 193 84
0.16164 0.73151 -0.10378 114 255 72
0.84192 1.78587 -0.22270 251 255 255
-0.42538 0.43064 -0.03937 197 172 197
-0.54946 2.28878 -0.11848 188 0 0
2.37332 2.89753 -0.41380 179 223 192
-0.61415 0.19991 -0.00601 255 82 101
2.62360 1.45826 -0.35815 74 253 171
2.21887 0.11879 -0.24961 170 114 242
-1.59157 0.68525 0.06039 55 168 101
-0.71502 2.16085 -0.10347 166 60 187
0.09776 2.41096 -0.17835 73 82 107
-0.63251 2.11998 -0.09774 184 80 157
0.70895 0.18750 -0.13412 255 95 95
-0.90992 1.51660 -0.04292 195 148 255
-1.27412 1.79859 -0.03628 72 255 159
1.12991 2.55423 -0.29178 147 198 86
0.30313 0.24236 -0.09733 106 23 180
-0.62771 0.21141 -0.00936 255 77 93
2.20584 1.57564 -0.33292 135 186 89
-0.96771 1.33140 -0.03949 170 76 82
1.74787 0.72928 -0.24438 240 223 255
-0.01371 2.76281 -0.19593 88 255 255
2.07581 0.16457 -0.23857 234 131 139
-1.11532 2.54547 -0.08355 0 22 189
-0.21734 1.51023 -0.10003 52 83 180
-0.48726 1.23596 -0.06931 161 0 138
1.63210 2.57530 -0.32674 48 141 115
2.94292 1.93410 -0.40934 158 123 107
0.46848 0.73061 -0.13337 160 177 188
2.12841 2.64965 -0.37518 255 255 255
-1.05760 0.80956 -0.00123 61 187 89
1.83016 1.35422 -0.27782 255 162 253
1.67572 0.88230 -0.25240 206 146 255
0.64788 2.44068 -0.23830 180 23 0
1.05009 2.63371 -0.27359 105 147 14
0.01989 2.24769 -0.17069 0 0 63
0.87690 0.10787 -0.12824 185 77 191
1.10928 2.75445 -0.29205 83 185 17
0.75934 0.19802 -0.13181 244 100 146
0.07170 2.25678 -0.17231 0 0 7
1.27121 0.83203 -0.20624 0 104 44
1.38277 2.89687 -0.31210 76 254 177
2.20729 1.17896 -0.31554 208 98 174
1.61833 2.00075 -0.30938 53 53 0
-1.07217 1.13816 -0.01363 45 34 141
0.97933 0.39490 -0.15836 60 123 57
-0.70538 2.19235 -0.11254 171 45 161
0.25526 0.82380 -0.11197 152 242 181
0.37922 2.40800 -0.21172 162 95 255
1.06695 0.41924 -0.17122 113 225 79
2.24984 1.88042 -0.34960 211 178 179
-1.06188 0.51299 0.01152 164 186 124
0.10497 1.09183 -0.11902 5 16 169
0.81514 0.97649 -0.17290 231 130 240
2.00635 0.05927 -0.22256 174 0 0
-1.43413 2.25761 -0.04269 42 35 178
-1.37453 2.48185 -0.05959 107 85 79
0.88970 1.48285 -0.20500 229 196 105
-1.21253 2.48567 -0.07981 71 79 157
2.22604 2.32019 -0.36949 146 30 112
0.41921 2.94861 -0.23872 76 172 150
1.78132 0.96891 -0.25819 166 8 35
-0.25430 2.42633 -0.15615 99 0 169
0.03140 0.86976 -0.09344 80 223 72
-0.52101 2.44938 -0.12522 255 84 169
2.85954 1.31808 -0.37587 54 102 0
-1.33531 0.61097 0.04531 0 147 190
1.71493 1.84481 -0.29936 102 130 24
0.71263 1.89145 -0.20609 255 232 255
-0.91702 2.06729 -0.06381 171 208 103
0.10101 2.88110 -0.20997 0 188 70
-1.11492 0.59560 0.01999 124 238 116
0.64621 2.48957 -0.23468 177 61 11
1.68036 0.00560 -0.19728 233 76 245
1.55558 2.90955 -0.33460 99 238 82
-0.94978 2.48343 -0.09902 60 4 154
-0.87575 2.51596 -0.10458 89 16 61
-1.56348 0.53979 0.05625 49 108 9
-0.85409 1.13578 -0.02953 230 109 77
-0.15307 2.36127 -0.17939 44 0 121
0.33620 2.76946 -0.21132 38 173 0
1.06553 0.35257 -0.16111 25 112 6
-1.02363 2.29419 -0.08169 113 92 170
-1.00381 1.31309 -0.03573 158 74 75
2.86691 1.42131 -0.37882 58 155 9
0.13457 2.72165 -0.20607 0 159 163
-0.86045 2.95088 -0.13015 170 255 249
1.46352 0.65365 -0.21517 30 180 13
1.44213 1.49398 -0.25848 11 140 0
0.22178 1.53600 -0.14734 115 202 121
0.01217 1.02859 -0.10671 77 134 119
-1.54211 0.67330 0.05138 37 162 123
2.35079 2.12469 -0.36682 89 0 68
-0.88214 1.19457 -0.03563 210 90 74
-0.56113 2.97199 -0.16786 180 180 10
2.55198 0.55486 -0.30425 81 255 255
-1.45337 2.08191 -0.03287 43 130 127
1.33483 2.23976 -0.28507 0 0 49
2.19578 2.39116 -0.36915 162 64 147
-0.65612 2.68109 -0.11961 255 190 232
1.19688 0.45587 -0.17878 79 244 163
-0.91645 2.89407 -0.13001 146 255 161
2.65688 1.16141 -0.34944 0 19 173
2.26537 0.61641 -0.26837 76 175 2
-1.03606 0.86439 -0.00952 67 169 142
1.77773 0.99877 -0.25617 169 0 23
-0.66952 2.46732 -0.11401 255 84 71
1.38421 2.15527 -0.28629 77 80 171
0.21733 1.09100 -0.11959 45 15 179
0.11767 1.69373 -0.14326 80 255 154
-0.18208 2.79246 -0.18183 160 255 140
0.69168 0.62081 -0.13896 181 188 128
2.54119 1.61840 -0.34515 87 255 127
1.10496 1.04511 -0.21132 25 3 17
1.27766 2.38241 -0.28580 8 15 4
-1.10701 2.33582 -0.08077 83 85 144
1.95963 1.73426 -0.30869 255 255 97
1.94083 2.24531 -0.32812 255 79 181
-0.23777 2.04074 -0.13920 164 195 100
0.01211 0.93796 -0.09212 78 187 79
0.20065 0.27510 -0.08825 62 32 184
1.77352 0.51279 -0.23953 166 192 55
0.46939 1.70368 -0.17448 140 184 73
0.44536 2.77877 -0.23387 179 255 130
2.31502 0.35856 -0.27476 48 160 45
2.20834 1.35398 -0.31452 125 105 0
0.08306 1.51207 -0.13517 76 179 86
2.41816 1.78034 -0.34861 40 142 26
1.97225 0.19248 -0.24586 255 140 89
-0.03778 2.91031 -0.18259 106 255 251
1.60071 1.96618 -0.29897 52 64 13
0.92898 0.14180 -0.13359 166 87 255
0.42795 1.37900 -0.15830 208 131 184
0.13861 2.11421 -0.17823 0 51 60
1.85343 2.14302 -0.32623 244 76 255
1.89867 2.52624 -0.34786 255 204 87
0.30540 2.89239 -0.22526 21 187 13
-1.01064 1.25001 -0.03006 150 76 100
-0.99041 1.02143 -0.01483 88 104 171
1.55882 1.14306 -0.24557 63 0 118
1.19258 2.27630 -0.27480 106 82 229
1.04315 2.55525 -0.26491 189 188 155
-1.37048 1.86933 -0.02085 97 255 115
1.56772 0.99423 -0.24420 67 8 186
0.26043 0.23915 -0.08978 171 99 255
-0.06815 1.10235 -0.09626 0 12 40
0.35321 1.91028 -0.17986 80 150 16
-1.26488 2.14876 -0.05793 0 88 115
-0.91063 0.65919 -0.00772 218 255 178
1.83807 0.59819 -0.23934 255 255 255
2.19021 0.56037 -0.27397 105 188 10
1.23504 0.27953 -0.17240 78 157 76
-0.84741 0.17641 0.00904 251 76 189
0.33136 0.12578 -0.09363 128 0 188
-0.33529 2.88948 -0.17664 230 255 102
-0.32622 1.94560 -0.12678 203 242 99
-0.48078 0.67054 -0.04112 228 255 84
1.76663 1.99056 -0.31127 122 51 34
1.78345 0.44751 -0.22612 169 174 10
0.62006 0.54327 -0.12786 255 255 255
-1.30145 1.16075 0.00993 77 120 218
1.58931 0.22282 -0.20597 105 55 187
2.69645 2.13168 -0.39818 70 78 161
-0.77690 1.11295 -0.04099 255 124 81
2.15221 1.81633 -0.34036 246 217 255
-0.84321 0.96770 -0.02166 240 202 167
1.73175 2.70632 -0.34938 89 186 0
-0.46753 1.39149 -0.07573 161 15 6
1.97241 1.21138 -0.28622 255 99 255
2.64440 0.16403 -0.29172 5 64 0
1.01178 2.04866 -0.24940 98 60 0
0.66966 1.25713 -0.17598 255 92 255
2.71555 1.52341 -0.37381 89 255 76
1.82202 2.04152 -0.31801 156 28 120
1.27322 2.66385 -0.30525 93 255 203
2.77298 1.75496 -0.38979 89 225 245
0.89223 1.33187 -0.19384 133 35 0
1.70049 2.65230 -0.34028 78 173 0
1.99986 0.58518 -0.25007 182 187 153
0.86329 2.00608 -0.22001 162 81 72
-1.14195 2.68733 -0.08669 0 87 173
2.59186 2.77748 -0.42912 8 173 183
1.95215 2.91594 -0.38316 171 141 146
-1.20450 0.55491 0.03262 95 215 217
1.05914 1.40742 -0.22028 141 163 189
0.33063 1.06391 -0.13149 181 103 207
2.76156 0.79342 -0.32776 28 64 2
-1.55269 0.85391 0.04944 131 255 255
-0.49479 1.09297 -0.06131 247 120 255
1.89435 1.40232 -0.28614 255 196 255
1.34584 1.50238 -0.24553 0 134 33
-0.15151 0.30525 -0.05312 82 116 82
1.09728 0.47034 -0.16350 105 249 90
2.07309 1.77206 -0.31908 255 241 218
2.34162 0.27958 -0.26646 26 113 87
1.98127 2.26263 -0.34328 255 80 121
0.55606 0.54679 -0.12967 255 255 242
-0.45340 1.63691 -0.09757 245 225 188
2.31496 2.68579 -0.39218 209 255 85
1.74702 1.96797 -0.30269 122 64 2
2.10984 0.68291 -0.26426 147 150 0
1.63523 0.02023 -0.19575 217 70 220
2.61582 2.20062 -0.38772 80 85 189
-0.00902 1.66517 -0.13700 75 254 73
-0.13715 0.08876 -0.04556 77 81 190
-1.01260 2.10514 -0.06771 128 189 74
1.30048 1.19190 -0.22358 70 77 242
-0.24759 2.54544 -0.15994 95 48 58
-1.12879 1.04089 -0.01138 25 83 185
-1.24519 2.80055 -0.08945 0 145 172
-0.19589 0.57013 -0.06875 108 249 176
2.32986 1.27051 -0.32114 67 55 0
-0.02735 0.64650 -0.08343 0 189 163
-0.86235 0.95032 -0.02461 234 207 186
0.58650 2.78108 -0.23937 237 255 243
2.19526 2.15579 -0.35561 157 0 0
-0.08106 1.14033 -0.10616 84 89 127
1.10431 1.22473 -0.20420 25 1 23
-1.15639 1.48515 -0.02639 91 124 74
2.04997 2.38981 -0.34953 189 51 4
-1.48921 1.06877 0.02519 120 173 100
-1.30802 2.43852 -0.05635 86 80 77
0.24833 2.97196 -0.22704 5 165 13
1.40013 0.33129 -0.19530 98 195 244
0.57331 1.53770 -0.18619 171 129 124
-1.11981 2.45981 -0.08676 1 0 140
-0.78682 0.52294 -0.00578 174 119 103
2.29093 0.01676 -0.25656 138 84 220
2.10005 2.26671 -0.35720 179 2 0
-1.42482 3.13846 -0.08515 63 154 92
2.94182 2.01311 -0.41739 158 95 73
-1.23220 0.41827 0.03458 86 137 255
-0.55604 1.57779 -0.08450 255 191 72
2.62061 0.05719 -0.27928 83 100 93
-1.48360 1.62288 -0.00461 130 180 229
0.94350 1.29398 -0.19207 109 22 0
1.23033 1.79496 -0.25799 92 255 80
1.23501 0.16961 -0.17955 0 19 7
-0.84736 1.20320 -0.04617 141 0 4
2.20511 1.20020 -0.31248 209 108 158
-0.04887 1.07207 -0.10225 78 113 106
1.09922 2.23761 -0.26955 154 79 255
-0.17877 1.73773 -0.12761 45 185 45
2.28587 0.58778 -0.27769 73 174 0
-1.28463 1.11049 -0.00502 74 144 194
-1.28100 1.49228 -0.01907 0 37 48
-1.12115 2.98126 -0.10536 76 255 79
0.96094 1.85031 -0.23478 121 151 102
-0.02528 2.57602 -0.18152 5 75 41
0.60207 1.79493 -0.19357 179 181 9
-0.51720 1.71120 -0.09906 255 253 189
0.36544 0.20291 -0.08143 139 10 165
-0.94470 2.22604 -0.07871 149 120 202
2.46353 0.52874 -0.28928 87 255 182
2.92627 2.41542 -0.43294 46 105 194
1.08616 1.27116 -0.20744 40 12 36
-1.22480 1.21602 -0.00784 79 92 255
-0.17195 1.01856 -0.08368 22 57 22
2.20744 1.34401 -0.31081 125 93 0
1.12877 1.91687 -0.25390 43 114 5
2.35053 1.45814 -0.33703 140 244 230
-0.14072 1.92204 -0.13521 113 250 112
-0.83730 3.11457 -0.13567 173 231 243
-0.99987 0.49805 0.00860 180 188 99
1.71046 0.32422 -0.21812 155 115 36
-0.22914 0.93735 -0.07934 33 110 123
1.09737 2.09843 -0.25915 62 17 102
0.59889 1.77898 -0.20435 177 189 0
0.68235 0.92301 -0.16493 188 87 0
-0.76014 3.01293 -0.14408 217 255 237
0.31457 0.71645 -0.11169 99 185 65
2.71046 1.88836 -0.39110 0 74 185
2.76203 0.82039 -0.33329 34 44 17
-0.38108 1.85694 -0.11607 138 184 145
1.24834 0.35997 -0.18167 77 201 132
-0.21688 1.15904 -0.09693 123 92 76
0.74338 2.83135 -0.25269 255 255 212
1.88907 2.66609 -0.36091 155 185 76
-1.46058 1.50989 -0.01277 30 38 182
0.95500 1.54488 -0.20802 200 236 211
0.70418 1.51246 -0.19595 190 120 10
2.33912 1.45585 -0.33712 147 242 221
-0.40913 1.97574 -0.12423 235 231 150
2.70056 2.08080 -0.39623 0 0 125
0.38256 1.14685 -0.14869 195 83 99
0.94285 0.33042 -0.14609 75 84 128
-0.13172 0.56967 -0.07330 82 255 239
2.22458 -0.04689 -0.24049 70 0 33
0.70797 2.55856 -0.24968 187 100 112
-0.15675 2.13394 -0.15014 126 141 254
-0.91954 0.96297 -0.02872 120 121 146
-0.20696 1.86145 -0.12549 59 185 3
2.54796 2.10802 -0.38536 92 71 255
1.57246 0.62841 -0.21791 165 255 83
-1.05101 1.05306 -0.01850 54 74 176
-0.07994 2.34308 -0.16299 26 0 86
0.60591 2.93253 -0.25951 245 255 241
1.22878 2.75405 -0.30003 109 255 239
0.20318 2.08199 -0.17464 13 64 23
-0.37203 1.86628 -0.11264 130 185 125
-1.08402 1.60168 -0.04842 23 111 94
1.31552 1.83578 -0.25958 80 240 167
1.26160 1.99903 -0.26246 81 157 251
2.48141 1.97008 -0.36768 21 35 77
2.38218 1.13116 -0.30913 36 0 0
2.88702 2.57851 -0.44101 116 255 232
1.53059 1.63964 -0.27448 37 187 137
-1.35421 2.45729 -0.05273 100 74 81
-0.14973 1.68269 -0.12927 29 176 66
0.15447 0.52930 -0.08669 32 158 110
2.15967 1.39850 -0.30715 148 116 0
0.64949 1.48605 -0.18125 188 101 93
1.66629 1.87067 -0.29400 86 126 41
-0.43916 1.76353 -0.09757 245 255 255
2.93495 1.38297 -0.37593 87 149 30
0.12955 2.32186 -0.18389 78 75 84
-0.22994 1.42900 -0.10535 143 122 217
-0.56344 0.88477 -0.04294 255 231 91
0.54493 2.01712 -0.20638 240 173 202
1.00797 0.68808 -0.16806 139 255 186
2.26030 0.35380 -0.26099 158 226 196
1.28422 0.52370 -0.19662 76 255 255
-0.23615 2.80693 -0.17435 186 255 130
-0.48687 0.55290 -0.03751 228 235 160
0.76772 2.20743 -0.23659 255 84 96
-0.30853 1.20980 -0.08839 170 79 86
-1.47619 1.70940 -0.01090 124 227 155
0.54314 2.18600 -0.21684 236 88 255
-0.33127 1.96429 -0.12320 208 233 101
-0.34980 1.44130 -0.09484 194 126 125
-0.30712 1.74115 -0.11868 104 184 158
-1.23825 1.43268 -0.01677 77 100 147
-0.16429 1.13152 -0.09273 106 90 78
1.71400 2.41066 -0.32217 167 135 255
0.87079 2.31544 -0.24130 250 81 140
0.22712 0.64711 -0.09595 56 190 0
-1.31774 0.75553 0.02453 0 185 66
-0.54753 2.73780 -0.14966 188 138 171
0.74775 0.82280 -0.16126 255 218 71
0.77344 2.35966 -0.23486 187 3 10
2.28829 2.45618 -0.37332 123 106 172
1.99480 1.30868 -0.30084 255 152 255
1.33318 1.42185 -0.24957 0 96 112
2.37263 2.31201 -0.38366 82 32 188
-1.28762 1.05514 0.01812 73 172 160
-0.22892 2.98623 -0.19001 192 255 255
2.08817 0.67625 -0.26170 154 151 11
1.81331 1.64398 -0.29175 241 255 168
0.48970 2.45404 -0.22635 124 32 56
-0.52560 2.21105 -0.11777 182 23 0
2.08083 2.33053 -0.35774 186 24 3
1.51355 0.26522 -0.20161 62 85 188
-0.81336 0.59772 -0.00714 170 156 141
-0.34769 2.72432 -0.16333 240 224 100
2.47536 2.84274 -0.41288 46 163 148
2.81205 1.96072 -0.40017 102 116 217
1.67936 0.15301 -0.19732 148 20 183
1.98905 1.73300 -0.30592 255 255 112
0.58925 0.99794 -0.15084 190 45 0
1.87877 2.23625 -0.33446 252 81 232
-0.50638 2.47125 -0.12891 255 89 202
1.63198 0.50450 -0.22143 114 189 0
1.92493 2.69040 -0.36295 170 185 126
-0.30111 1.86821 -0.12038 101 176 49
0.02677 0.19441 -0.06187 79 80 80
2.31883 1.89299 -0.34795 180 161 113
-0.49593 1.40943 -0.08279 172 22 8
2.39933 1.01918 -0.31512 23 0 31
-1.07765 0.78898 -0.00387 48 190 45
0.25008 1.19573 -0.12555 63 0 78
0.76803 2.44626 -0.25535 189 34 77
2.52685 2.07369 -0.37650 15 3 181
0.90842 1.02230 -0.18910 118 16 191
2.32147 1.09148 -0.32006 64 0 58
-1.05716 1.94465 -0.05794 18 172 103
2.05645 0.81376 -0.27319 176 83 0
1.83506 0.49976 -0.24517 181 184 100
-0.30381 2.92678 -0.18587 220 255 144
1.25106 0.50423 -0.18504 75 255 237
1.07892 1.94434 -0.24983 65 105 0
-1.02967 1.49393 -0.03496 135 127 136
0.15922 1.53354 -0.14727 103 200 86
0.78589 2.06396 -0.23501 255 137 170
-0.98687 2.57788 -0.09172 37 32 137
-0.36510 1.04163 -0.07575 109 61 175
-0.58722 1.51442 -0.07829 184 70 12
-0.57117 2.78346 -0.14678 186 165 163
-0.76015 1.46847 -0.05150 174 40 178
1.29522 0.30277 -0.17858 75 172 131
0.69408 2.60810 -0.24676 181 119 121
-0.51753 2.28667 -0.12644 188 0 0
0.51404 1.04308 -0.14100 254 108 75
2.04119 0.63959 -0.26583 175 165 74
0.43125 1.36944 -0.15247 217 126 192
0.37735 0.32550 -0.10070 223 142 149
0.39370 2.88073 -0.23999 69 190 83
2.64720 0.26667 -0.29686 4 121 54
-0.54246 3.09200 -0.15834 181 145 0
-0.31487 1.05908 -0.08228 82 43 125
-1.34035 2.84823 -0.09059 15 161 187
2.46513 1.39081 -0.34119 106 216 255
0.04646 0.26627 -0.06141 90 107 159
0.94538 2.81463 -0.29069 149 189 0
2.45273 0.44435 -0.28548 0 189 27
1.82502 0.52908 -0.23781 188 189 120
0.47369 2.20600 -0.20595 211 90 255
2.41371 1.94170 -0.36068 45 58 0
-1.49819 0.46258 0.06245 21 56 9
-0.56900 0.74215 -0.04339 255 255 94
2.93582 1.69699 -0.39241 162 240 255
0.89727 0.23010 -0.14248 93 32 188
0.53272 1.23586 -0.17004 255 81 177
1.62725 2.28476 -0.30954 144 87 230
0.34780 0.56210 -0.10542 210 255 79
0.09062 0.83911 -0.11341 92 231 80
-1.19918 2.84311 -0.09291 0 170 113
2.41181 0.76011 -0.30303 103 183 255
1.44770 1.86705 -0.27876 82 220 255
2.43983 -0.02777 -0.25956 80 75 255
1.02922 2.15425 -0.25298 95 9 75
1.18490 0.06656 -0.14957 0 0 118
0.41038 2.00948 -0.18942 184 180 82
-0.58657 2.01552 -0.11275 189 137 184
2.14211 2.71228 -0.37757 255 255 221
0.71679 1.29146 -0.17586 255 97 255
1.68257 0.49433 -0.23278 142 184 0
0.59991 0.72035 -0.14531 190 180 136
0.42803 0.92687 -0.14523 142 94 146
1.05276 1.90359 -0.23458 78 131 4
1.75820 0.54028 -0.24085 162 191 59
2.26609 0.71532 -0.28481 79 133 66
1.53556 0.63167 -0.20761 150 255 72
1.37800 1.31177 -0.25136 86 119 244
2.98883 2.66419 -0.44857 154 255 92
0.35169 0.80923 -0.12533 113 149 174
2.47841 1.09904 -0.33377 4 0 0
1.75672 2.53080 -0.33839 197 208 108
-1.28817 3.09488 -0.10011 3 169 1
1.71231 1.51422 -0.28344 205 242 255
1.74275 2.17568 -0.32192 195 75 227
-0.47571 0.89829 -0.05243 147 127 96
0.33676 1.83556 -0.17757 162 255 179
-0.34993 2.57098 -0.15566 144 47 147
-1.26816 0.21106 0.04496 2 0 21
-0.83524 1.35986 -0.04217 140 0 114
-1.37614 1.69585 -0.01419 89 228 84
3.02697 2.74315 -0.46647 174 255 91
2.10467 2.19599 -0.34810 184 0 0
1.93696 0.26565 -0.22472 255 178 102
1.55483 2.92685 -0.34177 100 234 82
1.55067 0.26240 -0.19640 83 73 194
1.43076 0.74761 -0.21587 19 139 0
1.65969 0.77768 -0.24317 202 206 244
1.96485 -0.00927 -0.22311 179 0 54
-0.77524 1.79840 -0.08204 241 255 71
1.13034 1.74435 -0.24528 120 255 114
2.09167 0.07955 -0.24677 138 10 19
0.76487 0.59386 -0.14697 166 188 89
-1.06266 2.79230 -0.10416 91 237 108
1.02329 2.78484 -0.28855 123 186 0
1.95616 0.06917 -0.23057 176 2 16
-0.09103 1.88796 -0.13959 98 255 125
0.95259 1.39457 -0.20391 112 69 10
0.30632 2.41680 -0.20162 123 91 255
1.99563 1.38627 -0.29924 192 107 111
1.33748 2.76271 -0.30578 83 255 255
2.69495 1.30228 -0.35867 84 178 230
2.13002 0.98446 -0.29354 239 82 241
0.86663 1.22659 -0.18202 148 0 102
-0.40864 0.18944 -0.02220 94 0 171
1.98049 0.92641 -0.27428 188 28 0
2.86731 1.32430 -0.37389 50 112 0
-0.03234 1.40624 -0.12219 0 37 166
-1.36674 2.12844 -0.04335 10 108 189
0.67129 2.40544 -0.23595 189 21 0
1.20552 1.88086 -0.26033 97 222 109
-0.80435 1.93407 -0.07775 226 255 97
2.40751 0.89777 -0.31227 108 111 227
0.13933 1.83754 -0.16469 80 255 255
-0.34034 1.04175 -0.07673 83 48 134
1.42629 0.49619 -0.20222 107 255 237
1.09659 2.65237 -0.29402 81 158 0
0.80666 0.75511 -0.17401 235 251 73
0.78717 1.03306 -0.17441 161 19 166
-0.01746 2.04232 -0.15181 75 184 255
2.81225 0.58265 -0.32634 54 171 20
1.74385 1.30451 -0.26183 143 54 60
1.52193 0.73935 -0.23046 146 234 105
2.69687 1.26815 -0.35386 0 69 168
-1.31260 2.58631 -0.06427 88 110 141
1.50412 2.70114 -0.32869 85 255 213
0.09119 0.67692 -0.09968 94 255 116
2.81552 0.85122 -0.33806 54 33 83
2.22547 0.33944 -0.25995 177 231 233
0.41399 2.15521 -0.20424 183 103 194
0.47175 1.41742 -0.17298 239 150 253
-0.21057 2.43219 -0.16185 83 2 129
1.80728 2.26945 -0.32551 223 87 255
1.65265 -0.00514 -0.19342 226 74 229
1.69943 0.46524 -0.22013 140 177 0
-1.34942 3.04397 -0.10279 31 184 91
2.64745 1.06492 -0.33595 0 0 116
0.51692 3.01941 -0.25575 199 226 255
-1.22035 2.24531 -0.05618 0 44 17
0.39678 2.88612 -0.24361 67 187 88
0.51790 2.79519 -0.24307 210 255 203
2.01686 0.01563 -0.22490 163 0 13
1.76975 1.04612 -0.25969 157 0 9
-0.46948 2.74794 -0.15182 186 151 105
-0.30315 1.45687 -0.09440 170 140 183
-1.44011 1.98181 -0.02634 113 255 138
-0.55855 2.96081 -0.15555 192 183 27
1.44814 2.46354 -0.30852 0 77 111
2.52017 0.31332 -0.29241 0 144 3
-0.43545 1.53833 -0.10603 154 89 32
-1.36646 2.34033 -0.05622 12 7 65
-0.43810 2.04378 -0.12172 158 113 33
-0.72040 0.46045 -0.01371 185 91 109
2.08848 0.52460 -0.25746 239 255 216
-0.91920 1.02477 -0.01685 120 92 99
-0.73919 1.67383 -0.07171 255 231 107
0.76813 0.84974 -0.16114 245 198 100
0.40612 1.38768 -0.14928 209 132 186
0.80649 0.10030 -0.11991 217 82 123
-1.08069 2.45944 -0.09297 3 0 170
0.67044 1.43528 -0.18094 188 75 116
-1.47081 2.54458 -0.04330 147 91 89
-0.59388 0.99285 -0.04242 255 176 146
1.45010 2.52297 -0.31049 0 100 148
2.17669 0.37792 -0.25198 197 242 243
1.70512 1.59748 -0.27791 201 255 255
-0.90108 0.92143 -0.01827 123 148 163
1.61272 0.35081 -0.21614 104 127 105
2.86863 1.96912 -0.40199 118 111 141
1.93990 0.46214 -0.25342 255 255 250
1.28802 2.64141 -0.29965 89 245 185
-0.80415 2.22814 -0.09700 137 31 189
1.81833 2.92224 -0.35981 126 146 184
-0.64036 1.14264 -0.06529 187 15 134
-0.69588 1.58523 -0.07398 255 191 130
2.48271 1.50884 -0.33943 91 255 255
1.77327 0.85799 -0.25368 245 149 233
-1.06764 1.30361 -0.02776 123 70 109
2.22986 2.57122 -0.37593 238 246 241
-0.12050 1.25757 -0.10885 96 72 182
-0.72643 0.15867 -0.00230 255 76 107
0.52413 1.18372 -0.15784 255 76 122
1.96496 2.27838 -0.34654 255 88 121
0.45147 1.31099 -0.15544 231 93 163
-0.08830 1.33511 -0.11230 93 88 255
0.63793 1.18059 -0.17097 255 75 229
2.61545 1.27359 -0.34702 0 72 186
0.44446 3.00568 -0.23619 94 149 188
-1.45097 0.75232 0.03121 7 187 175
-0.68505 0.46217 -0.01672 192 94 147
0.08802 1.72941 -0.15213 78 255 146
-0.90115 0.41801 0.00429 144 55 0
1.14739 2.95500 -0.30787 61 147 189
1.10796 0.67449 -0.18647 18 177 172
0.41534 2.24311 -0.20794 186 77 255
-1.42324 1.59011 -0.00788 104 166 195
-1.22661 2.45740 -0.07176 72 73 129
0.76769 2.44264 -0.24728 189 34 57
1.78428 2.56799 -0.34565 117 142 0
0.54089 2.17036 -0.21141 242 97 255
-0.88824 2.17059 -0.08325 182 152 212
2.34494 1.74807 -0.34935 163 247 208
-0.09994 1.22985 -0.10987 85 76 179
0.64208 0.92723 -0.15741 192 69 0
0.11947 0.53077 -0.08553 17 156 145
0.45204 1.73296 -0.17510 127 184 68
0.53160 0.25775 -0.10546 255 120 80
0.83991 0.50741 -0.14423 134 172 85
-0.52542 2.94849 -0.14296 187 183 10
-1.23691 2.27987 -0.06315 0 18 3
1.40117 1.82916 -0.26872 71 240 240
-1.27114 1.76443 -0.02178 80 254 130
1.39668 0.13581 -0.18182 22 11 12
-0.22528 1.22321 -0.09196 130 73 88
1.40920 2.93267 -0.32327 68 236 120
1.71351 1.93181 -0.29964 99 84 0
2.64435 1.96669 -0.38766 0 29 190
0.42954 0.70218 -0.12322 154 182 168
2.42018 1.29055 -0.33401 26 76 73
1.56080 1.73784 -0.27280 129 255 255
2.12679 2.89363 -0.39328 255 232 99
1.32386 0.67005 -0.20022 0 177 104
-1.29620 1.74565 -0.02261 78 255 99
-1.40476 1.93112 -0.02196 104 255 145
1.05557 2.94444 -0.30131 117 157 124
1.09742 2.45916 -0.27756 160 143 179
1.91925 2.07528 -0.32934 180 12 187
-1.01363 0.49422 0.00633 178 189 94
-1.49325 0.84722 0.03262 107 255 249
-0.82256 1.61425 -0.07084 235 205 216
-0.69160 2.72113 -0.13311 249 213 238
-0.79412 2.16585 -0.09463 133 56 180
2.25571 0.68589 -0.28486 81 141 39
0.61308 0.29745 -0.11299 255 142 104
-0.22509 0.14229 -0.03699 18 0 161
2.94768 2.08140 -0.41299 68 0 1
1.63578 0.64456 -0.21948 202 255 129
2.47618 1.97527 -0.36986 23 36 76
1.21439 0.60571 -0.19488 0 190 182
-0.93076 2.33100 -0.09478 159 86 255
2.59006 0.83735 -0.32990 74 134 103
0.41005 0.98240 -0.14513 134 53 109
-1.02996 0.49056 0.00822 167 187 110
2.77474 0.25610 -0.31619 131 207 249
0.29370 3.02296 -0.23144 21 143 99
0.63144 0.54450 -0.13978 255 255 255
0.68926 1.48970 -0.19527 192 113 42
0.47388 0.73733 -0.12250 166 171 185
2.18598 1.94641 -0.34421 239 140 191
1.80110 2.73297 -0.35071 114 186 42
1.81490 1.48402 -0.28378 242 239 255
-1.05155 1.90239 -0.06406 37 183 118
-0.28367 2.41480 -0.16038 107 0 177
1.22562 0.76167 -0.20046 0 143 129
0.08304 2.18413 -0.18092 0 21 50
1.04420 1.82932 -0.23273 75 170 47
-1.08938 2.28334 -0.07511 101 99 109
2.58476 0.34387 -0.28661 0 163 77
-0.09645 2.38104 -0.17007 26 0 61
1.71357 0.40956 -0.23273 152 167 0
2.89125 1.72749 -0.39636 141 239 255
0.79691 0.62822 -0.15261 241 255 128
-0.55357 3.03587 -0.16507 185 162 0
-0.61970 3.00052 -0.14952 176 183 53
0.67492 0.29365 -0.12181 175 54 64
2.14327 0.91580 -0.28603 138 22 112
-0.86336 1.81323 -0.06553 120 191 20
-0.90395 1.36230 -0.03792 194 84 144
-1.11960 0.79885 0.00653 31 188 17
2.20628 1.32353 -0.31972 122 88 0
0.48732 1.25953 -0.15765 244 79 146
1.77572 0.10006 -0.21476 255 92 238
-1.11357 1.28116 -0.01829 106 75 167
1.02706 0.82287 -0.18619 140 200 255
-1.08323 1.98570 -0.05766 105 255 168
2.60978 -0.00381 -0.28480 85 84 153
2.65762 1.07193 -0.33663 0 0 111
2.47126 2.36508 -0.38795 124 148 189
2.71867 0.05724 -0.29108 28 14 0
0.94025 0.59870 -0.16357 88 190 0
0.04121 0.66107 -0.09746 0 186 96
-0.14450 2.05868 -0.14463 131 175 207
0.53636 0.05280 -0.09897 186 0 134
-1.35384 1.98670 -0.03161 7 170 134
0.48677 1.33845 -0.17266 239 112 214
0.87960 2.49730 -0.25980 255 153 255
0.05760 0.38217 -0.07568 6 79 161
0.96414 2.70290 -0.28094 145 173 24
1.15487 2.59440 -0.28426 55 131 0
0.86963 1.13610 -0.18061 144 0 157
-1.06761 0.84244 -0.01165 59 173 112
0.27522 2.24410 -0.18956 31 0 57
1.60752 1.26701 -0.25235 78 29 0
2.85734 2.61966 -0.43594 102 255 222
1.62157 1.12963 -0.25033 83 0 78
1.14340 2.13752 -0.25955 48 8 159
-0.52810 2.45969 -0.13739 255 90 169
0.66044 0.48874 -0.13051 255 245 255
-1.06223 1.94791 -0.05206 28 176 98
1.17411 1.48471 -0.23483 13 125 178
-1.14863 1.25922 -0.02181 103 80 196
-0.00100 2.46394 -0.18089 2 20 0
1.70846 0.64645 -0.23021 228 255 181
0.92927 1.79437 -0.21779 219 255 254
1.13198 2.90631 -0.29715 70 173 166
0.26947 0.11522 -0.08017 97 0 156
-0.92504 2.80385 -0.11570 144 246 92
2.78704 1.29076 -0.36445 28 93 57
2.37599 1.12800 -0.30975 39 3 0
0.54326 2.60970 -0.23718 142 111 0
1.29409 1.81165 -0.25886 78 250 139
-0.60675 2.23730 -0.10847 185 11 42
-0.67534 1.58455 -0.07721 255 191 110
0.40306 2.57408 -0.22937 170 171 128
-0.59417 3.05374 -0.15337 184 162 0
-0.88902 0.20853 0.01820 240 77 217
-0.47505 1.77403 -0.10460 249 255 255
-1.25294 0.58977 0.03602 84 230 229
-0.66507 2.48846 -0.12831 255 93 81
1.50267 1.74365 -0.27257 21 178 182
2.46578 0.77117 -0.31565 88 170 247
0.47806 1.90105 -0.19256 214 236 81
0.05886 0.94282 -0.10074 83 179 100
0.93453 1.38732 -0.21028 119 65 0
-1.20973 0.64737 0.02189 91 252 167
0.17869 0.22147 -0.07703 134 92 241
0.97990 2.15892 -0.25628 125 12 36
-1.39957 3.01399 -0.08704 41 187 150
2.21184 0.03903 -0.25014 89 2 75
0.17505 0.79589 -0.10933 121 249 103
2.19861 0.10391 -0.24919 90 20 120
2.35444 2.45780 -0.38488 101 108 150
1.11581 2.66848 -0.28556 73 162 0
1.15639 0.61456 -0.18415 1 183 170
-1.29697 2.83690 -0.08968 7 161 179
2.39995 2.70707 -0.40736 170 255 82
2.50760 2.74760 -0.40405 33 187 101
-0.95793 1.05642 -0.01625 99 67 113
-0.27684 0.81322 -0.07191 50 172 183
0.18441 2.37844 -0.18852 87 78 165
2.24080 0.09403 -0.25050 68 17 156
1.79142 1.55928 -0.28375 236 255 249
2.71306 1.87408 -0.38906 0 75 177
-0.63786 2.16543 -0.11634 185 47 128
1.25521 1.12494 -0.22229 81 76 136
2.50889 1.34385 -0.33706 89 191 255
0.01379 0.66316 -0.08285 0 186 117
-1.11987 3.06977 -0.11200 74 255 120
2.86288 1.64299 -0.38450 47 182 155
1.51119 2.33460 -0.30353 13 13 67
1.59086 0.22548 -0.19876 111 56 181
1.93539 1.10897 -0.28644 255 75 177
0.83835 1.03415 -0.17160 148 15 186
-0.48231 1.62587 -0.09065 255 221 150
0.98504 2.35731 -0.25829 208 88 255
1.86165 0.22571 -0.22193 255 151 73
0.39269 1.37659 -0.15685 201 120 154
1.82222 1.15308 -0.26541 173 0 22
2.31947 0.16840 -0.26368 36 53 179
1.45903 1.05427 -0.22893 106 76 255
1.48277 1.93519 -0.27891 92 178 248
1.09096 2.80545 -0.29220 89 186 65
1.37009 0.73995 -0.20572 7 142 17
1.64639 0.59117 -0.22202 205 255 92
0.56121 1.46563 -0.16373 178 92 169
1.48588 2.36144 -0.30482 0 19 57
-0.46517 2.47942 -0.14161 255 93 240
1.52730 0.69052 -0.22368 146 252 79
1.05961 2.44072 -0.27086 180 133 231
-0.16832 2.86910 -0.18300 159 255 220
1.58171 2.61955 -0.32108 110 241 217
2.76367 1.63131 -0.38006 6 180 63
-0.11261 1.74361 -0.13111 22 185 2
1.14423 1.16683 -0.21518 102 83 98
1.12677 1.55878 -0.23821 119 248 255
-0.96177 2.22881 -0.07525 143 117 173
1.87224 -0.03543 -0.20505 187 0 168
0.18542 2.24361 -0.17710 0 0 0
0.22799 2.03487 -0.17721 19 88 36
1.04229 2.41288 -0.27070 177 115 255
1.12919 1.78339 -0.25334 126 255 94
-0.41979 0.55502 -0.04319 196 240 103
-0.92067 0.66146 -0.00148 209 255 168
-0.97442 1.05019 -0.01974 98 72 124
-0.05159 2.57919 -0.17642 14 75 30
1.65124 0.20351 -0.20668 135 42 174
-1.16875 2.98135 -0.09905 0 188 0
0.47777 1.26000 -0.15391 234 81 138
0.12434 1.57859 -0.14457 83 222 81
0.22624 2.35334 -0.19679 102 78 176
0.54310 0.10087 -0.10271 189 0 76
1.91843 1.20552 -0.28084 188 12 135
1.43613 2.10039 -0.28577 80 98 148
2.34924 -0.01055 -0.24261 108 77 247
2.82429 1.40815 -0.37875 34 158 0
-0.87440 2.22905 -0.09676 190 118 253
0.01890 0.37893 -0.07347 0 83 130
2.20891 1.92398 -0.33735 229 153 180
1.75820 2.07318 -0.31641 121 14 87
-1.01266 3.05450 -0.12526 104 255 206
1.59104 2.71791 -0.35091 109 255 124
0.07837 2.51818 -0.17864 77 130 167
0.91691 0.18082 -0.13898 173 96 255
0.27320 2.39976 -0.20346 110 87 250
0.60198 0.62972 -0.12384 255 255 255
-0.56184 0.13426 -0.01290 247 78 101
-0.19833 1.12346 -0.09651 115 100 73
-0.45535 0.94231 -0.05914 154 115 142
0.73284 2.49400 -0.24226 194 60 80
1.68516 0.38606 -0.21319 146 152 10
0.76905 0.94447 -0.16691 255 145 162
0.93920 0.73785 -0.16598 178 248 148
1.51756 0.86017 -0.22241 131 163 180
0.44373 2.63139 -0.22828 96 119 0
2.97985 2.10423 -0.42228 85 0 26
2.26099 0.61851 -0.27717 70 168 2
0.46288 2.05626 -0.19699 214 150 177
-0.16878 1.90017 -0.12265 129 255 82
-0.41950 2.60583 -0.14708 255 155 255
1.68296 0.75658 -0.23535 216 212 250
-0.63875 2.35085 -0.11593 255 75 85
-0.65841 1.88801 -0.08972 255 255 195
0.76117 1.20859 -0.19227 177 0 174
2.75512 0.72653 -0.32664 27 94 0
-1.27204 1.39556 -0.02330 0 0 137
-0.50423 0.69101 -0.03814 245 255 78
-1.43223 3.01524 -0.07681 64 187 177
2.93326 1.70728 -0.39674 157 239 255
-0.35041 1.30010 -0.09084 194 78 79
-1.22667 1.57599 -0.02781 0 82 0
-0.71274 1.19101 -0.05591 185 2 102
0.02679 3.08294 -0.20702 85 223 93
-0.44437 1.40190 -0.07760 242 114 76
2.21460 1.43121 -0.31351 132 139 3
1.36227 1.19271 -0.23768 76 83 255
-0.71735 0.76872 -0.02965 255 255 205
-0.52512 0.31133 -0.01614 245 110 251
1.43311 0.77162 -0.22372 17 127 0
2.58328 0.78482 -0.31666 74 162 139
2.18983 -0.03041 -0.24523 94 0 17
0.51146 0.73157 -0.13145 176 177 187
0.08521 0.97731 -0.10990 83 155 155
-1.39802 2.13802 -0.04430 20 96 192
0.67223 2.70532 -0.25185 255 247 255
0.44756 1.41222 -0.16783 225 143 242
0.47533 2.37479 -0.21263 119 0 134
1.62768 0.45114 -0.21696 112 167 16
2.18827 1.87773 -0.34109 232 184 229
-1.05027 3.03514 -0.12215 88 255 134
1.89232 1.19623 -0.28429 187 8 119
2.74776 1.76909 -0.38280 2 127 154
2.84260 2.62034 -0.43684 92 255 244
-1.31701 0.89242 0.02764 75 248 78
1.15161 0.16350 -0.16028 0 17 63
2.17766 0.13754 -0.24857 186 115 214
0.26575 2.98972 -0.23279 18 165 48
0.85668 0.47078 -0.15486 123 154 109
-1.20812 3.01507 -0.09931 0 185 0
1.49639 1.89515 -0.28150 95 201 249
0.04989 2.02572 -0.15749 0 107 185
2.59472 2.66157 -0.41881 5 189 111
0.67492 2.73202 -0.24873 255 255 255
-0.93665 3.05983 -0.12817 132 255 255
-1.38804 1.08980 0.01051 84 160 93
0.77249 2.31712 -0.23483 187 0 0
1.80930 1.15662 -0.27065 163 0 14
0.14531 2.90052 -0.21772 0 196 27
0.06588 0.86127 -0.10594 84 230 74
0.88144 1.89255 -0.23510 152 144 144
1.71193 2.40886 -0.32354 172 128 254
0.42420 1.03042 -0.14221 141 35 48
0.64776 0.39549 -0.12619 255 191 214
1.57836 2.83226 -0.33041 102 255 80
1.32137 0.61157 -0.19828 0 188 152
-0.68244 2.45519 -0.12146 255 81 74
2.11722 1.03685 -0.29228 243 75 255
2.57762 2.41626 -0.40106 85 174 83
2.04263 0.50434 -0.24345 251 255 255
0.24891 0.40071 -0.09457 84 103 111
-1.36602 1.85873 -0.02870 89 255 120
-1.09910 1.50580 -0.02268 104 131 94
2.18486 2.83371 -0.39023 255 252 90
1.58879 0.63386 -0.22118 177 255 88
-1.23777 1.11816 0.00723 0 45 158
1.77021 1.44074 -0.28670 231 209 255
-0.11574 3.02934 -0.19956 141 246 242
0.22390 2.65808 -0.21821 93 212 241
1.10885 1.54857 -0.23152 127 240 255
0.79448 1.45891 -0.19888 255 178 83
1.10918 1.59273 -0.23573 124 252 255
-1.08873 2.01311 -0.05624 101 243 161
-1.01385 2.02993 -0.06138 130 231 87
-0.44134 2.15050 -0.13132 166 52 0
0.13383 3.00696 -0.21877 0 160 0
-0.09864 1.07903 -0.10315 0 31 0
-1.23033 2.71723 -0.08075 81 181 255
-0.16553 1.25025 -0.09758 105 77 139
0.14796 2.14077 -0.17281 0 35 34
0.20783 0.37622 -0.09112 57 81 173
1.24646 2.03334 -0.26085 97 141 249
-0.91249 0.19805 0.01918 231 72 235
0.99719 2.47861 -0.26482 206 150 244
1.98609 0.89462 -0.27115 186 44 0
-1.33042 2.76687 -0.08383 100 211 255
-1.38027 2.72425 -0.07868 121 184 195
2.68816 2.13335 -0.39226 71 77 181
-1.26724 2.42462 -0.06538 80 78 84
1.14606 1.32602 -0.21423 102 125 218
0.25602 2.48031 -0.21038 100 124 255
2.88881 2.36092 -0.42769 30 72 141
-0.72611 1.72885 -0.07544 255 255 75
2.41755 2.68908 -0.39938 161 255 83
2.59426 0.15181 -0.29222 0 61 0
1.64149 0.69687 -0.22285 194 247 164
1.32895 1.19837 -0.22232 74 87 255
1.29652 1.74027 -0.25704 0 187 7
0.76402 1.02634 -0.16945 170 20 136
-1.26692 2.55237 -0.06622 85 102 153
-1.01015 2.82408 -0.10458 105 248 73
2.49353 2.74871 -0.42488 40 184 101
-0.70728 2.79963 -0.13243 157 165 181
2.12241 1.15681 -0.30052 239 87 255
1.02079 1.36474 -0.20923 72 51 42
1.97134 2.79071 -0.37184 183 184 187
-0.48992 2.87774 -0.16135 188 188 25
2.59444 1.77604 -0.37705 0 144 24
1.08744 1.86793 -0.24008 64 147 0
-1.21925 0.40204 0.03366 91 127 255
2.99164 2.50593 -0.44631 169 238 190
-0.85182 1.75319 -0.06567 121 177 61
2.51219 1.63441 -0.35891 90 255 131
0.15451 1.21915 -0.12677 14 0 146
2.24097 2.69262 -0.39252 234 255 141
2.58278 1.45754 -0.36764 77 252 209
-1.50520 1.32860 0.00663 42 0 78
2.28060 1.84499 -0.35372 190 197 188
-1.18270 2.10755 -0.05378 79 198 156
2.15634 1.02455 -0.30388 228 80 255
2.03667 0.13239 -0.23811 247 112 94
0.69117 2.40228 -0.23612 185 19 0
0.43564 1.13872 -0.14556 228 82 74
-0.53659 2.46730 -0.12658 255 92 165
1.07429 0.61539 -0.17196 114 255 188
2.49307 1.57505 -0.35097 96 255 203
0.50163 0.15874 -0.10305 183 0 72
0.48761 1.74099 -0.18715 145 186 31
-0.75708 0.82080 -0.02406 255 255 206
0.98029 1.94917 -0.23951 114 109 18
1.95975 2.44358 -0.34917 255 170 79
-0.03481 2.15098 -0.15857 88 127 255
-0.83968 3.03697 -0.14739 178 255 255
-0.98198 0.36126 0.01963 199 112 166
0.32683 0.22492 -0.09086 118 17 172
2.24830 1.09949 -0.30518 189 79 206
2.23046 2.84027 -0.39824 244 250 73
-1.12008 1.91917 -0.04925 0 179 168
1.83319 1.92164 -0.31734 151 86 27
-0.29388 0.84987 -0.07107 61 156 185
1.44652 2.52113 -0.31497 0 102 159
1.26226 1.16388 -0.22954 75 73 196
2.85033 0.94373 -0.35196 145 83 255
-0.35830 0.12090 -0.02528 73 0 170
-1.00147 0.90339 -0.01211 88 156 182
1.64150 1.22409 -0.26413 98 17 0
-0.22821 2.43028 -0.15624 84 5 137
0.47507 1.45769 -0.16350 142 82 184
-0.17723 1.80554 -0.13264 41 184 6
1.30660 1.73331 -0.25330 0 182 2
2.24307 2.27474 -0.36256 146 15 100
0.21402 1.25876 -0.13403 38 0 73
0.24730 0.46825 -0.09388 76 138 65
2.08589 1.90504 -0.33467 255 174 255
1.46749 1.21174 -0.23843 109 87 229
2.41404 1.29974 -0.32594 116 168 164
-0.15270 0.54274 -0.06805 88 243 184
1.78138 0.22388 -0.21033 179 66 34
1.17527 2.68719 -0.28747 53 177 38
0.16697 3.05689 -0.22420 0 134 12
1.24283 0.60948 -0.19988 0 187 188
1.52471 1.30600 -0.24388 121 128 115
-0.54348 0.65917 -0.03568 165 186 42
0.09713 1.89544 -0.15980 0 167 188
1.87514 2.62571 -0.35435 155 172 36
-0.83298 0.96976 -0.01660 243 204 152
0.35478 0.60785 -0.10688 208 255 106
1.37822 1.91562 -0.27428 78 197 255
-0.69493 0.14028 0.00608 255 80 99
0.61934 0.35753 -0.12059 255 177 165
-0.44101 2.69154 -0.15346 255 202 220
0.43731 0.12122 -0.09668 167 0 163
2.07005 -0.00025 -0.24013 140 0 0
1.33628 2.73701 -0.31027 84 255 255
-0.82364 1.62804 -0.05711 230 212 207
-1.12177 1.63964 -0.03726 16 116 76
-1.02043 2.38825 -0.08328 28 0 172
2.49492 0.85448 -0.31238 78 123 171
-0.13438 1.95066 -0.14167 115 233 129
2.76480 2.03253 -0.40006 0 2 91
-0.54016 0.11649 -0.01109 149 0 20
1.56325 1.64723 -0.26425 135 255 248
2.61258 0.65690 -0.31257 79 231 224
-0.04867 2.35395 -0.17417 5 0 29
2.92339 2.21406 -0.42130 55 5 65
-0.21493 1.89850 -0.13168 66 177 0
0.85673 1.33711 -0.19770 151 35 14
-0.49017 2.06740 -0.11705 178 102 63
0.86402 2.90752 -0.26709 181 175 0
2.33639 0.03851 -0.26108 112 95 255
0.76821 1.90134 -0.21453 255 225 255
-0.36374 0.58524 -0.04380 172 247 73
-0.02690 0.19388 -0.06268 76 83 73
1.64317 1.97819 -0.29432 69 64 0
0.20725 2.92445 -0.22053 0 181 0
-1.22493 2.58232 -0.07926 78 116 213
-1.40781 1.87182 -0.02505 102 255 98
-1.13945 2.26755 -0.07400 86 107 79
1.25953 1.24147 -0.22351 77 96 242
1.12630 0.87168 -0.18885 16 94 136
2.23696 2.75156 -0.40084 243 255 95
2.02898 1.59107 -0.30389 186 188 0
0.23633 0.77178 -0.10310 145 255 127
2.75291 1.05036 -0.34124 102 80 255
-1.05822 3.05575 -0.12060 90 255 153
-0.06899 1.46705 -0.12656 91 149 249
1.50071 1.55558 -0.26917 25 173 48
-0.08707 2.58852 -0.17616 28 75 6
0.48228 2.61838 -0.22894 119 126 0
0.35910 2.57093 -0.21520 142 173 179
-1.19442 3.02290 -0.10969 0 182 0
-1.13128 0.89932 -0.00332 29 161 88
1.73997 0.16076 -0.20957 251 106 221
1.83913 1.96376 -0.31495 160 69 74
-0.65170 1.40745 -0.06970 190 14 151
-0.29794 0.69029 -0.06271 146 255 168
-1.01104 2.24856 -0.07361 122 112 167
0.32783 1.82979 -0.16578 156 255 182
0.76118 2.94500 -0.27493 255 247 112
1.92536 1.68483 -0.30538 255 255 72
-1.22625 2.97512 -0.09314 0 187 33
2.11077 0.25275 -0.24692 214 190 244
0.56475 1.82066 -0.18701 162 177 0
2.88492 1.97252 -0.41118 126 111 128
2.69337 0.84637 -0.33356 90 126 74
0.50879 0.21986 -0.10620 185 16 21
0.19708 1.12809 -0.12656 36 2 167
-0.58086 1.62287 -0.07931 255 217 83
2.42444 2.05363 -0.37197 50 3 81
-0.65183 1.59342 -0.07431 255 201 91
-0.28658 2.19974 -0.13180 197 112 183
0.57768 2.21775 -0.22191 252 82 242
-0.32921 1.51844 -0.10757 101 89 128
1.99783 2.49615 -0.34546 255 200 124
0.98682 0.99205 -0.19388 163 117 242
-0.07026 1.69661 -0.13222 4 174 0
-0.93595 2.05176 -0.07892 166 219 80
-0.33911 2.12702 -0.12432 214 145 91
2.22302 0.84857 -0.29505 100 57 135
2.06477 0.10336 -0.22727 150 15 6
-0.63153 0.84939 -0.04313 255 250 88
1.75442 1.31486 -0.28008 148 54 76
0.49465 1.54076 -0.16164 148 134 168
0.41039 2.50154 -0.22440 177 140 169
0.36337 1.46435 -0.15948 96 90 127
2.06245 0.61269 -0.26655 164 168 79
2.08106 0.61239 -0.26208 154 179 54
2.78122 1.83238 -0.39624 95 179 255
-0.85619 0.38179 -0.00582 163 51 0
-0.35065 0.34998 -0.04256 157 127 192
2.76368 2.03598 -0.40394 1 3 104
2.17238 2.40373 -0.37058 167 66 128
1.58878 1.09932 -0.24561 74 0 127
0.25522 1.56420 -0.16024 128 217 194
-0.33774 0.41587 -0.04080 158 161 133
-0.65243 2.63567 -0.12544 255 162 195
2.43216 -0.07773 -0.27051 86 74 255
-0.62735 2.88493 -0.15263 180 186 151
0.78291 2.58238 -0.25185 188 110 179
-1.16776 1.46463 -0.02873 90 109 76
-0.95438 0.82627 -0.01609 106 178 179
-0.88609 2.11626 -0.07599 187 183 160
-0.72966 1.65272 -0.06874 255 224 115
2.26467 2.84752 -0.40361 228 245 84
-0.97560 1.18611 -0.02914 175 99 106
2.23685 1.76518 -0.33938 214 235 255
1.48134 2.39316 -0.31237 2 28 80
0.73479 2.42093 -0.23991 182 20 25
0.68555 1.82220 -0.21372 190 178 104
1.44499 0.29624 -0.18920 122 178 253
-0.28884 0.42091 -0.04375 133 170 91
1.49658 0.87572 -0.23468 35 70 82
1.62952 2.03215 -0.30003 64 34 0
1.14592 2.32225 -0.26946 133 90 237
-0.94225 1.97567 -0.06575 153 244 75
-0.91107 2.51506 -0.10697 71 18 104
-1.05932 0.69329 0.00739 159 255 92
1.42891 0.28593 -0.18143 111 158 232
-0.10411 1.85283 -0.13086 15 185 5
-1.23646 1.96632 -0.04467 73 255 255
-0.41908 0.79896 -0.05183 127 176 62
-1.02983 0.76947 -0.00320 79 188 77
2.65878 1.23726 -0.34640 0 46 187
1.53955 1.26279 -0.24577 46 26 42
2.18274 2.04583 -0.35176 236 102 108
2.49216 0.17655 -0.28117 0 61 37
1.69991 1.20037 -0.26841 122 4 0
-0.04128 2.33097 -0.17402 7 0 60
1.75492 1.77046 -0.29049 136 166 32
-0.14501 2.93348 -0.18665 150 255 255
0.17045 0.57502 -0.08499 31 170 45
2.44370 2.17728 -0.38093 129 71 255
2.49545 0.29437 -0.28563 0 129 0
0.27853 2.96248 -0.22032 16 173 30
0.29093 1.71650 -0.16046 137 255 255
2.52512 2.85853 -0.42111 36 143 186
-0.15896 2.43158 -0.15840 54 8 84
1.60791 2.06286 -0.30948 51 21 0
1.46266 0.07633 -0.18244 132 81 118
0.29304 0.07432 -0.08711 113 0 141
-0.24853 2.98606 -0.18724 203 255 241
2.37796 1.21170 -0.32027 40 34 0
-0.97204 2.81556 -0.11141 126 249 73
2.24239 0.62527 -0.28117 86 173 0
1.71897 1.31108 -0.26968 117 52 32
-1.16373 0.40513 0.03416 110 132 255
-1.07241 2.87725 -0.10894 89 255 74
-0.08250 1.09048 -0.09744 82 105 99
2.25823 2.56983 -0.38457 231 241 234
2.09049 0.92168 -0.27575 245 101 155
1.27717 2.05844 -0.27056 79 123 255
-1.17656 2.44265 -0.07288 0 0 80
2.17636 -0.01152 -0.24021 93 0 16
2.57948 1.08802 -0.33223 0 0 48
2.86697 1.54908 -0.38178 50 190 93
-0.54515 2.18454 -0.11227 189 48 37
-0.34438 1.74581 -0.10483 116 185 181
0.11528 2.42472 -0.18135 81 85 136
1.95704 2.83710 -0.37549 178 178 184
0.11677 0.56960 -0.09499 19 177 98
-0.61063 1.46671 -0.07293 188 47 61
2.77511 1.29355 -0.37037 25 94 64
-0.47037 2.40031 -0.13422 255 77 168
0.58305 0.35306 -0.11667 255 163 114
1.92716 1.41744 -0.29543 255 208 243
2.76644 1.79399 -0.38556 95 208 255
-0.91649 2.84712 -0.11214 146 251 125
0.72456 1.96504 -0.21530 255 201 255
-1.10148 0.29939 0.02869 52 3 188
0.92705 2.81544 -0.28801 155 185 0
1.39279 1.39447 -0.24641 0 82 85
2.46800 2.04778 -0.37276 24 0 120
1.07843 2.00857 -0.25378 68 67 14
0.28007 1.14133 -0.13107 67 0 98
2.81773 1.52771 -0.37482 37 186 34
1.84553 0.92640 -0.26464 255 116 111
1.98188 1.43894 -0.29352 190 135 95
1.07194 1.37425 -0.20316 54 61 103
1.51503 0.22106 -0.19327 70 52 174
-0.11639 2.73689 -0.18265 139 239 169
-0.22490 0.46983 -0.05165 115 207 80
1.09546 1.59594 -0.23060 132 255 255
0.58712 0.30308 -0.12508 255 138 93
-0.21436 2.35649 -0.15341 82 0 179
0.38918 0.24604 -0.09188 145 28 119
0.89367 2.42943 -0.25584 251 116 249
1.08614 1.22260 -0.20874 42 0 2
-0.19765 2.98783 -0.19283 175 255 255
-0.71224 2.32611 -0.10966 166 0 68
0.41102 1.30639 -0.15507 208 95 123
-0.91431 0.32837 0.01404 226 106 139
-0.03902 1.02219 -0.09574 78 141 84
-0.39859 1.23368 -0.07897 214 77 135
-0.88462 2.89968 -0.12656 160 255 196
-0.03215 2.75565 -0.19008 96 250 255
2.87324 1.88476 -0.40733 127 146 215
2.03441 1.54849 -0.30478 184 179 0
-1.02278 1.10826 -0.02170 68 49 128
2.43700 1.77354 -0.35513 32 145 19
2.24386 0.48328 -0.27087 161 255 95
2.72255 1.87573 -0.38516 0 75 186
1.55180 1.03822 -0.24340 61 0 179
1.23565 0.00146 -0.15859 0 0 126
-1.11630 0.51086 0.01190 133 188 173
2.51375 0.72256 -0.31355 83 206 255
1.41690 1.03538 -0.22524 92 84 235
0.57420 0.95747 -0.14260 192 67 0
1.35475 2.58462 -0.29934 72 219 210
0.10064 0.96385 -0.10996 93 161 153
0.21916 2.72151 -0.21203 1 157 100
0.55167 0.67530 -0.12834 184 189 190
-1.05192 2.81442 -0.11241 96 234 94
2.67742 1.09662 -0.34531 4 0 145
1.10257 1.48519 -0.21936 127 206 255
2.12439 2.85947 -0.39142 255 247 125
1.18188 2.09180 -0.27348 25 24 161
2.56192 0.74851 -0.31407 80 180 193
2.06672 1.26440 -0.30301 255 129 232
0.35575 2.42643 -0.20896 143 99 255
-1.39347 2.89435 -0.08243 40 177 188
1.34935 1.66246 -0.25472 0 187 9
2.73079 2.24836 -0.40383 77 102 78
1.14906 2.84025 -0.29605 70 182 135
2.01977 1.14645 -0.28658 255 88 255
-1.45438 0.46800 0.05660 5 67 36
0.14082 2.66696 -0.19664 78 217 255
0.04469 2.53436 -0.19218 83 138 156
-0.58636 2.60048 -0.13032 255 151 227
-0.05789 0.53537 -0.08221 0 155 172
0.69921 1.50810 -0.18553 190 120 11
1.77434 2.59888 -0.34180 114 162 0
0.62793 1.86122 -0.20565 255 252 160
-1.11102 0.27474 0.03257 46 0 179
1.96401 0.55381 -0.25265 186 188 186
2.32254 1.68372 -0.33720 86 180 178
-0.92663 2.60867 -0.10317 65 48 41
-1.31262 0.41499 0.03875 71 127 221
-0.88871 0.83440 -0.01251 223 255 255
0.42502 1.17362 -0.14669 212 77 79
2.03525 1.57769 -0.31014 186 184 0
2.42315 0.20233 -0.27770 4 73 70
0.98125 2.83427 -0.29255 141 191 5
2.77133 0.80938 -0.33130 30 49 21
1.58080 0.84244 -0.23440 164 169 236
-1.35777 2.12781 -0.04617 7 104 185
2.39487 1.24119 -0.32473 43 38 12
0.44262 2.65545 -0.22227 182 222 78
1.30889 1.24719 -0.23913 75 96 255
-0.03481 1.06446 -0.10912 74 118 133
-0.25097 2.93688 -0.18168 205 255 206
-1.15359 0.76543 0.00858 25 192 0
0.23548 0.17573 -0.07010 168 83 247
0.23004 1.60495 -0.16403 119 242 190
0.88447 1.14936 -0.18954 129 0 135
0.68898 2.53849 -0.24689 184 86 71
1.58516 1.11070 -0.25244 69 0 119
1.98426 0.96619 -0.27001 255 97 104
0.43926 1.47606 -0.16134 134 93 178
1.52383 1.81984 -0.28850 108 235 255
-0.77409 0.73815 -0.01862 255 255 255
-0.95220 1.97862 -0.06905 154 249 80
2.33791 1.79502 -0.34187 161 222 160
1.92668 1.30256 -0.28701 187 55 189
1.39121 0.05522 -0.17585 22 0 0
0.67519 0.35513 -0.13194 181 86 116
-0.64214 2.85458 -0.14190 171 184 177
1.63003 0.13527 -0.20812 216 98 255
2.97825 2.28602 -0.43319 81 33 172
2.87078 0.94520 -0.34719 164 86 255
0.62128 1.50237 -0.19312 187 109 108
-0.51002 1.86929 -0.10157 255 255 255
-0.75699 0.26651 0.00082 255 88 74
1.63120 0.90840 -0.24267 182 136 255
-1.25666 0.99914 0.01676 0 127 35
-0.46109 0.65397 -0.03894 220 255 81
0.32979 1.68599 -0.16625 156 255 255
-0.46097 2.87724 -0.16155 187 182 11
1.71271 1.23817 -0.26482 129 18 4
2.79859 2.13478 -0.40622 4 0 3
-1.00404 2.63780 -0.10605 20 69 93
-1.01651 0.37062 0.01880 181 119 183
-0.14640 0.41113 -0.06186 85 173 100
2.60824 0.43283 -0.30762 0 186 157
-0.94901 0.80504 -0.00610 118 183 180
0.56139 0.91347 -0.15050 182 87 25
-1.39991 1.57438 -0.00989 11 71 99
-0.92482 1.80808 -0.05725 93 189 76
1.18990 2.04203 -0.26113 112 136 227
0.58202 0.37052 -0.11607 255 186 129
-0.99349 1.87345 -0.06199 55 184 94
1.78282 1.84168 -0.29877 145 134 0
-0.87992 0.86316 -0.02250 227 251 255
-0.70032 1.65478 -0.07634 255 227 97
-0.50131 3.04010 -0.16553 188 163 3
2.17183 2.58114 -0.37960 255 245 255
0.68454 0.86644 -0.15366 189 109 0
-0.13463 0.33815 -0.05918 83 134 75
0.46080 2.58612 -0.22494 109 96 0
1.11815 0.49187 -0.18244 96 255 123
-1.09003 2.15257 -0.06810 92 167 78
0.76388 0.66354 -0.14773 246 255 119
-0.61542 2.95984 -0.15164 179 188 75
1.82144 0.49528 -0.23895 178 191 87
0.64539 2.30106 -0.22695 182 0 41
2.72162 1.45594 -0.37626 90 250 96
0.89062 1.67008 -0.20826 236 255 238
0.49122 2.22579 -0.20474 215 88 255
-0.03989 2.58504 -0.18545 13 75 37
1.17636 0.10476 -0.15687 0 0 94
-1.46510 0.98579 0.02761 103 213 116
-0.41642 2.31105 -0.13831 248 85 157
-0.63221 0.84162 -0.04026 255 255 87
0.81684 1.45557 -0.19539 254 186 77
1.67387 0.62626 -0.23319 218 255 138
-1.62342 0.22977 0.08974 149 76 255
-1.40868 1.34834 0.00242 8 0 173
0.34488 0.16984 -0.09270 134 0 188
-1.13854 0.38095 0.02941 125 111 255
-1.03540 2.99137 -0.12038 102 255 132
-0.44553 0.87840 -0.05241 145 149 99
0.13823 1.04570 -0.11189 97 117 250
-1.24834 1.03578 0.00168 0 94 97
-1.42393 2.89302 -0.07848 51 177 185
1.66134 1.76883 -0.28585 92 165 122
0.44371 1.36921 -0.15857 223 125 202
2.56444 2.46215 -0.40177 89 194 74
0.11173 3.00528 -0.22376 0 161 0
3.00576 2.32969 -0.43527 89 61 187
1.05537 2.38799 -0.26217 181 106 255
1.29659 0.23455 -0.16759 79 133 87
2.60404 0.31568 -0.30445 0 150 66
-1.11237 2.28812 -0.07327 92 98 106
-1.32279 2.79964 -0.08525 12 143 189
2.78405 1.51175 -0.36085 16 187 4
0.00678 2.48578 -0.17520 0 25 8
-0.80502 1.15169 -0.04483 162 22 0
0.52865 0.49465 -0.11945 255 246 180
-0.06203 2.61649 -0.19074 23 91 40
-0.37445 0.97291 -0.06518 103 92 190
-0.29584 0.42591 -0.04343 138 173 94
0.90429 1.44066 -0.20480 216 179 93
-0.51632 1.13124 -0.05392 169 18 189
-0.65278 0.21211 -0.00952 255 80 85
-0.27127 0.75540 -0.06527 52 185 150
2.63391 2.18214 -0.39872 77 81 187
1.61889 1.18808 -0.26557 85 0 28
1.03826 0.90351 -0.19771 139 165 255
2.55540 0.46098 -0.30114 0 190 131
-1.29517 1.65099 -0.02387 76 202 73
-1.05577 1.15599 -0.02278 48 30 123
1.41838 1.83946 -0.27331 78 236 253
-1.49127 1.80171 -0.01239 137 255 100
-1.37796 2.50359 -0.06014 110 88 75
1.95908 1.43876 -0.29726 186 137 119
2.24535 1.70172 -0.33816 123 179 191
-0.78575 1.81477 -0.07848 235 255 78
1.64340 1.64057 -0.28002 167 255 255
0.87220 0.26560 -0.13831 106 46 191
2.75374 2.77883 -0.43432 0 172 109
1.39390 2.48381 -0.30147 0 79 81
0.25534 3.02013 -0.22801 6 151 46
0.91903 2.26295 -0.24596 233 75 157
2.85824 1.45033 -0.37077 50 167 9
-0.19780 1.10362 -0.08919 118 104 80
-0.13809 1.94433 -0.13246 118 238 121
2.48650 1.87655 -0.36304 14 90 11
-1.16510 0.54637 0.02124 113 212 177
2.66571 0.93759 -0.33454 0 8 24
0.66928 1.31360 -0.17808 255 103 255
2.46295 2.11754 -0.37463 119 81 251
0.26245 1.69614 -0.15851 129 255 255
-0.21535 1.13279 -0.09187 115 94 78
0.05759 2.88093 -0.20868 0 189 128
2.91539 1.79949 -0.40348 146 193 225
-1.28219 2.88535 -0.09119 4 177 154
-0.64241 2.04824 -0.10310 182 123 187
2.66903 1.83221 -0.38737 0 107 131
-0.94224 0.40435 0.01593 213 141 105
-0.39258 0.66011 -0.04799 192 255 77
-0.41711 0.21490 -0.02359 108 0 180
-0.73715 1.29383 -0.05424 173 0 158
0.92634 0.91528 -0.17951 196 164 255
1.81702 2.06216 -0.31085 149 18 140
0.72391 0.75530 -0.14803 255 249 92
-0.90616 2.82434 -0.11487 149 248 119
-1.29390 1.37414 -0.00603 0 0 163
2.18584 1.94068 -0.34482 231 148 190
1.44394 0.25594 -0.19048 118 157 235
-0.04303 2.73417 -0.18461 102 242 237
1.27701 2.67783 -0.29586 96 255 209
1.36031 0.03959 -0.17623 13 0 3
1.97957 0.94766 -0.27841 255 108 92
2.45450 1.52715 -0.34830 106 255 255
-1.48336 0.69655 0.04176 14 174 180
-0.79574 0.43311 -0.00340 184 70 25
2.52371 0.80094 -0.30956 75 151 179
2.09278 0.80308 -0.27473 159 88 0
-0.88134 2.39869 -0.09490 87 0 167
2.65431 1.52330 -0.37280 78 255 85
-0.11578 2.98196 -0.19349 136 255 255
2.78457 0.15868 -0.29678 138 156 185
1.72800 0.68957 -0.23354 245 240 247
0.78572 1.39551 -0.19001 175 59 32
1.59670 0.91961 -0.24142 165 123 255
-1.20741 2.82369 -0.09256 0 156 134
1.88941 1.87283 -0.31762 174 119 40
-0.87796 1.92142 -0.08565 115 176 0
0.42059 1.59515 -0.16320 118 158 187
-0.69347 0.78839 -0.03405 255 255 163
1.29327 1.97261 -0.27454 85 170 245
1.48432 1.91882 -0.27634 93 185 252
1.62273 2.41601 -0.32095 139 141 255
1.93699 2.31702 -0.33099 255 102 122
1.32026 1.20720 -0.22041 72 86 255
2.51675 1.85551 -0.37145 3 96 13
2.36931 1.79883 -0.35209 158 218 146
0.26516 0.87682 -0.12383 158 208 237
2.66638 0.07812 -0.28390 11 18 0
1.20091 0.18569 -0.16077 0 26 19
1.03770 1.84018 -0.23767 86 155 34
1.94925 0.04631 -0.21977 173 0 32
0.02996 0.62929 -0.08495 0 185 130
-1.34295 2.35243 -0.06163 10 0 35
1.42581 1.58802 -0.26147 0 180 4
2.41570 0.58930 -0.29995 95 255 199
1.66629 2.53933 -0.32548 151 206 197
-0.40692 2.73970 -0.16113 172 151 48
2.75759 0.03603 -0.29417 44 8 0
-0.88065 2.94173 -0.12949 159 255 236
1.41202 1.60571 -0.26340 0 183 5
2.30224 0.75497 -0.27963 155 196 224
2.10597 2.81982 -0.37387 255 253 157
-0.09112 1.43731 -0.11380 89 134 255
-1.14579 3.10663 -0.10635 0 160 33
2.85849 1.67005 -0.38825 126 255 248
-1.17462 0.99116 0.00732 5 115 119
-0.45988 2.92660 -0.16125 179 191 0
0.35960 2.06265 -0.19756 72 71 4
-0.33276 1.98244 -0.11991 205 223 96
2.25974 0.82024 -0.28418 78 73 152
2.37614 1.47215 -0.33174 140 246 249
2.33849 0.62361 -0.28380 126 250 149
-1.03967 2.76544 -0.10376 106 218 100
2.36095 0.19207 -0.26247 24 73 137
1.71791 2.62839 -0.34636 89 165 0
-0.74510 2.29166 -0.10364 161 2 121
2.25250 0.24260 -0.26575 160 192 255
-1.46245 1.06313 0.01827 106 178 90
1.87027 1.49055 -0.29545 255 234 235
-0.51876 1.41721 -0.07562 174 32 12
1.14614 2.30992 -0.27474 133 79 250
-0.25372 1.70484 -0.12087 80 173 149
1.52456 1.37072 -0.26679 35 76 0
2.58030 1.14386 -0.33529 0 10 96
-0.04169 1.10240 -0.10293 0 15 56
-0.16472 0.97936 -0.08512 20 78 32
1.33058 2.21783 -0.29031 0 0 69
1.86137 2.56227 -0.34605 147 140 0
2.22555 1.63667 -0.32478 127 186 159
0.00390 0.19677 -0.05534 83 88 84
2.00814 0.38898 -0.24347 255 248 254
0.70096 0.98065 -0.16833 183 41 55
-1.04965 0.16303 0.03877 88 0 166
1.69935 2.06613 -0.30504 94 23 28
0.74812 0.30450 -0.12458 161 64 134
2.76533 2.33546 -0.41652 82 140 117
-1.50551 1.06372 0.03404 122 177 95
1.99628 0.84601 -0.27444 186 66 0
-0.25458 0.68889 -0.06015 132 255 196
0.37331 0.20298 -0.08729 150 12 147
0.49017 2.99881 -0.25459 189 234 255
-0.50051 2.02708 -0.10886 180 132 118
-0.97515 1.02927 -0.02504 90 87 152
1.48464 1.96469 -0.28187 97 159 214
1.49488 2.38214 -0.31367 3 36 94
0.39446 0.68847 -0.12171 132 184 119
0.90311 1.63054 -0.21428 227 255 232
1.31334 0.72191 -0.20300 0 162 80
-1.42635 2.88522 -0.07304 54 174 172
2.13630 2.44138 -0.36146 178 90 139
1.99070 0.09568 -0.22620 175 14 0
-0.29307 1.20102 -0.07471 155 75 77
0.36289 2.46690 -0.21151 149 113 238
2.60048 2.55195 -0.41672 0 164 49
1.57049 1.21275 -0.25818 60 8 49
-0.05248 1.20919 -0.10868 0 0 122
2.40696 1.90369 -0.36157 53 67 0
1.52800 0.32972 -0.20418 78 112 174
-0.67098 1.85489 -0.09385 255 255 168
0.22148 1.34940 -0.13157 37 21 1
0.74460 1.75652 -0.21713 183 190 96
-0.24385 1.45338 -0.09974 151 142 237
-1.52904 0.24490 0.06913 104 73 159
1.72235 0.72964 -0.24233 236 223 255
-1.13347 1.44834 -0.03385 104 104 73
-0.10002 0.32785 -0.07348 0 43 0
2.15439 0.30208 -0.25945 205 201 255
1.25289 1.89663 -0.26198 89 211 162
-1.27971 2.05604 -0.05269 0 142 191
-1.05705 0.29736 0.03099 69 3 180
2.77556 2.16424 -0.39668 90 79 80
-1.10613 0.64677 0.01723 125 251 78
2.02741 2.88192 -0.37793 188 154 100
1.62387 1.68291 -0.28646 158 255 255
-1.16375 1.91917 -0.05542 0 190 188
2.89380 1.29537 -0.37187 73 91 0
2.60451 2.45061 -0.41267 83 197 79
-0.20856 2.66492 -0.17039 83 114 0
-1.52385 1.84879 -0.00983 152 255 91
0.87838 2.17592 -0.24059 166 0 0
1.37092 2.87461 -0.31157 75 255 192
2.19314 2.01725 -0.34621 241 99 119
-0.04318 1.42827 -0.12308 0 41 165
-1.20271 0.81901 0.01659 5 185 0
-0.52732 2.62780 -0.14158 255 161 255
-0.46055 2.57509 -0.15450 255 137 255
-1.38011 1.28053 0.00880 0 0 155
-0.51525 2.68594 -0.14940 255 199 255
0.67765 1.71356 -0.20582 192 191 2
0.46022 2.91327 -0.24609 181 255 243
0.27088 0.60059 -0.10392 87 186 0
0.38482 1.20211 -0.15052 201 80 74
1.74697 2.48955 -0.33261 186 178 168
-0.80487 2.14491 -0.08473 140 68 171
0.44524 1.00868 -0.14755 147 37 54
2.27537 0.59998 -0.28004 65 179 7
1.94869 2.43059 -0.34942 255 155 73
-1.12761 1.28874 -0.01262 100 81 159
-1.47700 2.28735 -0.04177 50 24 182
2.55527 1.07810 -0.32771 0 0 16
-0.06586 0.59992 -0.07547 0 182 185
2.73574 0.19438 -0.30101 120 173 165
2.18932 2.78303 -0.39576 255 255 111
1.17778 2.52073 -0.28511 122 173 83
1.77116 2.66368 -0.34460 111 177 0
2.23449 0.16662 -0.25741 161 139 255
1.42514 2.33992 -0.29259 0 10 0
1.79559 1.28585 -0.29125 160 42 85
-0.98975 0.38938 0.02367 197 119 158
-1.38837 0.50504 0.04547 0 93 140
-0.08787 2.26725 -0.16289 100 82 231
0.21607 0.92258 -0.11484 126 188 221
2.56871 2.00026 -0.37931 3 17 167
2.92802 2.16961 -0.41858 67 0 53
-0.54469 2.23471 -0.11037 187 14 0
0.98582 1.65744 -0.23105 181 255 255
2.57552 1.15438 -0.33836 0 11 102
2.62943 1.76548 -0.36477 0 133 49
-1.28186 2.86442 -0.08601 7 169 168
0.71246 0.79709 -0.15326 255 230 80
-0.40705 2.18258 -0.12383 158 37 0
2.31810 2.08899 -0.36185 175 86 112
-1.34054 2.42621 -0.05562 92 73 87
-0.63745 1.32349 -0.05696 192 0 175
-1.04052 2.17598 -0.06885 111 155 78
0.98731 2.31676 -0.25190 210 81 239
0.14452 2.24881 -0.18153 0 0 0
1.21827 0.82533 -0.19739 0 106 88
1.34639 0.71411 -0.20560 0 157 53
-1.03804 0.60977 0.00939 160 244 74
-0.53144 2.29517 -0.12984 184 2 0
-1.39995 0.98465 0.01765 81 221 91
0.82644 1.80941 -0.21173 255 255 255
-0.50652 3.06042 -0.16587 191 157 0
-1.08217 1.40396 -0.03693 116 92 78
0.28340 1.80575 -0.16906 133 255 250
-1.10997 1.75578 -0.05435 12 172 171
1.03356 2.37381 -0.26371 191 97 255
-1.16160 2.76738 -0.09867 0 139 140
-1.03182 0.34497 0.02343 87 23 141
0.07099 1.38866 -0.12814 0 35 90
-0.97145 0.54611 0.00804 197 216 75
0.41220 2.29522 -0.21244 95 0 188
-0.27108 0.20262 -0.03190 39 0 155
-0.78853 2.23420 -0.09669 134 27 190
1.18776 0.98309 -0.20384 1 27 0
-1.13246 1.45713 -0.02368 96 102 79
0.48208 1.91672 -0.19451 228 226 84
-0.70458 1.38406 -0.06452 177 10 186
1.65873 1.07864 -0.25110 110 0 80
1.06449 2.97432 -0.30130 99 138 154
1.09051 2.10492 -0.25627 69 20 89
2.50449 0.48071 -0.29135 0 190 103
2.55877 1.94497 -0.37560 0 47 127
0.60899 2.63727 -0.24708 254 219 163
1.56606 0.44870 -0.20676 83 175 58
-1.00361 1.80714 -0.05194 51 189 148
1.81496 0.10449 -0.20610 255 95 202
0.34487 0.92316 -0.12891 107 92 185
-0.85018 1.69057 -0.06009 125 150 107
-1.53910 0.82068 0.03560 127 255 255
0.40954 1.46447 -0.16626 124 91 155
1.67573 0.65294 -0.23550 216 255 173
2.49360 1.87065 -0.36785 15 93 0
0.82738 2.36250 -0.25215 255 84 138
2.69241 2.05631 -0.39854 0 0 151
-1.61883 0.42443 0.07857 66 32 25
0.93611 0.39213 -0.15646 81 125 98
-0.05409 1.50009 -0.11640 0 86 121
1.65085 1.32764 -0.26791 100 65 10
0.70540 1.42030 -0.19080 255 156 165
-0.91624 1.78177 -0.06458 95 185 85
1.96868 2.41427 -0.35588 255 148 72
0.46750 1.87626 -0.18751 214 250 77
2.45063 2.20648 -0.38968 122 86 255
0.81561 2.46859 -0.24616 183 41 123
-0.02619 0.47423 -0.07155 0 128 158
2.59080 0.52378 -0.30448 76 255 255
2.87834 1.89520 -0.40146 133 140 187
1.87183 0.50677 -0.24642 195 186 152
-0.37897 0.59185 -0.03777 179 255 70
-1.23733 0.19125 0.05047 10 0 33
0.46899 2.50860 -0.22426 107 55 34
-0.39461 2.00389 -0.12481 232 213 115
1.70733 0.05963 -0.20310 242 78 255
0.93103 2.76732 -0.27519 153 187 7
-1.13787 2.23186 -0.07530 77 126 70
-0.85870 0.65481 -0.00353 162 172 146
-1.10840 2.34097 -0.07572 85 87 136
0.11812 2.84669 -0.21016 0 190 90
0.85740 2.11011 -0.24292 174 33 13
-0.50862 0.91860 -0.05764 248 213 166
0.65090 2.10010 -0.21316 255 123 255
1.16638 1.59984 -0.23950 24 176 112
-0.25979 1.39941 -0.11211 149 116 183
-1.02071 1.95214 -0.06197 41 174 52
2.45473 0.05475 -0.27350 82 95 242
2.47676 2.07444 -0.38309 23 0 149
-0.21823 0.11380 -0.03168 5 0 162
1.40973 2.15949 -0.29041 82 82 123
-0.53176 0.42405 -0.02958 155 79 189
1.54528 2.40185 -0.31188 17 44 149
0.27495 3.03254 -0.23058 12 139 89
0.92865 0.01200 -0.12383 159 83 173
-0.32782 2.52366 -0.15700 134 36 149
2.03835 0.90310 -0.27976 174 31 14
0.51481 1.93628 -0.19362 235 219 115
2.88912 2.30239 -0.42881 34 36 106
0.77833 1.51160 -0.20140 255 221 75
1.10862 0.89012 -0.19699 107 157 221
2.13564 1.26314 -0.30843 245 129 177
0.84499 1.27390 -0.19600 154 4 73
-0.93890 1.19773 -0.03436 188 90 91
-0.58239 2.69750 -0.13322 255 194 255
2.49590 0.61419 -0.29854 83 253 255
-1.30378 2.15090 -0.05039 0 93 150
-1.34913 0.55815 0.03714 0 121 186
-0.02101 0.60383 -0.08771 0 183 186
0.23062 1.69189 -0.15415 117 255 255
-0.61037 2.74060 -0.13481 187 135 187
1.97167 1.62229 -0.31681 196 185 0
-0.30584 0.69989 -0.05664 64 187 93
0.51818 0.93766 -0.14566 173 70 36
-0.33889 2.92592 -0.17497 242 255 112
0.38040 2.03243 -0.18060 87 94 0
1.93726 0.45418 -0.24658 255 255 249
1.47996 1.58107 -0.26364 13 176 26
1.99358 0.88156 -0.27922 184 45 0
-1.23142 0.73366 0.01732 88 255 110
2.63412 2.28395 -0.39890 82 108 109
2.17620 0.01150 -0.24765 105 0 24
-0.01008 2.49318 -0.18732 2 26 4
2.54163 2.83906 -0.42679 26 159 183
1.08631 2.17189 -0.25550 69 1 138
1.63783 1.71924 -0.28186 170 255 255
0.40193 1.58954 -0.17083 111 153 188
-0.14269 1.68418 -0.13054 29 175 57
0.87209 2.71993 -0.27774 174 171 91
2.42009 1.45388 -0.34655 115 240 255
0.65682 2.34539 -0.23081 182 0 8
2.40680 0.77040 -0.30178 98 183 255
2.71936 1.18208 -0.34494 10 26 186
1.04390 2.39496 -0.25998 181 101 255
-0.04361 2.72919 -0.20124 100 242 233
-0.73480 0.73429 -0.03112 186 188 156
2.07760 0.92437 -0.28037 249 107 154
2.68507 0.03724 -0.28117 21 13 0
-0.04303 0.61447 -0.08149 0 183 184
-1.37363 2.30189 -0.03765 17 16 100
-0.54713 2.91991 -0.16190 187 191 56
1.29715 2.50312 -0.29944 0 86 12
-1.51920 0.85485 0.04184 109 255 255
0.17717 1.38079 -0.14009 12 33 23
1.78400 0.24387 -0.22632 178 81 21
1.99837 1.00091 -0.27503 255 84 141
-0.54632 2.00866 -0.11362 185 136 166
0.29217 2.06230 -0.18876 52 71 0
0.63939 0.34181 -0.11259 255 163 154
-0.46499 2.59740 -0.14328 255 151 255
2.63346 -0.08167 -0.27861 9 0 102
2.63583 2.46709 -0.42192 80 216 101
0.54880 2.17632 -0.21744 241 95 255
0.28758 1.99897 -0.17877 41 111 9
2.31034 1.79972 -0.36060 182 224 194
1.32198 1.91179 -0.26096 78 201 235
1.75667 1.65815 -0.29966 225 255 227
-0.31755 1.73538 -0.11422 110 181 166
-0.71840 0.76328 -0.01655 255 255 194
1.65333 1.82807 -0.28179 81 145 77
1.63735 2.33995 -0.32270 141 98 251
2.10237 -0.00264 -0.24566 125 0 0
2.42301 2.67755 -0.39827 151 255 86
1.60425 2.68768 -0.33132 117 255 133
2.66083 2.58361 -0.41704 0 171 119
1.60908 2.29330 -0.30872 129 88 217
1.35118 2.51787 -0.29575 0 104 77
0.72379 2.81866 -0.25662 255 255 242
1.29000 0.96699 -0.21437 0 29 0
0.71426 0.69201 -0.15030 255 255 132
0.13191 1.11420 -0.12630 13 8 191
2.44018 0.10188 -0.26928 0 28 142
0.40685 0.68678 -0.12053 140 186 131
0.64127 2.99351 -0.26415 253 233 167
1.30401 1.85894 -0.26864 74 225 187
-1.35868 1.04233 0.00897 78 182 89
1.39076 2.32623 -0.29205 0 5 0
-1.15151 1.13445 -0.01475 17 38 185
2.21090 -0.02277 -0.24291 72 0 40
-0.58347 0.76873 -0.03767 255 255 93
-1.15857 2.70240 -0.08035 77 180 255
-0.39043 2.47749 -0.15236 244 101 255
0.57196 2.76921 -0.24664 232 255 225
2.58537 0.07984 -0.27975 80 100 108
-1.51136 0.66405 0.04757 23 171 144
2.90634 1.89713 -0.41099 138 143 165
1.71671 2.71395 -0.34292 85 185 0
2.89842 1.70656 -0.38724 148 244 255
0.72220 2.13198 -0.22985 255 114 189
1.85022 0.63606 -0.24644 255 255 255
-0.36524 0.20649 -0.03202 81 0 186
-1.32971 1.40879 -0.01116 0 5 157
1.68042 0.29749 -0.21172 143 99 88
1.17426 1.98832 -0.25830 30 78 84
-1.30716 2.88057 -0.08250 14 170 180
-1.50886 1.19637 0.01028 37 16 0
0.72483 1.32892 -0.18890 255 111 224
-1.48982 2.19563 -0.04089 55 67 172
2.79248 0.88645 -0.34406 123 102 183
-0.09122 1.90663 -0.13896 97 251 131
-0.91461 2.83110 -0.11358 145 255 120
1.87161 1.19741 -0.27317 181 8 95
-0.70969 1.30460 -0.04961 178 0 182
-0.10675 0.53942 -0.07216 0 164 148
-0.84053 1.37429 -0.04474 142 1 132
1.67107 0.65793 -0.23378 216 251 160
0.53887 2.01109 -0.20057 242 171 198
-1.01048 1.97448 -0.07068 125 255 115
2.41482 2.84772 -0.41318 172 240 196
-1.55059 0.56837 0.06109 42 121 37
-0.91279 0.83908 -0.00811 125 174 187
-0.35311 2.96739 -0.17271 156 180 49
1.91303 2.80831 -0.36734 169 181 184
2.29461 1.20599 -0.31452 167 118 93
0.86144 2.93024 -0.27893 176 167 0
-0.71537 2.60001 -0.12379 239 150 111
-0.31700 2.08716 -0.12475 203 176 82
1.45731 2.23937 -0.28701 0 0 0
-0.37985 2.91839 -0.16981 164 184 4
-1.13930 0.36106 0.03483 37 14 189
-1.45236 2.08371 -0.03654 42 137 120
1.80694 0.21688 -0.22666 183 61 22
-0.78916 0.89999 -0.03484 255 235 157
0.69233 1.80317 -0.20688 191 179 90
2.89554 1.43117 -0.37054 63 159 20
2.36523 2.79465 -0.41510 186 255 108
-0.46902 2.70728 -0.15620 255 208 228
2.99608 2.15807 -0.42204 85 0 98
-0.98242 1.44299 -0.04317 158 107 149
-0.57757 0.29399 -0.01436 255 99 189
2.14165 1.38803 -0.30410 156 116 6
1.37085 0.49163 -0.20667 94 255 255
2.69420 1.53397 -0.36018 75 255 74
-0.91736 2.53781 -0.09600 71 20 90
2.13539 2.21411 -0.35069 172 0 0
-0.72979 2.56262 -0.12269 233 124 78
-0.70653 1.86742 -0.08963 255 255 129
1.93744 1.47789 -0.29550 255 238 177
-0.43451 0.69706 -0.04233 215 255 75
-1.02568 2.32484 -0.08380 114 86 201
1.59978 2.31742 -0.30295 44 6 132
2.51783 1.06687 -0.32374 0 0 0
-0.96278 2.40038 -0.09465 49 0 193
2.40610 0.54469 -0.28429 106 255 145
2.50062 1.35252 -0.33919 88 204 255
1.61705 1.04793 -0.24647 99 0 126
0.71884 0.08317 -0.12087 254 75 72
-0.00447 3.04741 -0.20863 97 238 135
0.02171 2.95687 -0.20853 87 255 176
-1.51333 0.42931 0.05897 21 36 0
0.40823 0.10715 -0.09615 157 0 183
-0.12735 2.25438 -0.15519 127 90 255
-0.24521 1.60325 -0.10687 58 134 187
1.66153 1.14809 -0.26941 109 0 27
-0.05496 2.58420 -0.18041 17 70 23
-1.49763 1.34921 0.01151 43 0 101
-1.05928 1.46339 -0.03346 120 111 88
-1.45703 0.96354 0.03263 99 226 125
-0.96803 2.78569 -0.11083 128 229 75
-1.04088 2.50462 -0.09526 18 2 191
1.98846 2.80209 -0.37153 186 182 180
0.12321 1.90873 -0.17217 0 160 188
-1.03057 0.47440 0.01241 167 173 128
0.97869 1.13588 -0.18962 86 0 62
-0.71377 2.82695 -0.13469 149 172 176
-0.64531 2.67758 -0.13273 255 195 236
1.28889 1.52154 -0.23821 0 151 54
2.37018 -0.06901 -0.25729 97 73 248
0.24061 1.50139 -0.15506 122 187 120
-0.55097 1.08653 -0.06442 255 131 245
0.66433 1.46431 -0.18861 191 93 88
-0.85722 0.86968 -0.02065 234 255 248
-0.19375 2.51688 -0.15694 71 35 43
0.96368 1.12090 -0.19543 91 0 88
2.34871 1.43347 -0.32741 150 225 192
1.36938 1.34248 -0.23449 76 142 224
-1.14351 1.29345 -0.01957 99 72 170
0.22833 2.85976 -0.22594 1 185 0
2.00268 0.24524 -0.23190 255 171 126
0.50398 0.33294 -0.11002 255 162 77
2.47949 2.36496 -0.39094 128 142 198
-0.31301 1.22384 -0.09453 171 76 81
1.35115 0.07722 -0.17749 6 0 0
2.22221 0.10578 -0.25055 167 110 241
-1.11323 2.71975 -0.09551 0 105 133
-0.28629 1.81128 -0.11417 96 187 80
1.27275 1.28998 -0.23142 76 108 255
-1.19833 2.53876 -0.08423 77 96 221
-0.00298 1.97059 -0.15502 0 142 173
0.38781 0.76941 -0.11828 128 157 170
-0.94686 1.30313 -0.04113 182 75 81
2.01879 0.15377 -0.23895 253 126 93
1.43864 0.64999 -0.20932 22 179 24
1.38585 2.93856 -0.32719 79 234 135
-1.37479 0.46798 0.03336 0 66 114
0.28364 1.58633 -0.15797 141 222 209
0.76129 2.12620 -0.22236 255 106 150
-1.48121 0.96391 0.03107 107 226 142
-0.81853 1.17265 -0.04567 157 9 5
0.91681 1.10637 -0.18718 108 0 137
0.58053 1.23424 -0.17585 255 81 215
1.73245 1.82094 -0.30085 123 145 21
-0.84511 0.65651 0.00218 161 184 151
1.03644 0.17379 -0.15844 121 102 255
-1.04222 0.28699 0.01519 87 3 175
2.00178 1.65077 -0.31832 185 187 0
-1.10308 2.06600 -0.05981 95 209 115
-1.05464 1.94625 -0.06658 33 174 84
1.44719 2.52964 -0.31126 0 113 161
-1.28280 1.08004 0.00316 77 155 178
-0.68271 2.01228 -0.08905 173 142 172
1.29885 2.94790 -0.32007 92 234 207
2.55295 0.12666 -0.27545 0 43 21
1.40741 0.93197 -0.22166 9 48 39
2.92256 2.54165 -0.44941 122 248 234
0.19748 2.15430 -0.18400 12 26 0
2.56579 0.55629 -0.30252 73 255 255
-0.74574 1.63842 -0.07660 252 222 135
-0.47083 1.16881 -0.06806 241 90 244
2.42510 1.33048 -0.33791 114 176 194
-0.78061 2.44125 -0.10582 136 0 52
3.00432 2.42793 -0.44272 84 107 165
2.56836 2.52853 -0.40323 3 152 6
1.85933 0.09199 -0.22599 190 4 79
0.21259 0.93237 -0.11482 128 184 227
1.25999 0.75146 -0.20677 0 146 96
2.82634 2.50218 -0.42759 94 235 255
1.79183 1.93076 -0.30980 137 83 7
2.80231 0.86821 -0.34103 131 113 171
2.88984 2.54256 -0.42995 122 245 252
-0.83252 1.13575 -0.03727 237 113 73
-0.18213 2.15657 -0.14871 142 128 242
0.97337 0.70986 -0.16590 164 255 158
1.21248 1.88761 -0.25674 97 218 119
-0.51564 3.02358 -0.16541 187 169 0
-1.32226 0.93052 0.01431 73 237 72
1.21448 1.21938 -0.21967 84 87 182
-0.76038 1.03004 -0.03957 255 169 74
2.45698 2.10276 -0.37716 123 75 233
1.48516 0.48856 -0.20901 46 180 108
0.19683 0.86672 -0.11524 121 214 167
1.36496 1.36390 -0.23335 79 156 212
-0.34315 2.16653 -0.13636 216 122 115
0.73311 0.06806 -0.11998 245 76 74
-0.47582 2.60005 -0.14007 255 147 255
-0.05011 2.19343 -0.17141 88 101 241
2.77916 0.52504 -0.31758 44 188 96
0.87880 1.07405 -0.19013 134 0 177
0.75062 2.79181 -0.25544 255 255 237
2.30915 0.22617 -0.26275 44 87 153
0.94927 0.21610 -0.13775 71 29 186
1.50821 0.45237 -0.20597 55 168 117
1.15514 0.79603 -0.20045 1 137 165
0.99073 2.56316 -0.27043 216 194 198
0.84500 2.41344 -0.25271 255 112 207
0.77062 0.58662 -0.15169 163 185 84
2.13160 1.83312 -0.33149 255 212 255
-0.43990 1.40077 -0.08549 237 107 80
1.19987 1.66081 -0.24601 14 187 40
-0.84136 1.94239 -0.08132 131 176 0
-0.35831 1.28429 -0.08409 197 74 87
-0.84559 0.86494 -0.01958 243 247 234
0.78193 2.54734 -0.24991 188 92 152
1.91051 0.39807 -0.23484 255 250 177
-0.03085 1.75230 -0.14137 80 255 79
0.52479 2.30479 -0.21965 143 0 143
-1.62248 0.30847 0.07905 145 86 197
1.63772 0.49849 -0.21672 120 185 0
0.14377 2.56795 -0.19518 81 162 255
0.94130 1.29257 -0.20758 108 16 0
1.62164 0.42236 -0.21759 107 165 40
0.30026 0.86017 -0.12558 170 217 251
0.01725 2.15351 -0.16530 0 35 137
-0.11888 1.68176 -0.12795 18 172 31
2.84430 2.77869 -0.44523 94 251 120
-0.28759 1.11592 -0.08594 158 104 133
2.07942 2.74058 -0.37153 255 255 239
-0.40032 2.16518 -0.13103 155 44 0
2.24264 2.47649 -0.37633 142 114 186
-0.13367 2.03600 -0.14561 117 195 198
-0.92995 3.00191 -0.13271 134 255 224
-0.94674 2.73740 -0.11078 55 117 0
0.00542 0.97114 -0.10332 80 165 94
2.10950 1.45375 -0.31186 170 151 0
2.45718 1.44672 -0.33497 103 238 255
2.29026 -0.00053 -0.24615 134 77 214
1.69481 0.53337 -0.22455 144 187 7
-0.63760 2.43755 -0.11876 255 83 82
2.84869 1.71889 -0.38523 117 243 255
1.46133 1.78474 -0.28097 92 251 255
-0.40258 1.26463 -0.06742 215 78 118
2.39529 0.68971 -0.29285 110 218 244
-0.28270 1.79158 -0.10845 91 191 113
-0.84351 2.64050 -0.11271 101 74 0
-0.57954 1.51095 -0.07598 185 67 5
-0.06427 0.77231 -0.08908 74 255 202
2.04689 1.73122 -0.32464 184 180 66
-1.13198 2.95497 -0.10486 76 255 79
1.58772 0.96996 -0.24682 162 109 255
-0.73243 0.77907 -0.03285 255 255 206
-0.98719 2.14731 -0.06874 134 158 99
1.19417 1.78255 -0.25113 12 180 0
-0.78403 2.24569 -0.10453 143 24 184
-0.70645 0.12640 0.00542 255 77 105
0.89815 0.50774 -0.15276 103 169 38
2.79981 1.53208 -0.36976 19 189 20
0.79969 1.05334 -0.18418 162 9 173
-0.84736 1.19669 -0.03333 142 5 0
0.73886 0.73411 -0.15573 255 255 90
-0.15193 0.45597 -0.06229 87 189 110
1.68571 1.78495 -0.29933 107 162 86
-0.11795 0.76798 -0.07405 0 175 150
0.73333 0.26425 -0.12244 169 44 99
1.84680 1.64984 -0.28966 253 255 138
1.40705 0.62343 -0.21179 7 185 77
2.21569 2.32306 -0.37276 154 28 104
-0.58391 2.71252 -0.14466 255 216 255
2.01414 2.41776 -0.35471 189 78 9
0.80649 0.04114 -0.11030 223 75 85
-0.76220 0.99289 -0.03447 255 182 83
1.41313 0.65093 -0.21717 13 175 34
2.04097 2.52123 -0.35711 189 129 103
0.55602 1.77919 -0.19066 169 189 0
1.82408 1.38646 -0.27549 245 181 255
2.90688 1.32474 -0.37764 75 109 0
-1.13411 3.14720 -0.11402 0 141 73
0.49902 0.97441 -0.14814 171 50 26
-1.00054 1.39301 -0.04276 158 88 90
-1.13969 2.16505 -0.06823 86 161 96
-1.32969 1.88404 -0.03254 82 255 176
0.56665 1.74292 -0.18380 177 184 0
2.23102 2.35196 -0.37147 148 45 146
2.12031 0.78544 -0.27661 143 85 3
-0.65566 1.80455 -0.09343 255 255 121
1.48390 0.05345 -0.18049 139 76 118
0.69221 0.43661 -0.13434 177 129 180
-0.77370 0.53461 -0.00704 187 129 124
-1.05308 2.48509 -0.08530 18 0 186
1.66806 2.30301 -0.31729 161 95 255
0.60999 2.66543 -0.24408 250 237 192
2.49651 1.07446 -0.31792 3 0 0
-1.35085 2.44054 -0.05628 91 77 80
0.49449 0.46220 -0.11712 255 225 127
0.74182 2.50978 -0.24528 188 71 98
-1.42133 1.33721 0.00368 14 0 151
2.81599 0.69628 -0.33185 55 115 0
1.24515 0.58956 -0.18862 0 184 189
0.08769 2.83141 -0.19792 0 190 126
-1.11305 0.46630 0.02249 136 166 203
2.21706 1.32261 -0.30931 122 79 0
-0.54777 1.87616 -0.10112 255 255 255
-1.15328 0.38291 0.03353 120 125 255
1.88883 1.49237 -0.29533 255 243 222
1.80006 1.77675 -0.30871 146 164 5
-1.02198 2.97677 -0.11031 101 255 118
1.21645 0.86718 -0.19888 0 92 55
2.27063 2.54769 -0.37925 221 235 224
-0.22884 1.83359 -0.12337 66 190 32
1.34787 0.61157 -0.19775 3 185 127
1.20124 1.43169 -0.23630 4 102 186
-1.25242 1.26698 -0.01496 71 82 255
2.47759 0.73194 -0.30745 83 196 255
1.99325 2.78775 -0.37217 186 185 185
-0.59726 0.39326 -0.01808 181 55 159
-0.86903 0.71690 -0.01468 154 186 166
-1.29681 2.38920 -0.06229 83 78 80
0.55869 2.30718 -0.22323 147 0 123
0.50781 0.91661 -0.14339 173 82 59
-0.91825 1.65679 -0.04454 105 138 172
-1.43361 1.68598 -0.01626 102 212 123
0.70316 1.28650 -0.17526 255 91 255
-0.89102 1.10596 -0.03411 131 45 16
2.91112 1.40783 -0.37223 77 148 15
-0.18817 2.44767 -0.16198 75 3 103
0.81725 1.32255 -0.19091 159 22 65
2.03759 2.82116 -0.37271 183 176 152
-1.45070 0.47075 0.05136 6 61 45
2.35111 0.80136 -0.30768 125 161 255
-1.29937 2.35376 -0.06491 0 0 3
-1.03495 1.17844 -0.02937 145 105 175
-0.30609 0.29141 -0.04440 56 21 120
-0.28201 2.90907 -0.18020 214 255 142
0.78586 2.07618 -0.23050 179 44 82
0.21603 1.23667 -0.12681 38 0 88
1.13116 1.19282 -0.20610 109 78 97
0.24558 0.60538 -0.09875 65 185 0
-0.03777 1.21959 -0.10185 0 0 147
-1.34007 0.54087 0.03647 0 115 186
-0.63029 0.59222 -0.02565 185 164 157
1.01811 2.92920 -0.28820 127 162 80
-0.39807 1.08107 -0.06857 120 39 164
0.95113 0.21999 -0.15012 66 27 188
-1.11133 1.87128 -0.05222 11 190 183
-1.07111 1.77205 -0.05001 27 178 189
-1.29967 1.55910 -0.02204 0 64 38
0.71437 2.20438 -0.22671 255 83 138
-0.46888 1.61962 -0.08562 254 219 149
2.50466 1.38095 -0.33754 85 202 255
1.47653 0.19704 -0.19280 57 36 140
-1.56854 0.76386 0.04634 47 185 166
2.18470 1.62649 -0.32841 143 192 127
1.51862 1.14848 -0.24222 125 77 228
1.23978 0.25183 -0.16536 67 141 78
-0.14539 0.42220 -0.04972 84 186 99
1.83951 0.79660 -0.25785 255 187 223
0.86558 2.52513 -0.26299 255 166 255
1.91524 1.82209 -0.31239 177 140 33
2.39538 1.83032 -0.35798 60 117 12
1.81311 0.52572 -0.23441 183 187 109
2.66848 0.49720 -0.30743 86 255 255
1.96382 0.39792 -0.24061 255 239 219
2.61213 0.66356 -0.31458 71 221 212
-0.15131 0.77232 -0.07120 6 180 179
-1.11267 0.25112 0.02373 50 0 173
1.70066 2.38843 -0.32547 169 124 255
2.26796 0.89065 -0.29723 86 29 184
0.36159 0.43654 -0.10631 213 205 88
0.48534 1.69072 -0.18906 150 185 60
1.98202 0.48784 -0.24799 255 255 255
2.28660 2.28080 -0.36617 119 16 147
1.51850 1.73847 -0.27599 25 183 176
0.78733 2.98530 -0.27127 255 233 82
2.45227 1.29217 -0.32789 19 73 91
-1.26672 1.75445 -0.04324 73 252 135
0.95317 1.68986 -0.22085 201 255 255
-1.28020 0.70026 0.02972 77 255 175
-0.50235 2.40979 -0.13102 255 81 161
2.84948 1.42078 -0.37119 44 154 0
1.84064 2.64480 -0.34707 145 173 19
-0.74442 2.63922 -0.11543 231 165 123
-0.24524 1.63862 -0.10958 68 152 170
-0.03522 1.68390 -0.12852 0 175 0
0.03620 2.85554 -0.20693 78 255 244
-0.56587 1.34583 -0.06672 188 0 121
1.63001 0.19384 -0.21163 126 47 185
1.11431 2.94732 -0.30352 75 158 174
1.02227 1.91664 -0.23783 92 121 0
-0.14816 1.02548 -0.09875 13 53 0
-0.83491 1.61212 -0.05522 223 197 240
0.19077 1.14601 -0.13055 32 0 172
2.32089 2.79523 -0.39470 213 255 81
-0.21993 0.57904 -0.05947 114 255 154
2.77908 0.78398 -0.33227 37 67 15
0.68762 1.12591 -0.17382 255 77 239
1.42899 1.79864 -0.26695 79 252 238
-0.56142 3.12206 -0.16275 187 126 0
-0.31573 2.35461 -0.14678 123 0 185
1.46637 1.93522 -0.28500 88 175 244
-0.20367 1.66327 -0.12380 45 167 118
-1.56312 0.20827 0.07541 122 77 228
0.25781 2.48292 -0.20524 98 117 255
1.09519 2.75117 -0.28568 85 182 9
-1.23425 2.87887 -0.09408 0 175 106
1.38605 0.77052 -0.21764 0 131 0
2.80731 0.55836 -0.32326 53 184 41
-0.12608 0.68482 -0.06562 85 255 255
1.52880 1.41361 -0.26577 36 97 0
-1.51155 0.81834 0.04607 107 255 255
1.87575 2.09414 -0.31951 161 4 183
1.60642 2.60854 -0.32391 115 242 194
-0.93234 3.07171 -0.12839 132 252 255
0.47637 2.63897 -0.22844 110 130 0
1.17569 2.43407 -0.28885 119 122 129
1.93070 0.80185 -0.26678 191 100 50
0.54460 2.96679 -0.24980 220 249 255
2.42378 1.60572 -0.35400 125 255 237
-0.06012 0.66921 -0.07250 0 184 180
0.15750 1.44199 -0.13643 10 61 1
2.03727 2.55030 -0.35590 255 226 201
0.45101 2.56566 -0.22354 102 88 11
-0.28845 0.71989 -0.05478 62 190 111
-1.22897 1.55193 -0.02609 75 150 79
-0.25319 1.01679 -0.08150 59 64 89
2.28086 1.15872 -0.30336 173 94 125
-0.70699 2.95608 -0.14203 148 191 156
2.05599 2.62262 -0.36670 255 254 255
0.99825 2.01820 -0.24650 112 65 0
1.47136 1.49400 -0.25855 7 145 0
1.18060 0.34376 -0.16992 83 192 85
-0.58076 2.82383 -0.15028 186 178 150
2.55519 1.66150 -0.35329 80 255 84
2.46628 1.35921 -0.33893 96 192 255
2.14304 0.91264 -0.28522 142 26 109
-0.58882 1.37128 -0.07488 186 2 116
2.68693 2.04832 -0.39608 0 6 156
-1.25247 1.00494 0.01239 0 112 50
2.98136 2.17161 -0.42743 83 0 96
0.11591 2.30904 -0.18370 74 73 78
0.59352 1.01842 -0.15175 183 27 0
1.01886 0.55713 -0.17141 53 185 2
2.53083 2.08542 -0.38301 95 81 255
-0.80164 1.35556 -0.06032 156 0 162
1.19509 1.06717 -0.20860 87 83 86
0.77424 1.95115 -0.22236 255 202 255
0.59040 1.25177 -0.16746 255 85 237
0.91183 2.58715 -0.27862 245 198 240
1.99527 2.60198 -0.36290 188 157 111
2.04291 0.46879 -0.25304 255 255 255
0.75005 2.73490 -0.25954 255 255 255
-1.10928 2.87474 -0.10611 77 255 105
0.72224 2.04224 -0.21986 255 153 246
1.70947 2.73108 -0.33989 79 189 0
-1.19511 0.76571 0.01167 97 255 81
-0.45501 2.50492 -0.14361 255 110 255
2.50846 1.85672 -0.37220 11 92 22
2.98424 2.31683 -0.43554 78 51 182
-0.78172 2.65598 -0.11194 128 89 6
-0.80138 3.10476 -0.14311 189 234 226
0.64178 1.79205 -0.20089 185 182 33
2.09752 0.78731 -0.28086 154 96 0
-0.88165 2.98739 -0.13033 161 255 255
1.22375 1.27569 -0.21994 78 103 237
1.30952 0.79979 -0.21184 0 123 25
0.71033 0.40539 -0.13685 179 120 177
0.09581 1.36640 -0.13390 0 25 80
1.97141 1.68855 -0.30882 188 182 0
-0.08760 1.12670 -0.09722 81 91 108
1.48524 2.28902 -0.30274 0 0 10
-1.57570 0.96912 0.04479 147 227 224
-0.89977 1.61063 -0.05467 111 116 184
2.43001 1.03395 -0.31465 17 0 12
-0.75573 0.37259 -0.00657 184 46 25
-0.45974 1.65814 -0.09461 245 240 195
-0.91900 3.00059 -0.13445 138 255 237
2.21665 2.72096 -0.38679 250 255 147
0.12221 1.08622 -0.11342 4 15 178
-1.36475 0.76396 0.03191 0 192 107
0.05047 0.45129 -0.08058 4 120 188
1.84437 1.49137 -0.29777 255 246 250
1.08676 0.32417 -0.16140 105 187 90
2.00962 2.22360 -0.34247 191 0 42
2.54482 1.82489 -0.37308 3 113 16
1.55659 1.03282 -0.24192 65 0 186
-0.68382 2.34844 -0.10877 255 83 117
0.93884 2.32143 -0.26356 227 84 216
-0.20651 1.43369 -0.10957 132 128 243
-0.06708 2.28456 -0.16365 95 77 192
1.45979 2.64756 -0.31752 82 249 255
-1.15437 2.47948 -0.07941 0 0 126
-1.44295 0.80991 0.02825 91 255 238
-1.06606 1.89438 -0.05223 32 190 142
-0.98433 0.78491 -0.00263 94 189 132
1.14609 2.54256 -0.28418 138 185 89
1.22977 1.81212 -0.24577 94 250 87
1.45385 0.30987 -0.19740 124 178 255
-1.07852 3.00863 -0.11313 85 255 104
0.74122 1.96290 -0.22264 255 198 255
2.78954 0.57196 -0.31838 43 169 44
2.02859 2.10165 -0.34463 255 87 208
0.61532 2.28606 -0.22714 175 0 82
-0.04320 2.76925 -0.18573 102 255 255
-1.14568 2.52431 -0.08954 0 11 163
0.03720 0.80413 -0.09389 80 255 89
0.65333 1.83924 -0.20133 255 252 175
-0.93712 2.36404 -0.09641 65 0 193
2.31098 0.76409 -0.29162 146 186 235
0.03099 0.08130 -0.05509 91 81 79
2.41271 0.69421 -0.29745 97 221 255
-1.54915 0.53884 0.05442 40 100 19
-0.52348 0.89102 -0.04837 250 228 128
2.70596 0.07656 -0.29201 110 110 76
-0.66465 2.95150 -0.14542 169 190 130
0.49116 2.22308 -0.20833 219 82 255
0.34756 2.57612 -0.22202 137 173 181
0.68031 1.71799 -0.20018 187 185 17
-1.09231 1.49363 -0.02414 107 123 82
-1.08501 0.61798 0.01691 145 242 81
1.76573 2.66590 -0.34888 108 182 0
2.46994 -0.00101 -0.26564 79 84 255
0.12878 1.44828 -0.12958 4 61 7
1.00495 1.41472 -0.21528 175 164 145
2.45265 0.36783 -0.28883 0 171 0
-0.66799 2.09898 -0.10541 175 97 184
2.18886 1.64259 -0.32325 145 188 144
-0.38187 0.59883 -0.03198 185 254 77
1.68210 1.27352 -0.26668 114 33 1
1.41137 0.39786 -0.18907 108 234 255
-0.63786 2.79659 -0.14057 184 173 180
-0.52552 1.12316 -0.06452 168 23 187
0.33967 0.86517 -0.13012 104 123 188
1.42973 2.43403 -0.30147 0 56 73
-0.56951 1.91733 -0.09848 255 255 255
-1.01943 0.20369 0.02742 97 0 183
0.66592 2.36845 -0.23737 184 5 0
1.56633 1.56029 -0.27005 142 255 189
1.38206 1.03306 -0.23345 86 85 209
1.78047 1.49937 -0.28321 232 249 255
-0.92588 2.72652 -0.10868 59 118 0
1.62299 2.62622 -0.33589 43 163 68
2.13880 2.10286 -0.34426 253 83 102
-0.55566 2.57961 -0.14145 255 138 242
1.71564 1.78998 -0.29561 112 160 56
1.35999 2.03704 -0.27426 72 120 255
2.01651 1.76841 -0.31640 255 249 167
1.26995 1.30933 -0.22458 74 121 255
1.34128 0.55405 -0.19086 84 255 255
-0.15061 1.21483 -0.10437 102 69 124
-1.20954 2.76978 -0.08956 0 132 164
-1.21445 0.45196 0.03801 97 153 255
0.02979 1.88019 -0.14794 72 254 222
-1.11040 3.11861 -0.12083 77 235 155
1.04298 2.44553 -0.26689 184 130 233
-1.48007 2.24686 -0.03706 50 39 189
2.55241 0.42878 -0.29533 0 180 112
-1.04066 2.84582 -0.11848 102 255 75
0.75597 2.55274 -0.24804 193 86 132
0.86162 1.12566 -0.19719 145 0 176
-0.04435 0.77434 -0.08227 78 255 179
2.33446 0.56753 -0.28773 125 255 107
1.13819 1.45816 -0.23212 109 197 255
2.39394 1.57764 -0.33576 130 255 255
2.11847 0.97219 -0.28509 244 92 217
0.23735 2.49410 -0.19852 97 125 255
0.54053 2.83023 -0.23800 218 255 245
0.38740 0.70046 -0.11425 130 185 118
0.94844 1.78791 -0.23212 211 255 255
-0.51640 2.45666 -0.13164 255 81 175
0.95125 0.80498 -0.17278 169 223 214
0.10477 1.54520 -0.14137 83 201 79
-0.40731 1.98630 -0.12276 235 224 141
-0.10712 1.67951 -0.12581 13 164 38
-0.77965 1.54300 -0.06969 245 170 244
2.13727 2.52990 -0.37711 255 219 255
-0.13151 0.41147 -0.06012 87 179 108
1.27220 1.09842 -0.22137 76 80 138
-0.68271 0.40863 -0.01734 190 67 116
-1.10252 0.94614 0.00102 36 134 156
0.65665 1.15924 -0.16777 255 78 224
2.09388 1.24378 -0.29373 252 118 236
2.54219 0.75888 -0.31746 75 170 186
0.88561 1.23003 -0.19505 133 0 68
0.77691 1.89440 -0.21754 255 229 255
2.95232 2.71028 -0.44874 132 255 91
0.46529 0.87311 -0.14010 161 113 131
-0.66275 0.41541 -0.01518 186 79 133
-0.44369 2.54069 -0.14398 255 120 255
0.43677 2.26018 -0.20127 102 0 186
1.80235 0.85113 -0.25026 255 153 217
-0.64831 0.12569 -0.00707 255 81 81
1.54933 0.49619 -0.21391 74 184 29
-1.10067 2.67867 -0.09550 0 80 158
-0.32713 0.86227 -0.06114 82 154 182
2.65242 0.92645 -0.32421 0 5 0
2.55584 1.44649 -0.35471 79 249 238
2.73559 0.92481 -0.33649 103 91 153
-0.84630 2.45295 -0.10044 106 0 102
-0.74554 1.23736 -0.04504 178 0 121
-0.24238 0.28323 -0.04450 26 22 56
2.41841 2.26150 -0.38542 142 99 255
-0.96007 1.22637 -0.03023 179 89 90
-1.36888 2.47275 -0.05820 108 78 77
2.30545 0.54310 -0.28163 137 255 81
2.63534 2.51978 -0.41207 0 146 44
-1.31826 2.27234 -0.06347 6 21 79
1.92152 1.75935 -0.31751 179 158 0
-1.42130 0.47920 0.04955 3 71 72
1.63002 1.03441 -0.23927 89 2 150
-1.24649 2.81533 -0.09184 0 153 162
0.24916 2.66579 -0.20941 96 220 204
0.24595 1.97519 -0.17489 29 120 62
-1.38108 3.11673 -0.08819 36 160 53
2.02314 2.18296 -0.34526 190 0 59
0.60161 2.24472 -0.22534 179 0 111
0.29699 2.32734 -0.19449 123 75 217
1.51637 0.16735 -0.18402 61 25 147
1.82575 -0.00997 -0.21129 255 71 255
2.62688 2.74935 -0.43169 0 182 190
-0.17045 0.22209 -0.04596 5 0 42
0.36752 1.00718 -0.13442 114 39 125
0.72126 2.14460 -0.22855 255 98 180
-0.87746 2.20779 -0.07756 189 130 242
0.25343 1.16055 -0.13401 54 0 112
-1.28236 1.24530 0.00833 0 0 188
-0.76755 1.37883 -0.06309 168 1 183
0.40646 2.76972 -0.23260 66 177 3
-1.61630 0.44455 0.06439 62 49 10
2.76502 1.64186 -0.38638 10 180 69
-1.26025 1.69945 -0.02294 73 235 97
1.25332 2.51882 -0.28880 7 98 3
-0.24055 1.99798 -0.13904 168 212 82
0.58690 1.82055 -0.20408 176 178 11
-1.12502 0.40214 0.02460 122 128 255
-1.04251 1.34560 -0.02551 138 78 73
1.37345 2.83236 -0.31273 80 255 229
-1.14197 2.48960 -0.07836 0 0 139
-0.42180 0.26594 -0.02262 102 6 195
-0.75507 0.28207 0.01399 255 97 70
1.18375 1.45124 -0.23902 1 118 180
1.12604 0.63804 -0.18265 16 188 154
0.99317 0.32174 -0.16031 50 95 86
2.31385 2.26783 -0.37272 110 6 147
-0.78288 2.99650 -0.14138 207 255 255
-1.31332 2.44397 -0.06757 85 72 77
0.01238 1.53440 -0.13313 71 195 111
-1.26765 0.84145 0.01432 0 182 0
0.35705 1.31619 -0.14543 187 96 91
1.81142 1.62469 -0.29810 245 255 186
2.14899 2.17683 -0.35513 173 0 0
2.34797 1.38309 -0.33484 149 212 171
1.83799 2.56166 -0.33180 143 138 0
1.65574 2.08579 -0.30048 68 9 11
0.39454 2.79596 -0.23053 71 186 15
2.20708 1.95868 -0.34481 224 138 153
2.36167 1.10213 -0.31587 45 0 14
1.63808 1.61400 -0.28107 174 255 255
0.70295 0.10196 -0.12142 255 75 74
2.21209 0.55283 -0.27760 102 189 8
1.93211 1.97730 -0.32009 180 53 153
-1.54869 1.27261 0.02361 65 0 2
-1.28775 1.49385 -0.00909 0 34 61
2.29542 0.56142 -0.27180 147 255 79
-0.43691 1.88517 -0.11648 244 255 238
2.62767 0.44647 -0.30784 0 188 187
0.29473 2.49342 -0.20914 117 133 255
1.16717 1.73007 -0.24228 108 255 105
-0.05119 2.11729 -0.15530 97 143 255
1.47123 1.34652 -0.24705 103 146 131
-0.23366 1.42211 -0.10940 139 118 207
0.65232 0.18369 -0.12295 177 6 0
0.56101 1.85975 -0.19547 251 249 106
0.56446 0.96329 -0.14643 184 64 0
-0.36385 2.11196 -0.13139 227 160 81
1.20165 1.44699 -0.23037 6 111 180
2.60569 -0.08052 -0.27129 81 82 221
-0.53339 0.28617 -0.02765 152 18 152
1.23365 0.44892 -0.17752 74 251 196
0.36407 2.87611 -0.23579 45 184 39
1.28237 1.34981 -0.24232 82 136 255
2.83555 0.82886 -0.34611 64 42 94
-1.43373 2.02174 -0.02752 35 163 98
0.61576 1.58350 -0.18295 183 156 39
2.30655 0.12951 -0.26358 35 34 191
1.42213 0.73093 -0.21208 12 154 0
0.39862 1.75226 -0.16688 105 187 100
-0.07673 2.77204 -0.18030 113 251 232
2.35067 0.32430 -0.27740 29 137 40
1.85801 2.02252 -0.32060 168 34 133
1.47802 0.11816 -0.18627 144 92 160
1.49697 0.99612 -0.24647 123 96 255
0.75686 2.18067 -0.22867 255 86 113
-0.55438 1.03413 -0.06170 255 146 227
0.23962 1.69319 -0.15669 122 255 254
2.68102 2.71424 -0.42349 0 184 189
2.32909 1.15716 -0.31764 59 12 0
0.75560 2.00144 -0.22200 255 175 251
-1.15398 0.66726 0.01292 108 255 97
1.30855 1.78363 -0.25578 0 174 34
-0.72187 0.88233 -0.03485 255 239 121
0.91944 1.45371 -0.20417 210 184 112
-0.16028 1.79364 -0.13312 29 188 0
2.85394 1.94751 -0.40143 117 119 176
1.07697 1.11537 -0.20445 46 0 4
-0.80421 2.15819 -0.09306 215 150 255
-0.50322 0.86367 -0.04816 241 238 136
2.30065 2.63342 -0.38644 207 255 135
2.14593 0.59502 -0.27667 134 181 16
1.83370 0.17718 -0.21922 183 38 36
-0.63198 0.82144 -0.03327 255 255 85
1.12032 1.88569 -0.24222 48 134 0
2.12900 0.63818 -0.26555 138 168 7
1.69842 2.15791 -0.30529 175 73 184
0.70215 2.25207 -0.23500 188 0 31
-0.69771 0.80608 -0.03096 255 255 152
-0.97242 2.02514 -0.07304 146 236 80
2.02612 1.40716 -0.29853 191 115 77
1.25583 2.43354 -0.28810 14 48 0
1.29873 2.39629 -0.29460 0 19 0
1.14034 0.90037 -0.19346 11 73 98
1.58931 0.53209 -0.22064 91 190 4
1.65988 1.90492 -0.29938 76 99 31
2.83923 2.35874 -0.41619 16 69 109
-0.59648 3.11322 -0.16358 178 138 0
0.80315 2.49872 -0.25090 183 63 144
-1.11512 0.98249 -0.00624 34 117 164
0.70660 0.35991 -0.13076 172 95 157
2.83680 1.00426 -0.35831 140 73 255
0.38818 2.09370 -0.19939 178 137 133
-0.44660 2.63168 -0.14890 255 164 255
1.23930 1.35625 -0.23269 81 143 255
2.42879 0.08466 -0.26888 94 107 243
-1.35533 2.36880 -0.05566 7 0 28
-1.39966 1.20089 0.00688 2 15 82
0.64093 2.66500 -0.25431 255 225 209
-1.00344 1.61159 -0.04141 60 108 164
1.69075 1.01454 -0.24781 124 0 91
1.79243 1.09267 -0.25993 170 0 0
1.62736 1.01450 -0.24440 98 11 165
1.50426 1.60529 -0.27310 23 185 74
1.52419 1.51174 -0.25666 32 160 33
2.78581 1.39094 -0.36675 18 142 3
-0.29962 0.76773 -0.07288 62 174 153
-1.51127 0.67690 0.04069 17 170 155
2.81527 1.39877 -0.36857 36 143 0
0.08934 0.68082 -0.09839 84 255 133
0.92444 0.81017 -0.16817 193 212 194
1.58177 2.11677 -0.30063 126 93 79
-0.97951 3.06657 -0.11946 115 255 239
1.97716 1.49144 -0.30847 190 154 70
2.56097 2.85108 -0.41828 22 150 186
1.18699 0.30312 -0.17036 77 173 75
1.90675 1.25876 -0.28557 192 37 164
2.75894 0.89818 -0.33825 108 96 160
-0.22762 1.48203 -0.10527 144 153 255
-0.25818 0.19575 -0.04095 30 0 135
0.81353 0.29364 -0.13468 134 65 184
2.83279 1.75387 -0.38477 114 231 255
-0.35837 2.74830 -0.16306 242 232 101
0.04954 2.50800 -0.18268 78 120 149
0.79444 0.13472 -0.12351 226 86 135
1.66263 0.08360 -0.19823 223 88 255
-0.05030 2.81905 -0.17859 106 255 255
-1.33302 2.95488 -0.08279 20 187 137
-0.81204 2.76346 -0.12480 201 231 148
1.38456 2.61580 -0.30330 75 236 245
2.56163 1.09389 -0.33144 0 0 46
2.74808 0.88310 -0.34000 108 106 124
1.58434 1.18234 -0.25442 69 0 64
2.62851 0.94834 -0.32876 0 0 1
0.86712 1.63831 -0.21714 241 255 196
2.45135 1.65840 -0.36137 109 255 166
2.03983 2.62727 -0.37030 255 252 249
1.49957 0.52971 -0.20941 44 191 60
-0.41189 2.08216 -0.12618 239 162 79
0.84205 1.82991 -0.21555 173 165 191
2.00698 0.59934 -0.25707 180 180 137
0.38995 1.78462 -0.18163 102 185 76
2.45345 0.71702 -0.30097 92 200 255
2.68426 0.52480 -0.31615 7 188 159
2.79620 2.43928 -0.42542 85 197 221
2.77888 1.53731 -0.38113 14 188 7
2.00577 1.62312 -0.31639 189 185 0
0.43923 1.36250 -0.15345 220 122 192
1.57834 0.11998 -0.19794 190 89 246
0.57455 1.38036 -0.16930 255 135 255
2.58864 2.68227 -0.42155 3 188 135
0.51090 1.28995 -0.16350 250 93 202
1.95773 2.15301 -0.33247 255 79 224
0.15989 2.82303 -0.20754 0 185 64
1.93871 0.01771 -0.22324 180 0 61
2.42368 2.14554 -0.37420 135 75 240
-0.64070 0.74416 -0.03536 255 255 140
-0.84600 2.68426 -0.12094 91 101 0
0.98864 1.46270 -0.21138 178 189 176
0.44366 0.89019 -0.14236 152 103 142
1.83138 2.40466 -0.33763 226 146 149
-1.05056 0.56684 0.02016 153 218 88
1.55389 2.35462 -0.30066 20 22 124
2.95728 1.74547 -0.40981 170 220 238
-0.75549 0.84937 -0.03002 255 255 173
0.12390 2.02433 -0.16916 0 100 140
-0.87075 2.59446 -0.10315 92 46 9
-1.16919 1.07352 -0.00193 10 63 170
-1.48208 1.53151 -0.00881 38 44 180
0.10013 0.32408 -0.06846 10 48 155
0.38996 2.03644 -0.19363 181 175 91
-0.75658 0.30738 -0.00175 255 98 79
2.47197 1.19369 -0.34019 4 21 33
0.64942 2.23693 -0.22274 179 0 84
1.04840 2.70980 -0.28411 107 181 0
2.70431 2.73448 -0.42469 0 183 175
1.85463 1.77959 -0.31629 167 152 0
0.18200 1.36758 -0.14001 19 27 12
-1.34906 2.83971 -0.07576 21 162 188
0.59648 1.39200 -0.17443 255 136 255
0.94503 1.50404 -0.21319 198 217 168
-0.48475 0.13297 -0.01850 132 0 62
-1.43527 2.70303 -0.05786 137 185 139
1.99027 1.85009 -0.31928 255 207 204
2.20644 2.02686 -0.34911 230 99 102
2.74373 1.06419 -0.34340 97 78 255
-0.03931 0.96140 -0.09256 79 172 78
-0.60333 2.11823 -0.11054 184 75 142
2.22000 1.99324 -0.35169 225 122 125
0.94846 2.21174 -0.24995 221 79 140
2.61120 1.84514 -0.38414 0 105 89
2.45381 1.89636 -0.37447 32 68 9
1.85909 2.39984 -0.34240 242 143 122
2.30230 2.68705 -0.38649 211 255 97
-0.24937 2.53387 -0.15886 102 40 86
2.80768 2.75662 -0.44063 0 178 86
2.47522 2.70939 -0.40837 46 193 48
0.24585 1.47191 -0.15137 128 164 94
-0.55120 0.40468 -0.01486 163 69 189
1.40471 2.96885 -0.32934 69 217 94
-0.50030 1.52143 -0.08767 255 163 76
-0.12696 0.17898 -0.05176 81 79 127
1.92121 2.12941 -0.33512 179 0 173
-0.28153 2.61883 -0.16786 116 87 30
-0.99544 1.94131 -0.06519 54 172 34
-0.63594 0.84279 -0.04153 255 255 93
-1.28058 0.36898 0.04099 88 111 222
2.25379 0.43634 -0.26690 161 255 118
0.59800 0.19346 -0.11296 192 19 0
-1.17184 1.32834 -0.02546 95 79 176
0.12634 0.35522 -0.07855 30 68 185
2.77209 2.14247 -0.39694 87 72 99
2.39161 1.50837 -0.33949 132 255 255
-1.07071 2.22952 -0.07261 103 122 96
-0.06982 0.37096 -0.06347 0 69 54
1.51006 2.18457 -0.28943 11 0 0
-0.78528 0.64091 -0.01696 176 170 171
-1.15171 2.49509 -0.07412 0 0 125
1.49013 2.26967 -0.29375 6 0 0
-1.48404 1.04390 0.02672 110 189 100
-1.33543 0.45281 0.03536 0 56 141
1.45084 0.12686 -0.19106 43 11 48
-1.13082 0.17774 0.04970 45 0 113
2.51911 2.59277 -0.40261 26 173 0
-1.00225 1.80809 -0.05600 58 188 146
2.35365 1.36698 -0.32745 144 196 149
1.58317 0.05024 -0.19338 192 79 206
0.34516 0.44688 -0.09909 206 215 88
1.75387 0.52959 -0.23015 163 187 50
0.97069 1.73321 -0.22533 198 255 255
-0.44980 0.17844 -0.02392 114 0 152
2.86185 1.82751 -0.40455 125 186 250
-1.20028 2.16630 -0.06592 76 161 131
2.34948 1.22330 -0.32220 62 32 0
-0.88717 0.82162 -0.02382 224 255 255
-0.41488 1.02917 -0.06392 131 66 190
0.91934 2.75531 -0.28527 159 181 21
1.95922 0.39123 -0.22683 255 241 222
0.49370 1.72510 -0.19402 150 190 33
0.89366 2.66141 -0.27223 165 159 112
0.72778 1.54384 -0.19191 190 137 3
0.71431 1.83080 -0.19653 255 255 216
-1.29230 1.04858 0.00779 77 178 137
-1.53350 0.42536 0.06771 33 41 0
2.42631 0.32211 -0.28660 1 139 0
1.52077 2.80219 -0.33429 89 255 121
0.17487 0.29935 -0.08348 41 39 186
0.21270 1.13695 -0.13727 30 0 168
2.13502 2.72779 -0.37610 255 255 203
-0.22119 0.93226 -0.07991 34 111 122
2.98356 2.43266 -0.43712 76 114 165
-0.99669 0.45171 0.01476 191 160 111
-1.51594 0.49823 0.05793 19 81 29
0.03074 3.00168 -0.21192 90 248 134
2.49788 0.95742 -0.31319 3 0 16
0.83185 2.41791 -0.24482 255 108 200
-0.98494 1.55938 -0.04668 74 75 148
0.04813 1.54804 -0.13590 72 202 88
1.08309 1.04797 -0.20480 33 4 28
-0.09035 0.08966 -0.04047 77 78 168
1.20601 0.29623 -0.16673 79 173 79
-1.36044 0.97728 0.01409 82 215 70
-0.21847 0.52013 -0.05970 112 226 107
0.44291 0.27775 -0.09663 248 128 126
-0.94488 1.45645 -0.04038 180 116 186
-0.32103 1.63311 -0.11158 107 150 186
0.61053 1.11396 -0.16058 255 85 143
-0.44850 2.06789 -0.11304 167 101 31
0.41478 2.36391 -0.21018 94 0 182
1.59859 1.03341 -0.24119 77 0 170
-1.33863 3.04628 -0.09343 24 182 67
1.80844 2.66246 -0.35094 127 177 4
1.59268 0.63352 -0.21664 170 255 87
0.44503 2.61432 -0.22486 97 118 0
1.66564 0.78752 -0.22988 205 204 250
1.16266 1.63633 -0.24075 111 255 179
-0.99540 0.72095 -0.00659 180 255 152
-0.34857 2.57595 -0.16008 148 62 134
2.87044 1.08712 -0.36138 159 88 238
1.78243 1.79585 -0.29971 135 149 2
-0.32208 1.35765 -0.09722 185 90 96
1.58239 1.74769 -0.27836 134 255 255
2.83189 0.82081 -0.34394 55 45 76
1.15536 2.10106 -0.26783 35 21 154
0.66654 0.78467 -0.13981 189 153 33
1.98548 2.46715 -0.36085 255 183 106
-1.02433 0.23580 0.02474 97 0 191
2.72964 1.39171 -0.36532 89 223 135
1.08096 2.67659 -0.28196 88 168 0
0.22023 1.62918 -0.16004 110 246 193
-1.24941 0.31286 0.03899 0 3 98
0.12043 1.97062 -0.15748 0 126 172
2.91618 2.43811 -0.43112 45 121 186
0.28121 2.75271 -0.21697 20 172 24
-1.26892 1.47634 -0.01601 0 25 63
-0.05127 1.50870 -0.12026 0 92 119
-1.00703 1.08386 -0.01004 70 60 136
1.57030 0.88275 -0.23191 154 146 238
0.13659 2.60093 -0.20372 76 177 255
-0.50564 0.51826 -0.03230 229 218 201
1.75568 2.35454 -0.31727 200 109 252
2.67804 0.80557 -0.33320 91 136 70
0.31808 2.62903 -0.21861 125 198 165
2.50333 0.65536 -0.30436 81 234 255
2.62939 1.61776 -0.36364 72 255 72
1.37161 0.85323 -0.21574 1 95 0
1.98400 0.38611 -0.24827 255 242 242
0.07898 2.36524 -0.18166 75 79 78
2.68347 0.24136 -0.30090 101 198 162
0.56196 1.46141 -0.17705 175 90 165
2.46784 2.25769 -0.37463 124 92 255
0.49714 1.35943 -0.15996 250 124 251
2.79414 0.34610 -0.31855 144 255 255
-0.85124 1.12536 -0.03119 230 122 73
1.23676 0.37031 -0.17901 75 208 138
1.70836 1.45741 -0.27157 202 215 228
2.79506 2.08238 -0.41061 11 0 30
1.64773 2.80562 -0.34014 41 183 0
-0.98188 1.37675 -0.03960 162 87 98
0.29131 2.29409 -0.20130 125 74 198
0.52818 0.93458 -0.14522 178 73 32
-1.53109 0.73790 0.05227 33 182 181
-1.11900 0.49426 0.01700 132 181 185
1.96879 2.20135 -0.33890 255 79 190
2.47188 1.54624 -0.35327 95 255 231
1.95387 2.67182 -0.36297 177 183 139
2.26411 0.43670 -0.27438 155 255 117
-1.25182 3.03897 -0.10167 0 177 0
1.64752 0.07019 -0.20082 220 79 255
-0.67008 2.81250 -0.13065 164 167 183
2.66123 2.08525 -0.39978 75 79 241
0.39911 0.36940 -0.11072 232 180 99
0.92287 1.31366 -0.20543 116 22 0
2.60003 0.58893 -0.30524 77 255 255
-0.71359 2.92545 -0.14023 152 188 179
0.85300 0.57836 -0.15015 126 190 22
-0.33588 0.59272 -0.04906 160 255 83
1.56049 0.76351 -0.22617 155 219 134
0.54761 0.53195 -0.12854 255 255 237
-1.47426 1.55473 -0.00685 37 55 182
1.96761 1.35132 -0.30298 195 88 156
0.13359 2.99916 -0.21985 0 160 0
-1.30354 0.40629 0.04824 75 122 209
-0.60432 1.95161 -0.09463 184 160 183
0.32830 0.74102 -0.11657 104 178 107
-0.08012 2.97912 -0.19679 125 255 252
2.36819 0.44246 -0.27598 28 182 0
2.28663 2.07122 -0.36918 203 89 73
1.68172 0.51733 -0.22109 134 188 0
0.23069 1.14235 -0.13637 43 2 144
2.31233 0.62060 -0.27733 142 253 121
1.90612 0.15518 -0.22308 255 118 87
2.07172 1.11795 -0.29613 255 79 255
-0.02778 2.44317 -0.17755 12 7 0
-1.27552 0.86379 0.01521 0 175 0
1.56807 2.02393 -0.28400 126 132 100
-0.47318 0.36726 -0.02889 216 137 255
2.78901 2.32245 -0.42532 87 135 113
2.40186 1.27632 -0.31860 37 61 38
2.67338 0.07445 -0.28632 15 20 0
-1.25702 2.70561 -0.07925 78 181 255
-1.42564 1.32283 -0.00336 4 0 151
0.08742 2.23060 -0.18832 0 1 11
-1.24212 0.48818 0.03246 84 167 255
-0.85747 0.13837 0.02397 251 81 225
1.23720 1.92960 -0.25463 92 192 171
0.06770 2.53681 -0.18721 80 138 181
1.77285 2.55553 -0.33757 113 133 2
2.76105 0.59613 -0.32974 31 169 48
0.09859 1.74036 -0.15173 80 255 180
0.69381 1.90907 -0.21362 255 222 252
0.56747 1.77564 -0.19382 173 188 0
-1.47113 0.43163 0.05302 7 46 10
0.36556 0.50696 -0.11066 217 245 75
1.88375 0.25358 -0.23487 255 170 81
0.61851 1.36482 -0.18406 255 127 255
1.15771 2.62903 -0.28288 47 147 0
0.45943 2.34588 -0.21899 116 0 166
-0.62597 0.71352 -0.02992 189 185 73
-0.20768 1.50129 -0.10700 44 78 188
2.32384 1.55518 -0.33172 77 189 178
1.24353 1.51216 -0.24177 0 147 123
-0.97096 0.74331 0.00815 190 255 192
1.22200 2.04245 -0.26269 99 133 242
-0.75434 2.74922 -0.13154 141 131 100
1.56106 0.81760 -0.23122 158 194 180
-0.33887 1.61622 -0.10364 118 133 175
2.15048 0.09756 -0.24302 113 20 67
2.54844 0.92638 -0.32632 0 4 0
0.91018 0.02839 -0.14537 175 75 149
-0.67468 0.61147 -0.02622 190 169 179
0.14976 3.05544 -0.22406 0 134 0
-0.72835 1.47071 -0.06864 178 41 159
1.29309 1.75435 -0.25009 0 183 10
-1.46121 0.19716 0.06651 90 79 137
1.87211 1.28041 -0.27965 181 44 153
-0.97389 0.66648 0.00230 194 255 140
-1.02816 1.45091 -0.03529 133 107 103
-0.14179 0.76683 -0.06936 6 183 178
0.21385 1.61970 -0.14718 111 249 193
-0.87694 2.41197 -0.09708 97 0 156
1.58618 2.05612 -0.29501 126 110 76
2.86524 0.71148 -0.33572 77 94 27
1.32032 2.71587 -0.30138 83 255 255
-0.60192 0.66256 -0.02957 182 180 98
1.15426 1.92149 -0.26049 30 116 21
1.97699 1.95363 -0.33035 255 147 255
-0.04393 2.22033 -0.16320 90 97 222
-0.10676 2.10742 -0.15510 112 154 255
-0.43131 0.73425 -0.04799 130 190 5
0.90389 0.59989 -0.16492 102 190 0
-0.71779 2.19544 -0.09280 166 49 178
-0.36765 0.60573 -0.05418 174 254 71
-0.39614 1.69549 -0.11141 139 168 176
-1.38670 2.03327 -0.03851 13 158 153
-0.49253 0.22940 -0.02272 130 0 138
-0.86053 1.93794 -0.07053 112 175 0
1.53942 2.65249 -0.32164 97 249 229
2.04085 1.12305 -0.29470 255 79 255
-0.48770 0.50208 -0.03128 232 207 207
0.49371 0.62261 -0.12603 255 255 249
-1.09324 2.05903 -0.06484 102 212 122
2.61122 1.69482 -0.37455 0 178 0
-0.57108 0.61629 -0.03303 179 175 102
-1.36995 0.75525 0.03967 0 189 134
2.17080 1.46147 -0.32086 140 156 4
0.89745 1.76318 -0.21974 223 255 255
0.64889 2.84357 -0.25273 255 255 255
2.32294 1.29078 -0.32559 153 161 88
-1.09936 2.48785 -0.08066 0 0 170
-1.34020 0.28850 0.05505 83 87 92
-0.86537 0.20043 0.01130 251 81 186
2.10808 1.33232 -0.30990 170 80 72
-1.41311 1.63045 -0.01090 96 189 149
-0.95416 1.12843 -0.02717 102 33 34
2.03740 1.85616 -0.32625 255 203 245
-1.14492 0.35528 0.02910 39 17 191
1.61343 1.84777 -0.30101 61 137 112
1.72853 2.70675 -0.34093 90 186 0
1.80127 0.48956 -0.23718 176 187 51
1.72315 0.21709 -0.21361 162 59 98
-1.48125 2.13125 -0.02447 57 106 138
-0.51228 0.11736 -0.00622 140 0 40
1.74867 0.33825 -0.22233 166 127 0
1.35162 0.20610 -0.18281 88 130 107
2.33360 1.12289 -0.32031 63 1 24
-0.85061 3.06189 -0.13604 173 251 255
1.65963 1.23369 -0.25672 102 12 0
1.28645 1.29404 -0.23305 77 109 255
2.40975 1.62469 -0.35077 128 255 238
-1.55805 0.96756 0.04359 138 223 223
-0.48886 2.80683 -0.15218 184 166 76
-0.04394 1.62503 -0.13465 0 151 18
0.63210 2.52821 -0.24429 177 65 12
1.43235 0.59128 -0.21110 20 195 82
1.34450 0.27108 -0.19027 88 158 148
0.30304 2.00524 -0.18827 52 110 4
1.53828 1.37911 -0.25122 44 84 0
1.60130 0.49491 -0.21459 106 185 0
-0.60259 0.32008 -0.01483 255 105 198
0.52154 1.44232 -0.17392 248 161 255
-0.19297 2.91103 -0.18393 172 255 238
2.64970 1.15452 -0.34593 0 16 169
0.86765 1.19331 -0.18929 142 0 120
1.71618 1.72275 -0.29248 197 255 205
-0.54834 2.25650 -0.12120 185 8 0
2.31431 0.75996 -0.28737 142 186 243
0.96119 2.18965 -0.24592 132 0 42
1.66317 2.81582 -0.34298 46 185 0
2.80727 1.02935 -0.35355 127 78 255
1.37193 0.02748 -0.16786 17 0 1
-0.87744 2.97925 -0.12621 163 255 253
-0.59859 2.73522 -0.13029 185 130 193
0.49297 1.37854 -0.16198 240 132 252
0.66402 1.71560 -0.18886 191 193 4
0.27122 2.65340 -0.21764 105 213 186
-0.26060 3.05685 -0.18692 210 238 255
-0.75169 1.04729 -0.04803 255 155 85
1.66769 0.68159 -0.24124 214 249 186
1.87468 0.60853 -0.24106 255 255 255
2.83207 0.46140 -0.31959 159 255 178
2.25331 2.77281 -0.39176 235 255 82
2.36914 1.77129 -0.35400 65 146 68
1.54230 2.18295 -0.30113 22 0 1
-1.18853 2.01991 -0.05101 79 239 232
-0.55349 1.81616 -0.10024 255 255 231
-1.30803 0.63127 0.03777 0 157 167
-0.70706 0.56829 -0.01316 193 151 181
-1.57324 0.99019 0.04226 145 220 218
-1.04644 2.13432 -0.06022 114 162 80
0.75240 1.84783 -0.21015 255 250 255
1.99274 2.65227 -0.36193 189 181 155
-1.45477 2.04110 -0.03690 41 158 97
0.58303 2.70776 -0.24267 242 249 202
2.05495 2.40172 -0.35703 186 63 25
0.45318 1.10724 -0.14741 228 88 79
1.82583 0.65102 -0.25217 255 255 255
-0.81579 1.14248 -0.03746 154 19 0
0.71459 2.82739 -0.26716 255 255 234
0.48860 0.62173 -0.12400 253 255 232
2.64914 0.52859 -0.30809 85 255 255
-0.93754 2.33900 -0.08947 148 80 255
-1.55497 0.76397 0.04673 48 190 160
-0.05603 2.90758 -0.20940 102 255 255
1.38969 1.36900 -0.24364 83 160 181
-1.37861 2.82165 -0.08049 31 149 176
1.67545 0.51339 -0.21571 128 180 0
1.48992 0.74310 -0.22332 46 143 0
1.15884 0.86286 -0.20396 7 91 103
0.33816 1.45290 -0.15782 84 70 83
-0.04500 1.63512 -0.12930 0 156 21
-1.12880 1.42191 -0.02672 98 98 78
0.46382 0.75190 -0.13069 164 169 182
-0.10465 2.39269 -0.16831 27 0 52
-0.63851 2.97745 -0.14926 172 184 92
-0.07692 0.52848 -0.07552 0 159 165
-0.83924 1.07450 -0.02520 235 141 90
-1.44484 2.07240 -0.02976 44 146 123
-0.11581 2.47923 -0.17348 42 22 6
2.10987 1.84594 -0.32992 255 206 255
-1.37746 0.96511 0.01830 78 221 80
1.65357 2.30083 -0.31762 145 91 239
-0.13693 2.84110 -0.18881 139 255 235
1.40953 0.37203 -0.19835 101 221 255
2.46354 0.54469 -0.29725 81 255 188
-0.23448 0.39003 -0.04827 114 158 82
-1.42032 1.41805 -0.00038 15 0 185
-0.00177 0.66239 -0.07772 0 191 139
1.95693 0.38288 -0.24142 255 240 206
-0.03086 0.78741 -0.08157 75 255 168
-0.57887 2.33609 -0.12706 255 78 75
2.84212 0.60192 -0.33102 67 157 0
2.30176 0.84570 -0.29194 67 56 185
0.12452 2.00698 -0.16764 0 108 149
-0.72791 0.90674 -0.03070 255 229 98
0.36658 1.59632 -0.16604 103 150 192
1.67198 2.08349 -0.30510 81 13 19
1.31890 0.99603 -0.21632 75 107 103
1.65329 0.76426 -0.22844 200 207 223
-1.20587 0.70348 0.01694 93 255 114
2.81325 0.60841 -0.33064 54 157 2
0.14114 0.26764 -0.08035 35 31 157
0.19966 0.97922 -0.11799 117 152 255
0.06340 2.96960 -0.21119 0 178 32
-1.44858 1.46223 -0.00292 23 17 186
-0.79075 1.47596 -0.05028 159 43 191
1.21695 1.56060 -0.23189 2 165 96
2.08454 0.27164 -0.24472 235 181 232
-0.29863 0.90150 -0.07189 69 128 188
2.31418 2.06871 -0.36408 186 85 94
-1.05345 1.33351 -0.02826 126 78 88
1.20848 2.09004 -0.26523 100 104 255
2.09728 0.43117 -0.25090 228 255 255
0.60863 2.20680 -0.22835 255 86 231
2.11648 -0.04886 -0.24239 125 0 0
0.41219 0.26130 -0.10142 240 116 173
2.82659 1.22015 -0.36814 124 137 161
1.99586 1.77613 -0.32088 255 246 157
1.60058 2.35876 -0.31368 40 30 168
-1.06775 2.65277 -0.09921 5 69 141
0.68290 1.40222 -0.18616 255 142 207
0.65737 1.11723 -0.16990 255 83 187
1.12765 1.68401 -0.22601 123 255 183
2.59106 1.26742 -0.35001 0 69 182
2.70626 2.83799 -0.43446 0 152 114
-0.27256 1.32870 -0.09566 152 86 113
-0.70672 0.98682 -0.03932 255 187 73
-0.50908 0.60672 -0.03902 242 255 137
2.77334 0.65866 -0.33375 39 136 0
0.18913 0.95231 -0.10501 120 162 224
0.70717 2.40046 -0.23533 184 20 1
0.32882 0.18482 -0.09485 125 0 193
1.18448 0.11786 -0.16093 0 0 69
1.39757 1.50317 -0.24875 0 144 0
-1.36404 0.83243 0.01870 80 255 139
1.13751 0.59552 -0.17937 87 255 221
1.43603 1.92270 -0.27506 83 195 255
-0.60040 2.05843 -0.10503 188 119 171
2.14046 0.40862 -0.25907 214 255 250
-0.27389 2.47619 -0.15248 106 13 147
1.87876 2.72779 -0.35226 154 188 109
-0.99268 2.05858 -0.07428 128 209 77
-0.15714 0.90794 -0.08945 13 120 87
1.39033 1.42479 -0.25232 0 105 39
0.93739 2.99103 -0.28678 158 137 60
0.19027 1.86825 -0.17384 12 172 187
0.72149 1.15552 -0.17786 255 74 255
-0.72211 0.53660 -0.01241 190 133 167
0.51243 1.36656 -0.17593 254 123 253
1.79367 0.12517 -0.21837 255 102 198
-1.11498 1.91535 -0.05022 14 188 170
-0.43162 1.97736 -0.11829 161 147 87
0.11015 0.55496 -0.08423 15 166 121
-0.69230 2.43428 -0.11299 255 82 81
1.30464 1.45854 -0.23988 0 120 99
-0.20198 3.03443 -0.18867 182 246 255
2.39132 2.54113 -0.38720 164 231 128
-1.23477 0.43719 0.03549 91 144 255
-0.64697 2.29267 -0.10854 182 4 38
1.89135 0.49936 -0.23264 255 255 235
0.79181 1.38378 -0.19267 176 58 24
1.92921 2.48383 -0.34854 255 178 79
2.20773 1.52793 -0.32361 134 179 57
1.29110 1.03465 -0.20957 76 90 120
0.86425 0.06847 -0.13190 190 71 147
1.46488 2.13943 -0.28518 90 83 102
2.07336 1.13922 -0.28818 255 86 255
-1.14575 2.26019 -0.07349 80 111 81
1.04556 2.98609 -0.30009 114 136 152
-0.65806 0.85214 -0.03498 255 253 96
2.70463 0.97682 -0.34263 2 0 77
1.60779 0.51738 -0.21942 106 184 0
-0.32153 1.56426 -0.10096 96 108 158
2.80504 0.07909 -0.28780 155 120 144
-1.28408 1.51096 -0.00963 0 32 52
0.90335 2.36831 -0.25438 241 95 214
2.04479 2.48092 -0.35629 185 108 71
0.59675 0.18649 -0.12496 187 11 0
1.09617 1.73274 -0.23930 132 255 163
0.22232 0.47228 -0.09395 62 132 82
-0.58132 2.42626 -0.12552 255 85 96
2.59212 0.71490 -0.31261 75 199 184
-1.25783 0.45991 0.03175 88 155 255
1.87751 0.39974 -0.23952 255 245 140
2.17563 2.11040 -0.35264 243 82 88
0.78719 0.17375 -0.12027 227 94 152
0.26777 0.62591 -0.12122 80 184 0
-0.66167 0.59484 -0.02124 184 161 179
2.03724 -0.03917 -0.22082 153 0 19
1.08908 0.42089 -0.15895 103 226 78
1.99945 0.23754 -0.24274 255 170 140
0.90452 2.64936 -0.26152 163 148 113
2.21816 2.08042 -0.35606 232 81 84
0.48565 1.63527 -0.18980 145 170 108
-0.15379 2.74640 -0.18315 156 246 140
0.25149 1.55269 -0.15261 132 219 170
1.73988 2.12838 -0.32041 114 0 124
0.21251 1.91098 -0.16390 15 153 151
2.51013 0.56770 -0.30038 83 255 255
0.26710 2.66568 -0.21317 17 139 90
0.17597 2.39917 -0.19375 79 84 177
1.47841 2.92351 -0.33574 78 242 82
0.01591 2.72478 -0.19419 87 236 255
0.66148 2.16828 -0.22329 255 90 210
2.93916 1.55195 -0.38136 81 191 148
2.13647 1.51933 -0.31374 161 172 6
1.71336 2.49482 -0.33161 172 181 187
1.45811 2.40682 -0.30289 0 35 79
2.84172 1.61545 -0.38167 38 186 128
-1.06819 2.02750 -0.06460 106 230 123
-1.01544 2.69787 -0.10713 24 100 53
0.94074 2.52758 -0.26420 237 174 253
-0.41777 1.15154 -0.08332 219 93 212
0.49838 2.68104 -0.23147 205 238 98
2.08767 1.76700 -0.33505 255 247 229
2.96145 2.23884 -0.42174 78 14 136
0.65014 2.67570 -0.24955 255 239 215
-0.69816 3.12956 -0.14831 150 135 19
2.54678 1.92963 -0.37477 2 49 108
0.05660 2.51080 -0.18197 76 127 141
1.83158 1.11635 -0.26926 177 0 8
-0.18041 2.57806 -0.16616 68 59 0
-1.37278 1.22004 0.00295 0 13 116
1.55475 2.62706 -0.33124 102 245 228
2.10100 0.07493 -0.24205 134 5 15
1.28849 2.97384 -0.31555 93 225 200
2.83252 0.70575 -0.32808 58 108 0
-0.55780 2.53755 -0.14185 255 115 203
0.36078 2.95623 -0.23164 44 166 89
-0.09762 0.28471 -0.06076 0 29 0
0.72617 1.48246 -0.18888 183 108 20
0.28382 2.25432 -0.18552 126 78 162
1.56648 0.11731 -0.19028 188 91 244
0.00007 1.62013 -0.13541 75 236 87
-0.09264 2.93844 -0.19876 132 255 255
2.36622 1.22927 -0.32182 50 36 0
-1.42531 1.46302 -0.01234 16 12 185
-1.23539 1.54218 -0.01695 79 137 86
0.95364 0.26133 -0.14370 71 50 176
2.27191 0.09100 -0.26214 139 98 249
2.22164 2.12783 -0.35172 142 0 0
2.79175 1.21049 -0.34918 120 133 219
1.93169 0.76425 -0.26603 192 122 90
2.42666 0.65969 -0.29453 93 236 255
-1.46503 2.43863 -0.04729 143 78 164
-0.16224 2.68917 -0.17133 72 132 9
1.03103 2.31794 -0.26687 186 82 255
-1.20722 1.27455 -0.01061 81 72 247
-0.21889 1.25806 -0.09710 124 75 94
-1.41757 0.21878 0.06029 79 76 91
-0.26468 0.94492 -0.07711 53 107 144
-0.00544 1.11360 -0.10826 0 15 96
2.49423 0.54012 -0.30245 81 255 214
-1.42014 0.28866 0.06047 79 84 76
1.68628 2.87282 -0.34197 61 169 55
0.19586 2.35679 -0.19026 91 81 146
-1.06693 1.34528 -0.02755 119 78 88
2.23663 1.38566 -0.32082 111 113 0
0.31861 0.24311 -0.09576 115 21 172
2.50767 1.99207 -0.37026 13 24 121
1.45268 1.03683 -0.22872 102 82 250
1.07081 2.99792 -0.30105 105 130 178
-1.43492 1.36232 0.00868 17 0 180
1.19672 2.88171 -0.30934 40 181 189
-0.26304 1.42085 -0.09506 159 122 190
2.31052 1.04113 -0.30576 160 74 201
-1.12517 2.97347 -0.10146 77 255 76
-1.03803 1.33838 -0.02798 137 78 78
-0.38581 2.06240 -0.11921 232 189 91
2.60950 1.31615 -0.34242 71 180 255
-0.17396 2.94764 -0.19341 166 255 255
2.12618 0.47639 -0.26362 221 255 220
-0.95724 1.93470 -0.07463 74 178 10
0.50775 0.83816 -0.14448 173 131 131
2.85700 1.10921 -0.36261 149 91 230
0.04095 0.35798 -0.07195 3 67 141
0.39878 1.55456 -0.15814 118 134 186
2.35106 0.21680 -0.26845 25 83 128
2.17517 1.87594 -0.34122 239 189 248
-0.53961 0.56331 -0.02834 160 150 105
-0.33293 0.61225 -0.05957 168 255 88
0.66615 0.66512 -0.14317 187 186 123
-0.96752 2.95189 -0.12766 119 255 149
2.54704 2.43506 -0.39781 98 194 77
0.63354 2.88026 -0.25882 251 255 255
-1.56938 0.94592 0.03136 141 238 243
-1.21148 2.76144 -0.09142 76 210 255
1.04848 0.40715 -0.16193 27 133 0
-1.02057 2.76939 -0.10559 101 226 100
-1.12083 1.57628 -0.03605 17 83 35
-0.84359 1.17221 -0.03072 151 15 0
-0.47293 0.37689 -0.03369 221 135 255
2.94981 2.52768 -0.44264 142 244 221
1.17453 0.10798 -0.16505 0 0 103
0.82526 0.86977 -0.16975 235 193 141
2.49946 1.57319 -0.34511 95 255 190
0.46893 2.34149 -0.20803 111 0 169
1.62479 2.46316 -0.32488 130 162 255
-0.55916 2.53583 -0.13028 255 121 215
1.84329 1.95487 -0.31378 161 66 83
1.92467 1.59444 -0.29875 255 255 106
1.58974 0.54067 -0.22346 89 189 0
-0.94735 1.40856 -0.04033 171 96 154
1.81504 -0.03390 -0.21422 255 82 255
-0.20808 1.50691 -0.11634 45 78 184
-0.01897 0.35082 -0.07010 0 57 71
-1.51187 0.57463 0.05729 17 122 74
-1.04977 2.29971 -0.07102 113 100 166
0.56813 2.28527 -0.21668 157 0 124
2.73494 0.26915 -0.30227 116 215 231
-0.34667 0.25448 -0.03801 69 0 177
2.87467 1.57538 -0.38383 48 190 105
1.08635 2.68672 -0.29523 87 169 0
0.97575 2.90288 -0.28493 153 168 34
-0.73698 2.36092 -0.11098 234 78 156
-0.41217 1.72409 -0.11122 145 179 188
1.77471 1.38095 -0.27462 236 178 232
2.44348 1.93177 -0.35813 39 59 7
-1.32292 2.04463 -0.03743 1 148 185
1.76937 1.50631 -0.28036 231 243 255
0.28305 2.82320 -0.21668 18 181 0
-1.53045 0.85240 0.04453 127 255 255
1.80739 2.12323 -0.32002 136 0 161
1.22195 0.57721 -0.18833 76 255 255
0.93408 2.05930 -0.24052 138 50 0
2.60784 2.70553 -0.43131 1 192 163
0.34648 2.69723 -0.21818 52 150 13
2.54980 1.55836 -0.35669 85 255 166
0.93059 2.21087 -0.25047 139 0 31
1.01811 0.63532 -0.17516 135 255 142
0.80001 2.31289 -0.24455 186 0 0
-0.19895 0.65817 -0.06200 106 255 232
-0.15998 2.50338 -0.17141 55 25 34
1.65207 2.00521 -0.30624 71 49 0
-0.66122 2.49470 -0.13145 255 93 85
1.49833 2.82650 -0.32877 84 255 117
2.10135 1.76639 -0.33329 255 244 238
0.59045 1.86524 -0.20346 255 248 137
-0.14467 3.04573 -0.19553 152 246 255
-0.29236 1.23045 -0.08510 167 77 78
-1.29107 2.12718 -0.04784 0 100 154
-0.05371 2.98299 -0.19870 119 255 232
1.87767 1.96420 -0.31589 169 62 112
1.22352 0.88703 -0.21704 0 76 31
2.54134 2.51181 -0.39479 13 145 0
0.65511 0.45049 -0.13436 255 221 246
1.80531 0.45344 -0.23293 177 174 31
1.67954 0.24497 -0.21363 146 74 117
2.05100 1.16691 -0.28468 255 82 255
2.27510 -0.06709 -0.24392 132 73 145
2.86317 1.31170 -0.36614 62 104 0
1.70769 1.53673 -0.27829 202 253 255
0.06645 2.93341 -0.21140 0 179 82
-0.52871 2.29312 -0.11955 192 3 0
1.97578 1.79185 -0.31523 255 231 155
2.27753 2.19375 -0.36700 121 0 53
2.50233 0.21242 -0.27989 0 93 7
1.46726 0.54838 -0.20468 125 255 171
1.08063 2.14597 -0.26346 67 7 113
1.03072 0.67732 -0.17512 137 255 190
2.84905 1.80052 -0.39392 117 205 255
0.75301 0.54799 -0.14541 165 181 136
0.44773 0.51425 -0.11669 247 255 131
-0.02136 2.72866 -0.18568 96 238 241
0.83482 1.93884 -0.22663 169 121 144
0.64115 2.46995 -0.23607 180 40 0
0.84579 1.58343 -0.20104 236 250 151
1.26978 2.82158 -0.31156 95 255 255
1.32244 2.88019 -0.32383 87 255 241
2.09081 1.81719 -0.32601 255 223 255
0.76079 1.93848 -0.22313 255 208 255
-0.98686 3.14122 -0.12826 102 225 255
-0.41236 2.90335 -0.16586 172 192 0
0.67022 1.56230 -0.19715 193 150 0
1.59237 1.05126 -0.24570 76 0 164
1.84390 2.37486 -0.34782 230 124 155
2.51191 2.34229 -0.38493 108 137 165
2.50650 1.45994 -0.34813 86 248 255
1.99645 1.75760 -0.32294 255 249 137
-0.11276 2.55542 -0.17642 41 61 0
1.26335 2.83499 -0.31618 100 255 255
-0.49266 2.56580 -0.14032 255 136 255
0.68310 1.48068 -0.18469 190 102 60
0.61454 3.03267 -0.25808 245 218 172
1.03527 2.37645 -0.26643 192 99 255
1.24748 1.11360 -0.21991 80 74 144
1.08398 1.06306 -0.20352 41 3 26
2.59652 0.59817 -0.30878 77 253 255
1.61593 2.28807 -0.30659 131 88 211
2.03987 2.13193 -0.34631 186 0 85
-1.51619 1.31237 0.01166 41 0 54
0.01072 2.29192 -0.17371 81 74 111
0.66631 0.75601 -0.14680 185 168 43
2.51517 0.21166 -0.27935 0 86 0
2.01703 0.02852 -0.23423 164 0 0
-0.36738 2.63774 -0.15240 156 97 102
-0.33270 0.39667 -0.03105 155 154 154
0.42240 0.67129 -0.11625 149 185 137
1.37735 1.99993 -0.27423 73 148 255
0.35545 0.72311 -0.12036 116 184 112
1.58937 1.45475 -0.26742 146 215 117
1.86542 2.48347 -0.34664 245 184 82
0.23595 2.59246 -0.19850 94 183 255
0.47951 2.38733 -0.21872 125 1 112
0.13825 1.61578 -0.15535 91 242 113
0.42231 0.42357 -0.11708 237 204 71
1.23900 1.29906 -0.23425 78 122 255
1.10969 2.71381 -0.28857 73 179 10
2.15806 1.36582 -0.30410 150 99 2
-1.19689 2.01790 -0.04343 81 240 240
0.06883 0.13849 -0.07002 95 78 81
2.34544 1.57556 -0.33357 77 184 190
-1.27999 2.52978 -0.07469 81 87 138
0.41526 1.99302 -0.19193 189 189 88
-0.28253 0.15809 -0.03776 44 0 191
1.83267 0.64406 -0.25640 255 255 255
1.99418 0.46380 -0.25086 255 255 255
-1.24470 1.83291 -0.04089 71 255 212
2.13762 1.90941 -0.33471 255 160 246
0.21113 0.19333 -0.07040 152 85 249
-0.30921 0.58131 -0.05481 147 249 82
2.87171 2.77889 -0.43822 108 255 98
-0.16316 2.49125 -0.17321 50 22 23
0.16468 2.19497 -0.18238 0 10 0
0.65265 0.78624 -0.14920 187 157 38
-0.43149 1.75513 -0.11116 156 183 184
2.58199 0.80564 -0.33195 73 148 127
-0.21799 0.50974 -0.05293 118 224 107
1.98699 1.68276 -0.30139 183 189 6
-1.23944 2.29066 -0.05899 0 24 1
-1.55193 0.77556 0.04621 36 186 178
-0.04417 0.63129 -0.07643 0 183 184
-1.55251 0.39279 0.06363 34 26 0
-0.05616 0.15759 -0.05536 70 79 93
-1.23013 0.76229 0.01689 2 190 0
0.16005 0.93965 -0.11251 109 181 190
0.36260 0.60034 -0.11633 203 255 116
-0.05212 0.42787 -0.06574 0 99 106
1.35293 0.61701 -0.19665 2 184 132
-0.95213 0.17184 0.02634 132 0 178
1.55516 1.65528 -0.27478 38 189 163
0.48104 0.94942 -0.13798 158 72 69
1.41098 0.42855 -0.20054 104 250 255
0.66148 0.75961 -0.14145 186 167 57
-1.09452 2.51398 -0.09209 3 6 182
-0.95941 0.92168 -0.01042 107 146 186
-1.30254 2.40566 -0.06002 87 75 80
1.21699 2.91141 -0.31122 31 166 185
1.41681 2.65962 -0.30515 76 255 255
2.43139 2.40045 -0.38753 137 163 197
1.27691 2.88446 -0.31983 92 252 255
1.54819 1.96882 -0.29636 116 160 155
2.69164 1.98480 -0.39320 0 26 188
1.42080 2.05495 -0.28467 81 119 208
2.87805 2.16062 -0.42290 35 0 3
0.29768 2.47245 -0.20127 124 115 255
1.75646 2.38533 -0.33243 198 124 228
1.56285 0.54222 -0.22369 83 192 4
-0.27904 1.22187 -0.08580 157 80 73
-1.09070 0.45058 0.01559 143 151 202
-0.19604 2.19803 -0.15223 149 111 255
-1.49779 1.70819 -0.00220 135 225 177
0.22258 0.82618 -0.10737 144 238 154
-0.26323 2.32637 -0.14149 104 0 188
1.80220 2.62801 -0.34783 115 168 0
2.25554 2.60902 -0.38502 235 255 190
-1.14786 2.54518 -0.07173 0 14 170
0.60374 2.89491 -0.25497 242 255 255
0.39329 0.48996 -0.10319 225 241 84
0.73249 0.50510 -0.14508 167 166 180
0.05342 1.25996 -0.12345 0 0 182
0.79870 0.04321 -0.12539 217 72 85
0.63734 2.72624 -0.25547 255 255 253
-0.47200 1.82191 -0.09565 255 255 255
-1.33624 0.31912 0.05104 74 88 120
1.44764 1.14918 -0.23877 100 78 255
0.25161 0.64980 -0.09508 76 184 0
-0.91396 1.42384 -0.04631 188 101 182
0.93328 0.23928 -0.14871 75 45 186
-0.32255 1.03442 -0.07946 88 59 149
1.32705 2.20442 -0.29206 0 0 78
2.30161 2.31942 -0.37435 113 30 180
-1.28233 1.49353 -0.01159 0 38 59
0.03651 2.74740 -0.20442 75 246 255
2.00424 2.15783 -0.34713 193 0 100
-0.05136 0.77094 -0.08206 76 255 196
2.79109 2.67582 -0.43519 0 191 164
1.63788 1.38048 -0.26129 173 172 112
1.72478 0.96770 -0.25876 129 10 118
-0.98358 2.86875 -0.11617 113 255 83
0.50342 1.48058 -0.17018 159 100 189
1.23705 0.17107 -0.17250 0 16 6
-0.28728 0.39673 -0.04366 138 163 106
-0.20300 2.31214 -0.16007 75 0 187
1.17457 2.37122 -0.26821 123 94 189
2.40697 1.73208 -0.35448 46 166 74
0.72324 0.93599 -0.16271 255 154 109
-0.07328 1.53392 -0.12406 4 99 111
-0.57456 1.69032 -0.08944 255 242 113
0.29435 0.53179 -0.10425 178 251 80
0.60419 1.08328 -0.15404 255 88 116
-0.55081 0.76634 -0.03834 255 255 77
1.46890 1.58362 -0.26157 3 180 26
0.14242 2.64980 -0.20710 73 205 255
1.23824 2.94913 -0.32128 33 143 164
2.51781 2.03228 -0.37447 11 9 151
2.50794 0.60917 -0.29232 81 248 255
2.36880 1.72680 -0.35345 62 163 98
0.25466 2.76597 -0.21665 13 172 26
-0.52475 0.90564 -0.05603 247 219 133
1.86017 1.81386 -0.31649 169 141 1
2.69736 0.61137 -0.32276 14 160 91
0.84251 2.50259 -0.25974 255 156 255
0.70451 1.29585 -0.17995 255 91 255
1.73851 0.23738 -0.22126 162 70 72
2.94634 2.67925 -0.44660 138 255 103
2.44199 2.68272 -0.39994 153 255 83
-1.20018 1.62097 -0.02274 0 108 2
0.67370 1.14698 -0.16633 255 80 226
2.13066 2.88383 -0.38619 255 233 87
-0.26795 0.17235 -0.04551 36 0 171
-1.44084 1.51448 -0.00326 19 44 172
-0.26828 2.51532 -0.16144 104 39 108
1.68584 2.77305 -0.34079 65 196 0
-1.41440 2.80702 -0.07158 49 142 144
-0.91638 0.37478 0.00875 142 39 18
1.33674 0.84715 -0.20911 0 91 0
0.63050 1.48094 -0.18917 188 108 89
-0.89379 1.27943 -0.04332 209 77 103
2.60830 0.92279 -0.32363 0 10 0
0.96463 2.12232 -0.24690 120 15 7
1.70733 2.08734 -0.31461 97 10 55
-1.44899 1.45912 -0.00192 32 13 189
1.18183 2.64269 -0.29394 39 156 9
2.05527 2.15534 -0.34583 190 0 47
1.55649 0.78443 -0.22707 159 197 167
2.22693 0.16676 -0.25644 164 141 255
2.93257 1.95572 -0.41412 151 107 100
-1.03315 0.28111 0.01905 88 1 180
1.47530 1.98696 -0.28691 87 148 212
-0.37138 1.74180 -0.10802 124 186 184
0.51566 1.36174 -0.17095 254 120 255
1.24735 1.27950 -0.22096 80 105 254
0.82379 2.63310 -0.26520 255 219 255
-1.02238 2.80109 -0.11509 103 234 87
-0.12142 1.98814 -0.15065 114 225 160
0.29878 1.32414 -0.14041 70 8 0
-0.47254 1.05991 -0.05921 154 47 188
0.31113 2.05440 -0.18895 55 68 0
2.83935 1.62828 -0.37899 38 186 124
-1.21345 2.58183 -0.07802 77 118 246
1.33137 2.10071 -0.27899 78 95 244
1.31381 2.33489 -0.28283 0 10 2
-0.64269 2.65688 -0.13519 255 179 227
2.63732 1.73076 -0.37125 0 153 22
2.23119 1.96568 -0.35131 224 130 132
-0.15965 2.40080 -0.16606 52 0 98
-0.43400 0.30873 -0.02518 206 111 255
-0.90028 2.43781 -0.08993 78 0 156
-0.64859 2.01600 -0.10325 188 140 185
-0.40216 1.54874 -0.10163 145 98 70
0.57212 2.59512 -0.23910 156 103 14
2.33836 2.41601 -0.38070 99 81 171
-0.42364 2.04039 -0.12649 159 109 32
-0.36351 2.64658 -0.16069 245 180 187
0.21239 1.73722 -0.15101 105 255 255
2.00821 0.80332 -0.25707 187 93 1
-0.07710 1.22651 -0.10255 83 73 208
-0.97783 0.71837 -0.00144 187 255 165
-0.81562 2.28869 -0.09421 213 92 255
-0.83604 0.41340 0.00552 172 64 0
0.57044 2.01684 -0.20402 255 172 234
-1.47640 1.05272 0.01267 106 175 85
-0.84291 0.74046 -0.01399 158 186 191
2.55309 1.20382 -0.33559 0 32 129
1.02464 0.20384 -0.14968 120 108 246
2.44268 1.50156 -0.34164 109 255 255
0.63921 2.51408 -0.23451 175 61 14
1.81019 0.68351 -0.23668 255 245 255
1.39415 0.18557 -0.18070 101 112 123
-0.96575 2.23492 -0.08267 141 109 188
2.29081 1.57721 -0.34030 93 186 166
2.67422 0.09011 -0.28216 103 117 72
2.05566 2.41675 -0.35738 189 69 37
-0.54949 1.13218 -0.05423 178 19 187
0.43967 2.35135 -0.20966 106 0 168
-0.36449 0.54447 -0.04723 173 225 78
-0.78600 1.21620 -0.05591 166 0 65
-0.14493 2.16662 -0.14510 120 118 255
0.17475 2.35636 -0.19232 90 79 130
-1.32758 0.97433 0.01626 75 217 79
1.68846 1.09274 -0.25349 122 0 39
1.35677 0.05071 -0.16642 1 0 0
1.00054 1.41750 -0.21607 171 173 149
2.55276 2.26923 -0.39166 91 106 187
0.36006 1.57298 -0.15349 88 138 178
1.57835 1.55496 -0.26068 145 254 198
-0.80491 3.08208 -0.14811 187 239 237
0.14002 0.57219 -0.09357 19 176 89
2.76869 2.84171 -0.43420 0 145 44
1.28267 2.75123 -0.30584 99 255 255
0.47512 2.80309 -0.23362 191 255 174
-0.49328 0.89443 -0.03900 245 228 162
0.66707 2.71830 -0.25632 255 255 255
1.08322 0.08888 -0.15291 14 0 177
0.03436 1.71679 -0.14724 75 255 101
-0.81649 0.64945 -0.01477 175 177 183
0.64282 2.82588 -0.26042 255 255 255
-0.71236 2.44833 -0.11931 252 87 81
-0.63948 1.00696 -0.04601 255 170 115
2.40388 1.32674 -0.34143 117 177 176
0.80881 1.45246 -0.19770 255 180 78
-0.92554 3.14694 -0.13932 132 223 255
1.55671 2.67799 -0.33193 103 255 180
0.15732 0.58343 -0.09776 25 182 63
1.31689 2.88419 -0.31657 96 255 242
1.80205 2.08289 -0.32273 141 13 132
0.47475 0.25409 -0.10381 253 120 115
2.95348 2.21498 -0.42724 69 6 100
0.89975 0.10388 -0.12605 178 76 203
-0.19690 1.78277 -0.12823 57 189 41
0.71076 0.57712 -0.13579 183 186 156
0.69074 0.82127 -0.14810 193 131 0
0.45714 1.12829 -0.14876 231 81 78
-0.03992 2.32391 -0.16822 2 0 47
0.95361 2.09638 -0.23808 130 32 0
2.50258 0.79712 -0.31464 79 160 209
0.29324 1.05285 -0.13587 166 113 244
1.85572 0.05336 -0.21761 190 0 116
0.29007 2.93121 -0.22748 16 186 10
0.63515 2.15063 -0.22492 255 96 245
-1.22893 0.89428 0.00242 4 170 0
2.31792 0.58977 -0.28022 140 255 102
-0.42189 2.17434 -0.13164 155 41 0
2.12273 0.80897 -0.26835 147 89 18
-0.70443 3.00997 -0.14762 148 181 115
0.18442 3.04750 -0.22922 0 142 17
1.86426 2.20374 -0.33481 246 79 255
0.86900 0.50577 -0.15588 115 170 66
0.90406 0.48464 -0.15622 98 167 45
2.81125 0.75496 -0.33187 43 78 6
-0.83873 1.21840 -0.04360 150 0 13
2.56146 2.18071 -0.39578 91 76 247
0.99453 1.21540 -0.19052 78 0 6
0.28373 0.44729 -0.10986 179 217 123
-1.61824 0.30317 0.07440 147 78 199
-1.28660 0.26424 0.04756 0 0 31
-1.49768 0.79712 0.03311 107 255 255
0.09753 1.27878 -0.12788 0 1 151
0.77547 2.85524 -0.26540 255 255 148
0.59020 2.29310 -0.22139 170 0 96
1.56442 1.22655 -0.24877 59 12 38
-0.50212 2.99141 -0.16341 192 186 0
0.40765 0.83568 -0.12799 136 141 188
2.68897 0.89908 -0.32836 4 19 15
1.46218 0.15610 -0.19044 137 106 176
2.36617 1.21970 -0.32252 44 27 0
0.11967 2.41791 -0.18386 77 91 134
2.54471 -0.00808 -0.26910 76 82 206
2.31326 0.05788 -0.25744 120 97 255
-0.68566 0.56858 -0.01822 184 149 188
-1.10422 2.51619 -0.08442 3 8 186
0.08747 1.16981 -0.12419 0 0 188
-0.76092 0.28474 0.00248 255 90 73
2.75293 2.57519 -0.43120 0 172 176
2.23263 1.02773 -0.30555 188 77 255
1.00174 1.13100 -0.19381 77 0 45
-1.06639 1.08658 -0.00791 45 63 181
2.09027 0.12759 -0.23820 145 23 36
2.71901 2.26296 -0.40540 77 96 79
1.90664 1.72773 -0.30531 255 255 76
-0.12781 2.89162 -0.18599 143 255 255
0.40559 1.36784 -0.14679 206 118 162
0.93459 0.22225 -0.14019 74 23 185
-0.91131 0.53284 -0.00579 141 125 9
2.08048 0.66772 -0.26193 161 160 21
1.04131 0.95485 -0.19227 132 133 242
-0.24421 0.70408 -0.06476 37 185 149
-1.40564 2.71242 -0.07279 120 177 162
0.75979 0.20667 -0.12929 242 102 167
-0.39542 2.65884 -0.15852 251 189 200
1.43594 2.68270 -0.31105 76 255 255
0.86512 0.05419 -0.13431 195 73 136
1.23644 2.09536 -0.27635 95 108 255
-1.28525 0.51480 0.04659 84 181 255
0.24851 1.33751 -0.15006 47 18 0
2.66165 2.82779 -0.42750 0 153 157
0.31480 0.28534 -0.09319 201 127 233
2.25122 1.94302 -0.35171 215 138 121
-0.60144 1.84396 -0.09095 255 255 218
1.39374 1.11348 -0.22621 84 77 255
-0.08679 0.31644 -0.05658 0 27 0
1.66062 0.17897 -0.20938 144 33 174
1.97162 2.16253 -0.33420 255 74 202
-1.02109 0.30851 0.02512 91 3 154
0.88611 1.06794 -0.17124 131 4 182
2.39662 2.75093 -0.40492 166 255 106
2.57657 1.21950 -0.34232 0 40 155
-0.94486 1.75644 -0.05698 86 167 138
1.80369 0.72903 -0.25292 255 217 255
1.36331 0.07894 -0.17076 13 0 0
-0.45516 2.90799 -0.15951 181 188 0
-0.65610 2.52941 -0.12279 255 110 109
2.29285 0.93021 -0.30473 156 101 255
-0.72785 2.61932 -0.11501 237 152 113
0.55086 2.53485 -0.22754 154 67 0
-0.06765 1.49955 -0.12567 0 87 133
0.88704 1.78920 -0.21974 238 255 255
-0.71592 1.57677 -0.07042 255 192 145
-0.89561 0.45152 0.01093 143 81 0
2.02971 0.09339 -0.23142 161 5 0
1.14169 2.48106 -0.28049 146 148 125
0.15105 2.56790 -0.18871 80 161 255
1.91433 0.98739 -0.26765 255 86 81
2.67241 2.83429 -0.44326 0 153 137
-0.28079 1.64199 -0.11973 78 156 184
-1.43345 2.22392 -0.03637 35 51 185
0.46398 1.21667 -0.16833 236 73 104
1.48141 1.36886 -0.24834 23 82 18
-1.48376 1.65247 -0.00954 128 194 207
2.42889 2.04454 -0.37522 43 6 73
-0.06548 0.18122 -0.06314 75 82 82
2.50149 2.53005 -0.40010 31 142 0
-0.64392 2.36947 -0.11652 255 74 76
1.91675 0.75159 -0.25360 187 121 103
2.73492 2.77046 -0.43513 0 177 146
2.89083 2.54701 -0.43622 112 249 255
1.94262 2.60610 -0.35338 170 162 70
2.77880 0.03084 -0.30052 57 2 6
0.99985 0.96663 -0.19389 158 125 251
1.39837 1.98338 -0.27126 81 153 255
1.37802 2.62887 -0.30428 77 240 255
-1.55440 1.28913 0.01932 65 0 17
2.77933 1.13256 -0.35242 111 99 255
-0.40390 0.34366 -0.03109 191 126 245
0.64071 0.17044 -0.11685 184 2 0
2.91792 1.96184 -0.40712 141 113 125
-0.12350 0.87023 -0.08045 3 146 89
-0.60199 2.47123 -0.13638 255 89 112
0.99557 0.69179 -0.16489 154 255 164
-1.04197 0.83125 0.00271 62 183 105
-1.07816 0.70225 0.00653 139 255 82
-1.21573 1.18260 -0.00601 83 102 255
-0.51182 2.71297 -0.15318 255 211 255
1.87060 2.40279 -0.34330 254 139 120
-1.15856 2.67991 -0.10041 0 88 177
2.01790 2.70980 -0.37128 186 189 188
0.93117 2.43687 -0.25549 236 122 255
1.05173 1.31413 -0.20583 63 25 24
0.23395 1.12205 -0.12631 47 7 152
1.96570 2.07504 -0.33143 186 10 184
-0.33739 1.09147 -0.07118 93 30 107
0.09153 0.50201 -0.07896 7 148 175
2.73285 2.72322 -0.42547 0 183 173
-1.13570 1.28538 -0.02153 106 75 173
2.00844 2.57745 -0.36298 190 149 114
2.42284 2.16965 -0.37998 143 74 255
-0.14155 1.50939 -0.11382 20 81 184
-1.12995 1.55778 -0.03365 98 157 100
-0.92257 0.36322 0.01472 141 28 29
0.85649 2.20653 -0.24133 178 0 0
0.68158 0.81861 -0.14733 184 137 2
0.12319 2.81458 -0.20279 0 186 109
0.72244 0.41256 -0.13110 168 128 181
-0.24107 2.26454 -0.14074 168 85 255
1.24605 0.27897 -0.17078 72 157 89
-1.20924 0.80236 0.00285 0 187 0
-0.87631 0.38618 0.01474 156 47 0
1.40146 0.62970 -0.19881 9 182 74
-0.35351 1.80187 -0.11892 128 194 154
1.53638 2.62133 -0.32313 94 242 243
-1.11248 1.68213 -0.05239 17 141 135
-1.23354 1.10426 0.00202 0 56 154
-0.34508 2.41612 -0.14945 143 0 184
1.31846 2.51336 -0.29157 0 94 37
-0.22309 2.27488 -0.14867 165 88 255
2.55081 0.60761 -0.31618 71 253 255
-0.25620 2.27292 -0.15475 179 77 255
0.27437 1.30517 -0.14488 60 3 1
2.31503 0.57138 -0.28194 135 255 103
0.50527 1.84980 -0.19302 236 255 71
1.42471 1.07671 -0.22702 95 77 253
0.51215 2.05955 -0.20901 227 156 199
0.99181 0.15560 -0.15375 131 99 255
1.84818 0.61794 -0.24885 255 255 255
0.63604 1.08987 -0.15662 255 90 157
2.83747 2.24158 -0.40696 20 15 24
-1.09177 0.67841 0.00730 134 255 75
2.02829 0.19688 -0.23980 255 143 119
1.11893 1.56219 -0.23087 121 248 255
2.23201 2.79036 -0.38924 246 255 80
-0.86803 2.96927 -0.13539 165 255 255
1.42568 0.32447 -0.19606 116 190 255
0.56366 0.78414 -0.14293 183 162 124
-1.43940 0.85575 0.02586 92 255 211
2.14038 1.25393 -0.30297 235 122 175
2.69474 1.85356 -0.38564 0 93 166
0.45142 0.22230 -0.09365 168 9 72
-0.47748 2.96103 -0.16115 184 186 0
2.51236 0.22531 -0.28037 0 97 0
2.47653 2.77136 -0.42101 44 183 106
-0.15539 0.98320 -0.09127 11 82 28
-0.37201 0.98608 -0.06567 109 91 186
2.46736 0.20341 -0.28293 0 84 24
0.50100 2.95627 -0.24607 194 255 255
2.61016 1.88912 -0.38142 0 74 123
-1.33377 1.26075 0.00561 0 1 175
-1.39789 0.40416 0.05271 0 38 54
1.66299 0.06035 -0.20493 231 79 255
1.11899 1.16412 -0.20698 23 0 0
0.30899 1.90775 -0.17357 56 151 64
2.11118 -0.01264 -0.22764 131 0 0
0.65054 1.18189 -0.16833 255 70 235
-0.06944 0.39158 -0.05914 0 75 68
1.04471 0.50519 -0.17706 41 170 0
0.54726 2.76810 -0.24217 223 255 213
1.62610 2.14110 -0.29987 64 0 28
-0.87767 2.91178 -0.12389 162 255 201
1.27431 0.48118 -0.18933 71 255 243
-0.06934 0.40190 -0.06404 0 78 67
-1.27756 1.41827 -0.01161 0 6 116
-0.78360 0.77471 -0.02392 255 255 249
1.01638 0.71690 -0.17698 142 255 206
-0.92381 2.77854 -0.10827 139 231 85
2.55417 1.11872 -0.32284 0 0 53
2.73156 0.22526 -0.30679 112 192 194
0.69850 0.28362 -0.12830 169 48 72
-0.38277 2.71169 -0.16098 161 135 49
2.77266 2.21215 -0.40772 87 85 71
1.89950 0.30226 -0.23956 255 198 101
2.54440 1.81457 -0.36568 1 116 12
1.95957 1.86681 -0.31273 191 108 111
2.66941 0.22240 -0.29304 97 184 140
-1.03589 1.45781 -0.03997 137 116 108
1.17896 2.65694 -0.29598 40 166 20
2.41229 1.07411 -0.31932 20 0 7
-0.18578 1.75707 -0.12626 38 187 31
-1.45056 0.64130 0.04460 7 157 172
-0.72536 1.80959 -0.07756 255 255 88
2.28293 1.97880 -0.34220 203 123 86
-1.10836 2.71774 -0.09356 0 110 122
2.77112 2.76138 -0.44558 0 179 101
-0.20634 1.55586 -0.11780 42 112 182
-1.37359 1.56795 -0.01118 5 67 87
1.03344 2.32239 -0.26284 183 84 255
-0.08463 2.56273 -0.17987 32 62 0
2.12844 1.69836 -0.33616 167 182 134
0.27081 2.98769 -0.22932 17 167 38
2.66838 2.80866 -0.42668 0 163 167
2.58203 0.01707 -0.27543 80 89 164
-1.18440 1.87580 -0.05217 0 188 181
2.62733 1.69125 -0.36543 0 173 0
-0.97266 0.45191 0.00554 206 167 96
1.90158 2.87933 -0.36231 153 161 188
2.59012 0.88398 -0.32442 78 108 82
2.12327 1.19497 -0.29893 242 98 241
0.80349 0.85249 -0.16430 233 199 121
-0.41177 0.55781 -0.03446 201 246 99
0.23750 1.03074 -0.12138 143 124 255
2.26270 2.10716 -0.35813 216 79 78
1.97148 1.43358 -0.29297 185 132 111
-0.58316 1.06469 -0.05027 255 139 211
1.50715 0.12684 -0.18301 152 98 185
3.00235 2.64121 -0.45463 167 255 87
2.94751 1.54210 -0.39589 91 192 157
2.50395 0.44891 -0.29824 0 184 81
0.07411 0.62881 -0.09475 0 182 98
-0.26421 1.55412 -0.10230 82 105 171
0.33804 2.50317 -0.21631 129 130 255
-1.01095 0.38676 0.02515 184 125 179
1.85897 2.45374 -0.34384 242 175 89
0.82553 0.15276 -0.13015 210 91 184
0.65927 1.20355 -0.16658 255 71 252
1.95632 1.72524 -0.31517 192 173 10
-0.87757 2.13334 -0.08957 199 169 200
-1.37417 3.04687 -0.09589 39 179 101
1.03482 2.16266 -0.24947 90 2 93
1.67820 2.08834 -0.31206 90 13 32
0.49696 2.69189 -0.23427 214 244 113
1.54644 1.95247 -0.29312 119 165 158
0.93360 1.73865 -0.21794 211 255 255
0.68700 2.69944 -0.25389 255 246 255
2.52228 1.45381 -0.34647 89 244 255
-0.21323 2.42244 -0.15876 77 0 145
-1.41543 2.62460 -0.07321 127 131 94
1.20521 2.75063 -0.30476 42 190 118
1.25404 1.97600 -0.26010 86 169 229
2.95282 2.33660 -0.42687 66 65 186
1.38552 0.86912 -0.21713 0 87 0
1.63861 0.52606 -0.21774 119 188 0
2.64323 1.43749 -0.34747 77 240 174
0.19730 0.08965 -0.07369 154 73 163
2.06703 1.65061 -0.31239 186 188 36
1.55417 1.10170 -0.24676 61 0 145
2.34617 1.79969 -0.35259 161 219 160
1.56919 0.28480 -0.20372 87 86 172
2.60106 1.98121 -0.37733 0 29 174
-0.45256 1.71701 -0.09590 244 255 253
0.69264 2.30446 -0.23279 189 0 2
2.77162 2.51189 -0.42451 0 149 160
-0.06626 0.85385 -0.08729 80 236 139
2.70301 1.53890 -0.36866 78 255 72
-1.40922 2.49813 -0.06239 119 81 83
-0.33414 2.32163 -0.14079 132 0 155
2.65936 1.71041 -0.36917 0 159 38
-0.87925 2.19535 -0.08590 180 132 236
-1.02192 1.57342 -0.02829 56 87 126
2.25762 2.29151 -0.38409 126 21 132
2.98442 2.18165 -0.43162 83 0 101
-0.85681 1.25562 -0.04114 136 0 27
-0.39047 1.36605 -0.08727 219 88 76
2.99290 2.28885 -0.43640 87 40 183
1.74160 0.08429 -0.21031 255 88 255
-1.47563 0.29811 0.05665 93 84 86
1.10718 1.04922 -0.20894 26 1 7
-1.48934 1.83765 -0.01964 132 255 79
-1.07860 1.34398 -0.03244 122 75 87
-0.19611 0.78871 -0.07605 28 171 186
-0.83929 0.90970 -0.02055 238 230 207
2.29642 0.07212 -0.25909 131 100 255
-1.48810 2.01603 -0.03573 55 165 42
2.16941 2.64166 -0.37837 255 255 245
2.87444 1.93806 -0.40083 120 127 171
1.31043 2.38772 -0.28982 0 27 0
2.07611 2.02904 -0.34392 255 111 219
0.57177 0.63753 -0.13359 183 184 187
2.42756 2.77361 -0.40690 68 180 68
0.91890 0.84191 -0.17228 189 201 221
1.22716 2.71421 -0.29123 31 177 98
0.52159 0.84728 -0.15044 181 123 102
-1.47386 0.56675 0.05705 12 117 102
-0.56082 2.14439 -0.11063 191 63 64
1.29999 0.10711 -0.16721 0 0 0
2.36145 2.64967 -0.39256 180 255 86
1.60359 -0.03801 -0.18576 202 79 142
2.85488 0.75553 -0.34524 71 80 52
0.74319 2.50808 -0.24772 189 62 97
0.85422 2.44667 -0.25160 255 124 238
-0.20900 0.28582 -0.04755 17 23 30
-1.36233 0.19738 0.05181 72 80 73
0.36542 2.19836 -0.20166 73 9 103
2.50981 1.08333 -0.32493 0 0 3
1.66990 2.15784 -0.29796 81 0 69
0.92030 1.71748 -0.22419 210 255 255
-1.13743 3.13861 -0.11271 80 232 150
1.88842 2.07003 -0.32505 178 11 191
2.38062 -0.06118 -0.25935 90 75 245
-1.09973 2.83132 -0.09391 78 250 124
-1.04967 1.07549 -0.00659 51 65 176
2.64903 0.17174 -0.29109 8 68 10
2.66967 1.16551 -0.35098 0 17 179
1.54173 1.24369 -0.24901 51 16 41
-0.40278 0.67294 -0.05361 198 255 84
1.93866 2.59605 -0.36146 172 159 57
-1.48760 1.96332 -0.02490 131 255 105
-0.47302 1.62269 -0.09862 251 227 157
2.45064 0.15142 -0.27665 0 53 80
0.48216 0.05252 -0.09958 182 0 172
0.82987 1.38626 -0.19681 160 61 5
-0.39891 1.57768 -0.09750 142 114 102
1.30815 2.72484 -0.29963 86 255 255
0.70733 2.50331 -0.24821 188 56 45
0.71348 2.50736 -0.24204 186 63 62
0.83411 2.09899 -0.23120 176 27 18
1.38127 0.40431 -0.18943 95 225 255
0.70896 1.54132 -0.19292 187 146 0
0.00666 1.97600 -0.16031 0 127 182
2.54046 0.73378 -0.30742 76 199 231
0.58002 0.74835 -0.14218 184 162 137
2.32707 2.14449 -0.36513 101 0 72
-1.38320 2.56546 -0.06631 119 104 79
1.24408 0.53025 -0.18209 75 255 252
-0.28134 0.50809 -0.04509 129 221 73
0.22651 0.73147 -0.11674 142 255 99
-0.61809 1.25659 -0.06410 194 0 189
1.73665 1.33504 -0.27434 132 67 80
-0.07061 3.02620 -0.20465 122 245 209
1.12936 2.93410 -0.30998 79 158 168
0.87344 2.07244 -0.23546 162 37 20
2.14320 0.24687 -0.25097 202 178 255
1.66785 1.46465 -0.26564 186 227 206
2.55644 1.05234 -0.33077 0 0 15
-0.61219 0.96477 -0.04235 255 189 104
0.96775 2.01836 -0.23458 114 64 0
2.39922 0.16893 -0.27253 13 57 127
0.02782 2.03128 -0.15864 0 100 185
-0.50629 1.74588 -0.08140 255 255 221
2.95859 2.68630 -0.44966 145 255 92
-1.32357 1.25678 -0.00114 0 0 177
2.44578 0.86574 -0.29983 94 121 206
-0.69553 2.52360 -0.11651 255 110 90
2.93972 2.80083 -0.44679 131 245 75
-1.18346 0.98428 0.01736 7 121 102
-1.19411 1.73425 -0.03816 0 163 98
-0.78307 3.08758 -0.13862 197 240 226
0.39640 2.88587 -0.23813 66 188 76
-0.02790 1.11108 -0.10343 0 11 69
1.88613 0.53215 -0.23959 255 255 254
2.72930 0.28980 -0.29770 114 222 240
1.42656 0.40697 -0.20173 111 239 255
1.03152 2.76636 -0.28289 120 186 0
2.69605 0.75052 -0.32453 92 180 87
1.08408 0.99345 -0.19232 117 113 157
2.48318 0.28097 -0.27626 0 131 0
0.82488 1.98499 -0.22693 173 95 125
1.45412 1.25869 -0.23941 100 105 212
1.40415 2.61421 -0.31179 80 239 255
1.74602 2.71054 -0.34043 93 180 0
2.22633 0.46635 -0.27194 179 255 126
-0.92769 0.55990 -0.00123 206 226 91
0.11239 0.14137 -0.07229 111 78 111
-0.76958 2.16326 -0.09052 144 58 186
-1.53254 0.26443 0.07290 102 74 152
1.75356 2.43040 -0.33820 194 150 205
0.81763 2.64566 -0.26653 255 226 255
1.81731 0.21793 -0.22769 186 56 18
-1.03938 0.87680 -0.00538 70 168 151
0.45204 0.21847 -0.11417 171 13 74
1.71304 1.77452 -0.30004 112 168 72
0.58685 2.26624 -0.23000 169 0 124
0.54500 2.50337 -0.23173 145 61 0
0.05169 2.63977 -0.18708 82 198 240
-0.98857 2.13787 -0.08353 135 173 93
0.65648 1.15255 -0.16548 255 77 214
-0.63359 2.41192 -0.12501 255 83 75
2.30738 2.82095 -0.40383 222 255 83
0.21599 0.35925 -0.08715 63 67 171
0.98078 0.68242 -0.16649 158 255 145
-0.26233 1.53557 -0.11522 68 103 183
0.68181 0.28120 -0.13015 180 53 77
-0.67099 1.77764 -0.09363 255 255 97
-1.28584 0.59244 0.03402 79 226 255
-0.94014 0.32674 0.02098 133 20 75
0.21130 2.77359 -0.21067 4 176 72
0.70291 1.78994 -0.21311 187 183 97
2.39579 2.43259 -0.38579 71 87 128
0.12634 2.82610 -0.21221 0 180 97
-1.14184 1.00911 -0.00035 15 109 154
2.03252 2.34191 -0.35379 188 37 0
2.28337 2.79285 -0.39256 223 255 77
0.01160 1.86193 -0.14533 74 255 187
2.69057 0.93358 -0.34231 4 4 40
2.72593 2.37840 -0.41140 75 163 103
-0.47633 1.94909 -0.10625 169 156 155
2.23111 1.89504 -0.33882 224 168 181
1.77911 0.37086 -0.23179 179 147 0
1.34866 1.56877 -0.26115 0 167 0
2.37073 1.89132 -0.36278 154 167 80
0.84484 2.89893 -0.27638 255 255 89
2.54905 1.00861 -0.33136 0 0 0
1.08380 2.47009 -0.27037 163 139 189
0.75331 1.45679 -0.19565 255 187 94
1.09209 1.80683 -0.23525 51 169 19
-1.22360 2.43335 -0.07612 73 75 106
-0.48133 2.74430 -0.15548 193 138 115
-1.55115 1.11031 0.02616 140 147 104
0.95567 2.60021 -0.26946 224 211 198
-0.17698 2.76281 -0.18689 160 248 133
-0.33456 0.84566 -0.06180 88 159 175
0.78931 0.68791 -0.15252 244 255 88
0.46467 0.37280 -0.10762 255 174 74
-0.99817 2.31929 -0.07963 122 86 227
-1.53066 1.49117 0.00459 64 24 175
2.75384 0.40078 -0.32530 128 255 255
2.14595 2.09211 -0.34815 254 85 106
2.43867 2.29547 -0.39119 141 109 255
-0.15884 0.46847 -0.05796 91 205 124
1.35858 2.23568 -0.28593 0 0 39
2.40819 2.47701 -0.40304 71 121 74
0.74967 0.25476 -0.12013 164 42 102
-0.42398 2.19657 -0.12909 163 28 0
-1.38807 1.45195 -0.00877 1 7 170
-0.73786 1.14261 -0.04364 181 22 42
-0.72333 3.09527 -0.15555 143 159 77
-0.39437 1.47073 -0.09799 210 136 110
1.16534 2.25255 -0.27194 124 77 255
0.68195 1.37518 -0.18849 255 128 228
-1.11496 0.79805 0.00962 35 187 16
-1.13053 1.22400 -0.01956 103 86 225
2.54611 1.54910 -0.34450 87 255 174
2.48498 2.15978 -0.38435 116 70 255
2.20761 2.45649 -0.36010 161 97 182
2.65683 2.22999 -0.40637 73 93 117
1.74951 0.62722 -0.23487 246 255 220
1.57310 2.45833 -0.30793 22 72 189
-1.39080 0.82144 0.02837 78 255 189
2.78798 1.52186 -0.36894 10 187 6
-1.13745 2.42192 -0.07923 0 0 96
1.37076 1.98690 -0.26726 70 154 255
0.16360 2.19551 -0.18205 0 13 0
2.60453 2.36130 -0.39369 83 145 90
1.59809 2.31942 -0.30494 42 8 133
1.07128 0.08410 -0.14510 20 0 184
0.10546 3.06218 -0.21459 0 131 0
0.73760 2.29645 -0.23413 192 0 0
2.66818 2.15976 -0.40343 77 80 176
1.85178 0.03012 -0.20145 190 0 133
0.59432 1.89559 -0.20135 255 234 142
-1.03657 1.98711 -0.06075 118 251 124
1.12474 1.49644 -0.22537 120 221 255
1.23974 0.57502 -0.18400 75 255 255
-0.54053 0.67728 -0.03373 165 186 31
0.64603 2.23045 -0.22506 255 79 174
1.45881 2.28288 -0.29023 2 0 1
1.72692 2.14031 -0.31387 102 0 105
-1.37953 0.66112 0.03814 0 169 188
2.14256 0.47293 -0.26397 218 255 197
1.13550 2.52973 -0.28628 144 179 94
1.03901 0.00122 -0.13662 110 79 249
-0.25930 1.74776 -0.11661 84 188 115
1.75995 2.48691 -0.33815 199 184 140
1.93151 0.88463 -0.26590 185 49 0
0.77926 0.67685 -0.15636 252 255 102
-0.67029 1.20299 -0.05157 187 0 152
-1.46916 2.41397 -0.05248 149 79 185
2.09342 0.39684 -0.25533 233 251 255
-0.32569 2.85293 -0.17213 232 255 83
-0.35448 2.54705 -0.16385 148 41 159
0.44358 0.38957 -0.11173 246 191 77
1.17004 2.85998 -0.30183 51 184 164
0.51437 1.87191 -0.19475 231 245 81
1.02616 0.42797 -0.16112 42 146 0
0.17927 2.06095 -0.17176 11 82 57
-1.10656 1.61547 -0.03552 18 107 89
-0.06540 2.92382 -0.19253 120 255 255
-0.14977 2.38630 -0.16030 54 0 113
0.06289 0.63365 -0.08379 2 188 113
0.41682 2.96250 -0.24859 71 163 153
1.22305 0.77302 -0.20123 0 137 129
2.20475 1.56840 -0.32527 137 184 89
2.89890 1.18505 -0.36281 164 120 133
0.67862 2.71576 -0.24843 255 255 255
-0.26266 2.26568 -0.13540 185 87 254
2.49319 0.69870 -0.30926 80 209 255
-1.45411 1.76386 -0.00947 119 253 97
1.37063 0.70083 -0.21121 0 163 44
1.73694 1.68143 -0.29323 206 255 219
1.82412 0.81428 -0.24759 255 179 213
-1.47030 0.95063 0.02996 103 235 146
-1.12704 2.07806 -0.06452 90 203 133
0.60985 2.92006 -0.25782 250 255 242
1.00528 2.93565 -0.28922 129 160 86
2.09273 0.73944 -0.27337 160 125 0
1.25877 1.15106 -0.21590 78 74 168
0.78326 2.43431 -0.25037 181 40 88
-0.49220 1.37407 -0.08091 162 7 30
0.69817 2.90692 -0.26293 255 255 198
2.46656 0.13878 -0.27960 0 46 79
-0.31202 0.63598 -0.05628 152 255 114
2.52979 -0.10305 -0.25786 77 76 255
0.04854 2.26765 -0.17510 0 0 14
2.36816 1.27811 -0.32912 61 61 15
0.72266 1.64424 -0.20101 185 181 7
-0.33405 0.69454 -0.07162 159 255 142
-0.05938 0.16387 -0.05005 77 76 83
2.59432 1.26873 -0.35170 0 71 190
2.90758 2.85053 -0.45224 113 221 87
2.78556 2.64816 -0.43616 0 190 182
2.35060 0.34931 -0.27535 29 155 14
-1.27015 1.08698 -0.00288 0 65 119
1.92444 2.86301 -0.37370 169 166 186
2.63199 1.08721 -0.34018 0 0 95
2.64661 1.21438 -0.34943 0 44 185
0.05562 1.87074 -0.14862 74 255 237
2.43101 1.39661 -0.34882 112 220 249
-1.09365 3.15925 -0.12201 83 225 203
1.08557 0.07892 -0.15053 12 0 180
1.55351 0.67296 -0.22473 153 252 76
0.56330 1.24408 -0.15835 255 76 223
-0.55256 2.57684 -0.13481 255 137 232
-0.02119 0.88547 -0.08982 77 213 82
0.41049 0.83992 -0.12789 136 134 184
0.69278 1.69241 -0.19402 193 186 11
0.31519 2.25600 -0.19341 129 84 179
2.54265 2.63308 -0.40508 21 182 59
2.16950 -0.06258 -0.23493 99 0 0
-0.49175 1.86988 -0.11074 255 255 255
-0.61316 1.04681 -0.04169 255 144 176
-1.24119 2.39111 -0.07186 74 78 80
0.98282 1.55723 -0.21377 183 236 243
-0.50378 2.54720 -0.14186 255 123 245
1.58074 1.70121 -0.28461 136 255 255
-0.56646 3.08398 -0.14974 189 153 0
1.15775 1.11756 -0.20670 102 75 84
-1.22309 1.81662 -0.03545 0 187 142
-1.10848 0.59866 0.01594 132 237 97
1.24706 2.14210 -0.27152 92 84 255
1.79709 2.84316 -0.35958 117 178 135
0.15460 2.49272 -0.19358 83 121 228
2.42121 1.21134 -0.32436 29 36 18
2.41929 1.47591 -0.34252 121 250 255
1.49576 0.15522 -0.19934 150 107 199
-1.55829 0.26328 0.07579 120 73 186
1.43457 1.88644 -0.27965 81 205 255
-1.11850 2.59425 -0.08893 0 40 189
0.69926 1.85425 -0.20919 255 250 211
-0.97445 0.58205 0.00067 190 236 85
1.01552 2.09336 -0.24608 101 33 18
-0.58599 0.26252 -0.01272 255 86 167
2.45572 1.49766 -0.33531 105 255 255
2.58041 1.60117 -0.35493 79 255 100
0.61821 2.43634 -0.22431 168 19 0
2.35833 2.47667 -0.37583 93 120 127
-1.13055 1.82755 -0.05728 8 192 185
2.28116 0.09634 -0.25081 133 109 255
-0.56481 1.85213 -0.09301 255 255 244
0.35990 1.67051 -0.16480 172 255 255
2.41356 0.90642 -0.30996 13 15 109
1.93429 1.45495 -0.29628 255 230 199
0.80500 1.92984 -0.22006 179 121 168
0.30314 2.21476 -0.19395 44 3 57
0.30272 1.16353 -0.14239 79 0 61
0.07576 2.84847 -0.20104 0 189 130
2.24857 1.11821 -0.30307 189 77 192
1.04996 0.39908 -0.15745 30 132 1
-1.19832 2.89796 -0.10207 0 182 54
-0.62941 2.04218 -0.10557 190 124 193
-0.85814 2.52351 -0.11585 98 17 50
-0.04528 2.17197 -0.15729 95 117 255
-0.23893 1.52547 -0.11453 59 87 178
-0.65169 0.81870 -0.04486 255 255 107
-1.28402 2.87733 -0.09105 3 175 162
2.90923 2.69806 -0.44574 116 255 123
1.46869 0.06878 -0.17858 134 75 110
1.79899 2.82757 -0.35782 115 175 130
0.64638 1.40188 -0.18290 255 146 230
1.24533 2.59604 -0.30297 100 224 122
-0.47652 2.77105 -0.15031 182 161 100
-0.02992 0.46610 -0.07773 0 127 152
-1.23740 1.90812 -0.04321 75 255 255
1.83682 1.52977 -0.29729 255 255 223
-1.44142 0.49815 0.05117 1 83 86
-1.05088 0.32420 0.02712 80 11 168
-0.07475 1.47370 -0.11995 91 156 247
2.81059 1.00128 -0.35805 125 69 255
-0.49982 2.65210 -0.13677 255 187 255
1.28480 2.38465 -0.29079 0 26 8
1.26328 2.60400 -0.29488 96 217 128
-1.31133 1.25551 0.00721 0 4 184
0.90704 0.03638 -0.13738 173 74 166
0.00433 2.15416 -0.16224 0 33 148
-0.10656 2.68984 -0.18092 123 213 138
2.33211 1.88795 -0.34577 172 171 109
1.58711 2.85429 -0.33414 110 255 74
-0.63193 0.92688 -0.03505 255 216 78
1.93867 1.19341 -0.28717 255 93 237
0.75884 2.83613 -0.26255 255 255 189
0.44015 2.83854 -0.23982 89 188 82
0.02152 0.60489 -0.08935 0 182 153
-1.46688 1.01555 0.02471 108 208 102
0.40221 0.39727 -0.10913 233 190 82
2.22327 0.85303 -0.28711 107 44 156
2.68499 1.92242 -0.37809 0 48 194
-0.94168 0.19039 0.02543 134 0 179
1.28363 2.36483 -0.29373 4 10 8
2.32480 0.41523 -0.27649 41 179 1
0.43576 2.59126 -0.22400 92 102 6
2.80978 2.20894 -0.41439 11 5 0
1.11224 0.32226 -0.16365 89 172 87
-1.36867 2.02256 -0.03895 6 158 158
-1.22356 2.77861 -0.08919 0 131 169
0.87004 2.54457 -0.26187 255 177 255
-0.93954 0.86419 -0.01001 119 170 189
1.06603 0.74066 -0.18370 117 243 255
1.66986 0.03869 -0.19415 232 77 252
2.67133 2.31460 -0.40716 77 125 75
0.84616 2.43438 -0.25528 255 118 216
0.55171 0.41729 -0.11957 255 207 134
0.21572 0.82778 -0.10999 128 220 160
-0.56943 2.86175 -0.14637 188 185 109
1.93528 1.75008 -0.31846 184 168 10
-0.60834 1.42775 -0.07092 185 27 86
-0.89414 2.74984 -0.11327 71 130 0
0.93233 1.96220 -0.23233 132 111 46
0.88474 2.83052 -0.27512 169 189 3
0.24407 1.72826 -0.15944 120 255 255
0.73323 0.84334 -0.16049 255 204 75
0.52001 2.58123 -0.22955 131 105 0
0.27780 2.72001 -0.21973 13 167 36
0.68897 2.53088 -0.24676 182 76 58
-1.52234 1.61198 -0.00675 145 172 255
2.01711 2.15617 -0.33952 194 0 77
-1.46923 1.16254 0.00923 108 118 90
1.03690 0.76577 -0.18099 127 241 255
2.52902 0.89984 -0.32851 0 14 20
-0.48171 1.73146 -0.09770 255 255 221
2.02523 2.15867 -0.34312 190 0 79
2.00231 1.67339 -0.31487 188 182 4
2.65687 0.49322 -0.31665 85 255 255
-1.24144 1.67391 -0.03061 71 216 94
-0.63242 1.97343 -0.09602 187 154 174
-0.42866 0.66019 -0.04449 204 255 76
-1.20755 0.71361 0.01860 92 255 100
2.57280 2.75846 -0.42149 8 187 168
1.46021 1.18320 -0.24149 100 85 251
0.87289 0.36958 -0.15093 117 110 158
0.15431 1.05633 -0.12097 109 110 255
-0.60562 2.91467 -0.15040 182 185 99
1.28915 2.75651 -0.31210 91 255 255
1.61618 1.22935 -0.26561 88 9 4
-0.14923 2.23450 -0.14862 134 92 255
0.13864 1.04600 -0.11484 97 120 244
1.23392 0.06928 -0.16052 0 0 76
0.38012 2.15854 -0.19692 82 20 83
2.37613 1.66810 -0.34595 142 255 226
0.89283 0.99733 -0.18205 210 116 255
-1.18495 2.13604 -0.04921 74 187 138
-1.32912 0.96149 0.02101 73 224 79
-1.35345 2.83021 -0.07327 24 153 187
0.00765 0.50191 -0.08142 0 144 193
-1.26065 2.56077 -0.08060 78 106 184
1.55573 0.97861 -0.24143 67 15 188
1.45515 2.22240 -0.30662 0 0 0
2.08616 2.17086 -0.34496 193 0 16
-1.10778 1.20424 -0.01757 110 92 218
2.73364 1.41729 -0.37330 86 233 106
0.99241 2.87967 -0.28834 143 186 24
2.09710 1.27895 -0.29782 254 137 188
2.84044 1.07645 -0.35472 141 90 255
1.86960 1.47794 -0.29050 255 236 239
-0.47557 2.67685 -0.14904 255 192 245
0.10655 2.00727 -0.16291 0 109 163
-0.55398 2.47498 -0.12064 255 96 166
0.27247 0.21580 -0.07919 92 6 184
0.44506 0.67910 -0.12385 153 187 152
-0.29853 1.93406 -0.11903 191 245 95
1.29937 0.67189 -0.20416 0 179 139
0.78057 1.33144 -0.18926 170 25 93
2.44999 0.67533 -0.30323 88 225 255
2.67892 0.94909 -0.34480 0 2 48
2.64827 2.17149 -0.39766 81 81 185
-0.78561 1.79794 -0.07355 226 255 75
1.84983 -0.01223 -0.21293 191 0 158
-0.46549 1.70057 -0.08780 248 255 228
2.54652 2.38494 -0.39657 91 162 99
2.33612 0.87880 -0.29272 133 125 255
0.19061 2.68473 -0.20545 2 137 149
-1.56252 0.68206 0.04335 46 170 119
-1.11256 1.58847 -0.03629 22 85 54
-1.30466 1.12181 -0.00412 74 138 184
0.03426 0.21152 -0.06667 85 86 106
0.08385 1.62986 -0.14846 75 244 85
-0.17126 0.84018 -0.07384 17 153 152
2.40971 1.38168 -0.33432 117 217 226
-0.84156 1.21471 -0.04009 146 0 11
2.19215 0.24902 -0.25811 194 187 255
1.56237 2.32404 -0.30434 30 11 111
1.55214 2.25334 -0.30494 26 0 48
1.40243 1.95660 -0.27629 72 176 255
1.60910 0.85665 -0.22609 184 161 255
-1.55547 0.66396 0.04863 37 160 106
1.28419 1.86387 -0.26061 81 229 168
-0.85613 2.44968 -0.09441 109 0 102
0.28852 1.25290 -0.14079 73 3 6
0.72785 1.88278 -0.22627 255 237 247
1.05489 2.47793 -0.26984 184 158 204
2.04222 0.99277 -0.28848 255 90 166
-0.30624 0.44875 -0.04453 142 188 93
2.52219 0.51558 -0.29796 76 255 239
1.79321 0.24237 -0.21584 180 69 18
-0.37672 0.35753 -0.02570 178 127 223
0.18861 0.52237 -0.09615 51 157 76
0.73313 0.04840 -0.11925 252 74 79
1.59041 2.81002 -0.33681 108 255 79
2.86804 0.92758 -0.35133 158 95 255
1.28278 0.05525 -0.16055 0 0 38
1.39306 2.39482 -0.30438 0 31 10
-1.16563 0.49695 0.02659 103 178 230
2.56677 -0.03130 -0.27492 76 80 212
1.40701 0.96487 -0.23211 9 24 87
1.06559 2.08080 -0.25819 80 26 45
-0.56807 0.26639 -0.01256 248 91 193
0.37557 1.95863 -0.17913 85 127 0
0.80203 1.97758 -0.21847 175 103 151
1.64714 0.94710 -0.25242 189 113 255
2.25552 2.37694 -0.37428 138 53 173
-0.98435 0.70682 -0.00332 187 255 153
-0.56988 1.74446 -0.09133 255 255 156
-0.03066 1.52144 -0.13173 80 185 157
-0.76089 0.23232 0.00481 255 82 93
1.26699 0.78767 -0.20271 0 127 71
-0.80588 0.95323 -0.02067 252 212 141
2.59743 1.55636 -0.36388 68 255 114
2.11131 1.57449 -0.31346 168 188 11
1.58693 0.77910 -0.23324 171 205 177
2.91701 1.12709 -0.35776 173 97 161
0.97150 1.62701 -0.21915 191 255 255
2.10796 1.68094 -0.31782 166 184 98
0.47803 2.28498 -0.21528 125 0 183
-0.63779 2.04500 -0.09992 185 130 186
-0.88936 0.27511 0.01146 238 77 155
0.34056 1.53660 -0.15562 169 205 225
2.24032 2.42251 -0.37307 146 81 185
0.67712 1.31208 -0.18560 255 104 255
-0.78752 1.68965 -0.07364 243 248 124
0.85209 1.89593 -0.21128 163 147 170
-1.16137 0.64883 0.01929 109 251 117
2.02967 1.49489 -0.29727 187 158 19
1.36354 1.31234 -0.23865 79 134 247
0.65925 1.61515 -0.18935 184 165 0
0.32631 0.55840 -0.10696 196 255 78
-0.67944 2.16230 -0.10618 175 50 165
-1.50447 0.90691 0.03412 112 252 208
-0.96089 2.15455 -0.08199 145 165 125
1.16446 2.19395 -0.25933 120 78 255
2.53690 0.13752 -0.27036 0 51 25
0.40511 0.76285 -0.11976 138 170 175
1.42794 1.70708 -0.27431 0 193 80
1.44184 0.65082 -0.20961 28 175 20
1.92209 1.93411 -0.32120 177 78 123
1.32060 0.05546 -0.16300 0 0 11
-0.68447 1.97073 -0.09881 179 159 148
-1.20253 2.19890 -0.05281 0 58 29
2.28085 2.66253 -0.39214 227 255 123
2.44512 1.06648 -0.32584 15 0 0
0.97201 1.57609 -0.21595 193 249 240
-0.09726 0.93593 -0.09373 0 106 11
2.35401 0.84716 -0.30270 120 131 255
1.83490 2.50922 -0.34360 224 198 86
0.08541 1.22634 -0.11985 0 0 179
0.20376 2.43763 -0.19628 86 98 235
1.36731 0.13607 -0.19433 14 7 0
0.70032 1.53198 -0.19200 189 136 14
-1.36210 0.45918 0.05530 0 58 127
-0.54494 0.73760 -0.03921 255 255 77
0.61321 1.10601 -0.16335 255 83 147
1.98540 1.42605 -0.30025 189 128 103
2.43266 2.02310 -0.36675 42 17 64
2.92231 2.30662 -0.42501 46 46 134
-0.10456 2.78609 -0.19403 126 255 231
-0.54998 0.41415 -0.03294 158 75 189
2.83714 1.79270 -0.39588 112 201 255
2.24900 0.71187 -0.28634 80 127 62
1.13731 2.92318 -0.30198 70 161 184
2.90360 2.84711 -0.44912 110 219 84
-1.55039 0.26768 0.06942 118 76 166
-1.02127 0.88110 -0.00583 74 168 165
0.23284 1.42075 -0.13928 43 50 0
0.02873 0.15582 -0.05465 81 80 73
-0.30941 1.78149 -0.11610 101 191 122
-1.08691 2.37987 -0.07606 7 0 110
2.50407 1.35610 -0.33926 88 197 255
0.76049 1.77917 -0.20597 180 183 131
2.91272 2.10079 -0.41857 51 0 0
2.51983 1.56421 -0.35494 83 255 184
0.38634 0.09397 -0.08961 146 0 190
-0.04682 2.67885 -0.19174 14 126 103
2.40485 0.57128 -0.28711 102 255 162
2.21164 0.48884 -0.27122 172 255 112
2.47998 1.16147 -0.32466 7 10 26
-1.08575 2.86275 -0.09973 86 255 94
1.16710 1.95446 -0.25515 32 90 49
-0.15036 1.87939 -0.13162 33 169 0
0.91097 0.82321 -0.16776 202 214 179
1.81775 0.26263 -0.22663 181 89 0
0.03877 2.65194 -0.19162 79 205 249
1.05267 0.20784 -0.15968 31 26 128
0.50071 1.53647 -0.17097 160 130 174
0.78266 2.65341 -0.24906 255 233 255
-0.99679 3.13833 -0.12718 106 230 255
2.51106 0.28230 -0.29263 0 122 0
1.91130 1.00485 -0.26477 191 2 0
0.62523 0.29009 -0.11921 255 142 111
0.39981 1.21534 -0.15248 210 74 79
1.65180 1.34139 -0.25986 105 65 10
-0.71090 1.23625 -0.05048 180 0 134
0.30897 2.05444 -0.19032 47 83 0
-1.30409 1.09747 0.01886 78 143 184
-0.07605 0.33675 -0.05814 0 47 12
-1.48131 0.37627 0.06299 87 112 80
1.49209 0.08654 -0.18110 142 75 145
2.65264 2.79677 -0.43276 0 173 180
2.69478 1.00385 -0.33074 3 0 101
2.52657 0.47192 -0.30046 0 192 130
1.44718 1.42296 -0.25244 5 102 9
1.67343 2.26476 -0.31441 156 81 238
-1.60535 0.26545 0.08096 136 77 214
1.73828 0.94934 -0.25515 233 113 191
0.61440 2.48699 -0.23329 169 46 0
-0.21073 2.77270 -0.17552 171 244 117
0.82541 1.20694 -0.18543 153 0 140
0.84051 1.71649 -0.22053 247 255 244
-0.13068 0.45657 -0.06394 86 210 150
2.34174 0.03582 -0.25534 110 84 255
-0.18435 0.90285 -0.08127 15 126 115
1.17128 2.61220 -0.29462 39 144 0
0.47653 1.49248 -0.16358 153 103 184
1.36023 1.81968 -0.26635 74 248 199
2.20313 0.18960 -0.25474 175 144 255
2.47626 1.48464 -0.34359 102 254 255
-0.00966 2.15535 -0.16133 0 31 153
1.10894 1.70373 -0.23134 129 255 165
-0.05015 3.04942 -0.20305 115 237 172
0.12499 0.47467 -0.08630 29 138 155
-0.88268 1.64045 -0.05191 115 132 171
2.22323 2.18033 -0.35879 141 0 6
2.53100 1.01696 -0.32545 0 0 0
2.74371 2.40462 -0.41155 72 175 139
2.04219 0.68189 -0.25750 168 151 32
2.49595 2.62665 -0.40923 33 184 13
0.93468 0.20354 -0.13692 160 112 255
0.73500 2.33907 -0.24184 190 2 0
1.12337 1.25047 -0.21600 28 6 45
1.22161 1.55274 -0.23600 0 163 113
-1.23682 0.65049 0.03031 81 246 174
0.11734 0.64375 -0.09543 17 192 35
1.06355 1.98532 -0.24265 71 83 0
-1.38296 2.64717 -0.06498 111 145 137
1.22859 1.66394 -0.24768 1 191 16
1.76824 2.61889 -0.34379 103 162 0
1.56385 0.68148 -0.21818 162 248 91
2.18463 -0.01255 -0.23510 84 0 24
-0.49383 1.13830 -0.07319 160 11 186
2.48982 1.59498 -0.35444 102 255 177
2.07943 0.65338 -0.26304 165 164 33
-1.12761 3.13971 -0.11433 74 231 144
-0.26980 0.42601 -0.04665 132 177 85
1.50186 1.29003 -0.25745 120 116 144
1.89327 2.46096 -0.34876 252 171 78
2.87574 1.05841 -0.36268 154 80 248
1.92807 1.28643 -0.28897 188 58 183
2.77082 2.06528 -0.39306 8 0 74
-0.26190 2.58460 -0.16637 101 71 50
0.84272 0.23590 -0.12784 129 30 160
1.88862 1.59990 -0.30396 255 255 139
1.80525 0.95533 -0.25778 173 19 48
0.95677 1.76466 -0.22328 197 255 255
0.43139 1.06198 -0.15264 225 95 106
2.73889 2.60096 -0.42778 0 185 186
2.18126 2.75312 -0.38544 255 255 151
2.43496 2.54680 -0.38450 61 154 6
-1.62353 0.43737 0.08209 60 43 19
-0.94254 0.68314 -0.00329 201 255 163
-1.47974 1.08582 0.02636 107 166 79
0.22272 2.78084 -0.21832 5 177 42
-0.13584 0.62993 -0.07696 85 255 255
-0.25376 1.35245 -0.09472 152 92 132
0.36264 2.73013 -0.22263 59 162 0
0.10615 0.77232 -0.10449 95 255 76
1.37593 2.48540 -0.30362 0 78 60
1.63868 2.89021 -0.33851 119 249 111
0.17498 1.30478 -0.13853 20 0 61
2.29436 0.26175 -0.25680 46 113 135
0.78453 0.46468 -0.14984 157 151 163
0.10019 1.07776 -0.11324 91 109 242
-0.84693 0.55317 -0.00661 158 138 67
2.13947 0.23003 -0.24869 215 179 255
1.67217 0.24842 -0.21137 135 75 133
1.40713 2.86464 -0.32182 73 255 168
-1.47962 2.20355 -0.03361 60 65 178
0.84463 0.50753 -0.15256 131 170 88
0.20791 0.36794 -0.08681 63 82 164
-1.07351 0.97808 -0.01123 54 119 185
-0.77186 2.01001 -0.08581 154 139 107
2.02459 1.96098 -0.33031 255 140 255
0.08812 1.87362 -0.16235 0 167 166
-1.41137 0.74703 0.03227 1 190 176
1.51283 2.18001 -0.29377 9 0 0
-0.13174 1.41161 -0.10927 95 118 255
-0.84024 0.99323 -0.02293 236 187 133
-0.40627 2.15453 -0.12790 161 53 0
2.24787 1.08982 -0.29894 186 75 209
-1.12191 1.45892 -0.02092 103 102 74
-0.89142 1.01527 -0.03450 134 88 68
-0.81216 2.38223 -0.10334 128 0 115
-1.35355 1.48645 -0.01389 0 26 123
1.20701 2.10157 -0.27033 104 100 255
-1.40650 3.02113 -0.08523 51 183 153
0.93002 1.37218 -0.21055 120 55 0
-0.74636 1.11985 -0.03482 255 115 100
0.03422 2.10895 -0.16458 0 59 157
1.72722 1.20843 -0.26380 128 4 0
2.70860 0.26265 -0.30059 105 209 190
-0.64069 2.83061 -0.14603 175 180 179
2.14275 1.45333 -0.31947 161 151 0
2.78994 2.00918 -0.39872 92 93 176
0.36226 2.20085 -0.20483 73 0 100
2.04029 1.59194 -0.30877 184 187 0
-0.09995 0.48558 -0.06115 0 129 98
-0.00145 2.31102 -0.17214 0 0 32
2.38822 2.16337 -0.37617 67 0 143
-0.67889 1.23516 -0.05579 191 0 164
2.13273 0.37350 -0.25565 222 241 255
2.24601 2.45257 -0.37287 139 96 191
1.03600 2.97016 -0.29417 124 143 140
-0.43101 3.10434 -0.17957 179 136 83
1.55019 2.08379 -0.28318 114 103 84
-0.42761 0.20003 -0.01327 103 0 171
-0.58930 0.48255 -0.01568 174 107 184
0.81975 0.59005 -0.15653 144 190 35
1.44123 2.09710 -0.28230 84 98 141
-1.31798 1.24898 -0.00285 0 0 184
-0.04680 1.46421 -0.10892 0 64 149
-1.04529 2.49251 -0.09187 18 1 190
2.83774 2.05273 -0.40951 109 80 100
1.76482 1.60808 -0.30046 223 255 242
1.59127 0.37767 -0.20856 105 136 97
1.50183 0.73143 -0.21791 123 235 86
-0.36673 1.64938 -0.10975 125 148 179
1.75367 0.73482 -0.24155 244 222 255
1.99817 2.67191 -0.35953 184 186 176
-0.31060 1.66532 -0.10525 97 158 192
2.29529 0.86910 -0.30016 64 33 191
1.85420 1.65212 -0.29618 255 255 130
1.45024 0.68361 -0.21529 22 167 0
0.35151 2.65444 -0.22730 142 215 113
-0.54076 1.04535 -0.06025 255 142 227
-1.15597 0.93909 0.00064 17 146 89
0.02573 0.95474 -0.10456 81 172 99
-0.29761 2.96581 -0.17848 223 255 189
2.85091 1.36486 -0.37151 46 132 0
0.93037 1.03523 -0.18274 99 7 160
0.30515 1.87993 -0.17698 60 159 80
-1.15847 2.78335 -0.10165 0 133 121
1.82663 0.83398 -0.25227 255 166 201
2.54741 0.97419 -0.32942 0 0 0
1.06552 0.22547 -0.15167 105 122 194
2.96896 2.27774 -0.43686 73 32 162
0.93566 2.66009 -0.26464 152 156 82
1.29672 1.65075 -0.25433 0 187 0
1.74995 2.30522 -0.32141 191 97 255
-1.32003 1.82955 -0.02121 78 255 135
1.80621 2.02385 -0.31629 143 31 99
1.91825 2.54749 -0.35410 170 140 18
1.31495 2.58750 -0.30149 86 219 160
-0.59927 0.40304 -0.01903 175 64 178
2.56389 -0.01949 -0.27349 79 82 204
-0.89543 1.09520 -0.02403 124 49 19
0.97120 2.93344 -0.28720 152 163 38
0.35097 0.18842 -0.09800 134 5 176
-0.59830 2.47054 -0.12857 255 85 106
0.70180 2.43069 -0.22681 185 24 11
2.10153 0.34599 -0.25320 226 229 255
2.73182 1.17397 -0.36064 94 104 255
0.73129 2.71828 -0.26197 255 255 255
0.99089 2.74970 -0.27373 137 185 0
1.07362 1.00501 -0.19597 30 22 72
2.41961 0.22305 -0.27588 5 83 66
1.65501 0.43244 -0.21938 128 169 8
-1.44364 2.35077 -0.04768 45 1 121
0.57135 1.13816 -0.15743 255 78 128
-0.48912 0.16479 -0.02104 140 0 99
2.14128 1.95675 -0.34134 255 138 221
0.47048 1.62080 -0.18625 141 165 141
-0.39275 1.48939 -0.09762 218 152 127
2.61114 1.40817 -0.35423 71 236 210
-0.35949 0.87771 -0.06522 91 134 176
-1.49578 1.94662 -0.02218 141 255 84
0.25537 2.02871 -0.17722 25 92 13
0.53317 0.41982 -0.11592 255 207 127
1.70757 2.52512 -0.32665 166 197 177
2.75186 0.45264 -0.31295 117 255 255
1.78214 0.81938 -0.24693 255 172 243
2.24478 0.39739 -0.26599 172 255 171
-0.31695 0.93501 -0.07118 81 114 186
-0.18163 1.11015 -0.08557 106 103 74
1.82413 0.93132 -0.26097 255 116 127
-0.46474 2.98390 -0.15962 192 182 0
-0.21953 0.84533 -0.06891 36 155 180
1.40684 2.83352 -0.33104 71 255 204
0.33777 1.75288 -0.17633 168 255 238
0.51812 2.38013 -0.21850 137 4 96
-0.94583 1.35313 -0.03443 180 79 105
2.94462 2.77692 -0.45469 131 252 79
0.41733 2.64947 -0.22306 165 215 84
0.36545 0.83982 -0.12338 117 139 183
1.72982 1.67193 -0.29588 213 255 223
-0.19166 1.14488 -0.10095 116 89 75
2.31085 1.49613 -0.33555 82 171 130
-1.11470 1.64634 -0.03892 17 123 96
-1.37001 1.52032 -0.01553 0 46 107
0.22764 2.60072 -0.20991 93 178 255
1.10232 1.50866 -0.23404 122 222 255
1.28403 0.80792 -0.20194 0 114 29
-0.65794 2.56259 -0.12204 255 123 130
0.16916 0.91777 -0.11120 117 187 195
-1.42587 1.59269 0.00103 101 166 190
1.33196 1.70876 -0.24722 0 190 12
2.60941 -0.06906 -0.27468 80 77 206
2.36682 0.39526 -0.27699 26 174 0
2.54747 0.13987 -0.28215 0 56 4
0.71349 2.42706 -0.24113 189 21 14
1.89768 1.21744 -0.28394 183 26 140
0.44938 1.75829 -0.17480 128 186 52
2.71594 0.00832 -0.28096 32 0 0
2.61713 0.33499 -0.29685 0 156 82
2.19807 2.81098 -0.38869 254 255 94
-1.22509 2.19653 -0.05266 0 69 48
3.01095 2.52590 -0.44707 173 248 166
0.93467 0.25935 -0.14788 75 50 178
-0.19686 1.09316 -0.08562 113 106 81
1.62067 2.26576 -0.30993 138 83 193
1.35336 2.95580 -0.32228 86 227 163
-1.16291 0.60864 0.02059 101 235 148
-1.31408 1.41287 -0.00310 0 3 164
2.77109 0.84112 -0.33962 28 45 33
-0.53054 2.78134 -0.14285 188 160 141
0.32809 0.12435 -0.08633 122 0 181
1.59751 0.32295 -0.19970 105 97 142
1.55737 1.90068 -0.28636 122 188 202
1.53161 0.40696 -0.20926 74 150 122
0.68958 1.40330 -0.19516 255 153 201
2.53006 0.85648 -0.32259 80 129 136
1.39941 0.98519 -0.22947 88 102 171
0.08097 1.75613 -0.15485 76 255 178
-1.44118 0.78093 0.03008 1 185 171
-0.97021 2.60305 -0.09944 39 42 109
-0.11303 0.76235 -0.08410 6 177 164
2.73012 1.69734 -0.37800 0 170 86
1.24644 0.44213 -0.18240 77 248 203
-0.29442 2.20076 -0.13672 201 110 187
-0.14177 2.41004 -0.16256 47 0 73
0.04778 1.87897 -0.15247 0 172 156
-0.92950 2.76669 -0.12277 145 228 74
1.67597 0.38980 -0.21416 144 148 19
-0.90295 1.23930 -0.03507 210 78 82
2.26576 2.57185 -0.37987 224 240 214
2.57098 2.72276 -0.41880 7 191 147
2.59148 1.27957 -0.34533 0 73 188
2.06704 2.72296 -0.36983 255 255 255
1.06436 1.34288 -0.21363 53 45 69
1.08476 2.07694 -0.25540 68 36 67
1.82792 2.66811 -0.34967 137 184 31
1.72483 1.61932 -0.28557 206 255 255
-1.32252 2.55298 -0.06565 98 102 112
0.61953 2.91153 -0.25889 250 255 250
-0.79874 0.62572 -0.02011 176 171 173
2.89591 1.77734 -0.40528 142 207 255
2.63528 1.87157 -0.37212 0 82 131
1.84628 2.86765 -0.36010 136 167 174
0.99100 2.11348 -0.24078 114 19 10
-1.17055 2.26769 -0.07103 80 111 78
1.42299 1.17025 -0.23037 89 81 255
-0.33467 0.46605 -0.03980 155 196 95
-0.94868 2.79232 -0.11439 129 233 75
-0.31599 2.41734 -0.15007 132 0 187
1.99944 0.82031 -0.27536 186 83 0
2.09252 1.37028 -0.30871 171 105 57
-0.97084 1.77844 -0.06722 68 179 148
1.82807 -0.02916 -0.20586 255 73 255
0.22976 1.60501 -0.16071 116 240 196
-0.74580 1.40906 -0.06805 175 12 189
1.18254 1.70934 -0.24414 13 192 20
0.07657 2.69309 -0.20239 0 136 187
-0.33523 2.29234 -0.13113 218 82 207
0.67877 2.61534 -0.23729 179 123 124
-0.97755 1.31533 -0.02669 166 76 80
0.88328 2.55094 -0.25785 253 181 255
-0.02718 1.86025 -0.15422 0 178 66
2.60197 0.99627 -0.33706 0 0 8
0.66043 2.79249 -0.25099 255 255 255
-0.55192 1.89417 -0.11087 255 255 255
-1.54616 0.82120 0.04550 126 255 255
0.77081 1.49723 -0.19233 255 202 84
2.61351 1.85066 -0.37634 0 91 104
1.59591 2.70705 -0.33679 113 255 122
1.49665 1.21039 -0.23912 114 83 217
1.29282 0.66014 -0.19987 0 181 155
-1.27470 0.78633 0.01728 0 184 16
-0.42937 1.33421 -0.08384 233 86 97
0.46271 1.05442 -0.14851 238 104 94
2.46195 2.08362 -0.36827 23 0 145
-1.46597 0.54851 0.04860 9 120 97
0.36850 1.61153 -0.16885 96 152 190
-0.80330 2.34689 -0.10527 122 0 135
2.36847 0.05092 -0.26406 98 92 255
0.46051 1.20350 -0.15668 231 73 90
-1.02724 1.36577 -0.02791 145 82 74
0.25718 2.72844 -0.21024 16 159 55
1.18147 1.45276 -0.23385 8 111 189
0.09518 2.79581 -0.20514 0 180 155
0.08724 0.95477 -0.10594 84 172 139
-0.52286 0.50646 -0.03492 164 126 145
0.18578 0.66120 -0.10460 39 187 0
-0.77407 0.98538 -0.03530 255 191 98
0.24831 0.26387 -0.08110 78 27 193
0.99300 2.37446 -0.25839 200 100 255
1.24565 0.75461 -0.19531 0 147 126
1.11623 2.53762 -0.28316 154 182 110
2.69989 1.02623 -0.33168 0 0 121
0.39347 1.23888 -0.14672 203 78 78
-1.46641 0.28032 0.06143 84 81 90
2.63076 2.47812 -0.40731 85 205 97
-0.27621 0.72246 -0.05532 53 192 131
2.80879 1.40988 -0.36450 29 146 0
1.99387 1.99498 -0.33211 255 127 255
1.78315 2.34625 -0.32106 210 108 239
-0.29906 0.31507 -0.04794 136 116 173
-0.22343 0.38505 -0.04935 103 155 78
2.75150 2.39239 -0.42388 82 168 135
0.90385 2.54352 -0.26524 250 180 255
1.25205 0.59295 -0.18443 0 191 195
1.41909 0.12937 -0.17992 28 14 29
1.72706 0.46005 -0.22649 153 183 0
2.28354 -0.01962 -0.24801 128 74 190
1.93968 0.11230 -0.22753 181 23 0
0.05715 2.16389 -0.16965 0 25 91
2.25055 2.14652 -0.35111 134 0 8
1.02367 2.89469 -0.28936 119 173 74
1.63124 0.33826 -0.20896 120 121 97
-1.00090 2.78621 -0.10706 114 230 88
2.81005 0.05681 -0.31133 68 24 49
1.76362 1.40769 -0.27352 233 194 248
1.17276 0.80358 -0.19224 6 123 138
2.56780 2.01909 -0.37532 0 8 176
-0.19757 1.58408 -0.11306 44 122 181
-1.18182 2.58006 -0.09159 0 25 176
2.27218 1.49816 -0.33679 97 171 112
-0.16746 0.59934 -0.06632 94 255 218
1.92617 1.94106 -0.32628 182 75 126
-0.33447 1.64089 -0.10814 115 152 183
-1.31651 0.34756 0.05120 0 15 75
-0.52980 2.60386 -0.13737 255 148 255
-1.05866 1.17315 -0.01676 133 103 190
-0.74177 0.98944 -0.03813 255 185 75
-0.32469 2.22788 -0.14525 208 104 164
1.01229 0.26708 -0.15516 47 59 122
1.99795 2.46530 -0.35880 255 186 108
2.51112 1.68853 -0.35434 90 255 96
2.22853 0.52442 -0.26967 89 191 3
-0.62645 1.55478 -0.07019 255 178 95
-1.43781 2.84475 -0.08283 60 161 150
-1.16173 2.60997 -0.09155 0 40 187
1.85626 2.27211 -0.32801 240 86 226
-1.14881 2.14344 -0.06214 84 176 111
0.84844 1.11758 -0.18711 145 0 179
2.65451 1.85130 -0.38435 0 92 142
2.63980 0.51322 -0.31002 83 255 255
0.10354 1.05935 -0.11452 90 119 229
2.45166 0.90824 -0.31078 11 15 90
2.15524 1.47135 -0.31493 148 158 0
-1.05419 1.64179 -0.04327 36 123 133
-0.97653 2.83275 -0.10696 119 252 80
-0.10418 0.28928 -0.05453 0 26 0
-1.32785 1.43138 -0.00829 0 8 153
0.19828 0.54904 -0.09322 57 168 34
-0.79600 2.25728 -0.09921 221 103 255
0.99818 2.41260 -0.26183 205 113 255
-0.83816 1.75664 -0.06102 133 173 41
0.55568 0.78540 -0.14420 186 151 127
2.39069 0.18376 -0.27117 12 73 107
-0.06726 1.71176 -0.13197 0 179 0
-0.02421 2.38530 -0.17005 3 0 2
-1.02716 2.92996 -0.12268 94 255 94
-1.09823 2.68551 -0.10027 0 92 140
0.80683 0.56773 -0.15896 144 179 63
0.44249 1.73920 -0.18543 125 183 70
-0.80543 1.65593 -0.07116 238 226 181
-0.61049 0.58968 -0.02257 182 154 153
-1.34337 1.65508 -0.02018 83 202 87
2.31020 1.26349 -0.32480 162 138 75
1.46501 0.61584 -0.21225 34 184 32
2.10150 1.91908 -0.32917 255 157 255
-1.46343 2.25936 -0.05003 56 38 190
2.12063 0.50414 -0.24933 216 255 197
-1.00580 3.05055 -0.12290 104 255 202
1.05125 0.80191 -0.19264 128 209 255
2.03159 1.74872 -0.31843 255 255 159
1.68391 1.16563 -0.26722 120 0 0
-1.29456 1.37505 -0.01045 0 0 161
1.20996 2.47041 -0.28203 111 143 85
-0.74133 0.55570 -0.01284 187 136 159
0.14343 2.65176 -0.20597 77 214 255
0.30763 2.70856 -0.21310 26 154 36
-1.30341 1.44597 -0.00884 0 13 111
2.73795 0.55314 -0.31524 21 181 114
1.73998 0.48976 -0.22218 159 187 10
0.41623 0.41494 -0.10579 234 202 78
0.07899 0.87475 -0.10032 86 224 87
2.18238 2.45112 -0.36829 169 95 168
1.52930 1.68589 -0.27302 29 191 168
1.04570 1.99273 -0.24881 82 75 0
2.71929 2.47729 -0.41694 76 216 185
-0.98424 3.05929 -0.13358 113 255 226
1.95854 0.05931 -0.21976 179 3 9
0.48214 2.17012 -0.20030 219 99 255
0.12732 3.04445 -0.22228 0 148 0
2.58861 -0.08928 -0.27276 86 77 227
0.38728 0.25334 -0.10024 230 115 201
0.19551 0.72342 -0.10496 129 255 87
2.80277 0.76394 -0.33641 47 79 16
-0.29841 1.62088 -0.10749 96 137 185
1.82134 1.60275 -0.30181 253 255 199
-0.87460 2.14726 -0.07839 190 151 209
-0.58673 0.85308 -0.04427 255 255 81
2.76139 2.30466 -0.41218 82 132 99
1.41168 1.51688 -0.24465 0 155 0
0.39918 0.82916 -0.13553 139 140 188
1.79455 1.58486 -0.28952 231 255 237
2.24799 2.41504 -0.37342 144 74 185
1.56379 1.78038 -0.27614 129 254 255
2.18457 1.40224 -0.31160 132 126 0
-1.20577 2.80572 -0.10266 0 152 134
-0.36694 2.56552 -0.14840 153 50 159
2.10725 0.88295 -0.27955 149 44 59
0.61318 2.54929 -0.24342 166 83 14
1.12063 0.88162 -0.19810 17 88 144
-1.02849 0.76376 -0.01203 75 192 77
0.41740 0.87747 -0.13934 139 112 167
1.34788 0.38265 -0.18713 90 223 239
0.18332 2.30849 -0.18103 86 78 103
1.35309 2.52262 -0.29774 0 97 64
2.74130 2.09228 -0.39539 80 75 159
1.36006 2.77575 -0.31751 80 255 255
0.05551 2.71354 -0.20362 0 151 190
0.45479 0.54994 -0.11867 248 255 151
0.81342 0.92343 -0.16304 239 165 174
0.73739 2.36908 -0.24133 189 0 0
-0.61294 3.11028 -0.15790 175 134 0
-1.27756 2.55823 -0.07171 84 101 147
-0.64075 0.79999 -0.03677 255 255 108
2.51208 1.70167 -0.35674 9 169 9
0.42559 1.90254 -0.18598 193 236 81
0.76597 1.95726 -0.21192 255 197 255
0.02695 1.13038 -0.11407 0 5 141
-0.70509 0.58915 -0.02171 196 150 195
2.35087 1.04643 -0.31622 52 0 56
-0.09594 0.71417 -0.07588 82 255 255
2.71942 1.26256 -0.35291 6 69 147
2.79631 0.98175 -0.34203 123 79 245
-0.11984 1.26261 -0.10103 95 79 202
-1.36767 2.35533 -0.05233 11 0 49
2.49339 1.88993 -0.36346 20 73 19
-0.57735 1.21807 -0.06796 186 0 188
-0.35445 0.73786 -0.05485 90 192 69
2.27708 1.22909 -0.31860 176 122 84
1.46077 2.90096 -0.32006 81 247 101
0.56612 1.46891 -0.17694 178 93 170
2.33422 1.12126 -0.31775 58 0 27
2.25857 0.34978 -0.26367 153 240 184
1.41329 0.97167 -0.21885 8 22 90
1.07089 2.07928 -0.24847 70 36 62
-0.71373 1.04172 -0.04195 255 150 86
-1.41605 1.39630 -0.00693 13 0 187
0.05461 2.73181 -0.19966 0 166 192
1.12230 2.23249 -0.26873 139 74 255
2.12100 0.64319 -0.26410 145 167 6
1.95239 0.77289 -0.26937 189 109 56
1.89873 0.54439 -0.25514 192 191 172
-0.08589 0.10368 -0.04596 74 75 137
-1.32447 0.88397 0.02005 78 255 86
2.91334 2.11584 -0.41019 51 0 0
2.10626 0.33191 -0.25633 226 225 255
-0.19009 2.15033 -0.14147 142 126 244
0.49062 2.23792 -0.21036 133 0 191
2.04063 0.34623 -0.25181 246 226 251
-1.37102 3.07635 -0.09036 40 174 82
2.84545 2.77084 -0.45078 96 255 116
0.48421 0.43566 -0.11667 255 214 105
-0.30197 2.66032 -0.17190 124 106 25
1.92282 0.38782 -0.23725 255 247 184
-1.05352 3.02437 -0.11420 89 255 114
0.99672 1.55389 -0.22134 176 240 252
1.03907 2.56119 -0.27420 191 197 156
1.36347 2.30127 -0.29355 0 0 0
-1.24511 1.80232 -0.03214 75 255 195
1.86632 2.26144 -0.33522 247 85 225
1.80403 2.14289 -0.33179 141 0 175
-0.23635 2.82165 -0.18251 185 255 135
1.74228 1.15255 -0.27378 151 0 0
-1.01639 2.24244 -0.08137 122 111 166
-1.52312 1.57617 0.00215 63 64 190
0.53288 0.72969 -0.12629 178 180 177
2.34170 1.01355 -0.31227 58 0 101
2.98713 2.59130 -0.45711 158 255 139
0.98022 2.21029 -0.25200 209 75 155
-0.23525 2.35107 -0.15941 87 0 187
0.30832 0.18569 -0.08695 113 3 189
2.97634 1.90272 -0.41251 172 126 98
2.73508 1.61964 -0.37763 91 255 115
-0.45156 0.65051 -0.04513 221 255 78
1.11753 2.36269 -0.27549 148 95 239
-0.55724 0.36829 -0.02007 167 52 174
2.32884 1.89641 -0.35372 171 170 100
1.60220 0.36873 -0.20221 107 138 105
0.02984 1.11282 -0.10203 0 12 135
1.82105 0.54710 -0.23225 181 191 116
1.91886 2.11147 -0.33233 178 0 186
0.10606 1.33480 -0.12957 0 14 105
-1.16748 1.81650 -0.04095 1 191 174
-0.73353 1.77610 -0.07686 255 255 76
-1.36831 1.78071 -0.01890 97 255 77
2.56267 2.20982 -0.38384 91 79 233
1.61237 0.31002 -0.20915 110 105 143
0.43086 1.06351 -0.14876 227 103 110
0.31644 0.47030 -0.10602 185 226 91
0.61544 2.42047 -0.22801 169 23 0
1.67636 2.20836 -0.31777 163 71 199
-0.60728 0.92058 -0.03988 255 215 85
1.97682 1.08981 -0.27884 255 82 200
2.12012 1.61351 -0.31934 167 189 46
1.37867 0.88822 -0.21228 0 62 2
1.78549 2.28198 -0.32683 214 88 255
0.36281 1.47571 -0.17128 95 84 111
1.18935 0.09923 -0.16152 0 0 87
1.42001 0.95611 -0.22918 12 27 91
1.01161 1.74146 -0.23822 175 255 227
-0.44182 2.67669 -0.15211 255 202 225
-1.39056 2.80525 -0.07776 41 149 155
-0.88428 0.54702 0.00066 147 132 35
-0.89333 2.81910 -0.12225 158 248 127
-0.30844 2.94361 -0.18827 228 255 156
2.60555 0.13120 -0.28534 0 50 0
-0.60725 0.79078 -0.03653 255 255 100
2.51290 2.71403 -0.41185 37 194 96
1.17261 2.13850 -0.26393 34 3 185
0.90109 1.27190 -0.19717 128 4 26
1.34280 0.07014 -0.16527 7 0 0
0.15805 2.87280 -0.21465 0 187 30
0.99931 0.66730 -0.17628 145 255 153
-1.36705 1.34405 0.00150 0 0 188
1.98084 1.95059 -0.32350 186 65 175
-0.09288 1.51926 -0.11670 4 94 146
-0.18599 2.93598 -0.19122 166 255 255
2.00731 0.71099 -0.27089 180 133 46
-0.96459 1.07165 -0.02462 102 64 99
0.58471 1.62480 -0.19456 173 172 24
0.48262 1.98020 -0.18573 222 192 131
1.52510 0.85176 -0.23073 137 172 181
1.91342 1.51231 -0.30998 255 245 182
0.86078 0.16196 -0.13709 200 90 218
1.25084 1.51266 -0.23676 0 142 117
0.44826 0.86932 -0.14130 146 119 163
2.69023 1.29886 -0.36122 81 174 227
0.47640 2.67662 -0.23502 195 229 83
2.00160 2.05002 -0.33824 255 99 255
0.85687 2.04631 -0.22849 163 62 52
2.36624 0.91143 -0.31435 37 16 153
2.71012 2.35862 -0.40933 74 151 88
0.79571 1.02339 -0.16707 161 18 162
0.54780 0.86274 -0.14128 181 118 75
-1.07698 1.61537 -0.05056 25 110 110
0.70468 1.31048 -0.17252 255 103 247
2.78771 1.40375 -0.36453 23 138 3
-0.96750 1.13936 -0.02056 87 29 50
1.57630 0.08598 -0.18406 191 85 225
-0.34054 0.63752 -0.05649 169 255 99
0.04988 1.11796 -0.10997 0 14 138
0.89285 2.52097 -0.26676 244 164 255
-0.80956 0.99098 -0.02983 252 186 111
2.54502 1.16451 -0.32996 0 18 104
-1.16018 1.29432 -0.01578 90 75 198
2.92204 2.35798 -0.43010 46 72 165
-0.92761 0.26125 0.01899 224 84 205
-1.35042 1.66223 -0.02272 88 213 85
-1.45126 2.01424 -0.02736 31 163 86
-1.48739 0.30590 0.05853 92 81 94
1.56845 0.20555 -0.19882 93 38 188
0.94799 2.12712 -0.24569 140 16 0
0.62782 0.17521 -0.11855 187 5 0
-0.60877 1.64937 -0.08513 255 241 80
-1.41824 1.47254 0.00351 15 15 193
2.54483 2.56005 -0.40602 16 165 16
0.37970 2.31818 -0.19835 158 75 255
-0.44626 2.45735 -0.13243 255 84 234
-1.42102 2.63123 -0.06528 132 132 94
-0.69679 1.29374 -0.06278 187 0 180
0.82274 1.81339 -0.21490 251 255 255
2.54145 1.12483 -0.33701 0 0 54
2.33348 0.08271 -0.25500 112 104 255
2.60903 1.00978 -0.33538 0 0 35
0.46970 1.46242 -0.16415 144 84 185
-1.31137 0.61816 0.03655 72 237 255
-0.42442 2.76489 -0.15302 172 161 45
0.76028 2.74867 -0.26138 255 255 253
1.26461 1.96431 -0.27212 80 174 237
2.62808 1.57914 -0.35952 80 255 85
0.57126 2.08625 -0.20343 254 132 255
0.18232 0.60584 -0.09497 42 186 20
-0.94715 0.33735 0.01923 123 19 72
2.56396 2.28991 -0.38854 92 110 174
-0.40411 1.05732 -0.06313 127 47 185
-1.16932 1.32406 -0.01871 90 72 186
0.41210 1.59844 -0.17177 116 156 185
-1.04030 2.94318 -0.10987 92 255 93
-1.29457 2.76631 -0.07787 93 215 255
1.14724 1.65314 -0.23675 114 255 175
2.38142 0.61234 -0.28847 112 253 188
2.20745 2.81829 -0.38676 255 255 94
1.49547 1.12434 -0.23563 115 69 255
0.09105 1.44853 -0.12751 0 69 32
0.04314 1.37427 -0.12719 0 33 127
-0.96944 1.72494 -0.05596 79 171 171
2.57186 0.78932 -0.31627 75 156 148
-0.50761 2.11558 -0.12219 182 67 39
0.39617 0.74213 -0.12542 133 174 160
2.28127 0.24258 -0.25903 55 95 166
-0.13282 2.58622 -0.17375 42 67 0
0.26032 0.66135 -0.10440 73 187 0
1.27071 1.96479 -0.26974 82 173 238
-1.43741 2.18488 -0.04448 40 75 191
-1.30737 2.62190 -0.06804 86 135 172
1.76004 1.51228 -0.27734 222 247 255
2.42115 0.30083 -0.27849 4 136 0
-1.14157 1.85716 -0.04656 5 190 193
-0.84053 0.49725 -0.00821 163 99 19
1.04702 1.90062 -0.23152 73 132 0
-0.49667 1.65429 -0.09254 255 230 154
-0.73535 2.39765 -0.10286 243 71 129
0.01560 0.48240 -0.07282 0 128 181
-0.15615 1.76113 -0.11972 37 190 16
0.83377 2.88553 -0.26994 255 255 101
-1.60349 0.34815 0.07206 143 92 148
2.73418 1.38941 -0.36640 91 227 124
2.25579 2.16269 -0.36288 131 0 20
0.45008 1.72317 -0.18934 126 188 84
1.05434 1.68472 -0.23566 154 255 244
0.61556 1.78512 -0.20654 181 184 13
2.73431 0.66407 -0.32856 25 136 22
-1.27257 2.03458 -0.04478 0 145 188
-0.08058 2.21580 -0.15541 100 101 253
-1.50552 0.61048 0.05073 26 141 114
2.19742 0.40315 -0.26270 187 255 201
0.43693 1.48039 -0.16460 129 96 179
-1.20007 1.85197 -0.04452 0 187 161
-0.54676 1.90830 -0.09254 255 255 255
1.11547 1.03545 -0.20428 22 10 18
2.35797 1.60515 -0.34721 145 255 255
1.63749 1.28949 -0.25247 95 37 0
0.46766 2.78477 -0.23712 188 255 143
0.97287 2.79396 -0.28767 141 185 0
1.36927 1.77112 -0.26280 0 173 78
-0.13814 2.54703 -0.16580 50 49 0
0.99839 2.83019 -0.27654 138 184 3
1.77410 1.85318 -0.30533 136 123 0
2.25719 1.76819 -0.34976 199 236 252
2.77159 1.22694 -0.35644 108 137 218
-0.56514 2.03777 -0.09616 190 124 153
2.14395 0.36898 -0.26148 212 239 255
-1.08589 1.08117 -0.01761 42 68 188
0.68737 2.78443 -0.25338 255 255 255
0.58108 2.24546 -0.21455 160 0 142
0.86720 0.73410 -0.15611 214 255 83
-0.70544 1.75121 -0.08717 255 255 76
2.02766 2.43324 -0.35317 192 84 17
0.95349 1.22746 -0.20252 100 0 13
1.62479 2.80873 -0.33873 121 255 76
-0.28540 2.32987 -0.14340 111 0 189
0.44743 1.88775 -0.18414 205 248 75
2.51841 0.28553 -0.28720 0 132 0
0.02858 0.99380 -0.10308 74 154 117
-0.16254 1.44922 -0.10500 114 137 255
1.70959 2.32937 -0.32219 176 98 255
0.22171 0.52603 -0.10041 61 166 40
0.37267 1.13227 -0.14224 201 82 109
-1.49041 1.73403 -0.00868 131 233 152
2.43824 0.79437 -0.29672 97 163 255
1.99269 1.78527 -0.30524 255 235 162
-0.47131 0.76919 -0.05790 141 185 5
-1.27019 3.01787 -0.10378 0 184 20
0.90190 0.04728 -0.12539 171 71 166
1.07913 1.48063 -0.22613 134 206 255
2.93116 2.36557 -0.41951 55 81 179
-0.30602 0.51987 -0.04405 143 234 78
1.71243 0.81836 -0.24150 228 176 255
-1.24537 0.86119 0.00788 0 177 0
-1.17246 0.25551 0.03607 25 0 137
-1.20960 2.59084 -0.08014 73 122 246
-1.22008 0.42383 0.01559 92 135 255
2.19731 1.50166 -0.33448 131 169 35
-1.55576 1.02500 0.03305 139 205 162
1.05230 1.53130 -0.22381 157 231 255
1.37048 2.28161 -0.28189 0 2 2
1.53257 1.89153 -0.28511 112 205 230
-0.40307 2.48208 -0.14492 244 101 255
-0.73122 2.62497 -0.11863 234 166 132
0.82261 1.29006 -0.19611 166 15 81
1.80692 0.14078 -0.21587 255 108 175
2.44169 0.02187 -0.26608 85 88 255
0.65787 2.71171 -0.24951 255 255 255
1.75406 2.79309 -0.35704 97 189 43
-0.42407 1.60614 -0.09305 145 127 103
-0.98001 2.06164 -0.06917 142 202 77
0.89398 0.24136 -0.14138 98 43 194
0.86817 1.03915 -0.17792 134 12 188
1.28112 2.68498 -0.30122 94 255 216
-1.51810 0.50183 0.05360 22 85 22
1.23590 2.47512 -0.28868 23 69 0
0.93124 2.37523 -0.25929 240 103 247
1.98877 0.87435 -0.26723 185 51 0
-0.10971 1.43210 -0.11897 95 127 255
1.94451 0.38996 -0.25098 255 247 205
0.25969 1.99376 -0.18005 30 111 45
-1.39654 2.62030 -0.06759 119 131 104
-1.02295 0.67352 0.00741 163 255 93
1.73031 1.93508 -0.29412 113 84 0
0.26043 3.02051 -0.23515 5 151 57
1.44525 0.39146 -0.20121 121 228 255
-1.49593 0.36465 0.06558 98 97 80
-0.81729 1.43176 -0.05398 152 23 181
-0.54039 2.00482 -0.10201 186 133 161
2.66639 0.11067 -0.29454 97 119 80
-0.14938 2.90333 -0.18269 157 255 255
0.55110 0.34544 -0.10958 255 164 95
2.53345 1.92064 -0.38158 0 64 79
1.00899 0.93524 -0.18426 153 142 255
0.98448 1.61262 -0.22113 188 255 255
0.44199 2.17266 -0.20891 197 98 228
2.54895 1.97551 -0.36746 2 32 137
0.48104 0.31260 -0.11625 255 145 78
2.22784 -0.05290 -0.24221 73 0 27
0.54565 1.70748 -0.18510 164 190 11
0.33587 2.89612 -0.22926 35 184 32
0.34711 1.49136 -0.15859 174 177 201
-0.31455 1.49584 -0.10064 94 80 122
-0.00851 0.42825 -0.07635 0 101 144
0.18391 1.87545 -0.16885 13 171 181
2.63933 0.82711 -0.32458 76 138 86
1.09603 0.89023 -0.19118 116 166 246
-0.20558 0.48447 -0.05618 99 204 91
-1.07937 3.11866 -0.11488 83 238 190
-1.28757 0.66570 0.02663 74 255 212
2.68822 1.40495 -0.35226 81 232 141
0.14751 1.39146 -0.12799 9 37 16
-0.76668 1.74041 -0.07205 247 254 88
0.57625 1.82262 -0.19805 170 176 6
0.17498 3.00083 -0.21798 0 161 0
2.45162 1.88182 -0.35965 32 87 0
-0.97778 1.80846 -0.05699 67 187 135
1.24166 0.62638 -0.19021 0 190 184
-1.04980 1.80193 -0.04418 34 181 183
0.82236 2.89741 -0.27496 255 255 94
-0.54624 2.32357 -0.12631 255 81 76
-1.13285 1.47847 -0.03814 97 117 78
1.79350 0.39099 -0.23170 175 159 0
2.12338 -0.06600 -0.22990 115 0 0
-0.00723 2.11449 -0.15114 0 60 174
-1.27558 1.12226 -0.00655 0 45 143
1.06282 0.53950 -0.16324 33 184 18
1.17153 2.17972 -0.27578 30 3 190
0.48531 1.86908 -0.18820 222 251 76
-0.55258 2.55308 -0.14003 255 123 225
0.52048 1.66646 -0.18341 155 175 70
-0.92573 1.27641 -0.03575 192 79 79
-0.20192 0.80950 -0.07006 28 171 180
0.02513 1.69096 -0.13722 76 255 84
-0.19304 3.01070 -0.18573 173 255 255
0.11998 2.72589 -0.20940 0 156 172
-0.47996 2.43990 -0.13324 255 75 186
0.66287 0.10196 -0.10652 255 75 80
0.08888 2.62605 -0.19965 75 189 255
0.98035 0.60534 -0.17026 64 186 11
0.73981 0.71795 -0.14790 255 255 112
2.24366 2.29221 -0.36544 137 14 109
-0.65937 0.84463 -0.03409 255 252 92
2.49986 2.29952 -0.39421 102 111 204
2.64957 1.70096 -0.37524 0 178 5
-0.34864 2.45718 -0.13863 142 7 191
-0.99676 0.41615 0.01367 190 145 130
-0.79711 1.89971 -0.08094 225 255 87
1.80635 1.18920 -0.27220 168 5 33
1.66110 1.23708 -0.25672 103 13 0
2.82056 1.39447 -0.37064 28 147 0
-0.82841 0.86995 -0.01659 249 245 212
1.13917 2.37691 -0.27578 139 105 205
2.81239 0.54087 -0.32117 57 176 39
-0.06247 2.38061 -0.16535 15 0 38
-1.37107 0.74523 0.02773 0 191 131
2.50758 2.03733 -0.37755 17 11 153
2.07976 1.56366 -0.31942 178 178 0
0.02240 1.69015 -0.14513 75 255 83
-1.45589 1.26833 0.01534 22 0 73
1.62969 2.07419 -0.29973 63 21 0
1.32734 0.98915 -0.22292 74 102 112
1.65221 1.34518 -0.26793 106 68 17
2.76692 2.77979 -0.44191 0 167 103
2.98158 2.13238 -0.42686 91 0 55
0.06727 1.41368 -0.12680 0 42 69
2.48056 -0.04563 -0.26056 79 74 255
0.66698 1.69153 -0.19487 186 188 0
-1.36337 0.40538 0.05210 0 33 79
-0.57470 3.11834 -0.16110 188 133 0
-1.33119 0.61335 0.02458 0 146 185
0.43113 2.94861 -0.23566 75 175 155
-0.31720 1.58613 -0.10530 102 115 172
-1.21864 2.65054 -0.08097 74 146 255
1.76543 1.99997 -0.30487 134 51 39
-0.76443 2.73620 -0.13245 221 220 174
0.43776 2.70518 -0.23205 175 246 81
2.82402 1.57017 -0.37657 32 187 65
0.18174 2.12849 -0.17879 0 39 3
1.27274 1.99047 -0.27274 87 152 249
-1.48250 0.62329 0.05315 17 147 140
1.22511 0.65072 -0.20406 0 184 189
-0.98583 2.47701 -0.08913 43 0 184
-1.54217 0.98292 0.02424 132 228 197
2.36900 2.59040 -0.38815 179 255 108
-1.11560 0.39258 0.02405 138 117 254
1.02413 0.75109 -0.18280 141 238 246
1.39491 1.27155 -0.23435 84 106 250
0.04330 1.67268 -0.13812 75 255 85
-1.39749 0.21951 0.06278 74 74 82
1.65060 1.10799 -0.24277 108 0 56
-0.26859 0.90732 -0.07519 52 124 171
0.45673 2.36399 -0.20500 110 0 161
-1.37076 0.69411 0.03057 0 178 165
2.30209 0.10097 -0.25930 45 22 184
-0.49855 0.70620 -0.04984 235 255 78
-0.98375 1.34701 -0.03128 165 75 82
-1.39079 2.25402 -0.04025 27 37 154
1.05905 2.38866 -0.26816 179 108 252
1.52863 2.18642 -0.29562 15 0 0
1.69501 2.26053 -0.32007 163 79 246
0.17789 2.09971 -0.17217 2 55 29
1.17076 1.78375 -0.25274 25 173 0
2.82535 0.88120 -0.34525 136 103 205
2.14024 2.00201 -0.34206 255 125 183
0.86325 0.02288 -0.12203 191 75 121
2.86989 2.23680 -0.41538 34 9 38
1.85748 1.45203 -0.29706 255 230 255
0.91800 2.68087 -0.26355 160 159 83
0.24006 2.37760 -0.19418 98 83 213
0.33021 2.58706 -0.20825 136 183 181
1.05735 2.87973 -0.29088 102 185 89
-0.34890 1.76489 -0.11948 120 183 173
1.59271 0.47304 -0.21173 91 180 17
0.73079 1.78909 -0.20100 184 181 121
1.39273 0.67045 -0.21510 15 176 45
2.83002 0.23599 -0.30033 154 193 255
2.71501 0.56655 -0.31467 18 171 103
1.84952 2.41338 -0.34523 237 149 118
-1.33345 1.20612 0.00866 0 12 145
2.63492 0.72244 -0.31072 80 189 145
0.17000 2.92764 -0.21904 0 184 0
-0.96016 2.91208 -0.11595 128 255 139
1.52097 2.49833 -0.32007 9 92 183
0.06726 1.69254 -0.14461 73 255 123
0.17940 2.25347 -0.17964 2 0 0
2.45176 2.44718 -0.39478 129 186 129
1.15374 1.51587 -0.23158 23 141 183
2.29482 1.58411 -0.33250 100 192 174
0.14045 2.96257 -0.21871 0 176 2
0.90024 1.48605 -0.20083 217 197 114
0.61561 1.40845 -0.17392 255 142 255
-0.05591 0.74661 -0.08611 77 255 213
1.27217 1.66139 -0.24494 0 188 0
1.54842 1.33052 -0.25193 42 53 0
-1.27798 2.91137 -0.08870 2 188 127
1.51326 2.77570 -0.32685 91 255 149
0.81091 2.80332 -0.26342 255 255 174
0.78172 2.34182 -0.24103 185 0 10
0.40796 1.59699 -0.16497 116 155 184
-0.53476 1.62891 -0.08969 255 227 110
-0.56728 2.16430 -0.11191 191 50 62
-0.67425 0.20369 -0.00509 255 75 74
0.93009 2.54394 -0.27142 242 184 255
-0.96956 2.70506 -0.10435 38 109 14
2.44265 1.29563 -0.33075 108 157 186
2.08588 2.29362 -0.35088 185 10 0
0.18672 0.85420 -0.10611 118 223 143
-0.10428 2.50724 -0.16638 32 35 0
-1.21895 1.84456 -0.05667 0 187 159
0.55429 0.40271 -0.12307 255 199 116
-1.26025 1.82847 -0.04233 71 255 207
2.64914 0.10298 -0.29319 5 30 0
2.18520 1.99614 -0.35350 240 111 136
0.37379 1.27393 -0.14250 197 92 88
2.70846 2.64788 -0.42605 0 183 189
0.31391 1.06712 -0.13603 85 16 124
-1.02728 0.30229 0.02603 90 5 171
0.44703 1.85956 -0.18658 206 255 85
0.40881 3.01642 -0.25258 67 147 177
0.81137 3.00272 -0.28139 255 232 81
2.58231 1.38009 -0.34351 75 218 255
1.78179 0.16862 -0.21688 180 36 88
-0.76476 0.86397 -0.03148 255 245 164
2.03385 2.77026 -0.37555 181 181 176
-1.33703 2.80900 -0.08671 17 146 193
1.82301 0.12696 -0.21681 255 104 165
0.40437 2.24609 -0.20786 170 85 248
-0.99880 2.06791 -0.06679 141 208 74
0.09815 0.23793 -0.07157 102 96 167
1.49143 1.00312 -0.23004 122 95 255
-0.93622 1.27394 -0.03958 181 78 74
1.77887 0.63738 -0.23970 255 255 249
0.99289 1.33076 -0.21053 85 36 0
0.15802 0.76161 -0.11294 118 255 78
-1.10018 1.04525 -0.00713 38 86 188
1.31813 2.12257 -0.27897 78 94 250
2.27611 1.19335 -0.31831 174 100 110
-0.70861 0.84668 -0.03512 255 249 128
1.40094 1.11380 -0.22951 88 78 255
2.23056 2.55024 -0.37814 239 238 255
-0.26936 1.13666 -0.08495 147 93 93
0.89317 2.41213 -0.24777 249 110 246
1.98738 2.73820 -0.36711 186 194 190
0.91371 1.73295 -0.22993 228 255 255
0.75691 2.13060 -0.22578 255 102 156
1.18375 2.56214 -0.29225 125 196 77
-1.08110 2.22797 -0.07743 96 125 85
1.94449 2.08576 -0.32515 182 7 181
0.57863 0.66284 -0.13300 185 191 188
1.80680 2.57180 -0.34609 129 151 0
-0.29001 1.18795 -0.08139 164 84 94
2.77767 0.96467 -0.34223 108 80 225
1.79586 0.06254 -0.21469 255 79 244
-0.70833 2.82030 -0.13746 156 169 186
0.33109 1.06283 -0.13582 177 107 207
-0.59964 2.68500 -0.14933 255 194 255
-0.62358 2.91139 -0.14742 183 185 113
1.59991 2.39545 -0.32271 31 47 179
-0.95475 1.66696 -0.05002 83 133 191
0.71243 1.71996 -0.20164 189 189 41
1.11581 1.31194 -0.20901 27 35 88
0.62284 1.35415 -0.16881 255 115 255
-0.83966 0.38001 0.00387 166 42 0
-1.22206 0.27983 0.03668 11 0 109
0.73314 2.56373 -0.25922 187 99 127
1.08846 1.76355 -0.23679 138 255 141
-0.83997 1.82792 -0.07141 123 189 6
1.60267 2.59731 -0.32429 121 238 202
0.37240 2.40184 -0.21022 161 94 255
2.02032 1.25403 -0.30149 255 125 255
1.72182 1.55240 -0.29618 207 255 255
2.16656 1.36405 -0.31548 143 98 2
2.71589 0.00337 -0.28718 33 0 0
0.24165 2.16540 -0.18821 16 18 0
2.50532 1.73604 -0.35817 11 151 4
1.28176 1.88483 -0.26132 79 217 186
1.41960 2.70755 -0.31328 77 255 255
1.73171 0.05669 -0.20832 254 79 255
2.69199 0.85473 -0.32819 92 116 81
-0.10433 1.95159 -0.14809 101 237 148
-1.36529 2.77734 -0.06868 116 218 238
2.02897 2.31510 -0.35297 182 25 0
0.48145 1.78843 -0.19024 142 188 8
-1.36893 3.00992 -0.08252 32 188 131
2.13220 2.73710 -0.37739 255 255 201
-0.39790 2.49721 -0.15489 250 96 255
0.32744 1.23693 -0.14290 83 0 0
-0.67991 0.97634 -0.03804 255 195 82
0.16359 0.89417 -0.10881 115 199 157
0.50205 1.68787 -0.18500 145 177 68
0.57041 1.82429 -0.19633 167 177 0
1.56957 2.62671 -0.32928 112 250 211
-0.66475 0.27951 -0.00069 255 96 111
-1.39710 1.87047 -0.02976 96 255 101
-0.37974 2.64402 -0.14333 248 182 196
1.26323 0.02866 -0.16123 0 0 84
2.61740 1.13899 -0.33700 0 5 120
2.83872 0.60529 -0.34004 75 156 0
1.87053 2.00521 -0.31500 167 42 131
-0.31630 2.08293 -0.13851 199 172 80
-1.21027 2.31403 -0.06453 0 8 0
2.56001 0.41399 -0.29808 0 181 90
2.71872 2.49035 -0.41902 0 138 105
-0.37489 1.99944 -0.11425 222 221 105
-0.21473 1.52741 -0.11022 46 89 186
1.14441 1.23646 -0.22027 104 94 146
-1.52057 0.28811 0.06111 100 79 122
-0.50419 2.89754 -0.15603 189 186 21
1.72770 0.73939 -0.23717 241 220 255
-0.70490 1.33010 -0.05951 181 0 184
1.10150 1.95952 -0.24264 56 96 0
2.16889 1.39976 -0.31632 146 126 0
2.67715 0.83934 -0.33363 90 130 79
-1.22340 0.20359 0.05382 3 0 40
0.16635 1.13090 -0.13509 22 3 181
-0.69927 2.04341 -0.09325 177 125 184
-0.55260 3.11369 -0.16202 181 136 0
1.59417 1.60606 -0.27187 143 255 247
0.47732 2.20804 -0.20181 214 84 255
0.23692 2.02795 -0.18349 25 92 31
0.10735 2.12574 -0.17341 0 40 60
-0.55500 1.94799 -0.10922 187 173 185
2.10330 2.13234 -0.35458 181 0 27
0.03971 2.82971 -0.20632 80 255 254
2.56585 2.38753 -0.39349 89 158 103
2.41711 0.34298 -0.28206 12 154 0
0.32238 1.83278 -0.17596 149 255 202
1.27651 1.62277 -0.25045 0 186 7
0.10263 1.20703 -0.12153 0 0 175
-1.34671 0.34112 0.04373 76 93 133
-1.34162 0.94855 0.02426 75 231 74
-0.65568 1.64975 -0.08098 255 228 77
2.08059 1.78060 -0.32587 255 241 228
2.25377 0.17244 -0.25897 151 134 255
2.82682 2.05158 -0.40211 103 85 121
2.33987 2.49773 -0.38762 101 127 120
0.11903 0.45558 -0.08661 21 114 179
-0.59675 0.79031 -0.03558 255 255 91
-1.09938 2.50100 -0.08999 3 0 183
-0.34060 2.13195 -0.12364 214 143 91
-0.14874 1.58357 -0.12333 25 133 144
0.46204 2.40020 -0.21588 109 10 133
1.86691 2.08343 -0.31495 168 3 185
1.68982 0.09057 -0.19599 240 90 255
0.54866 2.90499 -0.25136 218 255 255
-0.18725 0.59075 -0.06492 101 255 191
-1.48741 1.07858 0.02419 114 168 83
1.11335 1.55237 -0.22642 125 244 255
-1.03784 2.91760 -0.11243 97 255 82
0.04892 1.95183 -0.15325 0 145 182
-0.02466 0.16544 -0.06172 78 75 75
0.97785 2.44134 -0.26688 216 125 255
-0.43822 1.65945 -0.10332 243 232 212
-0.24213 0.40476 -0.05311 115 161 81
-0.32741 0.98972 -0.07815 85 81 167
1.65436 2.37543 -0.31986 151 116 255
-0.07122 0.77299 -0.09080 78 255 208
1.55418 0.53353 -0.21638 75 192 16
2.10181 1.25332 -0.30629 253 123 224
0.43704 0.53422 -0.12224 237 251 132
-0.97179 2.16109 -0.08626 148 160 116
0.15748 2.34600 -0.18673 80 78 116
2.50741 0.69557 -0.30709 76 218 255
-0.71922 2.57181 -0.12429 241 125 90
-0.47683 2.52759 -0.14065 255 117 255
1.41646 0.63350 -0.21932 18 182 60
1.69323 1.61195 -0.28507 190 255 255
-0.99289 2.43951 -0.09134 37 0 189
1.70071 0.37513 -0.22623 144 140 7
2.73708 2.20939 -0.40269 82 90 80
0.95458 2.54919 -0.26038 230 179 245
-0.77874 2.23604 -0.09536 143 21 182
2.88415 0.61351 -0.32885 85 154 0
0.33106 1.16927 -0.12818 88 0 40
2.08696 0.15657 -0.25475 228 129 150
-0.91163 2.12588 -0.08520 181 173 164
1.77107 2.40460 -0.33750 207 145 191
2.30141 0.87306 -0.30548 66 34 187
1.45652 2.75533 -0.32245 79 255 205
-1.36551 2.05692 -0.03639 9 142 181
0.13894 0.32384 -0.07355 32 58 177
1.89932 2.73974 -0.36003 158 186 147
2.53230 0.89988 -0.32182 0 19 27
2.66789 0.38491 -0.30665 2 169 166
-0.25651 2.41796 -0.15660 94 0 162
-0.67049 1.30819 -0.06314 188 0 188
-0.28261 2.92460 -0.17839 214 255 167
2.07217 0.22140 -0.24518 236 160 182
2.23545 0.64506 -0.27596 94 164 0
2.12207 0.39642 -0.26470 220 255 255
-0.18731 2.57455 -0.18068 70 70 0
-0.68908 1.18060 -0.05317 186 6 109
0.30505 0.83479 -0.12333 176 230 241
0.03164 2.08157 -0.16168 0 81 168
2.80936 1.10677 -0.36464 129 91 255
1.58224 0.33898 -0.20748 85 123 136
2.41673 0.15668 -0.27314 2 55 114
2.85141 2.80431 -0.44624 91 245 106
1.03666 0.19699 -0.15408 118 108 239
-0.64680 1.13015 -0.05639 187 25 116
-0.90590 1.78828 -0.06669 101 186 75
0.48196 1.00348 -0.15176 164 42 28
2.94377 2.26395 -0.43287 62 28 135
1.61278 2.07355 -0.30547 52 14 0
0.98896 2.76578 -0.27967 127 190 0
1.75037 0.51615 -0.22518 165 190 43
0.15050 1.57997 -0.13951 89 218 93
1.19520 0.51068 -0.18275 77 255 208
-0.05242 1.48409 -0.11897 0 74 134
1.96221 0.47840 -0.24903 255 255 255
1.16359 1.43055 -0.23138 13 98 189
-1.41807 2.06192 -0.02767 31 149 134
1.75287 0.44750 -0.23292 163 173 4
-0.07580 2.16975 -0.16679 98 116 255
-0.78955 3.08841 -0.14851 198 244 224
2.38058 1.59324 -0.33850 137 255 255
0.14078 0.74397 -0.10377 107 255 72
2.25356 2.06332 -0.35530 217 100 81
-0.41671 1.83505 -0.11207 157 193 182
0.90335 0.70680 -0.16715 192 255 96
0.45755 1.99257 -0.19618 214 191 107
-0.93786 2.61492 -0.10993 58 58 44
2.27261 0.12059 -0.25183 66 31 186
0.87932 1.53916 -0.20648 229 233 132
2.58448 1.99408 -0.37984 0 27 169
-0.31079 2.30549 -0.14114 117 0 163
2.00340 2.44267 -0.36455 255 164 95
1.43602 2.45828 -0.30676 0 64 89
-1.31842 2.85495 -0.08935 18 167 189
1.21950 1.93874 -0.25989 95 187 169
-1.18910 0.99965 0.00140 2 115 107
1.59604 0.83405 -0.23616 167 171 220
0.83550 0.48962 -0.15180 126 158 116
1.74367 0.68056 -0.23706 248 249 245
1.32509 1.73809 -0.25915 0 182 29
-0.22788 0.21097 -0.04567 15 0 104
0.78485 1.65798 -0.20105 255 255 143
-0.64636 1.90955 -0.09416 255 255 223
1.87165 0.53093 -0.23632 189 186 161
1.57880 1.84026 -0.27658 47 144 145
0.50087 0.07498 -0.10280 182 0 155
-1.53363 0.70142 0.04769 34 169 150
1.24455 0.29481 -0.18220 69 168 99
1.71690 2.23306 -0.31346 181 76 251
2.04433 1.88591 -0.32511 255 184 255
-0.11993 1.16357 -0.10136 94 80 111
1.94042 2.06655 -0.33211 181 14 185
-1.18120 1.59953 -0.02272 0 89 1
-0.27573 1.54269 -0.10708 86 106 181
0.95349 2.56484 -0.27389 226 197 232
-0.47103 2.55505 -0.14216 255 121 255
-1.12766 2.24250 -0.06915 78 122 71
-0.68090 0.59171 -0.02297 190 156 189
-0.31929 1.11332 -0.08605 173 101 152
0.12401 0.97184 -0.12682 92 156 189
-1.48386 0.93425 0.03264 108 246 188
2.38963 0.32767 -0.28012 21 140 15
1.16262 1.20082 -0.21323 100 83 131
0.76791 1.38388 -0.18698 177 59 40
-0.14718 1.95685 -0.14982 118 223 137
-0.10195 0.82733 -0.08509 0 158 109
-1.15768 2.54559 -0.07911 0 12 162
0.73758 1.18733 -0.17451 180 0 185
1.72126 2.41586 -0.32893 173 141 244
-0.34436 1.76491 -0.11068 123 186 174
1.83144 2.32066 -0.32858 233 96 215
1.28555 1.39027 -0.22578 0 85 165
1.30340 0.19367 -0.17546 80 114 77
0.70922 1.36673 -0.18249 255 126 216
0.94629 0.20613 -0.14558 158 107 255
2.18270 1.13995 -0.30088 212 89 220
1.37772 1.81198 -0.25933 80 248 216
-0.45657 1.92006 -0.11377 168 171 155
1.86237 1.54858 -0.28762 255 255 199
0.47015 1.78184 -0.17858 139 189 5
1.84957 0.87891 -0.26257 255 134 149
2.59946 1.93500 -0.38223 0 48 154
-1.17279 2.57503 -0.07734 0 29 179
-1.39111 2.37468 -0.05124 24 2 60
2.69648 2.83399 -0.43181 0 154 127
0.14922 1.33702 -0.13629 12 9 58
-0.79410 0.95186 -0.02977 255 204 116
0.94452 2.32109 -0.25931 224 78 215
2.21409 0.72913 -0.28004 102 119 43
0.52066 0.37360 -0.12024 255 189 92
-1.05331 1.39480 -0.03591 128 87 76
-1.15956 0.96254 0.00319 18 133 111
-1.42559 2.66185 -0.07479 137 144 100
2.51082 2.75355 -0.41038 30 190 112
0.12327 1.18776 -0.12448 4 0 187
1.12270 2.41296 -0.27727 149 110 201
-1.16948 2.05563 -0.06064 82 221 194
1.32936 2.60806 -0.30016 82 232 197
-0.49526 0.84146 -0.04587 238 252 109
1.94352 2.05010 -0.32736 186 21 189
2.85062 2.81612 -0.44454 98 241 89
-0.79897 1.53405 -0.06642 146 74 173
2.36264 1.46974 -0.34196 136 242 242
2.90390 2.72821 -0.44576 116 255 101
2.80900 1.88693 -0.39478 100 150 255
-1.24935 2.58333 -0.08750 74 118 206
2.61801 1.87715 -0.38186 0 79 117
2.77665 1.57558 -0.37635 15 188 27
-0.13403 2.36540 -0.16687 41 0 101
-0.82446 2.30251 -0.11057 209 84 255
-0.24038 0.25927 -0.05145 25 3 88
-0.72155 1.61696 -0.07431 255 204 149
1.64331 2.93845 -0.33754 127 235 154
2.26062 1.19576 -0.30965 185 102 111
0.44018 1.13111 -0.15011 223 84 78
-0.33544 1.59702 -0.10412 113 131 173
1.47056 1.16786 -0.24143 109 79 255
0.15330 1.82938 -0.15007 87 255 255
-1.45449 2.62296 -0.05186 146 131 80
-0.77887 0.72196 -0.01621 175 190 187
-1.02922 3.13566 -0.12302 92 223 245
-0.26964 1.92807 -0.12336 172 253 85
1.57408 1.88298 -0.28979 130 205 194
-0.82569 2.73585 -0.12913 109 133 35
-0.61948 1.77873 -0.09336 255 255 133
2.06792 1.74786 -0.32020 255 253 193
0.74662 2.37496 -0.24211 187 3 10
-0.92634 2.12949 -0.08769 161 170 144
1.31794 1.42654 -0.24524 0 107 124
0.63964 1.24989 -0.17352 255 78 255
0.97987 0.33289 -0.16760 60 90 100
-0.37514 1.09415 -0.06661 114 31 149
-0.72490 0.13102 0.01176 255 80 117
-1.01479 1.37646 -0.02661 147 87 88
-1.31019 0.85907 0.01591 71 255 83
2.52791 2.38558 -0.40402 103 160 125
-0.40798 1.84375 -0.10977 149 185 164
0.54370 0.85649 -0.14087 175 123 90
2.39930 2.11259 -0.37041 146 80 191
1.25196 1.58115 -0.24023 0 171 55
-0.89417 1.57548 -0.06104 113 91 190
-0.59789 1.76051 -0.09817 255 255 144
-1.01536 1.37442 -0.03350 140 80 81
1.47544 2.69933 -0.31118 74 255 233
0.07207 0.11693 -0.06019 95 74 80
-0.87042 1.19890 -0.03579 221 91 75
0.09603 2.30934 -0.18194 78 71 76
1.44944 1.74742 -0.27465 2 179 141
-1.22651 1.67212 -0.03495 0 138 20
2.21619 0.04309 -0.24786 79 7 104
-1.34154 2.41927 -0.05819 96 75 82
-0.02602 1.38717 -0.12883 0 26 175
-0.26703 0.58571 -0.05408 134 250 106
-1.01198 1.04503 -0.01306 66 71 161
1.43034 0.48419 -0.19292 105 255 245
1.76712 0.78868 -0.24624 252 190 255
2.21441 2.28731 -0.37097 151 8 73
-0.81444 1.86029 -0.07989 231 255 74
0.53497 0.67792 -0.12663 181 188 187
-0.87604 2.84460 -0.12806 169 251 157
1.06309 0.81006 -0.18166 129 207 255
2.17366 0.10084 -0.24300 110 13 82
-0.20701 2.01034 -0.12857 148 204 113
1.76289 0.27229 -0.21303 167 87 29
-0.84550 1.30516 -0.04116 140 0 72
2.22269 1.39311 -0.31997 125 125 0
0.46172 0.85753 -0.14085 157 126 153
2.09442 1.65916 -0.31662 176 186 68
-0.85363 2.68205 -0.11590 95 97 0
-1.04372 2.21228 -0.08273 109 131 106
1.87729 2.20306 -0.33189 254 77 255
2.75701 2.45176 -0.42165 81 205 200
0.14482 0.82007 -0.10936 107 245 92
-0.31281 2.67593 -0.16111 133 107 27
0.85267 2.72924 -0.26766 183 175 106
1.03343 2.68204 -0.28527 114 167 0
1.10101 0.56979 -0.17400 105 255 172
-1.37925 1.42928 -0.01188 3 5 185
1.14703 2.10877 -0.26475 36 18 156
-1.19162 2.80500 -0.08823 0 146 136
-1.53896 0.55338 0.05244 30 109 37
0.79719 0.37581 -0.14527 147 100 191
-0.25555 0.74592 -0.07067 45 183 167
-0.59546 2.60417 -0.14857 255 150 233
2.13564 2.71554 -0.37908 255 255 211
-1.46188 2.14019 -0.03724 45 105 164
1.81104 2.53860 -0.33969 212 216 87
1.12324 1.02842 -0.20085 106 98 108
-0.68355 1.72718 -0.07919 255 255 76
2.76540 0.78325 -0.33596 29 62 1
2.31045 2.56063 -0.39236 205 240 178
0.05351 2.79757 -0.19923 0 180 179
2.13361 0.25895 -0.24934 216 182 255
2.43478 0.03157 -0.25793 87 88 255
1.40548 2.08053 -0.27471 77 109 198
-0.94249 1.40387 -0.03781 177 90 150
1.55193 1.46690 -0.26253 129 223 108
1.20067 0.33314 -0.17707 77 188 88
1.79921 1.86773 -0.31059 143 122 0
0.69333 1.53638 -0.18625 191 132 15
0.64822 1.02146 -0.16244 187 21 19
-0.78651 1.88253 -0.07200 237 255 85
0.30795 2.67793 -0.22785 33 141 52
2.60106 0.16487 -0.28761 0 64 0
0.09480 1.33807 -0.13365 1 13 113
-1.44782 1.55076 -0.00537 20 53 160
-1.15013 1.15826 -0.01208 19 28 178
2.74462 2.61713 -0.42813 0 180 187
-0.90567 0.21123 0.02236 239 75 217
1.74099 2.17155 -0.31849 199 75 232
1.31737 1.65423 -0.24941 0 192 0
-1.30660 1.72564 -0.02236 79 237 79
0.02599 1.47579 -0.12994 0 71 84
0.56843 2.62387 -0.23056 152 123 33
1.34380 1.53513 -0.23936 0 161 11
-1.06298 1.85012 -0.05884 33 191 169
-1.36401 2.77643 -0.06887 113 212 238
1.53629 0.77424 -0.22060 144 214 130
0.35875 0.78648 -0.12084 122 161 157
-0.59993 3.00830 -0.15318 181 175 27
1.13281 1.35500 -0.21682 30 49 121
-0.54286 0.27274 -0.01676 239 93 209
2.85482 0.30705 -0.31509 176 238 255
2.64283 2.06039 -0.39344 0 0 178
1.90607 1.94114 -0.32610 177 72 126
0.33762 0.39339 -0.09962 210 190 118
-0.62603 2.43134 -0.12024 255 79 82
-0.33478 2.42856 -0.15235 128 0 189
0.47564 1.68860 -0.17641 139 191 77
-1.20864 0.88874 0.02129 0 171 7
1.65334 1.73158 -0.28824 168 255 238
1.94327 1.29831 -0.28491 187 55 187
1.79639 2.87892 -0.35836 113 165 160
-0.98824 2.52609 -0.09136 36 10 165
1.67293 1.73022 -0.27769 181 255 233
-0.61525 2.41193 -0.13118 255 79 75
-0.96612 2.20372 -0.08085 148 133 167
-1.10291 0.53804 0.03222 133 205 140
-1.38356 2.47468 -0.05655 106 78 87
-1.25084 0.23908 0.05290 1 0 37
1.44141 1.96126 -0.27806 86 157 248
-0.48387 0.79972 -0.05542 150 171 10
1.86018 2.69092 -0.35304 150 187 74
2.38908 0.51923 -0.27979 102 255 112
0.11935 0.60990 -0.08943 7 179 90
-0.96716 2.35196 -0.09268 50 0 184
1.91863 1.91271 -0.31708 177 90 101
2.87184 0.76964 -0.35068 75 73 73
1.42710 0.79007 -0.22494 16 121 0
-0.94500 1.14510 -0.03525 102 28 35
-1.47298 2.39309 -0.05421 142 81 194
2.65748 1.71185 -0.36267 0 160 34
-1.40988 1.40255 0.00255 11 0 186
0.38117 2.15542 -0.19575 81 21 76
0.79271 2.07929 -0.22663 179 47 70
1.12059 2.59117 -0.27528 158 218 77
2.29313 2.65572 -0.39717 212 255 128
-0.90855 1.83015 -0.07072 99 187 54
1.76109 0.68198 -0.24204 253 249 253
0.80392 1.74990 -0.21598 255 255 238
2.18655 0.81972 -0.27685 119 74 82
0.83368 2.94270 -0.26933 255 255 77
1.65822 2.87596 -0.34050 46 163 32
-0.38857 2.04842 -0.12151 237 188 86
1.55929 -0.00075 -0.19370 183 81 140
0.96426 0.89981 -0.18968 170 170 255
1.86591 0.62419 -0.25589 255 255 255
-0.91331 2.84714 -0.11337 144 255 125
1.20259 2.51502 -0.29067 116 179 76
1.94812 1.27435 -0.28798 255 128 255
1.43863 2.31402 -0.30001 0 4 0
1.43262 0.78010 -0.21702 19 121 0
0.95623 1.70308 -0.21820 201 255 255
-0.33984 1.15577 -0.08203 179 89 136
-0.71646 2.63978 -0.11927 242 161 120
2.17814 2.51105 -0.37883 169 127 186
1.40480 2.94222 -0.33326 76 239 118
2.83117 1.52900 -0.37761 40 187 51
2.13362 2.01130 -0.34233 255 121 184
2.27204 2.44990 -0.37243 138 101 188
-0.05916 1.41293 -0.12478 0 40 176
0.46265 0.85489 -0.13691 153 125 162
0.09017 1.20344 -0.12880 0 0 191
2.39993 0.70818 -0.29950 105 208 255
0.39549 0.65012 -0.12531 145 193 111
-1.39739 1.75628 -0.01898 99 250 76
1.34514 2.00412 -0.26656 80 150 255
1.31322 0.96971 -0.21330 0 33 3
2.42420 1.35269 -0.33469 112 193 213
1.10592 0.57540 -0.17794 101 255 183
1.95454 1.20168 -0.28386 255 98 247
-0.16482 0.44749 -0.05854 93 194 106
0.73603 0.06294 -0.11011 246 79 75
0.66616 2.47722 -0.23867 182 51 16
2.82065 2.78524 -0.44780 2 161 42
2.32989 1.29799 -0.32414 154 154 88
-0.61985 2.69709 -0.14191 255 199 255
-1.10000 2.45987 -0.08676 4 0 154
0.24967 2.67510 -0.21641 7 136 118
-1.27080 0.52667 0.03196 79 192 255
0.41439 2.52101 -0.21957 172 146 157
1.68716 2.35391 -0.32466 164 109 255
2.50650 2.38349 -0.39489 111 162 133
0.81871 1.77649 -0.21563 254 255 255
0.30478 1.82494 -0.17536 138 255 225
1.97650 0.85181 -0.26705 191 63 0
1.21330 1.12538 -0.21849 83 75 115
0.96305 0.62106 -0.15899 156 255 99
2.22777 1.12851 -0.30522 200 84 204
-0.73191 2.55013 -0.12636 242 117 82
