ply
format ascii 1.0
element vertex 20000
property float x
property float y
property float z
property uchar red
property uchar green
property uchar blue
end_header
-0.12990 0.00639 1.42013 34 118 9
-1.78482 0.01437 2.40773 104 235 107
-2.81026 -0.00086 1.91784 4 40 0
-2.92589 -0.00075 2.07807 82 193 75
0.65916 -0.00300 1.42361 81 118 76
1.10486 0.00641 1.51841 98 144 74
-0.26040 0.00646 1.58032 4 43 22
0.27976 0.00084 0.66733 251 79 235
-0.55741 -0.00521 1.56400 129 122 195
1.19322 -0.00195 2.43362 127 232 253
0.66919 -0.00051 1.98892 157 152 80
-2.98430 0.00036 0.92529 1 93 123
0.86568 -0.00259 1.82552 14 8 13
-2.84310 0.00306 0.68886 84 74 123
0.28568 0.00656 2.46493 177 141 55
-2.21405 0.00448 0.55810 251 85 91
0.88635 0.00179 2.17538 84 228 240
-0.56343 -0.01153 2.21858 132 244 235
-1.65271 0.00234 0.46805 0 47 171
-1.10889 -0.00890 1.55495 166 50 11
-2.88475 -0.00214 0.54828 82 93 84
-2.44871 -0.00015 2.20249 150 164 11
0.01808 -0.00353 1.01563 104 129 105
-0.08336 0.00465 0.10770 130 255 172
-0.23398 -0.00301 1.17387 84 254 232
-1.27509 0.00320 0.69890 175 86 248
1.48679 -0.00138 2.15774 158 151 179
1.41546 -0.00815 1.89813 217 104 80
0.08601 -0.00073 1.11205 122 163 2
-0.07482 0.00259 2.21287 59 167 120
0.08484 -0.00307 1.88280 132 26 13
-1.24793 -0.01017 0.26719 105 135 36
-2.39619 0.00001 2.18460 243 235 80
0.24621 0.00196 2.41959 171 158 4
-0.64126 -0.00438 0.22867 82 156 142
-1.59451 0.00167 1.61511 77 99 170
-0.81366 -0.00210 1.87261 227 95 166
0.99388 -0.00182 1.60736 2 30 0
1.20464 0.00870 1.71778 123 79 246
-1.38754 -0.00480 0.14195 46 175 176
-0.41497 0.00454 2.24834 88 249 114
-1.55468 -0.00105 1.20160 81 252 161
-0.32880 -0.00180 0.73367 5 10 53
-1.47630 0.00607 0.38698 15 90 131
-1.24201 -0.01271 1.16050 114 176 32
1.01154 -0.00260 0.98143 4 119 12
-1.97927 0.00057 1.90620 176 97 111
-0.18742 0.00239 0.95850 94 185 214
-2.62056 0.00166 1.17651 155 250 128
0.74819 -0.00998 1.42668 50 112 142
0.54654 -0.00332 0.84743 215 129 162
-1.92127 -0.00088 0.80765 79 30 145
0.94434 0.00194 0.80606 0 33 91
-2.73906 -0.00388 1.72410 115 79 136
-1.49304 -0.00504 1.13882 20 173 88
-2.32531 0.00594 1.43754 250 183 77
-0.97030 -0.00693 2.45139 255 221 225
0.59270 -0.00465 0.57494 116 6 19
-1.96573 -0.00210 0.17780 168 246 200
-2.76366 -0.00397 0.57917 24 5 33
-1.17879 0.00453 1.74224 213 79 85
-2.11586 -0.00309 1.88475 151 25 9
-2.59212 0.00113 0.47078 91 40 75
-0.38969 0.00126 0.96542 82 180 85
-1.65113 0.00796 1.07010 76 226 240
0.02374 0.00135 1.03837 104 148 87
-2.09746 -0.00854 1.76420 150 3 76
1.24187 0.00715 2.43794 141 235 252
-1.35248 0.00808 0.54211 144 91 88
-2.53441 0.00155 1.18613 195 254 211
-0.15406 0.00511 1.20748 26 177 97
1.16730 -0.00153 0.43934 112 131 244
-1.01496 -0.00080 1.28926 176 168 147
1.29500 0.00681 0.55810 85 10 14
-0.74888 0.00618 1.45708 207 179 156
-1.09167 -0.00098 0.77416 165 18 52
-0.19945 0.00634 0.77997 13 24 6
1.47157 0.00625 1.19381 160 181 10
1.26464 0.01038 2.35984 74 171 170
-0.93485 0.00367 2.20572 176 166 12
0.41431 0.00029 1.67056 246 83 154
-0.75966 0.00142 2.47551 137 135 120
-0.62622 -0.00405 0.86281 73 58 166
0.53630 -0.00806 0.09956 209 252 112
-1.13238 -0.00481 0.88850 229 144 91
0.31177 -0.00406 1.13441 181 173 115
0.20253 -0.00548 1.21666 239 255 179
1.19741 0.00514 2.07697 124 192 86
-2.47946 0.00228 0.77833 137 23 50
0.27897 0.00540 1.29620 252 242 254
1.17341 0.00012 2.14788 117 219 79
1.34967 0.00253 0.45589 115 50 43
-2.93673 0.00347 2.28182 75 253 196
0.88598 -0.00365 0.34350 5 105 1
1.41797 0.00245 1.73102 208 74 167
1.30940 0.00244 2.37977 90 170 177
-2.33346 0.00578 1.51213 248 144 86
1.37252 -0.00287 1.71925 197 80 204
0.99968 0.00347 1.91477 3 34 170
0.70285 0.00792 0.59638 65 3 17
-0.84119 -0.00259 0.24540 239 227 241
-1.95428 0.00586 1.09426 168 236 73
0.60822 -0.00255 1.43748 105 107 61
1.15888 -0.00102 0.66412 110 81 110
-1.79951 0.00294 0.10289 104 254 122
-0.57851 -0.00243 2.09156 129 203 242
-1.00363 -0.00303 1.87570 252 100 255
1.19236 0.00114 2.36854 123 249 209
-2.82870 0.00411 0.37975 12 84 81
0.29074 0.00826 0.08898 177 176 63
-0.23118 0.01139 1.84779 87 91 249
-2.87521 0.00596 2.15902 77 228 161
0.23269 0.00124 0.55495 247 89 236
-2.93327 0.00008 0.93962 0 100 168
0.41861 0.00568 2.12427 170 133 30
-0.69318 0.00168 0.02518 104 168 110
1.17907 0.00049 0.66856 118 76 99
-2.70194 -0.00046 0.31901 121 191 108
0.79069 -0.00863 2.36769 34 166 85
-2.69287 0.00327 0.09887 123 254 250
-1.45372 -0.00823 1.33392 107 234 89
-1.05868 0.00017 1.74975 243 75 155
1.33307 0.00564 1.19581 184 255 107
-0.47496 0.00172 0.65503 98 79 255
-1.83470 0.00191 0.83471 121 121 133
-1.90386 0.00551 0.56100 74 12 124
0.99637 0.00556 2.13925 77 222 175
-1.98426 0.00646 0.00593 178 239 244
-2.44302 -0.01341 0.30717 227 193 143
-1.69993 -0.01030 2.16117 6 154 13
-0.35569 0.00232 2.45924 77 221 157
-0.51018 -0.00513 1.10455 33 170 19
0.64660 -0.00734 1.93419 170 120 82
-0.46998 -0.00752 2.21535 100 244 178
-1.69826 0.00549 2.05196 7 102 85
-1.14378 -0.00166 1.05275 229 225 103
0.67705 -0.00694 2.19089 74 162 144
-0.17677 0.00777 1.14613 96 248 228
1.30899 0.00884 1.72783 172 72 237
-1.34413 0.00752 2.45509 74 141 32
-0.51168 0.00318 0.87085 32 62 81
-0.32251 0.00785 0.94753 77 177 106
0.81666 -0.00037 1.84284 25 11 6
-2.34632 -0.00316 1.88985 172 25 164
-1.16378 0.00164 0.21256 217 234 103
1.09623 -0.00293 0.53382 88 99 249
-2.81253 -0.01134 1.01203 15 136 125
0.69965 0.00827 1.03451 140 213 179
-1.12957 0.01372 0.32836 230 194 94
0.73061 0.00244 0.36947 129 172 118
-2.94681 0.00175 0.73471 77 86 87
-1.35495 -0.00898 1.91244 64 31 3
-2.64334 0.00070 1.24764 68 173 92
-0.06183 -0.00431 0.58842 62 5 0
-1.77615 -0.00504 0.49677 23 32 169
0.15582 -0.01091 0.16080 149 169 110
1.24736 -0.00724 1.15018 141 250 218
-2.43148 0.00493 2.46812 232 219 191
0.89260 0.00005 0.68069 85 78 253
-2.73787 0.00197 1.57255 35 39 162
-1.28423 0.00799 1.15264 94 175 8
-1.07352 -0.00648 1.38099 172 140 120
-0.80437 -0.00538 0.55592 146 8 14
1.38341 0.00332 1.92572 207 117 79
0.49050 0.00477 1.85954 228 95 233
-1.61139 -0.00809 1.90542 75 106 204
-1.78114 -0.00988 1.43113 29 106 94
0.88071 -0.01145 0.21377 11 159 52
0.96485 0.00175 2.05305 75 177 243
-0.69334 0.00230 0.02631 108 172 116
-1.44497 -0.00001 0.60428 106 83 83
1.48087 0.00043 1.02497 228 210 131
-1.59058 0.00098 0.77174 78 95 93
-2.19027 -0.00104 1.25384 245 253 87
0.95588 -0.00121 0.92942 0 92 2
0.65547 0.00012 0.83742 163 118 227
-0.00402 -0.00147 0.65268 170 71 133
1.31534 -0.00155 0.17390 171 246 233
1.16345 0.00534 1.08257 36 162 179
0.36804 0.00658 0.07534 172 179 21
0.87871 0.00168 0.21366 11 161 62
-1.88534 0.00498 0.44271 61 52 61
-2.35971 0.00928 0.79744 168 30 0
0.01837 -0.00319 2.44189 96 152 88
0.21284 0.00043 1.98849 164 72 160
-2.25360 0.00819 0.05561 176 174 24
-1.21562 -0.00011 1.83124 120 15 24
1.10231 0.00116 0.42065 90 145 245
-0.47219 -0.00489 0.40825 95 154 114
-0.39917 -0.00203 1.91887 79 117 238
-2.13629 -0.00240 0.50240 234 109 84
-0.63659 0.00598 1.06844 84 153 28
-0.65223 0.00689 1.44314 164 182 230
-2.60074 0.00339 1.84291 165 91 124
1.42009 0.00483 1.78356 213 83 124
-0.42871 -0.00165 0.94620 10 100 3
-2.97184 -0.00034 1.28395 79 250 115
0.48145 -0.00297 0.76651 154 15 0
1.39837 -0.00700 1.68195 212 80 210
-0.34613 -0.00480 1.04957 71 224 175
-1.56603 -0.00002 2.00936 80 154 100
-2.16311 0.00279 2.49683 161 130 93
0.02252 -0.00024 0.92314 102 86 161
-2.11809 0.00039 0.99966 155 126 144
-0.39896 -0.01194 2.02052 82 163 250
-0.29160 -0.00432 0.76076 2 19 8
1.32497 -0.00824 0.78543 103 25 103
-2.67723 -0.00174 1.34883 55 145 144
-0.75984 -0.00605 0.91902 126 88 179
0.34433 -0.00462 0.27818 179 137 33
-2.20087 0.00523 0.73740 248 86 115
-1.25570 -0.01424 2.49041 109 128 1
-2.72524 -0.00183 1.11673 119 243 84
0.27323 -0.01225 2.11327 255 214 211
-2.59793 0.00778 0.32142 162 195 75
-1.22435 0.00065 1.10856 120 167 9
0.92795 -0.00039 0.28087 1 135 0
-0.87660 -0.00178 1.81557 241 77 243
1.10630 -0.00310 0.82961 12 38 4
0.43945 -0.00073 2.24602 168 173 18
1.12601 -0.00916 0.89067 24 72 29
-2.42697 0.00299 2.48281 226 207 213
-2.66865 -0.00302 1.26927 65 173 91
-2.68567 0.00202 2.44046 136 227 90
0.91209 -0.00214 1.06953 5 155 10
-0.15400 0.00841 0.78391 30 24 37
-0.76083 0.00042 1.97338 137 65 2
-2.26234 -0.00058 0.92673 175 94 139
0.02871 -0.00274 0.83713 105 46 173
-1.57379 0.00190 2.21072 81 244 125
0.19302 0.00149 1.56289 234 115 147
-0.92586 -0.00002 1.16206 250 252 244
-0.71731 0.00557 1.90274 120 27 7
0.54778 0.00562 0.76473 132 22 23
-2.58344 -0.00290 0.42222 98 63 47
-0.39499 -0.00047 2.10173 9 123 121
-2.11412 -0.00515 0.61188 229 75 97
0.63647 0.00200 0.48436 94 32 29
-0.80471 -0.00024 0.82969 227 119 186
1.45149 -0.00350 0.32760 228 191 149
-2.17916 0.00296 2.17587 245 239 174
1.34362 0.01098 1.15638 180 252 131
0.60072 -0.00447 0.38050 187 160 211
-0.83033 0.00201 1.23365 154 178 52
0.64909 0.00006 1.03706 160 217 206
-0.28966 -0.00095 1.13839 83 247 254
-0.05176 -0.00089 -0.00128 143 241 131
1.11393 -0.00431 0.81365 18 33 0
-2.70570 0.00738 2.09989 43 123 150
0.76712 0.00621 1.38443 44 134 123
-1.28515 0.00368 1.90017 98 32 32
-1.52674 -0.00269 1.25172 82 249 113
1.47912 0.00520 0.42063 156 59 0
0.51771 0.00157 0.23990 216 228 209
-0.80990 -0.00329 0.56962 153 11 15
-1.08709 0.00575 1.85226 240 92 217
0.94970 0.00309 1.15433 3 174 85
-2.60749 -0.00431 0.62955 86 0 166
0.18923 0.00496 0.52538 238 104 173
0.55347 -0.00225 2.12561 129 141 8
0.59300 -0.00191 1.71969 186 82 253
-1.54028 -0.00018 0.01404 5 169 8
0.58651 -0.00129 2.41995 193 231 242
-1.98686 -0.00218 1.93950 180 124 130
-1.36190 0.00553 2.03157 137 166 129
-1.11746 0.00242 0.23863 233 229 75
-0.56078 0.00179 1.62466 52 20 76
-2.49116 0.00129 0.94257 216 171 76
-1.16037 -0.00788 1.07578 220 231 100
-2.99239 -0.00380 1.03129 7 138 170
0.34992 0.00070 1.05564 180 151 97
0.84342 0.00257 0.11057 20 180 156
-2.36185 -0.00825 0.27572 169 133 95
0.16320 0.00833 2.14395 232 228 248
0.69496 -0.00090 0.11869 146 251 239
1.42272 0.00210 1.70117 215 79 184
0.79655 -0.00481 2.28593 33 176 135
-1.08790 -0.00474 1.50424 160 74 45
1.40290 -0.00489 0.89080 210 146 250
1.37589 -0.00212 0.34201 200 186 184
-0.72937 -0.00059 2.04276 194 175 99
0.38430 0.00088 1.06141 172 155 130
1.11115 0.00412 1.32962 95 231 174
-0.85538 0.00774 1.27059 158 170 41
0.89587 -0.00568 2.20230 80 242 211
0.15791 0.00309 1.81108 150 4 5
-1.67418 -0.00689 1.49028 2 74 2
0.45692 0.00679 2.39940 236 237 211
-0.43638 0.00180 1.95447 13 50 165
-2.57202 -0.00360 0.82312 175 118 171
-1.24592 0.00444 1.07475 111 156 0
-2.66978 -0.00485 1.35743 60 141 155
-0.86237 -0.00135 1.86698 240 95 200
-1.07071 0.00479 1.22910 170 178 174
-1.10095 0.00045 1.99129 240 149 252
-0.35408 0.00407 0.47234 2 40 166
-2.45784 0.00267 2.01938 147 88 150
1.19758 -0.00760 1.93561 127 122 175
0.07680 -0.00380 0.96166 122 104 99
0.70039 0.00914 0.33972 142 179 170
1.03492 -0.00253 1.77132 4 0 97
-0.37137 0.00182 1.91248 81 114 249
-2.82309 -0.00580 0.59508 89 78 82
0.19213 -0.00023 1.67217 165 14 10
-0.44290 -0.00193 1.46756 92 165 182
0.72088 0.00532 1.64391 139 93 227
-0.60703 -0.00736 1.52383 147 138 246
0.65534 0.00569 0.75126 84 15 100
1.49410 0.00359 2.01755 155 88 91
-1.41438 -0.00065 1.33705 116 233 95
-2.22758 0.00923 1.41234 251 200 88
-1.23578 -0.00467 2.41662 114 155 2
0.37821 0.00095 0.78803 247 103 86
-1.01835 0.00121 0.48369 177 37 177
-0.34708 0.00664 0.56285 0 12 176
-2.43245 -0.00417 1.09195 231 236 210
0.26835 -0.00505 0.25424 175 142 1
-1.73022 0.00191 0.91595 91 158 84
-2.13711 -0.01013 0.89581 160 74 174
0.87987 0.00933 0.32490 8 111 0
-0.45216 -0.00867 0.89283 22 77 28
-0.82542 0.00350 1.12694 231 243 199
1.04835 0.00562 0.21587 7 159 6
-2.61319 -0.00736 1.72555 161 82 77
0.12864 0.00469 1.90392 142 30 39
-1.51706 -0.00115 1.27426 82 246 102
-2.21459 0.00019 1.90004 173 27 60
0.04795 0.00653 1.00948 102 138 82
-1.37506 -0.00218 0.76710 136 94 232
-1.51544 -0.00243 0.51386 82 101 124
1.25059 0.00098 0.73544 67 12 16
-2.10568 0.00121 0.67731 226 81 152
-0.69895 -0.00160 2.24445 183 253 245
-2.89686 -0.00717 1.57690 74 119 232
-2.26204 -0.00532 2.23725 254 252 149
0.97235 -0.00294 0.12651 0 176 51
0.55320 0.00238 2.02138 134 88 12
-0.49152 0.00119 0.08492 27 178 131
-1.99414 0.00343 0.68013 112 0 146
-0.49635 0.00599 1.15201 25 171 62
-2.94398 -0.00154 2.21462 75 251 150
0.21598 -0.00712 0.24131 165 148 17
0.22751 -0.00472 1.71785 172 5 5
-0.09014 -0.00270 1.38797 50 133 21
-0.24459 0.00339 1.07890 80 229 250
-2.66602 0.00268 0.59000 62 8 107
-1.89910 0.00743 0.84417 138 125 155
-0.41895 -0.00522 0.97630 9 118 1
-1.22993 -0.00223 2.39618 120 158 1
1.47337 0.00949 0.12956 228 250 254
1.16053 -0.00402 2.37839 109 244 194
-2.31712 0.00659 0.65654 253 76 105
-0.33793 -0.00016 0.09258 76 255 97
0.13600 -0.00748 1.37848 220 215 238
-2.38620 0.00023 1.80473 170 7 166
-1.58544 -0.00484 1.66253 1 7 141
0.23021 0.00121 2.32667 241 255 94
1.06407 0.00350 1.49379 81 155 95
-1.45848 -0.00458 1.89932 27 26 26
-1.92519 0.00371 1.83286 153 86 104
0.68660 -0.00319 2.07299 67 112 66
-0.37324 0.00942 1.38073 1 134 116
-0.86790 0.00080 0.01474 237 249 79
-1.84494 0.00976 1.81009 124 80 142
-2.67827 -0.00759 0.91186 133 162 171
-2.92302 0.00923 1.52275 76 145 166
-0.39462 -0.01230 2.34123 7 178 0
-2.13985 -0.00414 0.35594 161 99 113
1.38555 0.00760 2.39638 129 166 142
-2.52169 -0.00297 2.16873 123 157 87
-0.96185 -0.00973 0.08679 255 252 73
-1.23378 -0.00340 0.71699 192 77 252
-1.95528 0.00463 1.72732 173 80 87
0.37175 0.00226 0.77920 253 99 97
-0.10167 -0.00139 1.34451 46 152 4
0.26799 0.00309 1.05438 171 148 32
-2.62555 0.00482 2.33580 81 180 46
-1.40834 0.00554 1.27243 117 251 76
-0.66662 -0.00185 2.26719 177 253 254
-1.06924 0.00314 1.79320 245 76 178
-2.82312 0.00284 1.69724 15 8 141
-2.12431 0.00617 1.36734 238 223 111
1.25043 -0.00073 2.37887 71 167 170
-2.26450 -0.00426 1.88241 179 20 116
0.84030 0.00317 0.06087 21 176 176
0.70234 -0.00722 2.12637 70 138 111
-1.24464 -0.00240 0.22493 112 156 54
-0.89577 -0.00715 1.56812 176 42 64
0.70953 0.00477 1.22134 65 181 2
0.05636 -0.00166 0.99588 114 128 81
0.77445 -0.00107 0.43520 36 58 0
0.40409 0.00570 2.09651 169 127 48
0.11232 -0.00338 1.49791 211 151 251
1.10604 0.00805 1.72890 17 0 118
0.69460 -0.00749 1.22943 66 177 3
-2.19523 -0.00367 0.31246 169 117 173
0.37005 0.00281 0.72127 253 85 133
-2.61020 -0.00443 1.84396 158 93 116
-1.08633 0.00122 2.03599 167 95 155
-1.21825 -0.00217 1.99397 120 74 150
-2.08389 0.00446 0.78148 223 96 224
1.22387 0.00544 2.44381 136 229 252
-2.57824 0.00205 1.89288 175 102 177
-2.98829 0.00118 1.83891 1 8 157
-1.54495 0.00374 2.10523 87 203 76
1.45462 -0.00320 1.50379 150 77 173
-1.81553 0.00488 1.32576 29 159 174
0.74089 0.00998 2.45282 131 225 137
-2.22393 -0.00932 0.21361 173 156 154
-0.36513 0.00560 0.35059 74 181 154
1.31545 -0.00738 2.41535 170 237 243
0.22275 0.00383 1.11684 171 174 50
1.41256 0.00318 1.02177 211 212 184
-0.41319 0.00512 2.16318 84 227 165
1.42588 0.00321 2.11959 143 139 124
0.76796 -0.00002 1.58487 44 39 162
0.50010 0.01022 0.84437 225 125 125
0.99389 -0.00838 2.16896 73 233 149
-0.16203 0.00060 0.26791 103 220 234
-1.39290 -0.00858 1.63074 46 17 166
-0.63217 -0.00739 1.89599 78 32 11
-1.97817 -0.00464 1.35944 98 137 154
0.50310 -0.00325 1.44492 151 103 0
-2.23589 -0.00090 2.43556 176 151 174
-0.40496 -0.00094 1.49315 88 161 134
-0.57950 0.00334 1.10598 67 171 0
0.02208 -0.00382 2.12012 181 206 196
0.42488 -0.00111 0.48575 165 33 180
-2.50004 0.00276 0.44764 128 53 123
-0.18117 -0.00905 2.02907 18 95 20
-1.13800 0.00191 1.98746 225 152 251
-0.22890 -0.00375 0.39311 85 156 255
0.12284 -0.00454 0.93932 139 95 81
-0.36176 0.00137 1.27033 4 169 173
0.31126 0.00668 1.43287 251 189 182
-0.66397 -0.00326 0.21823 88 156 156
-0.91221 0.00769 0.48971 173 39 150
-1.70654 0.00308 1.64206 83 94 114
-1.96512 -0.00464 0.30365 171 200 104
0.13099 -0.00175 0.75100 216 92 255
0.12620 -0.00345 0.51386 223 105 118
-2.11783 -0.00400 0.10579 155 174 146
1.36309 -0.00523 1.25416 114 176 0
0.02318 0.00153 1.93308 94 42 4
-0.61182 0.00092 1.28752 147 242 151
0.78924 0.00714 0.18073 110 244 219
-0.80878 0.00170 2.26587 147 176 132
-0.85592 0.00751 2.15158 163 149 11
-1.83937 -0.00361 0.35350 119 175 101
-2.29786 0.00207 0.55334 255 89 156
0.21692 0.00577 1.12978 159 172 37
0.80320 0.00456 1.39982 29 126 155
0.04420 0.00646 0.48668 182 108 79
-1.33809 -0.00977 0.16230 75 170 172
-0.41623 0.00075 2.08969 80 197 213
-0.46203 0.00167 1.80163 19 3 39
1.21623 -0.00003 2.13160 50 137 2
-1.24867 -0.00408 0.70287 183 76 252
-2.26147 -0.00223 0.01618 176 168 3
0.94796 0.00015 1.23687 74 252 225
1.03619 -0.00316 1.05315 0 152 78
-2.77637 -0.00297 1.12204 94 248 103
-2.10449 0.00595 1.99414 150 72 6
-0.13806 -0.00129 1.76372 114 75 246
0.54686 0.00710 1.70819 209 77 250
-0.26375 -0.00600 1.06486 80 232 235
-2.14350 0.00440 1.07393 162 153 105
-2.47840 0.00346 0.87279 222 139 80
-0.71927 0.00138 1.97284 123 62 0
0.67394 0.00675 1.30267 82 169 9
-2.02062 -0.00016 2.32969 204 252 199
-2.65969 0.00187 0.65559 62 0 147
-0.51985 0.00458 0.80801 41 37 135
-2.14277 0.00291 1.93851 158 49 0
-2.69653 0.00136 0.05129 123 252 254
0.47825 0.00112 0.88025 234 144 133
0.70553 -0.00538 2.47773 144 213 144
-1.19888 0.01179 0.99968 127 119 7
-1.68056 -0.00074 0.13920 84 255 82
-1.75377 0.00345 1.12363 91 248 214
-1.37410 -0.00148 0.53718 130 91 78
-0.40539 -0.00345 0.52826 81 101 246
-0.63149 -0.00213 1.90856 78 34 13
-1.40539 -0.00008 0.60478 123 82 97
-0.13303 0.00312 0.44756 37 55 110
0.03025 0.00198 1.12322 103 170 18
-0.48683 -0.00298 2.17405 105 232 217
-1.25829 -0.00210 2.21822 189 245 229
-0.18736 0.00521 2.03818 16 91 27
-0.34858 -0.00095 0.43113 1 64 152
-1.46766 -0.00735 1.79851 21 1 107
-1.64079 -0.00369 1.19786 76 254 229
-0.54137 -0.01101 2.12593 124 212 255
-0.24153 0.00190 2.41079 83 237 221
-0.25114 0.00079 1.84487 83 89 250
-1.27241 0.00563 0.59350 174 81 182
-0.45536 -0.00295 0.10487 19 175 91
1.44175 0.00172 1.40195 144 125 124
-1.06228 -0.00193 1.16628 246 254 231
0.79022 -0.00158 2.41296 110 239 125
-2.63697 -0.01401 1.71672 151 73 82
0.93532 -0.00352 0.66747 79 78 248
1.23921 -0.00206 0.13966 140 253 154
-1.82491 0.00360 0.07981 113 255 154
-2.94522 0.00189 2.47272 1 141 168
-0.82808 0.00458 1.50374 157 71 72
-2.18160 0.00089 0.45637 248 125 139
1.37089 0.00066 1.26301 124 173 2
1.04547 -0.00552 0.39898 83 156 193
1.31361 -0.00057 1.71700 174 74 233
-0.26882 0.00587 0.41734 1 71 171
-0.68564 0.00001 1.42556 182 194 202
0.74656 -0.00074 1.55019 50 52 177
-0.06757 0.01429 2.35796 63 170 173
-1.88017 -0.00462 1.09531 139 241 104
1.19964 -0.00082 2.35003 51 170 134
-1.01626 -0.00421 0.00522 254 245 143
0.48100 0.00252 2.14309 153 146 0
-0.74360 0.00455 1.75557 126 1 116
-2.17997 -0.00228 0.86716 165 62 146
-1.67196 0.00750 1.94337 78 125 220
-0.41836 -0.00037 2.45707 6 145 40
-2.35123 -0.00506 1.14560 167 174 178
-2.93434 -0.00312 0.70343 74 85 79
-1.04844 -0.00348 1.87072 250 92 243
0.42528 0.00281 0.08155 244 255 74
-0.23569 0.00128 2.09640 7 124 20
-1.54335 0.00568 1.71511 9 2 178
0.22734 0.00130 1.98152 174 72 160
-0.82376 -0.00137 1.11326 227 241 215
1.49993 -0.00052 0.86261 242 138 220
0.49688 0.00645 0.88848 229 149 152
0.73283 -0.00370 1.91130 131 112 78
-1.83544 0.00307 2.39724 120 239 87
-2.32093 -0.00835 1.36329 253 216 90
-2.10709 0.00456 0.44191 227 133 100
-1.05611 -0.00457 1.54746 169 53 1
-0.69818 0.00285 0.34637 106 112 94
-2.11817 -0.00406 1.49672 235 153 220
0.50892 -0.00113 0.16626 221 243 147
0.90593 0.00618 1.46010 85 176 229
-1.57542 -0.00364 2.06523 75 190 80
-0.71218 -0.00203 1.12868 117 168 42
-0.33166 0.00176 1.50658 0 75 7
0.24870 -0.00487 1.25336 247 251 240
-2.33886 0.00215 1.38052 249 215 96
-1.73656 0.00260 2.02023 14 85 142
0.29287 -0.00820 1.00181 174 129 19
-0.43824 0.00510 0.65805 93 73 250
1.05212 -0.01099 0.60633 77 81 236
-0.99001 -0.00150 1.57969 178 42 20
-1.17465 -0.00184 2.05740 146 106 174
-1.62043 0.00108 1.34078 0 151 34
-1.95981 0.00427 1.66066 170 84 119
-0.06631 -0.00794 0.66312 59 3 15
-1.81198 -0.00121 1.71315 107 77 105
0.88565 0.00170 0.44189 85 133 110
-1.78696 0.00363 0.31216 100 192 115
0.02572 0.00030 0.01344 103 166 126
-0.43218 0.00276 0.09710 13 178 98
-0.17071 0.00202 1.12752 98 246 232
1.03049 0.00049 1.80114 0 2 114
-2.22988 0.00637 0.94000 176 103 165
-2.32550 -0.00347 1.16395 177 175 167
-2.44668 0.00102 1.49772 147 81 20
-2.65388 -0.00025 0.04574 140 252 254
-0.60558 -0.00053 0.56262 142 86 131
-2.25583 -0.00365 0.03986 174 171 10
0.62947 0.00049 1.90133 172 103 109
-2.89760 0.00978 0.04739 1 176 51
-1.32350 -0.00657 2.10660 159 204 233
-0.86898 0.00348 1.61330 248 99 202
-2.02328 0.00615 1.64424 117 15 110
-1.39720 0.00382 2.01390 128 164 107
-2.00090 -0.00104 1.31908 113 158 103
-1.72897 -0.00351 2.49125 86 199 208
1.17273 0.00893 2.17514 115 232 75
-1.12115 -0.00218 0.55159 157 11 168
-1.26852 0.00517 0.02220 104 165 178
-0.24751 -0.00139 1.34832 11 143 47
-0.01491 -0.00178 2.36262 88 171 151
-0.02915 0.00552 2.21648 81 168 153
-2.61972 0.00493 0.80124 153 108 215
-0.37722 0.00540 0.40725 3 72 107
0.30311 0.00124 0.49840 254 108 235
0.58419 -0.00159 1.09055 193 234 220
-0.35341 -0.00365 2.20508 6 165 17
-2.40467 -0.00096 1.17201 240 252 255
-2.62124 0.00516 2.33058 76 178 53
-1.54985 0.00375 1.29857 85 243 99
1.17172 0.00691 0.08994 35 177 9
-0.87410 -0.00338 1.47781 167 85 25
1.02991 0.00080 2.18943 81 234 114
-0.93021 0.00854 2.03134 177 95 49
0.40140 -0.00250 2.20958 244 244 78
-0.81514 0.00466 2.22564 154 164 95
0.19117 -0.00106 1.08484 155 160 6
-1.57117 -0.00051 0.19159 0 166 100
1.00567 0.00285 0.57938 77 79 253
-1.80193 -0.00290 2.39226 32 162 14
-2.97933 -0.00202 0.83796 2 50 72
0.24133 0.00756 1.88634 173 22 111
0.03527 -0.00384 2.32071 185 249 231
-0.03426 -0.00398 0.39545 74 74 79
0.09297 0.00132 0.22316 131 159 115
-0.35872 -0.00827 1.27336 0 169 171
-2.47297 0.00011 1.74579 216 77 130
0.00494 0.01027 0.20958 97 166 173
-2.96989 0.00141 1.43885 78 183 85
-2.17882 -0.00225 2.09920 242 203 112
-1.11595 -0.00203 1.38593 161 131 136
-1.29572 0.00735 1.17943 89 174 14
-2.46086 0.00814 0.40977 144 66 123
-1.08198 0.00931 0.23533 243 233 78
-0.19470 0.00316 1.87851 90 99 215
-1.30022 0.00133 0.78698 164 102 255
0.19464 -0.00010 1.63244 161 19 33
-1.96238 0.00334 0.83126 171 117 221
-2.35414 0.00165 1.20580 248 255 228
0.36932 0.00153 0.40561 254 149 214
0.00449 -0.00240 0.53495 172 91 74
-1.07480 -0.00273 0.40667 166 73 119
-2.38104 0.00791 1.05947 164 151 147
-0.01762 0.00060 0.93106 159 174 250
0.38081 -0.00925 0.16665 177 174 8
-2.26697 -0.00064 1.75258 178 3 178
0.10037 0.00465 0.13506 129 174 168
-1.39535 -0.00081 0.92330 49 93 168
1.11492 0.00472 0.54490 97 87 226
0.38205 0.00056 2.02516 254 168 193
-1.76385 0.00054 0.17329 94 253 81
1.22119 -0.00686 0.93705 138 168 205
-2.88927 0.00623 1.25980 76 246 88
-2.15838 -0.00185 1.35853 246 217 98
-1.91109 0.00141 0.73918 68 11 170
0.30049 -0.00352 0.35840 175 101 51
-0.63528 0.00465 1.85736 80 20 0
-0.91652 -0.00830 1.11104 245 244 248
-1.99727 0.00900 1.93761 189 123 117
0.40688 -0.00983 0.79723 245 110 73
-2.47751 -0.00588 1.21278 146 181 167
-1.88640 0.00783 0.46959 64 51 71
0.63046 -0.00597 1.37332 104 140 19
-0.97741 0.00836 1.15967 254 253 255
0.93989 -0.00178 0.79444 75 104 174
-0.29352 0.00176 1.84087 79 88 252
0.53891 0.00422 2.11441 131 135 10
-2.15210 -0.00839 1.64212 161 14 177
-1.58198 0.01252 0.98592 0 120 163
-1.30283 -0.00521 1.38408 166 218 217
-0.76839 -0.00674 2.34147 216 249 255
-0.87438 0.00010 0.76035 162 16 20
0.70691 -0.00308 1.02669 145 212 188
-2.21559 -0.00963 1.63822 178 14 166
0.82976 0.00157 1.44239 99 179 252
1.00505 -0.00432 2.41736 0 161 26
-2.66149 -0.00369 0.51055 60 30 52
-2.95143 0.00793 0.32082 0 112 179
-1.69156 -0.00261 0.53815 2 18 152
-1.19310 -0.00146 1.51138 132 70 114
1.36592 -0.00602 0.16263 192 245 247
-2.67656 -0.00123 1.58854 53 32 123
0.51528 0.01407 1.00841 218 206 243
-0.85706 -0.00215 1.20078 243 251 176
-2.41380 0.00042 1.46792 159 98 21
-1.34531 -0.00393 2.14541 145 221 230
-1.28487 0.00534 0.77676 168 101 253
-1.90115 -0.00495 1.66399 147 89 90
-1.67913 0.00590 1.92968 77 124 234
-1.10071 0.00550 0.04981 238 251 181
1.33512 0.00265 0.92307 180 168 249
-0.93296 0.00362 2.27325 180 182 41
1.28250 -0.00256 0.36288 154 168 239
-2.86594 0.00082 1.10893 3 172 92
-2.70676 -0.00067 1.01001 125 211 116
-2.86937 -0.00351 0.93337 0 92 181
-0.00461 -0.00227 0.98592 161 195 214
-2.01204 -0.00216 1.13938 113 169 0
-0.41008 -0.00003 1.86163 6 19 125
0.58034 -0.00598 1.08222 201 237 230
-1.49872 0.01120 2.31891 90 255 240
-1.89308 0.00298 1.95139 148 128 212
0.26924 0.00247 2.05567 246 179 249
-0.85235 -0.00075 0.60195 166 3 23
-2.33410 -0.00733 1.23045 251 255 197
-2.60476 -0.00419 0.92227 160 157 124
0.32869 0.00371 0.30860 180 119 33
0.86965 -0.00213 1.62269 13 19 49
1.00776 -0.00481 2.05781 75 180 223
-0.71125 0.00518 1.52383 189 140 240
-2.30829 0.00245 2.43043 174 151 168
-1.98840 -0.00389 0.52208 105 22 39
-0.95356 0.00245 1.56146 174 49 16
0.83350 0.00174 1.64015 24 17 69
-0.06822 -0.00589 2.31477 55 175 173
-1.75872 -0.00254 0.49182 18 34 165
0.40804 0.00088 1.74834 249 81 209
-1.03727 0.00984 1.95098 254 130 244
1.41864 0.00638 2.48557 215 204 121
-1.08122 0.00040 0.05395 248 252 137
0.75861 0.00380 0.67457 36 4 121
-2.93070 0.00835 2.30701 78 255 219
0.22730 -0.00857 1.22769 248 253 212
-1.20228 0.00025 1.53280 205 140 187
-0.74707 -0.00332 2.21780 207 245 208
-2.10927 0.00509 0.29986 148 129 134
1.18489 -0.00657 2.45486 38 148 169
-2.09619 0.00205 1.24608 226 250 75
-0.46918 -0.00195 1.00690 15 129 0
-0.30658 -0.00197 1.88068 78 94 254
0.86518 0.00489 1.36267 93 216 244
-0.89646 0.00303 1.09859 250 249 247
0.73897 -0.00941 0.08228 135 252 240
-0.64399 0.00480 1.21375 161 254 81
1.30172 0.00770 1.70648 173 77 249
0.22369 0.00286 1.11444 175 166 45
1.10511 -0.00879 0.37165 14 89 144
1.24470 0.00241 1.25847 67 171 46
0.60669 -0.00378 0.28598 185 200 253
-2.44787 0.00418 2.14713 154 143 57
-2.43982 0.00031 0.22975 225 232 90
-0.22085 0.00531 0.47889 6 32 159
-1.77129 0.00294 0.19152 100 236 75
-1.26521 -0.00168 1.86788 101 20 24
-2.21640 0.00437 2.07825 249 185 79
0.43100 -0.00783 0.82086 243 122 78
0.84312 -0.00579 1.79729 16 0 4
-2.39389 -0.00638 2.46206 240 220 200
-0.67603 -0.00135 2.32005 174 255 237
-1.21636 -0.00098 2.40777 120 162 2
0.55721 -0.00728 0.56069 125 5 38
-0.90799 -0.00213 1.39497 171 129 10
0.28128 -0.00123 1.54178 252 138 109
-0.44505 0.00807 0.62475 85 74 254
1.39831 0.00318 0.20044 210 238 252
-1.10932 -0.01110 1.09244 240 239 153
1.44860 -0.00832 2.27125 146 181 168
-1.12998 0.01045 0.17495 227 246 101
-2.17244 -0.00223 1.32751 246 231 80
0.51845 -0.00868 1.87299 218 101 204
-1.77030 0.00431 1.85556 100 97 228
-0.45258 -0.00204 2.22910 96 245 138
-0.08154 -0.00142 0.62970 52 0 5
-2.10846 0.01297 0.90935 146 81 175
-2.84073 -0.00145 0.53249 83 91 81
1.44590 -0.00470 2.30050 142 180 165
0.67892 -0.00338 1.34866 78 149 30
-2.44497 0.00517 1.70092 228 81 133
0.81992 0.00086 0.89073 29 76 121
-1.83351 0.00111 2.40904 121 236 81
-1.88170 -0.00258 0.15844 140 251 142
0.48461 0.00075 0.11830 231 255 95
0.40982 -0.00293 1.32793 172 159 105
0.81313 -0.00201 1.81950 24 8 1
-2.37491 0.00189 0.76006 244 96 84
0.36792 -0.00676 1.04345 180 145 93
-0.88443 0.00339 2.18345 169 158 17
-1.53641 -0.00101 1.08490 6 158 161
0.31054 -0.00270 0.91777 177 89 3
0.80785 0.00294 1.88871 26 30 21
-1.55641 0.00623 2.17989 85 230 105
-2.30306 0.00321 0.85759 180 56 57
1.46835 0.00021 2.03535 154 96 93
1.12930 -0.01164 1.28247 101 243 197
-1.69672 -0.00483 1.73785 82 75 197
0.65736 -0.01443 2.27619 80 180 173
-2.59855 0.00321 1.02761 166 221 73
1.10886 0.00154 0.16364 20 170 1
0.48261 -0.00031 2.00459 153 81 57
-2.10755 -0.00896 0.18594 156 170 176
-1.66400 -0.00351 1.15428 77 252 255
-0.32832 -0.00426 2.24451 0 174 7
-1.39939 -0.00081 0.53177 125 92 77
0.31454 -0.00971 0.91021 179 83 0
-0.33425 -0.00176 1.59243 0 34 1
-2.06320 0.00386 1.56743 211 119 253
-0.25006 -0.00254 2.45744 77 220 230
-2.92905 0.00002 1.09996 1 163 146
-2.50045 -0.00183 0.40951 133 74 97
-2.28157 0.00791 1.62220 179 18 121
-1.40936 -0.00772 0.87322 41 65 179
-2.94899 0.00334 2.04872 75 177 79
1.19058 -0.00867 0.28119 40 137 137
-1.92560 0.01018 2.47119 155 212 81
-1.77866 0.00446 0.65070 27 0 154
-1.30055 -0.00378 0.15757 86 172 161
1.23356 0.00972 2.08930 63 117 0
-1.42171 0.00572 1.87542 40 22 13
-1.05693 -0.00490 0.49249 173 34 173
-1.65354 -0.00187 0.02915 83 246 81
1.40241 0.00079 2.50609 204 203 137
-1.36509 -0.00246 0.66841 135 79 169
-2.62446 -0.00665 2.42212 155 236 78
-0.04605 -0.00578 1.24516 74 175 4
0.21579 -0.00681 2.06642 242 181 251
-1.32743 0.00115 2.21094 154 244 255
-2.04956 0.00151 0.36962 126 93 40
-1.15457 0.00245 1.55944 144 44 49
-1.02716 -0.00356 1.24787 175 174 171
1.47201 0.00076 0.40098 161 70 1
0.86033 0.00685 2.10430 94 212 255
-0.20006 -0.00430 1.68055 93 87 215
-2.12978 0.00334 1.18072 158 180 18
0.08759 -0.00589 0.84870 126 46 164
0.41412 -0.00175 2.35006 170 174 63
-2.66355 0.00738 1.52746 61 65 151
-1.29251 -0.00155 0.66045 164 75 216
-1.52985 -0.00263 0.82568 8 36 81
-0.43234 0.00567 1.32840 93 228 255
-0.05616 -0.00895 0.40138 139 159 177
-2.18155 0.01041 1.19907 245 254 118
-0.88273 -0.00153 0.18070 246 243 161
1.46033 0.00451 0.12134 230 254 252
-2.92289 0.00115 0.58844 77 78 88
-1.33244 0.00576 0.94080 74 100 115
-1.49281 0.00199 0.21067 20 164 163
-1.17295 0.00013 0.30432 217 202 80
0.92409 -0.00736 0.24733 0 151 19
-1.03189 0.00166 1.55888 178 42 0
0.97723 0.00186 1.86884 0 25 126
-0.41355 0.00671 2.39565 81 242 92
-1.09394 -0.00174 0.69361 164 3 128
-1.86827 -0.00918 2.48143 128 216 109
0.70786 0.00660 0.37713 137 160 136
-0.10235 -0.00479 1.69265 125 82 252
-2.05277 -0.00013 0.54432 203 91 95
-2.40953 -0.00376 1.84181 229 87 245
-2.44981 0.00723 1.07654 225 231 191
1.08657 0.00793 0.91543 16 82 20
-1.17860 -0.00183 2.34895 137 173 18
0.69038 -0.00455 0.77221 69 21 138
1.03248 -0.00128 2.04976 78 179 220
-1.97421 -0.00609 2.49284 178 212 81
-2.84985 0.00157 0.04805 5 175 80
-2.19336 0.00616 2.33857 249 246 252
0.47563 -0.00067 0.28540 230 208 214
-2.93358 -0.00099 2.02196 82 168 79
-0.46162 -0.00426 0.33381 16 108 11
-2.14817 0.00074 1.14176 157 168 52
0.44044 -0.00355 1.63258 240 95 148
-0.84002 -0.00030 2.31235 163 183 137
-0.53917 -0.00645 1.22462 116 252 168
-1.68696 0.01065 0.80428 83 104 71
-0.94259 0.00327 1.73307 255 72 222
-2.80291 -0.00420 1.32326 12 158 29
0.63995 -0.00856 1.11054 166 247 161
1.07344 -0.00511 2.22356 93 242 76
0.38624 -0.00097 0.94445 172 102 35
-0.76997 0.01109 0.17321 134 175 158
0.79598 -0.00030 2.29904 35 179 132
-2.98671 0.00824 1.23934 76 248 155
-0.00795 0.00233 0.23101 167 228 248
0.44971 -0.00806 0.14382 240 253 95
-1.52830 -0.00082 1.19259 8 177 78
0.85893 0.00374 0.32838 19 112 6
-2.99743 0.00369 0.66915 82 79 87
-0.15239 0.00074 1.67838 109 82 247
-1.63512 -0.00356 0.76221 0 22 0
-0.17170 0.00099 1.47354 22 90 18
-1.87154 -0.00447 1.74688 131 75 82
-2.04581 -0.00763 0.95614 127 105 125
-0.18291 -0.00628 0.99123 99 204 244
-0.76735 0.00431 0.14379 136 174 143
-2.14549 -0.00173 0.75698 244 93 166
0.98431 -0.00339 2.25065 78 250 100
0.97734 0.00274 2.46260 0 140 36
-0.52915 0.00035 1.61533 38 19 53
0.17846 0.00260 2.02142 231 160 231
-0.96672 -0.00459 0.91905 252 156 122
0.60966 -0.00342 0.40615 107 74 116
0.75815 0.00583 1.05110 124 220 126
0.44205 0.00982 0.11993 240 255 75
-1.90685 -0.00492 1.18524 147 255 148
-2.89029 -0.00241 1.17764 4 177 67
-0.03927 -0.00379 0.26531 147 215 245
-1.14359 -0.00339 1.05420 219 217 99
1.02088 0.00363 0.26695 0 143 14
0.86789 -0.00208 1.66291 10 14 26
-0.60711 -0.01133 0.62898 144 73 191
-1.30443 -0.00289 2.42024 89 154 40
0.20285 0.00244 0.30879 169 120 1
0.20057 -0.00298 1.47776 244 165 225
0.07065 -0.00323 0.27471 112 137 98
0.78843 0.00178 0.97191 104 191 144
-0.40039 0.00655 1.71655 7 0 36
-0.67536 0.00016 1.32766 172 235 132
-0.67966 0.00731 1.04875 101 140 68
1.00802 -0.00736 2.21290 76 243 123
-1.34053 -0.00809 0.93505 70 95 133
0.78750 -0.01142 2.27128 33 176 154
-0.72753 -0.00300 1.31160 200 237 87
-2.62459 -0.00585 0.53973 82 17 107
-0.98886 0.00320 1.06319 254 235 226
-1.68416 -0.00504 0.68802 0 0 40
-0.62765 0.00327 1.29187 149 245 141
0.84212 -0.00085 0.15770 19 175 135
-2.20083 -0.00277 1.24008 248 254 101
-0.85774 0.00131 1.27278 167 173 43
-0.37575 -0.01333 1.88461 79 97 238
0.46146 0.00110 0.19840 231 244 131
1.22930 0.00969 1.72075 137 76 254
-0.52764 0.00253 0.49946 116 101 153
1.14492 -0.00407 0.95727 28 104 91
-1.48179 -0.00032 1.26536 98 244 84
0.44660 0.00339 1.50170 167 71 1
0.43448 0.00882 1.40991 165 124 25
-0.51880 -0.00296 2.47025 33 135 4
-2.21606 -0.00117 0.30975 171 124 174
-1.26682 -0.00463 0.59143 185 80 198
-1.69480 0.00373 2.28680 3 178 20
1.35591 0.00263 1.23142 114 177 5
-0.10758 -0.00721 1.42307 44 117 27
1.09600 -0.00293 0.34086 17 108 122
-1.67581 0.00650 2.45715 80 220 230
-1.08005 -0.00804 1.71155 248 75 120
-0.43818 -0.00014 1.70361 15 0 7
-1.40691 0.00020 1.70547 42 0 129
-0.94520 0.00413 0.31149 255 199 211
-0.30979 0.01105 1.71906 78 82 178
-2.87049 -0.00297 0.43953 81 132 151
-1.47456 0.00547 1.52162 103 141 203
-2.98943 -0.00841 0.82980 4 44 43
-0.83042 0.00094 0.34370 232 183 253
-0.25981 0.00517 0.12338 83 255 75
-2.58189 -0.00386 1.97322 175 140 232
-1.91161 0.00206 0.03705 145 246 250
0.62002 0.00017 0.74327 102 17 57
0.77922 0.00032 0.65094 37 0 114
-1.25793 0.00016 0.68040 184 79 245
0.66754 0.00471 0.52392 84 18 0
-1.75403 0.00162 1.44026 16 104 54
0.17533 0.00088 1.16570 154 178 45
-0.54646 0.00178 0.14084 45 173 129
-1.02190 -0.00844 1.43289 177 116 41
-0.03659 0.00227 0.70834 70 0 58
-2.93327 -0.01176 0.72493 76 79 87
-2.27170 0.00647 0.54152 255 94 149
-1.67743 -0.00108 1.60858 83 106 115
0.06766 0.00002 2.42565 117 157 52
0.17578 -0.00381 1.04550 160 143 0
0.06443 -0.00157 1.64114 120 15 123
0.45776 0.00095 0.55057 160 20 134
-2.64967 0.00413 0.46668 67 40 36
-2.51501 -0.00141 1.99762 200 153 255
0.84906 0.00440 2.14013 89 218 253
-1.39007 0.00623 1.58857 125 114 251
-0.44235 0.00054 0.58586 91 83 251
-0.74196 0.00939 0.39162 121 80 81
-0.18085 -0.00727 1.32436 17 154 23
-2.65495 0.00196 1.67041 137 87 114
0.46383 0.00254 1.12222 232 245 252
-2.44447 -0.00580 0.55672 151 5 170
0.07278 -0.00169 2.29254 193 254 235
-1.19851 0.00426 0.92355 214 166 99
-0.78477 0.00530 1.81433 144 5 104
0.02340 0.00018 0.01653 98 168 115
-1.33236 0.00409 0.97702 76 113 94
-2.78535 -0.00732 2.08708 19 120 86
1.34763 -0.00264 1.99484 175 148 74
-0.64175 0.00004 1.70998 85 2 78
0.34522 0.00239 2.34540 252 254 86
-0.60895 0.00083 2.41615 70 157 43
0.68574 -0.00083 0.20567 148 245 255
-0.45884 -0.00144 1.40914 93 203 233
-2.45052 -0.00078 1.92732 227 115 255
-0.10703 0.00360 0.05106 121 250 118
-2.22953 0.00541 0.69667 247 82 87
0.71111 0.00041 0.79962 137 107 242
0.06135 -0.00810 2.04928 194 180 179
1.21806 0.00391 0.64110 59 0 7
-0.16884 0.00100 -0.00435 102 243 75
-1.98320 0.01285 2.35431 108 173 70
-0.49797 0.00515 0.81985 23 41 108
0.47017 -0.00905 0.23731 231 231 175
0.20775 -0.00118 1.95443 167 59 133
-1.46457 0.00136 1.38592 100 213 112
-0.04766 0.00291 2.44477 143 224 199
1.21695 -0.00704 0.87871 131 140 152
0.07970 -0.00712 1.02860 131 142 41
-1.35115 -0.00530 1.05096 68 155 39
1.08965 -0.00005 1.72363 13 2 112
0.72863 0.00162 2.27636 59 174 175
0.84619 -0.00348 0.73054 94 85 255
-2.52101 0.00391 0.14024 199 252 109
-1.68379 0.00305 1.16348 80 252 255
0.55659 -0.00139 2.40139 127 165 178
-1.76036 -0.00437 1.82886 97 89 216
-2.66898 -0.00544 1.14594 137 255 88
0.07772 -0.00615 1.18360 117 177 7
0.58924 0.00074 1.23593 111 174 32
-0.10861 -0.00464 0.89940 117 151 224
-1.44709 -0.00373 0.20379 30 161 177
-0.47421 -0.00637 1.61157 21 31 28
-2.90268 -0.00135 1.18680 0 181 55
-0.46240 -0.00035 1.73406 19 0 5
0.85840 0.00108 0.71355 93 83 253
-2.65946 -0.00628 2.01540 67 82 139
-1.26883 -0.00425 2.35134 179 251 144
-2.24570 0.00477 0.95584 176 99 149
-1.28004 0.00061 1.14576 99 175 2
-2.94842 0.00383 0.05798 0 178 30
0.72066 0.00685 1.11527 129 245 98
-0.76132 -0.00639 0.45038 212 126 137
-1.04001 -0.00014 1.72044 251 80 152
-0.29518 -0.00862 0.32847 76 189 188
0.82162 -0.00439 0.09471 21 175 174
-1.69027 -0.00174 1.92093 76 118 239
-1.78926 -0.00027 1.30446 27 168 179
-2.77518 -0.00489 2.13611 19 137 126
-1.79761 -0.00008 0.56200 29 6 174
-2.70156 0.00310 0.22171 126 234 192
-2.81166 -0.00031 1.98834 13 67 14
-0.50557 -0.00308 0.91005 39 79 54
-2.17180 0.00637 2.17205 245 232 169
-2.66924 -0.00759 0.88636 140 149 187
1.13450 0.00875 1.59823 94 111 101
-2.34059 0.00672 0.00960 174 167 8
-2.57190 0.00394 1.02043 177 212 78
1.36344 0.00455 0.87562 193 141 253
0.00402 0.00356 2.44644 89 143 81
0.26989 -0.00929 1.63876 170 16 2
-0.47655 0.00247 1.06273 22 153 16
-2.67795 -0.00322 1.85071 130 90 83
0.79223 0.00092 1.70097 105 83 129
-1.11739 -0.00564 2.07121 158 111 160
-1.23536 -0.00451 0.78454 195 102 228
-2.39159 0.00602 1.44240 239 183 96
-2.48617 0.00198 0.83870 213 126 98
-0.65350 -0.00440 0.99788 85 126 92
-0.43575 -0.00280 1.35797 91 214 245
-0.67196 -0.00925 0.73361 173 84 215
-0.24067 -0.00127 0.04431 86 250 75
0.95405 -0.00458 2.37678 78 247 76
-0.73348 -0.00086 1.12433 117 172 51
-1.29899 0.00682 1.13862 90 174 0
-1.86025 -0.00514 0.11793 116 253 147
-1.61635 -0.00093 0.64441 4 0 31
-0.48367 0.00267 1.29030 100 247 239
0.58191 0.00694 1.10881 193 241 213
-1.01437 -0.00812 1.37078 178 136 80
-2.82286 -0.00789 0.63216 88 79 106
-2.14819 0.00356 1.41288 242 195 135
-2.58639 -0.01219 0.81569 169 112 189
-1.49898 0.00145 1.41640 93 199 104
0.08454 0.00624 0.11927 119 179 174
-0.34758 -0.00428 0.52342 0 22 183
-0.01876 -0.00209 1.05905 154 229 174
-0.95651 0.00402 1.64358 250 99 152
-2.51331 -0.00062 0.85064 203 128 104
-1.66903 0.00239 1.66797 78 91 161
-0.70512 -0.00816 0.86044 111 63 176
-0.76304 0.00181 2.24265 214 250 223
-1.90873 0.00758 2.31340 67 175 45
0.71185 -0.00726 0.46125 63 48 7
-1.04730 0.00012 2.48922 248 209 201
0.80099 0.00123 1.76961 27 3 8
-1.81015 -0.00484 1.66962 109 81 76
1.23786 -0.01130 0.89183 137 153 188
-2.49279 0.00082 1.01224 212 201 98
0.46155 -0.00988 1.63979 232 93 166
-2.91259 -0.00067 0.10980 0 175 93
-1.93258 0.00194 1.78554 156 80 76
0.92116 -0.00019 0.02239 5 168 165
-1.43339 -0.00271 1.42160 117 190 162
1.20009 0.00059 2.38367 121 243 223
1.18325 -0.00066 0.59927 118 78 143
0.60053 -0.00541 1.93738 183 127 98
-1.22271 0.00045 1.84668 123 12 41
0.86397 0.00090 1.17199 15 176 42
-0.95482 0.00088 2.06203 173 104 42
-2.42953 -0.00339 0.07943 230 253 97
0.82852 0.01067 1.04969 24 146 4
0.67036 -0.01013 2.48757 153 210 157
-2.39265 -0.00016 1.29046 237 242 200
0.89769 0.00015 1.05600 2 146 0
-0.65898 0.00591 0.11371 92 180 175
0.33876 0.00296 0.88726 178 71 0
-1.80021 0.00185 1.31192 22 161 169
-2.02935 -0.00470 1.00363 122 129 71
0.81619 -0.00179 1.45024 107 172 254
-0.29250 0.00506 0.74797 1 5 23
-2.33388 -0.00248 0.60174 254 80 149
-1.35780 0.00033 0.39901 62 80 25
0.86918 -0.00323 1.69738 10 6 13
-0.90093 0.00830 1.27494 175 170 65
-1.48670 -0.00130 2.24457 96 253 210
-1.46884 -0.00125 0.90307 22 76 170
0.70779 0.00567 1.93434 137 119 78
-0.95614 -0.00699 1.69400 255 80 194
1.27105 -0.00830 2.18390 75 161 47
-1.58752 -0.00418 1.58495 80 107 164
0.40133 0.00683 1.34518 171 153 94
-1.70755 -0.00115 1.19339 88 255 255
0.45863 -0.00784 0.97948 237 197 198
-2.92686 0.00291 0.61585 72 79 79
-2.41605 -0.00311 1.63731 238 90 112
-1.83504 -0.01268 2.37062 38 168 0
0.91510 0.00375 2.03438 81 172 254
-1.55121 -0.00696 0.51628 83 99 162
-0.82759 0.00423 0.97829 234 194 252
-2.51656 0.00587 2.48642 200 205 146
-0.45127 0.00508 0.45258 96 124 175
-2.56535 0.00487 1.09194 179 238 106
-2.36257 0.01189 1.88351 173 26 172
0.60010 0.00703 2.40005 110 163 178
-1.90735 0.00053 0.04036 148 247 242
-2.71905 -0.00270 0.88270 114 144 233
-0.28528 0.00372 1.50933 0 71 0
-2.33835 0.00081 0.33287 173 111 161
-2.75532 0.00092 2.06028 29 107 83
0.73003 -0.00237 0.25403 129 219 200
-1.20674 -0.00408 1.35219 204 223 250
0.88836 0.00011 0.99672 4 128 3
0.34939 0.01019 1.55359 252 128 80
-2.10011 0.00577 1.02084 149 137 103
-2.62566 -0.00326 1.12907 158 252 107
-2.22290 0.00853 2.17121 252 229 123
-0.77846 0.00040 0.50758 216 109 110
-1.38689 0.00747 1.06439 47 154 74
0.75196 0.00195 2.04365 54 95 75
-0.89530 0.00493 1.16642 245 250 220
-0.49869 0.00110 1.86059 27 21 51
-1.25533 -0.00283 1.16581 106 179 25
0.40103 -0.00005 2.49796 170 123 154
0.10094 -0.00221 0.71694 205 79 247
0.08653 -0.00083 1.49580 203 154 255
0.46427 -0.00674 1.66026 231 82 195
-1.20834 -0.00554 0.94823 129 103 23
-2.46596 0.01637 0.77109 147 23 49
0.67420 0.00750 2.05527 76 110 46
-1.45697 -0.00750 2.39069 107 244 236
0.11536 0.00244 1.56958 210 121 211
1.43924 -0.00294 2.37120 151 172 106
0.16138 -0.00580 0.03217 154 170 177
1.07482 0.00339 2.46916 11 144 128
-2.93895 -0.00056 0.36305 0 89 171
-0.28719 0.00041 1.60066 1 30 26
-2.55935 -0.00559 2.13466 101 142 137
0.91867 -0.00104 0.15476 3 176 69
1.31410 -0.00102 2.45532 175 230 228
-2.84590 -0.00921 1.47689 87 160 189
-2.40216 0.00282 0.75577 164 15 15
0.75395 -0.00292 2.45299 126 221 123
0.09196 0.00425 0.28778 129 132 66
1.41404 0.00153 0.04510 216 253 220
0.40416 -0.00843 1.76651 243 77 218
-0.32839 -0.00159 0.69259 2 3 71
-0.57352 -0.01073 0.41899 133 146 79
-2.95339 0.00243 0.21563 1 159 136
0.53447 0.00079 2.35630 139 171 151
-1.26480 0.00184 0.70821 176 85 251
-2.51405 -0.00525 1.37539 125 142 159
-0.53812 0.00192 1.95759 46 52 105
-1.33791 -0.00085 2.22441 149 245 252
-0.27778 -0.00370 0.24992 80 222 145
-2.92865 -0.00406 0.23341 2 159 155
-2.25194 0.00204 1.68944 177 4 176
-0.56779 0.00445 2.36599 131 247 130
-0.25626 0.00594 1.70444 81 80 200
-2.62434 -0.00337 1.64613 149 87 107
-0.14133 -0.01252 2.19038 34 159 49
0.78707 -0.00326 1.94390 110 122 106
-1.69961 -0.00053 0.03159 83 252 107
-0.65503 0.00054 1.27478 167 246 101
1.06967 -0.01216 0.16600 11 169 3
0.16522 -0.00460 1.40285 223 203 253
-2.06543 -0.00067 1.46393 215 168 233
1.35603 0.00822 0.91725 188 160 255
-1.46385 -0.00018 0.30034 27 126 164
0.70945 0.00318 0.20802 143 236 247
-0.97047 0.00212 0.74996 179 13 5
0.56437 0.00049 2.30232 132 174 137
1.14810 0.00526 2.21311 106 244 72
1.06382 0.00618 0.16870 2 171 0
0.62119 0.00111 0.34418 186 179 227
-1.55218 -0.00136 0.95497 8 103 163
1.10105 -0.00544 0.09774 16 174 1
-2.31104 -0.00818 1.29516 255 243 139
-1.82316 0.00053 1.06900 123 237 128
-0.10343 0.00097 1.31656 53 156 0
0.37284 -0.00095 1.35361 250 225 192
-2.76741 -0.00010 1.23124 24 177 4
-1.78957 -0.00653 0.91124 97 157 75
-1.34154 0.00388 2.09729 146 201 212
0.81397 0.00157 1.39998 102 197 240
-2.99122 0.00057 1.35330 81 226 87
1.00809 0.00076 1.71551 3 2 30
-1.49377 -0.00632 1.83775 19 10 91
-0.22330 0.00228 1.50997 9 70 18
1.21073 -0.00344 1.73653 128 80 249
-2.72441 0.00388 1.83933 112 90 71
-0.54129 0.00095 1.03364 49 146 2
-2.00937 -0.00063 1.88001 108 21 9
0.16333 0.00429 2.17853 227 231 240
0.67847 -0.00106 0.10343 150 255 224
-1.89609 0.00287 1.38097 62 132 173
0.87853 0.00073 0.11516 14 180 140
-2.19767 0.00649 0.82202 169 43 107
-0.83201 -0.00431 0.00411 238 236 84
-2.41520 -0.01465 0.27171 237 212 136
-1.61748 0.00022 1.33500 0 151 33
-1.31541 0.00408 1.62971 85 22 122
0.13352 0.00060 1.43643 213 182 253
-1.57662 -0.00719 0.55706 76 87 138
-0.61727 -0.00050 0.73043 151 85 238
-0.06840 -0.00747 0.75988 58 16 82
0.53419 -0.00139 1.92002 211 112 163
-1.68907 -0.00320 2.22840 1 169 1
-2.74215 -0.00815 0.71279 25 6 137
-1.92822 -0.00030 0.93440 159 167 130
-0.54046 0.00296 0.14207 47 173 133
0.94528 0.00583 1.52237 75 140 153
-0.03475 0.00282 1.97170 142 136 75
-0.26220 -0.00409 2.33769 1 177 63
-2.85974 0.00550 0.90059 4 79 176
-0.76647 -0.00892 1.96240 137 56 4
-1.51160 0.00571 1.41474 90 195 92
-1.42995 -0.00745 0.10474 33 177 143
1.32137 -0.00407 0.91383 172 161 250
-2.26778 0.00208 1.30336 255 242 102
-2.59604 0.00481 2.41847 163 240 82
-1.61966 -0.00242 1.57174 0 50 37
-0.11251 -0.00474 2.09708 46 126 20
-1.78689 0.00292 1.80665 103 84 177
0.16760 -0.00379 2.10025 236 201 252
0.13424 -0.00446 0.21117 144 162 103
-1.01946 -0.00744 1.33582 176 154 125
0.75893 0.00191 0.48984 48 33 3
-1.53799 0.00527 1.74347 8 0 176
-0.19643 0.00483 2.34894 18 172 130
-0.56539 0.00429 0.60569 137 76 196
-2.67437 0.00276 0.11259 130 255 242
-1.44179 0.00062 1.59472 110 112 254
-0.47028 0.00163 1.63710 20 15 12
1.39204 0.00334 0.40933 125 75 55
0.52336 0.00368 0.99191 217 192 237
-0.82911 -0.00069 1.19375 234 253 169
-2.12394 -0.00659 0.07509 155 176 138
-1.78397 0.00033 2.41529 103 230 118
-2.80036 0.00175 0.27485 16 134 145
-0.37525 0.00295 0.07674 78 254 127
-1.09347 0.00604 0.46878 164 45 146
-0.03000 -0.00281 1.20813 75 180 12
-0.61224 0.00559 1.48475 150 160 255
-1.12845 0.00112 2.04542 155 100 169
-1.41873 -0.00493 0.48437 119 108 87
-2.81424 0.00131 2.12853 88 211 171
1.42850 -0.00909 1.78741 215 77 121
-2.66094 -0.00655 1.10102 140 243 78
-2.87976 -0.00150 1.80043 2 5 125
-2.02289 -0.00500 1.82396 124 7 3
-2.38119 0.00659 2.44977 166 153 127
0.57166 -0.00566 2.23584 116 173 99
-2.32186 0.00504 1.81890 176 8 175
-1.46706 -0.00041 0.94466 20 106 177
-2.93331 -0.00743 0.95344 0 106 162
1.20013 0.00598 1.78418 46 0 174
-1.55474 0.01127 1.96666 6 55 40
0.79074 0.00217 0.54890 28 14 41
1.32924 0.00479 2.30063 97 179 171
0.27648 -0.00128 0.35592 177 103 30
-1.83150 -0.01166 1.04828 115 220 103
-0.78823 -0.00226 1.63322 146 19 174
0.52307 0.00363 0.73896 137 12 5
0.15175 0.00432 1.25161 223 252 159
0.72286 0.00137 1.05735 133 226 138
-0.54635 0.00965 1.27228 126 246 184
-0.04281 0.00609 1.18685 147 255 94
-1.37281 -0.00068 1.97059 61 60 16
-2.14619 0.00502 1.52990 236 136 231
0.14901 -0.00282 2.20418 219 241 239
-2.98407 0.00723 2.22720 75 253 121
0.52379 0.01082 2.01666 136 88 21
-2.96416 0.00148 0.56924 81 83 120
-0.22890 0.00632 1.97119 90 139 171
-0.32060 -0.00130 1.35786 1 144 101
-2.52803 0.00315 2.33216 119 175 7
-0.34169 0.00408 0.66080 0 2 114
0.40041 0.00611 1.74862 246 80 208
-0.58806 0.00287 0.71933 141 83 246
0.02757 0.00439 1.90675 101 31 0
0.19322 -0.00356 0.48283 236 114 143
-2.06366 0.00382 1.05821 135 153 54
1.16389 -0.00279 1.19344 35 175 153
-1.52367 0.00748 0.34252 8 110 174
-0.37172 -0.00914 2.48110 81 210 178
-2.53854 -0.00005 1.31666 115 157 179
1.47938 0.00895 0.23903 234 223 187
-0.05269 0.00621 0.13937 143 253 222
-0.92219 0.00270 1.85761 255 91 239
-0.44827 0.00003 0.85988 19 55 49
-2.86996 0.00587 0.06300 6 174 74
-1.91669 0.00781 1.64468 153 99 112
1.39190 0.00255 1.69188 200 79 214
-2.63543 -0.00235 1.37068 78 143 175
-2.36116 0.00046 1.01010 174 132 123
-0.42053 -0.00141 1.70184 10 5 9
0.47354 -0.00397 0.52111 158 25 129
0.83923 0.00581 1.99069 20 74 118
0.87422 -0.00401 0.22559 12 159 52
0.41647 0.00506 0.71747 165 5 24
-1.43292 -0.00448 1.21013 112 253 83
-0.39037 -0.00252 0.29629 83 203 108
0.64700 0.00216 1.77067 164 79 184
-2.37101 -0.00653 2.06873 245 182 134
-2.63000 -0.00578 2.22415 79 172 134
-0.92696 -0.00418 0.23804 251 229 160
-1.60290 0.00411 1.63748 78 97 190
-2.98713 0.00018 1.06333 0 148 175
-0.67001 -0.00369 0.54102 178 95 82
-1.31820 -0.00378 2.28948 159 255 227
0.96774 0.00444 1.96759 1 59 172
-1.49157 0.00149 1.06111 19 150 153
-0.02104 -0.00010 1.46710 81 92 130
-0.44626 -0.01149 1.40771 90 200 229
-1.65963 0.00472 1.70506 75 80 214
-0.89756 0.00652 2.11965 171 130 0
-1.35174 0.00216 1.70022 70 1 92
-1.92567 0.00326 1.90256 155 109 141
-2.60235 -0.00568 0.41345 87 71 23
-2.77469 0.00080 1.09526 100 239 107
-1.99829 0.00329 2.30093 107 173 115
-2.62819 0.00495 1.82512 150 87 96
-2.31459 -0.00172 1.15974 178 174 165
-2.43405 0.00126 1.59970 156 33 4
-1.32309 -0.00525 0.70566 152 83 226
-1.92171 -0.01051 0.05332 156 247 248
-2.97876 0.00738 0.07864 1 179 20
-2.84706 0.00498 0.48807 79 115 106
1.45780 -0.00323 0.90761 222 148 231
-1.89363 -0.00364 2.31944 63 179 31
-2.81460 0.00368 2.23695 89 243 239
-0.18282 0.00611 0.21856 94 238 184
-0.51133 -0.00124 0.18944 34 163 64
-1.25951 0.00909 0.66296 183 77 237
0.29876 -0.00236 1.66637 176 8 7
1.20337 0.00829 0.57803 55 12 57
-1.21914 -0.00052 1.98199 129 67 138
-1.30836 0.00173 0.62269 158 81 173
-0.68763 0.00179 0.54599 182 89 84
-1.94143 -0.00302 0.27770 157 210 102
-2.20825 -0.00034 1.76893 178 1 161
-1.25434 -0.00327 0.13380 109 176 136
0.04994 0.00044 0.13103 108 179 174
-2.93002 -0.00220 0.16281 0 171 112
-2.37845 0.00204 0.64382 246 75 156
0.63595 0.00146 1.78448 170 79 193
-1.50143 0.00222 1.93978 17 53 26
-0.48688 0.00439 0.34494 29 103 3
-2.75208 -0.00033 2.11467 25 124 135
-0.52391 -0.00180 2.07554 112 202 253
-2.88352 -0.00095 0.95176 0 110 178
-2.06965 0.00094 0.59207 214 81 111
-0.99378 -0.00425 1.21057 181 176 166
-0.63925 -0.00156 0.61177 164 75 155
-2.43624 0.00396 0.81555 228 112 84
-0.93378 0.00391 0.47597 170 42 171
0.50934 -0.00117 1.99427 220 153 118
0.17411 -0.00299 1.59525 227 111 148
-1.33426 0.00314 0.34917 71 97 42
-0.77031 -0.00728 1.46695 211 175 166
0.59033 0.00090 0.98615 193 197 255
-1.80902 -0.00283 2.36622 36 170 1
-2.36316 -0.00923 2.35402 245 246 155
1.36104 -0.00343 1.45564 117 103 96
0.92526 0.00999 2.07708 77 193 252
0.93277 -0.00501 0.67864 76 77 250
-0.85367 -0.00321 0.30230 240 204 246
-2.84809 0.00410 2.13675 85 220 165
0.33521 0.00495 0.99588 174 131 45
0.55655 -0.00068 1.35404 132 149 1
1.34256 -0.00094 1.84995 180 96 129
-2.83943 0.00561 2.39072 82 244 235
0.65992 0.00214 0.91502 164 160 254
-1.48105 0.00333 0.55095 97 84 83
-0.00487 -0.00534 0.05230 164 250 205
1.05078 -0.00891 1.32757 87 229 219
-1.86368 0.00448 0.18790 133 248 119
1.46534 0.00499 1.26757 156 169 40
-2.83021 -0.00471 1.55782 86 130 244
-2.48626 -0.00039 0.63415 133 2 159
-0.83328 -0.00169 0.75945 160 21 38
0.23330 -0.00781 2.02334 243 165 255
1.16181 -0.00608 1.17916 34 178 160
0.81475 -0.00049 1.48075 104 165 253
1.35651 0.00627 0.35806 188 168 181
-1.01845 -0.01320 1.91492 249 107 252
-1.18000 -0.00139 1.81936 219 81 130
-0.34286 0.00545 0.33108 78 188 149
0.10844 0.00056 2.45191 136 145 10
1.06523 0.00165 0.15774 4 173 0
-0.34038 0.00102 1.88216 76 103 255
1.07438 0.00146 0.51645 84 107 255
-1.13281 0.00062 2.40295 236 239 82
0.46556 -0.00293 1.27756 156 166 89
1.49186 0.01232 1.42648 160 112 165
-2.64622 -0.00207 1.78336 146 81 74
0.18638 0.00322 2.47443 157 138 0
1.06293 0.00416 0.34689 7 106 98
1.02051 0.00844 2.12604 81 218 163
0.94036 0.00922 2.31332 75 253 102
-1.74915 -0.00074 0.18036 90 244 73
-1.16696 0.00007 1.30924 144 161 176
-0.71051 -0.01134 1.48662 191 158 218
1.37044 0.00120 1.68228 196 79 231
-1.80602 -0.00086 0.51232 31 26 159
-0.03530 0.00338 0.74493 78 7 97
0.42113 0.00546 1.54736 171 55 9
-2.34401 -0.00271 0.62339 249 78 132
0.91404 -0.00096 2.41949 5 158 5
-0.72821 0.00470 2.43662 117 153 122
1.30211 0.00549 1.75512 171 75 232
0.99961 0.00612 0.84804 0 50 20
1.26577 0.00655 2.30837 72 180 145
-2.17416 0.00068 1.76005 168 0 141
0.76069 0.00096 1.98047 123 149 124
0.88225 0.00264 1.04826 7 141 2
1.26027 -0.00640 1.88053 150 100 172
-0.07537 0.00128 0.02042 134 245 123
-1.34379 0.00597 0.51278 149 98 84
-0.35805 0.00505 0.81534 77 115 91
-2.29162 -0.00044 2.27912 255 252 153
1.47447 0.00234 0.71412 163 5 160
0.24351 0.00769 1.43475 248 183 211
-1.48726 0.00189 1.74068 24 0 148
1.13558 -0.00250 2.31513 106 251 123
0.21167 0.01538 0.66910 238 77 252
-1.49858 0.00566 0.05660 18 174 52
1.18546 -0.00024 0.53713 120 103 195
-1.55418 -0.00272 1.01441 4 132 179
-1.55966 0.00056 0.42257 81 143 228
-2.85979 -0.00739 1.53591 79 128 221
0.15083 -0.00304 1.03458 147 144 6
-2.52275 0.00338 0.11315 205 252 127
-2.78425 0.00110 2.39740 93 239 183
-0.05303 0.00095 2.26671 68 176 169
1.35608 0.00194 0.32209 190 186 217
-2.71440 -0.01007 1.26467 39 171 47
0.41343 0.00565 1.84962 242 91 254
-1.97336 -0.00413 2.42234 174 231 92
0.87663 -0.00429 0.76367 86 92 238
-2.95161 -0.00157 0.78859 0 31 60
-2.12758 -0.00313 1.06374 158 148 101
1.40024 -0.00500 2.31911 131 174 176
-0.41216 0.00053 1.18626 9 175 151
-2.41284 0.00342 1.79464 233 80 225
-2.98346 0.00056 1.76069 3 3 174
-1.15687 0.00534 2.06529 147 100 175
-1.04343 -0.00192 1.34326 171 149 125
-0.60091 0.00040 0.00643 64 167 157
0.06192 0.00528 0.08464 117 181 174
-2.30484 -0.00729 1.38714 254 209 78
-1.56945 -0.00453 2.43143 0 159 176
-2.77252 -0.00936 2.33808 21 174 146
1.48760 0.00174 2.24021 159 173 162
-1.09589 0.00623 1.42485 167 110 102
0.05240 -0.00686 0.35881 114 99 44
-1.72113 -0.00264 0.53172 9 16 171
-2.36199 -0.00149 1.66153 175 16 92
-2.11970 0.00288 0.80514 155 32 142
-2.92734 -0.00112 1.32621 75 234 77
0.09059 -0.00414 0.25812 130 138 80
1.44903 -0.00123 0.27565 225 210 180
-2.57636 0.00125 1.47477 89 81 125
-2.26485 -0.00194 0.08142 176 177 40
0.61609 -0.00743 1.14931 187 253 154
-0.13550 0.00140 1.30797 37 161 11
1.26548 -0.00944 1.60969 149 105 223
-1.36471 0.00000 2.18904 138 238 242
-1.07371 0.00260 0.64612 169 0 148
-1.71042 0.00222 1.23297 8 181 175
0.61609 0.00395 0.35233 175 179 224
-2.15454 -0.00108 0.30168 166 125 163
-1.28899 0.00318 0.29940 96 123 37
-0.03787 -0.00327 1.94578 151 126 78
1.10154 -0.00070 1.19564 95 254 252
0.65002 0.00223 2.02691 88 85 12
-2.61362 0.00409 1.65941 157 92 105
0.88841 -0.00495 2.31624 79 252 125
0.56509 0.00223 1.35604 122 141 0
-0.87630 -0.00142 0.10477 247 252 108
-0.50573 -0.00343 0.29204 33 130 6
-1.00677 -0.00444 0.81722 252 109 81
-2.74951 -0.00107 0.79031 30 29 176
-1.55595 -0.01134 1.03925 5 140 177
1.11034 -0.00767 0.77385 92 96 85
-0.31049 -0.00053 2.41327 74 238 172
-2.54452 -0.00057 1.45189 105 101 129
-0.51549 0.00414 1.10704 34 163 16
-0.22416 -0.00065 0.99398 84 194 218
0.64828 0.00052 1.20129 91 177 15
-0.38003 -0.00283 2.19467 6 164 39
-2.08509 -0.00524 0.64415 222 74 125
1.36762 -0.00395 0.50252 120 29 9
-1.66733 -0.01061 2.01265 0 85 94
0.26458 -0.00030 1.12828 171 176 91
0.09792 -0.01263 0.66695 201 77 220
1.14871 0.00732 2.02903 106 163 134
0.45434 -0.00232 1.11955 240 245 255
-1.26345 0.00302 1.61376 108 24 82
-2.77179 -0.00617 1.94392 96 129 83
-0.04780 -0.00978 0.43139 71 65 67
-2.95057 0.00272 1.73521 0 0 176
-2.77034 0.00348 1.64490 102 89 213
-2.89342 0.00918 2.41176 0 163 173
-0.42269 0.00028 2.06868 88 181 238
0.53631 -0.00405 2.30928 134 175 122
-2.68948 -0.00454 2.14795 54 139 175
-1.56258 -0.00014 0.64809 81 75 76
-1.29494 0.00414 2.35715 174 250 156
1.04363 0.01107 1.14924 6 172 158
-0.09557 0.00144 2.49289 131 203 206
-1.16919 0.00084 0.86800 219 135 134
1.15194 -0.00625 1.47502 99 170 72
0.10032 -0.00104 1.27024 202 243 149
0.02314 0.00129 1.78155 97 2 43
0.20758 -0.00652 1.96819 167 58 134
-0.57221 0.00375 2.33479 123 253 146
-0.89131 0.00143 0.68577 173 0 5
1.37926 -0.00351 2.46024 195 218 171
-0.43191 -0.00346 2.27598 85 250 95
-1.17802 0.00456 1.30482 140 161 171
-2.58524 -0.00938 1.29976 100 160 172
-2.13728 -0.00581 1.07973 160 157 93
1.42764 0.00258 0.05554 217 250 215
1.33165 0.00116 2.33262 97 175 176
-2.98994 -0.00568 0.92929 1 84 113
-2.65150 -0.00006 0.61829 69 1 144
0.05025 -0.01451 0.04304 110 174 158
-2.01747 0.00298 1.94676 116 50 32
-0.01246 0.00238 0.87483 160 139 255
-2.05629 0.00033 2.38916 207 246 175
-1.21003 0.00150 0.23532 124 152 36
-1.52429 0.00460 1.87731 7 25 87
-1.88558 0.00204 1.02130 142 212 75
0.48465 0.00040 1.51244 150 67 23
-1.64046 -0.00299 0.57244 1 6 97
1.11662 -0.00558 0.70115 94 79 116
-2.15339 -0.00553 2.35594 239 253 255
1.02947 -0.00534 1.51386 77 148 104
-2.31092 -0.00255 1.69222 177 4 147
-1.66063 0.00430 1.88859 76 104 246
1.43070 -0.00329 1.01186 216 205 175
-2.78532 0.00337 2.00986 26 86 34
0.77395 0.00033 0.74887 43 9 165
-2.26000 0.00756 2.20382 254 242 127
-0.66322 -0.00570 2.09858 175 201 188
1.31363 0.01058 2.26957 93 174 146
-2.45286 0.00674 2.30998 142 179 3
-1.30439 -0.01024 0.12421 83 181 174
-0.71281 0.00127 0.55688 196 89 81
-0.05944 -0.00158 2.37827 62 170 173
-1.47425 0.00160 2.36605 96 250 255
-1.87663 0.00416 2.02972 62 94 177
1.08541 0.00135 1.22482 84 255 254
-2.96795 -0.00415 0.91857 0 83 126
1.41492 -0.00222 2.05184 136 106 63
-2.33791 0.00156 0.11013 173 177 11
-1.96247 -0.00341 0.24916 171 223 131
0.29649 -0.00513 1.54087 251 133 110
0.38842 -0.00409 2.35446 253 253 124
-0.69094 -0.00772 1.66077 108 9 149
-2.90360 -0.00321 1.41346 80 201 94
-2.00149 -0.00340 2.47992 184 209 79
-2.06911 0.00790 2.01537 210 165 129
1.02252 -0.00016 0.11305 7 175 22
-0.93131 0.00441 1.00953 255 202 215
0.45420 0.00550 2.08746 161 119 27
1.08268 -0.00421 2.45050 9 149 113
-1.23512 0.01021 1.05156 120 142 2
1.15718 -0.00075 1.04724 30 147 160
0.06466 0.00621 0.40451 195 149 89
-0.28486 -0.00291 0.03085 75 248 90
-0.97640 -0.00353 0.96674 255 189 164
-1.02373 -0.00222 2.25496 172 174 3
-1.53900 -0.00111 0.73668 83 83 91
-1.73904 0.00181 0.10724 93 254 89
-0.82088 -0.00605 0.14762 228 245 190
-1.16982 0.00772 1.94605 222 117 220
-1.81888 0.00244 0.46239 39 45 118
-2.67003 0.00203 1.54384 58 55 147
1.37527 0.00848 0.96468 195 185 236
-0.41132 0.00457 1.62508 11 23 0
-1.49688 0.00653 0.38552 21 79 125
0.79049 0.00102 0.33610 110 191 117
-0.80822 -0.00996 1.37774 148 140 3
0.76096 -0.00067 2.00470 46 78 64
-2.25273 0.00395 0.58471 254 85 112
-2.34551 0.00018 0.38337 173 82 176
-1.94310 -0.00112 0.82294 166 118 212
0.87761 -0.01426 0.04667 11 174 168
0.44486 -0.00135 0.07141 242 255 80
-1.52808 0.00753 1.99632 10 68 16
1.19645 -0.00460 2.24513 48 174 49
0.87539 -0.00745 2.48417 8 130 2
-1.25245 -0.00943 2.09763 187 200 250
-0.30079 -0.00556 0.27670 78 213 152
1.43166 0.00276 1.78002 219 79 120
0.17882 -0.00618 1.15700 158 173 34
-2.11119 0.00614 2.42319 149 158 114
-0.30980 0.00255 1.77946 76 75 219
1.00612 -0.00553 1.63501 1 15 4
-0.60786 -0.00189 0.87495 64 65 146
-0.89877 0.00120 1.64503 246 95 204
0.35542 -0.00729 0.29819 180 124 57
-0.96153 0.00284 1.85584 255 93 251
-0.15162 0.00532 0.44905 26 57 131
-2.96960 0.00074 0.04239 3 171 10
0.42802 0.01107 1.36927 166 146 52
1.33332 -0.01278 0.63435 101 2 3
0.80593 0.00452 2.20492 98 245 247
0.69021 -0.00637 2.03506 75 89 22
-0.86361 0.00456 1.90939 245 110 167
0.31388 0.00077 2.20622 247 243 115
-0.79965 0.00512 2.27938 231 253 220
-2.48535 0.01054 2.03032 135 94 162
-2.84765 -0.00759 0.32706 7 115 143
-1.42836 0.00611 2.31101 110 253 251
0.76857 0.00225 0.06966 119 255 251
-0.87715 0.00374 0.15766 247 246 143
-2.49903 0.00041 1.54074 133 57 26
-2.85682 0.00154 0.38157 4 78 99
-0.62547 -0.00187 0.86165 76 56 167
-1.88470 -0.00237 1.66615 135 87 79
-0.12259 0.00798 0.00932 116 245 85
-1.66359 0.00478 1.08448 75 236 242
-1.00037 0.00687 1.23967 177 170 158
-2.37445 -0.00333 0.44828 245 130 253
-1.17423 -0.00439 1.21839 138 177 129
-0.44317 -0.00328 0.90499 18 83 9
-0.61493 -0.00572 2.11664 150 211 236
-2.53761 0.01196 1.47595 110 88 105
0.87693 -0.00223 0.46200 88 124 115
0.21047 0.00071 0.95158 164 107 13
-2.33829 0.00208 1.11970 175 167 183
-2.50154 -0.00156 1.53844 124 51 25
-2.22475 0.00423 1.99124 176 75 11
-1.15677 -0.00283 0.94164 224 173 78
-1.90229 -0.00128 2.39750 140 240 75
-1.96412 -0.00639 0.64675 95 0 139
-0.17642 -0.00322 0.59278 22 2 35
-2.45596 0.00144 0.03982 220 249 144
-2.04233 0.00192 0.89447 129 80 156
1.12180 0.00337 0.53747 98 92 236
-2.47581 -0.00700 1.19116 213 254 247
-1.98901 -0.00725 0.01324 183 244 245
1.09207 0.00232 2.42535 15 161 98
0.51530 0.00142 2.26313 141 173 68
-0.97751 -0.00445 1.70472 255 83 183
1.36412 0.00548 0.81410 192 110 223
-1.52938 -0.00446 1.23022 84 255 123
-0.33278 -0.00549 0.80543 73 107 84
-2.08622 0.00243 0.66145 218 73 159
-0.92909 -0.00157 0.68499 173 2 22
-1.89157 0.00301 0.31773 145 187 74
0.24080 -0.00482 1.87778 172 21 104
-2.17048 -0.00631 2.49134 166 130 114
0.99038 -0.00369 1.00412 0 126 8
1.03390 0.00080 2.00906 79 155 235
0.46340 -0.00968 2.27078 160 179 42
0.98597 0.00293 2.40712 1 161 14
-1.63637 0.00054 1.68703 75 77 198
-2.76678 -0.00833 1.64705 97 93 223
1.07814 -0.00137 1.10342 17 167 151
-0.40755 -0.00692 0.40010 80 151 163
-2.80059 -0.00055 1.88845 18 23 5
0.49202 -0.00255 0.10787 227 254 98
-1.55077 0.00303 1.31945 79 232 87
1.28508 0.00541 0.28885 156 207 252
1.43062 -0.01311 0.79942 220 109 247
-0.28014 0.00405 0.44287 0 52 175
1.08622 -0.00869 1.36191 91 222 167
-1.39715 0.00133 1.52662 125 137 244
-1.76946 0.00001 2.39053 18 164 32
0.28642 -0.00152 0.20193 184 159 0
-0.47686 0.00762 0.91129 29 81 30
-2.89011 -0.00076 0.28042 1 132 175
-1.43871 0.00998 2.40718 36 160 140
-2.96005 -0.00119 0.98594 1 121 170
-1.60646 -0.00333 0.05909 74 252 79
-0.89910 -0.00587 0.83867 249 119 117
-1.37693 0.00408 1.13824 59 175 15
-0.64443 0.00773 0.73654 162 88 237
-2.86258 -0.00194 0.14328 4 176 147
1.27591 -0.00175 2.26652 73 174 109
-2.05161 0.00401 2.12361 204 208 217
-2.61966 0.00396 0.71626 80 5 177
-0.28080 0.00490 0.19118 79 243 109
0.01840 0.00045 1.17671 93 176 1
-1.55540 0.00295 1.00649 5 128 180
1.11705 -0.00481 1.05638 19 157 147
-2.29963 0.00103 1.28576 254 245 147
-2.23189 -0.00347 1.19134 251 254 146
0.79834 0.00676 1.32044 28 153 110
-0.97673 -0.01126 2.49964 255 205 242
-0.47580 -0.00764 1.32538 101 231 253
0.46139 0.00492 0.69524 162 3 21
-0.85795 0.00759 1.64820 238 90 229
1.01351 0.00672 0.78376 79 100 135
-1.99132 -0.00218 0.08255 178 250 246
-0.79708 -0.00158 0.20248 145 159 166
-2.23748 0.00019 2.45885 174 139 168
-1.94033 -0.00397 2.33591 84 174 44
-0.24543 0.00527 0.13614 80 253 93
-0.28752 -0.00364 1.69187 80 82 164
-1.28732 -0.00231 0.59332 170 80 176
-2.96201 -0.00405 0.65770 82 74 74
-0.98022 -0.00121 2.32961 178 172 49
-1.78772 -0.00486 0.43622 27 56 134
1.48174 -0.00281 1.96109 233 132 116
-0.39207 -0.01100 0.65024 10 0 158
0.98194 -0.00021 0.62830 79 78 244
0.10606 -0.00420 0.74834 207 90 255
-2.58837 0.00533 1.01780 169 212 75
-0.79625 0.00037 2.29507 220 255 242
1.28442 -0.00584 1.53651 74 60 88
-0.60714 -0.00086 0.38801 68 83 4
-2.36558 -0.00329 1.50575 248 144 83
0.44305 0.00335 1.21800 168 174 162
0.50454 0.00785 2.13899 145 147 0
0.31046 -0.00143 2.48413 174 135 73
-0.01990 0.00295 2.05596 76 101 32
0.83724 -0.00801 0.07243 21 173 180
-1.05780 -0.00089 2.18575 170 165 32
-1.47244 -0.01109 1.44125 102 183 147
1.02289 0.00505 1.54910 81 127 78
-2.61673 -0.00238 2.11641 79 126 175
1.36048 -0.00253 0.51493 116 30 6
-2.20367 -0.00396 1.45857 249 171 136
-1.48919 -0.00517 1.33835 88 228 79
0.60798 0.00320 2.06759 106 113 3
-2.44276 -0.00157 1.00184 227 207 138
-1.32154 0.00520 2.11698 160 203 234
-0.08352 0.00944 0.42503 52 58 87
-1.51496 -0.00230 1.80883 13 6 134
0.80627 -0.00091 0.09969 29 173 172
-1.66847 0.00362 0.42332 9 62 180
-0.34556 -0.00319 2.11202 1 130 76
-1.40939 0.00276 1.97597 42 65 6
-2.50288 0.00634 0.90056 203 156 80
-1.74251 -0.00689 2.05763 15 104 121
0.67200 -0.00813 1.52332 81 57 160
-1.57183 0.00185 1.14407 5 179 151
-1.44964 0.00783 1.54972 106 133 235
0.99871 -0.00126 0.43843 75 133 199
1.11547 0.00553 0.53612 105 97 236
-0.41450 -0.01657 1.56205 85 123 96
-2.50096 0.00032 1.50345 132 73 52
-1.83116 -0.00345 2.37846 38 168 2
0.56337 0.00324 0.91999 202 165 226
-1.28786 -0.00214 0.07084 93 179 176
1.16800 -0.00178 0.52818 119 92 198
-1.29604 -0.00075 0.58049 170 79 154
1.44285 0.00139 0.86035 219 135 252
-0.04407 -0.00504 0.06736 148 255 173
-1.75347 0.00176 0.74857 16 17 46
-0.53583 0.00222 2.08535 116 198 252
0.60184 -0.00486 0.41287 112 68 116
-1.88745 0.00527 2.09696 62 129 176
-1.66340 0.00097 2.35027 3 180 69
-1.12558 -0.00168 0.60388 154 2 174
-1.36207 0.00012 2.11868 141 211 201
1.22344 0.00177 1.86512 131 90 221
-0.08880 -0.00373 1.47336 52 89 71
-0.33326 0.00804 2.05752 0 106 116
1.26001 -0.00249 0.99151 145 200 253
-1.19205 0.00247 2.22637 135 172 104
0.08816 -0.00134 0.61296 204 74 171
-2.24147 0.00003 0.39677 255 155 230
0.75449 -0.00281 0.01710 122 247 221
-1.52315 0.00621 2.32165 85 255 236
-0.83704 0.00882 1.75196 243 79 253
-2.87732 0.00600 1.72676 4 1 157
-2.33746 0.00131 2.04621 249 171 127
0.66757 -0.00163 0.72591 85 11 83
0.04324 -0.00605 2.00010 102 72 32
-2.97810 0.00121 2.04830 75 176 86
0.42677 0.00513 1.53524 169 56 6
-0.16636 0.00289 2.38057 24 171 156
1.26330 -0.00577 1.60725 152 109 215
1.18516 0.00128 2.23284 113 245 98
-1.10069 -0.00231 1.55504 159 50 17
-2.49872 -0.00384 2.38244 132 170 11
-1.11088 -0.00367 1.60451 239 105 82
-1.21663 -0.00346 2.46115 124 145 0
-0.76050 -0.00363 1.18715 131 180 27
-1.88933 -0.00510 0.38055 132 161 95
-1.53728 0.00049 2.08516 79 202 83
-2.71385 -0.00567 1.85322 117 95 79
0.38965 -0.00427 0.91266 171 80 17
-1.74173 -0.00074 1.41238 17 122 71
0.06588 0.00200 1.54679 191 127 251
-1.75712 -0.00302 1.45817 15 88 43
0.78779 0.00645 0.78293 32 25 175
-1.92883 0.00476 0.11769 155 254 204
-2.44945 -0.00461 2.23395 145 173 5
0.52131 -0.00605 0.94668 215 180 213
-1.97161 0.00870 1.27115 99 170 84
-2.21673 -0.00475 1.31492 246 238 76
-0.43536 -0.00287 0.18712 11 169 18
-2.71714 -0.00326 0.30222 119 203 145
-0.48265 -0.00067 1.51518 104 141 189
-2.92105 -0.00230 1.19854 0 178 64
-1.06646 -0.00142 0.34665 248 172 153
-1.13319 -0.00515 0.02124 235 248 207
-2.60769 -0.00312 0.74903 87 16 165
-2.62415 0.00295 0.20760 152 240 136
-0.35219 0.00028 0.80539 74 115 93
-2.98086 0.00644 2.07392 79 188 84
0.28722 -0.00901 0.63467 254 76 241
-1.34767 0.00454 0.64475 147 72 166
-1.82549 -0.00006 1.41676 38 115 122
1.28487 -0.00435 1.88364 157 101 152
-2.89160 0.00295 1.31884 77 230 74
-0.16866 -0.00923 1.97467 97 141 124
-2.91455 0.00156 1.86046 0 20 90
-1.28525 0.00028 1.81424 96 2 4
-1.59676 -0.00332 0.70462 80 79 74
-2.63471 -0.00681 1.30197 73 163 136
0.51968 -0.00180 0.86623 218 137 157
-0.43108 -0.00373 1.76089 9 3 38
-2.66396 0.00753 0.14620 145 251 204
1.39409 -0.00005 0.74664 128 13 126
-2.49548 -0.00290 0.07544 203 253 150
-0.78306 -0.01043 1.94535 145 48 16
-2.87315 0.00221 1.84476 0 10 66
-1.18188 -0.00839 2.33664 140 178 11
-0.77856 -0.00074 0.21077 143 166 168
0.85406 -0.00032 0.87148 18 66 107
0.05079 -0.00064 1.24177 184 250 90
-1.41849 -0.00019 0.18085 42 172 181
-2.16504 -0.00457 1.89994 168 36 24
-2.79413 0.00066 2.20834 16 166 168
-1.52604 0.00031 2.34053 84 250 244
-2.71308 0.00758 0.88560 116 143 227
-2.21017 0.00089 2.16279 250 220 128
-0.07728 0.00390 0.82942 131 116 204
-2.09241 -0.00926 0.82820 146 42 173
-1.31867 -0.00068 2.28113 154 255 224
-2.97292 -0.00571 0.40217 80 149 238
1.10992 -0.00488 2.20543 94 247 81
0.77656 0.00359 0.77194 32 21 177
-2.57478 -0.00433 1.13540 175 251 143
0.08785 -0.00366 0.63878 196 78 171
-0.78218 0.00100 1.45007 216 174 139
0.69651 -0.00951 2.23259 65 171 174
-2.19451 -0.00364 0.15400 171 172 134
-2.18852 0.00704 2.40506 247 240 253
1.28678 0.00147 0.04565 162 250 117
-2.06709 0.00183 0.96591 133 106 135
-1.04155 0.00245 0.68437 176 3 97
-2.24992 -0.00300 0.66370 253 75 73
-1.54432 -0.00571 2.30275 83 255 214
-1.51816 0.00416 1.13684 12 174 108
-0.26449 -0.00824 0.35110 79 170 236
-0.62092 -0.00387 2.18584 151 243 255
1.30112 -0.00312 1.16557 165 250 157
0.63670 -0.00105 1.06791 168 229 200
0.34542 -0.00214 0.01772 179 168 86
-1.66182 0.00377 0.99770 79 201 184
-1.63566 -0.00133 1.64939 73 96 170
-0.94733 -0.00344 1.19948 183 178 158
-1.67181 0.00678 1.86819 81 98 255
-2.16061 -0.00853 0.02368 163 165 53
-2.12260 0.00438 1.58619 227 119 255
-1.29616 0.00050 1.94867 92 46 53
-1.47838 -0.00251 1.68520 21 2 175
1.23573 -0.00628 0.44499 65 55 141
-0.27708 -0.00073 2.06709 4 114 59
0.91150 -0.00368 2.00619 81 159 236
-2.56562 -0.00854 2.18464 109 163 102
-2.82535 0.00183 1.44445 86 173 182
0.74324 -0.00492 1.32417 43 158 75
-1.03659 -0.00473 0.54503 174 13 171
-0.52552 -0.00002 1.90894 39 30 67
-1.77261 0.00366 1.31801 18 161 162
-1.04706 -0.00117 2.06203 170 107 121
-2.40056 0.00135 0.31011 240 196 172
1.46147 0.00466 0.98335 230 194 167
-0.52856 0.00425 0.43208 114 132 102
-2.55031 -0.00034 0.46490 107 52 86
0.82755 -0.00041 1.94945 22 54 83
-1.05799 0.00881 1.72433 241 79 133
-0.14102 -0.00471 0.82999 110 117 150
-2.29776 -0.00242 2.29554 253 254 168
-1.21763 0.00082 0.31168 121 122 8
-0.75872 0.00116 0.73223 209 89 140
-0.76475 0.00150 1.50072 213 157 193
0.68784 -0.00455 2.43469 148 231 187
-0.77858 0.01235 1.63105 142 24 175
-1.63691 -0.00374 1.15534 77 254 242
-1.78942 0.00334 0.38603 97 159 160
-1.61671 0.00091 2.18610 2 159 6
-0.87614 0.00359 0.13455 249 255 125
-1.80806 -0.00267 0.33129 108 182 111
-2.86274 -0.00177 2.29740 77 254 254
-2.10561 0.00323 1.13386 146 172 28
-0.39991 0.00410 1.39036 6 135 134
-1.77728 0.00652 0.11926 105 255 98
-1.50840 0.01114 0.89155 15 74 155
-1.83437 0.00464 1.88573 123 99 207
-2.56362 0.00068 0.95598 177 184 85
-2.18936 -0.00335 1.70163 175 0 175
-1.85639 0.00202 0.67414 48 2 169
0.77472 -0.00372 2.33390 37 178 112
-1.99142 0.01369 0.52289 186 98 105
0.73307 0.00077 1.67965 132 82 196
0.34798 0.00429 0.95755 180 103 19
1.37923 0.00121 0.11222 199 255 233
0.38970 -0.00294 1.04655 176 140 111
-2.48743 -0.00471 0.80291 219 103 111
1.21944 0.00485 2.48875 135 211 248
0.79228 -0.00294 0.66063 29 0 126
-0.99285 0.00176 1.22654 178 176 174
-1.04894 0.00391 1.14860 250 250 233
-2.86091 -0.00725 1.24186 78 254 84
-2.01142 0.00715 0.38633 118 87 15
0.20946 -0.00129 1.56952 243 119 132
-2.50310 0.00065 2.28003 134 177 4
1.45679 0.00685 1.71163 228 77 148
-2.90581 0.00210 1.82799 0 8 107
1.45991 -0.00611 0.79056 152 23 174
-1.66916 -0.00310 0.00286 79 241 107
-0.92833 -0.00128 1.75668 251 73 245
-0.54891 0.00138 0.08467 45 180 165
-1.69850 0.00350 2.48058 82 207 229
-2.01290 0.00188 0.41321 188 140 79
-2.77846 0.00820 1.14570 98 249 87
0.70665 0.00980 0.41828 65 68 32
1.37533 0.00426 1.62022 197 102 255
-2.43399 0.00193 0.64830 154 1 114
0.86289 0.00477 2.04537 90 168 240
0.24774 0.00784 0.69012 247 81 242
0.37376 -0.00289 0.57285 250 86 238
-1.25148 -0.00461 1.19835 182 247 124
-2.74681 0.00431 2.45165 108 224 116
0.11351 -0.00388 0.95782 130 99 83
1.32125 -0.00167 1.90533 179 115 103
-0.02652 0.00477 2.31284 70 180 177
-1.94584 0.00454 1.31641 86 163 146
-0.58580 0.00470 1.42825 136 190 252
-2.45615 0.00641 0.49193 147 35 171
0.23033 -0.00803 0.65137 242 74 255
0.02542 0.00053 0.88660 103 70 170
-0.98264 0.00088 1.25481 175 173 145
-2.96462 0.00187 1.70908 0 3 174
-2.73369 -0.00363 1.89268 112 102 80
0.06036 -0.00717 1.82862 115 4 1
0.11785 0.00250 0.03106 134 170 179
-0.40426 -0.00556 1.25685 84 248 249
-1.97550 0.00121 0.46947 103 40 18
-0.01934 -0.00844 0.34026 161 180 178
-2.53010 0.00669 2.20295 118 161 69
-0.17930 0.01796 0.39151 99 152 241
-0.41788 -0.00527 1.03008 7 143 25
-1.39851 0.00268 1.29490 127 240 90
-2.01635 -0.00125 2.15219 192 229 252
0.25685 -0.00402 1.60167 169 31 10
-2.17657 -0.00277 1.75364 168 2 141
-2.29779 -0.00120 0.80353 179 36 31
-0.15666 -0.00027 0.78886 27 28 43
-0.02297 0.00081 0.89070 157 145 254
-2.54606 -0.01031 1.24765 116 175 154
-1.82098 -0.00397 0.45159 33 45 119
-2.55663 -0.00180 1.96587 184 137 238
1.11248 0.00348 1.87210 17 18 179
-2.96016 0.00169 1.44396 80 180 86
-1.42149 0.00332 1.68884 38 10 143
-2.29128 -0.01250 0.83307 181 45 43
-0.90396 -0.01098 1.63951 245 92 204
1.07699 -0.00304 2.22343 88 245 76
0.18993 0.00238 0.46296 231 122 131
-1.37854 -0.00627 1.66121 52 14 141
-2.15740 -0.00138 2.14557 241 217 153
0.16493 0.00247 2.42345 151 150 2
-0.56007 -0.00353 2.02359 131 164 217
0.24304 -0.00602 2.25443 244 252 134
-2.79353 0.00126 1.10349 93 239 122
-2.21796 0.00426 0.52359 250 98 125
-1.56804 0.00039 0.71886 81 81 74
-0.89952 -0.00452 0.48085 171 41 144
-0.44284 -0.00216 0.27050 7 138 0
-0.46392 0.00135 1.40336 93 203 244
-0.55248 0.00783 1.78925 47 3 0
-0.44682 0.00243 0.80479 17 32 84
-1.11743 0.00124 1.99169 237 151 255
-1.73861 0.00029 1.15112 91 255 239
-0.67164 -0.00128 1.55094 174 128 255
-2.45412 0.00282 1.65695 221 83 98
0.36290 0.00339 2.05066 249 181 179
1.27879 -0.00561 1.55399 81 55 119
-2.75793 -0.00410 1.87155 104 92 78
0.51712 0.00444 0.50913 141 23 102
-1.99886 0.00952 1.06534 186 232 85
-1.49325 -0.00988 0.89967 15 78 167
-2.85716 0.00055 1.87249 3 21 32
1.35726 -0.00731 1.82705 191 84 130
-0.46297 0.00247 1.22283 94 253 207
-2.63358 0.00540 0.27609 151 214 100
-1.55457 0.00192 0.23558 3 144 159
1.39304 0.00152 1.22599 127 176 0
-2.73613 -0.00369 1.37783 38 140 125
1.12151 -0.00428 0.84037 24 41 3
-1.74993 -0.00396 1.66892 91 81 114
-2.65351 0.00675 1.33557 70 153 142
-0.18816 -0.00091 1.98835 92 146 127
1.03015 0.00937 0.00698 0 161 93
-1.34405 -0.00200 2.39148 141 243 183
-1.45291 0.00121 2.32763 110 255 254
-1.81951 0.00500 0.39829 114 155 144
-1.61100 0.00170 0.20941 3 159 103
-2.69245 -0.00266 1.40270 45 124 165
-0.72861 0.00332 1.33061 199 229 99
-1.46265 0.00639 2.32178 101 255 255
-2.25056 0.00458 1.94137 176 48 58
0.25029 0.00206 1.12000 175 168 65
1.01515 -0.00170 0.85178 1 55 11
0.63127 0.00127 1.37934 98 131 28
-2.38788 -0.00496 1.97243 159 63 137
1.10879 -0.00276 0.44892 95 129 255
-1.15274 0.00343 0.88099 221 145 118
1.11583 -0.00138 0.99358 22 120 91
-2.62076 0.00224 2.20395 77 165 141
1.42380 -0.00477 1.55111 143 52 178
-2.57815 -0.00750 0.95896 181 178 84
0.34874 -0.00904 1.25719 252 253 252
0.21349 -0.00469 2.01040 242 162 248
0.40153 0.00052 0.60878 173 0 107
-1.90163 0.00242 0.64743 67 0 173
0.37331 -0.00177 2.11231 255 209 149
-0.68249 -0.00581 1.68418 104 8 131
-2.79067 -0.00527 1.20782 97 251 72
-2.56449 -0.00456 2.20931 104 166 95
-1.73407 -0.00570 0.13806 91 255 80
0.80736 0.00029 0.33112 27 109 21
-1.07737 0.00397 0.91069 245 162 78
-1.77293 -0.00298 0.24583 100 227 83
-0.59509 0.00342 1.69718 67 4 45
-1.51745 0.00822 1.98969 91 152 78
-1.61844 -0.00513 1.04050 75 224 240
-2.10158 -0.00318 1.58290 224 117 253
-1.42109 0.00478 0.79967 40 35 147
-2.25695 -0.00586 1.45840 250 175 92
-0.41649 0.00412 0.76750 90 99 161
-1.29958 -0.00233 1.27062 163 246 142
-2.82124 -0.00241 0.51249 87 102 75
-2.03701 0.00437 1.14789 123 175 0
-0.84528 0.00603 1.09022 239 235 237
-1.74720 0.00585 0.13078 92 250 85
0.97026 0.00692 0.41852 75 144 157
-2.73087 -0.00036 1.72700 108 79 131
-0.08370 -0.00176 1.31548 57 161 2
0.87890 -0.00487 0.71575 88 88 255
1.14878 -0.00462 0.77318 101 96 73
-0.82015 -0.00613 1.78233 232 74 233
-1.18091 0.00244 0.82150 214 117 167
-2.84488 0.00660 1.14037 3 177 49
-0.90923 -0.00039 2.01380 176 83 43
-0.07811 -0.00334 1.57724 56 43 160
-1.48033 -0.00149 1.45767 101 175 148
-2.27072 -0.00136 2.06721 254 177 82
-0.87362 -0.00141 0.42820 168 61 153
-2.28210 -0.00049 0.42852 254 141 230
-0.49449 0.01100 0.79950 26 34 112
-0.94554 -0.00853 1.29172 177 167 90
1.48081 -0.00267 2.04142 161 100 100
-2.27451 -0.00219 0.81543 179 36 51
-0.13882 0.00145 1.13727 104 252 204
-2.11337 0.01122 0.53064 228 100 77
-1.11510 -0.00541 0.22196 234 236 78
0.36400 -0.00255 0.67554 251 78 174
-0.76219 0.00498 0.05018 135 173 76
-1.37936 0.00027 1.34359 135 226 137
0.99843 0.00122 2.15939 80 221 154
0.92352 0.00436 0.21065 1 162 24
-1.27656 -0.00071 2.01326 177 159 189
-2.57312 -0.00351 1.27465 101 173 153
-1.44694 -0.00277 2.49051 24 130 101
-2.15913 -0.00879 2.18833 240 240 196
0.34822 -0.00159 2.11579 253 207 156
-0.12745 0.00209 2.16396 37 151 38
-0.73386 0.00274 1.77776 123 6 85
-2.92583 -0.00145 2.45422 2 143 162
1.34579 0.00288 0.06638 182 253 177
-2.93487 -0.00099 1.10776 1 162 151
-0.62937 -0.00155 2.34454 156 254 196
-1.05927 -0.00810 0.63698 177 0 142
-1.81218 0.00094 0.42905 39 59 97
1.00001 0.00103 2.19439 75 241 133
-1.45476 -0.00966 0.69855 109 72 124
-0.44698 0.00148 0.64006 94 76 255
-2.40825 -0.00068 1.83431 233 88 247
-2.76047 0.00443 0.61238 24 2 53
0.78290 -0.00537 2.48825 109 206 89
-2.41009 -0.01227 0.01682 233 249 128
-2.38696 -0.00354 1.20711 164 182 172
-0.05119 -0.00175 0.14187 147 253 230
-2.02908 0.00530 2.05644 198 180 184
0.51792 0.00005 0.66678 146 0 6
-2.65841 -0.00728 2.43893 139 223 78
-2.86307 0.00012 1.18871 3 181 32
-1.29036 -0.00039 1.63891 92 19 91
0.90613 0.00195 2.46160 2 148 5
-2.39727 0.00350 1.79741 167 0 162
-2.97175 -0.00154 2.25009 79 249 149
-0.83158 -0.00336 1.60830 237 102 225
-0.98200 -0.00107 1.53624 174 55 4
-1.03624 0.00314 1.45110 172 98 35
-1.97014 0.00051 0.73061 94 8 182
0.18507 0.00262 0.69339 237 76 255
0.83274 0.00236 2.33582 96 252 145
-0.95295 -0.00411 0.35581 249 178 236
1.16798 0.00801 1.43489 112 183 75
0.22804 -0.00081 1.53578 242 129 158
-2.65251 -0.00252 1.36401 64 139 165
1.23914 -0.00605 0.41012 60 70 158
-1.22657 0.00311 0.39708 200 152 84
-0.17405 -0.00109 0.93772 95 171 218
-2.21307 -0.00966 0.49097 246 112 138
-0.64897 0.00146 1.61429 88 25 155
-2.00247 -0.00138 0.94814 115 106 92
-0.05475 -0.00156 0.26987 140 216 244
-1.62820 -0.00598 2.18780 0 160 6
1.47981 -0.00572 0.69004 155 1 141
-2.51056 0.00389 0.21989 206 233 74
-0.46358 -0.00140 0.58377 96 79 249
-2.17744 0.00385 0.37581 173 85 127
-1.66364 0.01271 0.87825 80 140 99
0.87160 -0.00318 0.90599 14 87 65
-0.74346 0.00213 0.62904 200 78 87
-2.59959 0.00636 2.40358 163 241 75
0.28797 0.00338 0.12194 176 175 44
-0.99750 0.00344 0.94130 252 172 117
-2.62974 0.00379 2.23719 78 177 114
-0.82134 0.00085 0.40380 151 73 138
-0.99066 0.00224 0.58184 180 5 133
-0.36727 -0.00630 1.63052 76 99 84
-1.04701 -0.00048 1.90796 252 105 252
-0.29894 0.00092 1.65941 75 86 134
0.16584 -0.00078 2.10048 227 206 255
1.45299 0.00507 2.07834 150 117 113
-0.49084 -0.00284 1.21526 106 255 183
-1.01899 0.00994 1.72602 253 79 170
0.19702 -0.00438 1.31583 237 236 242
1.10597 -0.00010 0.10636 22 177 0
-2.89537 -0.00058 1.58014 83 119 221
-2.84329 -0.00068 2.25729 85 251 246
1.40048 0.00099 0.90584 204 154 254
-0.54174 -0.00132 1.76519 44 0 0
-2.76125 -0.01153 2.22746 26 174 177
-0.03097 -0.00091 0.59727 76 5 3
-2.55964 0.00134 0.21666 183 233 96
-2.52519 0.00557 0.11787 198 253 129
-1.19503 0.00026 0.94257 211 175 92
-0.01753 0.00197 2.04205 85 103 38
0.68545 -0.00227 0.53712 74 20 3
0.84240 0.00119 1.80823 14 3 3
-1.26638 0.00356 2.26168 181 255 201
1.40754 0.00114 1.31440 134 162 27
-2.37131 -0.00613 2.15826 243 227 80
0.02598 0.00876 2.48292 90 124 41
-1.95933 -0.00435 1.42172 90 114 175
0.18174 0.00197 1.58039 236 123 151
-0.89575 -0.01016 0.22729 250 236 200
-2.86086 -0.00227 2.02888 79 173 81
-2.80148 -0.00570 2.09642 18 124 86
-1.66973 -0.00312 1.41021 3 122 30
-2.56367 -0.00751 0.53302 105 17 145
0.09998 -0.00004 0.72269 204 83 241
-0.92642 -0.00007 1.11977 251 245 255
-0.10436 0.00016 1.65555 125 83 251
-0.00215 -0.00220 1.18599 165 254 85
-2.78297 0.00328 2.24906 16 174 178
-1.13506 0.00496 1.70885 228 73 85
0.07707 -0.00303 1.23469 195 249 95
1.06814 -0.00284 1.02854 9 135 87
1.25825 -0.00235 2.10560 68 126 5
-1.27897 0.00447 2.11614 175 206 246
-0.40729 -0.00310 1.02488 5 136 37
1.20243 -0.00614 2.46594 128 220 255
-2.80192 -0.00132 1.15111 88 254 86
1.39618 0.00113 0.11127 206 255 237
-0.95162 0.00660 1.06200 254 232 246
0.82895 0.00056 0.92646 23 90 88
-2.24176 -0.00396 1.72946 174 1 180
1.19820 -0.00843 1.97745 128 139 142
0.48452 0.00514 2.07790 156 117 15
-0.06003 -0.00098 0.64997 63 0 16
-2.22506 -0.00569 2.39627 252 245 252
-1.02149 0.00289 0.10464 251 255 86
-0.36764 -0.00430 2.14204 3 142 66
-1.19631 0.00077 0.52716 133 15 118
1.00776 0.00470 0.26983 0 143 12
-0.52213 0.00995 1.61098 36 22 59
-2.59518 0.00062 0.28073 167 209 76
0.92878 0.00190 2.41440 2 155 0
-1.59506 0.00350 2.33864 79 253 193
-2.22443 0.01241 0.63631 251 74 76
-0.11117 0.00500 1.88551 119 103 145
0.63215 0.00167 0.35772 169 169 204
-1.70506 0.00361 1.26346 8 178 152
-0.80512 -0.00633 0.05306 229 255 126
1.35175 0.00047 1.63390 192 89 253
-1.01240 0.00061 1.69852 252 80 156
-1.31687 0.00316 2.44470 82 147 29
-0.52929 -0.00353 1.49078 120 158 228
0.18309 -0.00122 2.13841 235 222 242
-0.11314 -0.00445 1.72922 122 78 243
-2.85679 -0.01015 2.39693 86 241 238
1.22604 -0.01060 0.28658 136 204 242
-0.93124 0.00363 1.11993 252 248 252
0.16326 0.00062 0.29083 155 132 13
-0.30544 0.00076 0.17349 75 245 85
-2.25821 -0.00012 2.28923 253 248 204
1.47218 0.00167 1.70905 229 79 139
0.55136 0.01045 2.28893 130 178 107
0.02561 -0.00023 1.37470 174 216 163
-1.78042 0.00349 1.37220 24 143 143
-2.14147 0.00073 1.92697 155 42 7
-2.59651 0.00921 0.86844 167 133 149
-0.49068 -0.00621 1.52226 102 145 178
-2.05712 0.00271 0.48522 205 109 77
-1.09858 0.00048 0.11915 238 255 124
0.42265 -0.00990 0.85853 242 133 83
-0.26678 -0.00098 0.05254 81 248 81
-1.56522 -0.00082 0.86702 0 58 82
-2.57951 -0.00300 1.18624 173 254 175
-1.61735 -0.00152 2.48210 74 212 255
-2.11386 -0.00117 2.06404 229 183 124
-0.54682 0.00700 1.15979 46 176 25
-1.09578 -0.00114 2.06378 164 108 151
-1.38357 -0.00180 2.09929 131 206 174
-1.27065 -0.00838 2.27681 181 255 191
-1.17033 -0.00156 1.15337 220 252 153
-1.08643 -0.00527 1.07043 238 234 154
-1.52984 0.00483 0.24047 11 146 165
0.42032 0.00063 1.99380 250 144 197
-0.62239 0.00273 2.29442 151 252 214
-2.94290 -0.00849 0.50819 77 105 155
-1.15669 0.00076 2.15632 151 143 126
-1.99132 -0.00142 0.95972 176 190 140
-0.32294 0.00020 1.49735 0 83 7
0.78223 0.00121 2.11310 39 132 152
0.34791 -0.00792 1.01062 178 134 58
-2.45121 -0.01359 0.69827 148 2 94
-0.76012 -0.00477 0.92343 130 85 178
-0.90194 -0.00043 2.29091 173 179 73
-1.02668 0.00657 1.47556 175 90 23
-1.35144 -0.00028 2.15915 150 225 241
0.08417 -0.00022 2.13307 200 217 245
-2.44033 0.00213 2.12552 148 137 65
-2.77922 -0.00214 1.60268 22 28 170
-0.10448 0.00347 1.63391 125 98 244
-2.10359 0.00766 1.15712 143 172 17
-1.37990 0.00992 1.05593 51 154 70
1.15195 -0.00284 1.18793 30 181 165
-2.35793 -0.00322 2.50955 174 129 171
0.83311 -0.00250 1.61195 22 32 100
-1.16976 0.00128 1.95655 216 132 227
-2.13564 -0.00545 1.50381 235 152 213
1.42564 -0.00017 0.92708 217 168 228
-0.26047 -0.00462 1.23770 6 177 148
-2.00090 -0.00134 0.11138 191 255 242
0.43896 0.00015 2.31252 166 182 49
-1.34262 0.00597 2.11238 154 205 215
-0.60454 0.00244 2.21997 146 245 250
-1.39347 0.00138 0.98286 47 115 133
-2.26952 0.00616 0.72157 255 88 81
0.73474 -0.00125 0.52276 57 23 0
0.18386 0.00082 0.45903 234 125 113
-1.82595 -0.00774 1.72179 116 79 88
-0.62090 0.00769 1.06640 81 153 22
-2.94116 -0.00030 1.18727 0 176 98
0.80229 0.00357 0.56796 104 86 142
-1.99520 -0.01044 1.33719 111 149 119
-1.60970 -0.00314 1.89593 79 105 216
1.01144 -0.00135 0.25631 4 146 6
-2.11203 -0.00371 2.00717 233 155 86
0.04746 -0.00381 1.43442 185 184 228
-2.74788 -0.00491 2.11792 32 134 139
-0.41919 -0.00533 1.15544 6 172 109
0.47179 -0.00132 1.29849 159 163 76
-0.45715 0.00109 1.50582 93 156 163
1.47159 -0.00665 1.81693 229 81 77
-0.34808 0.00427 2.24315 0 178 0
-1.11918 -0.00248 2.26138 161 178 15
-1.66652 -0.00420 1.98884 76 147 190
-0.15302 0.00606 0.19574 113 242 200
0.24070 -0.00742 0.02956 174 173 148
-1.15992 0.00023 1.75201 220 73 88
1.27212 0.00158 0.36144 157 171 241
0.09163 0.00657 1.98651 127 69 72
-0.25880 0.00409 2.25646 1 178 25
-1.69740 0.01646 1.39072 2 125 48
1.43009 0.00344 2.36537 141 171 136
-1.91684 0.00849 1.31529 70 158 162
-0.78271 0.00368 0.25029 140 144 176
-0.93583 -0.00311 2.04784 174 102 33
-0.88349 0.00442 1.95818 246 131 148
-1.37785 -0.00506 0.96065 53 111 138
0.20662 0.01000 1.91754 165 36 108
0.66424 -0.00142 0.48663 83 35 18
-2.38721 0.00661 0.46622 242 125 253
-2.80413 0.00083 1.43740 90 181 180
-1.00660 -0.00179 0.98348 253 195 152
1.49701 -0.00445 1.69104 237 83 137
0.00529 0.00067 1.39268 170 204 159
-0.25686 -0.00357 1.87938 79 99 246
-0.98611 -0.00815 1.45668 181 93 14
0.58101 -0.00094 1.62282 190 92 237
-2.70400 0.00111 0.68042 43 0 148
-0.21747 0.00133 1.19755 87 252 217
0.67208 -0.00208 2.18367 82 158 125
-1.37088 -0.00437 0.52977 134 92 85
-0.96982 -0.00130 0.95163 255 180 150
-1.63481 -0.00091 2.12100 1 139 6
-0.94888 -0.00809 0.68773 177 0 22
-0.03376 -0.00348 1.61514 150 109 252
-2.99741 0.00394 0.59486 82 79 132
-2.80151 -0.00019 1.33340 89 227 111
-0.64885 0.00502 0.13397 88 177 177
-2.10368 -0.00238 1.44713 228 184 194
-1.99476 0.00663 0.98577 182 194 142
-1.03320 -0.00590 1.59532 251 108 83
-0.50163 0.00444 1.94157 31 46 110
0.34542 0.00028 0.22257 175 157 5
-2.09623 0.00369 0.32776 144 114 102
0.89647 0.00783 1.88546 2 29 79
0.81458 0.00276 1.65904 26 7 70
-0.39808 0.00490 2.42513 77 233 110
-2.40579 -0.00416 1.51236 162 75 2
-1.04740 0.00693 0.16995 245 246 76
-2.70758 -0.00057 1.91053 123 108 99
1.35527 -0.00103 1.93047 187 114 85
-2.31141 0.00600 2.18769 251 239 88
0.95127 0.00456 2.13037 77 216 216
-0.64072 0.00311 0.24450 84 154 125
-1.58251 -0.00396 1.32819 76 227 96
-2.63499 0.00614 1.43540 75 111 178
-0.46498 0.00545 2.45253 17 147 22
-1.23188 -0.00423 0.77008 196 96 240
-2.46595 0.00056 1.37341 140 134 118
-2.63605 -0.00448 0.03367 151 247 254
-0.89290 0.00408 1.85653 246 89 223
-2.38785 0.00896 0.70268 248 84 116
-1.80112 0.01349 2.04398 34 98 163
1.41740 0.00018 0.14955 205 252 252
0.17755 0.00174 0.75933 236 91 240
0.25801 -0.00387 1.48367 251 159 174
1.38903 -0.00250 1.04481 206 220 177
-2.16393 0.00568 2.13708 242 219 140
1.04565 -0.00068 0.22415 7 159 4
-2.62618 -0.00256 1.33477 78 148 160
0.05843 0.00370 0.05610 112 177 166
-1.75419 0.00074 0.35308 91 178 155
0.78948 0.00069 0.10786 116 255 255
1.06667 -0.00372 1.72490 11 0 87
-0.63809 -0.00664 1.95961 78 61 30
-1.23972 -0.00310 1.23709 193 251 163
-1.40275 0.01161 0.45213 129 124 90
1.22944 0.00068 2.37943 61 168 164
0.87253 0.00203 2.02676 88 165 236
0.92873 -0.00016 0.19916 1 163 33
0.04663 0.00475 1.32177 178 237 132
-2.91837 0.01174 1.59219 76 112 221
-1.04077 0.00868 2.09375 172 121 94
1.14332 0.00397 2.10408 106 207 89
-2.58884 0.00128 2.38652 91 172 0
-1.35811 -0.00494 0.26243 62 143 125
1.09145 -0.00136 1.99732 9 76 143
-1.74317 0.00782 0.90556 89 159 87
0.50400 0.00023 2.45772 221 217 255
-1.69362 -0.00161 0.93945 82 170 128
-1.10108 -0.00278 0.70169 165 0 131
-2.18863 -0.00023 0.19534 172 165 165
0.96524 -0.00300 0.32342 0 115 11
1.20285 0.00848 1.67252 125 84 218
-0.11222 0.00161 1.79357 121 80 221
0.99407 0.00881 2.06457 79 189 227
-1.33894 -0.00199 1.86020 76 17 2
1.48660 -0.00148 0.91066 234 153 212
0.75270 -0.00418 1.83725 125 88 78
0.26691 -0.00079 0.40344 174 76 58
-2.69033 0.00569 1.75610 129 77 87
1.04980 -0.00904 1.84062 6 17 162
0.75490 -0.00109 1.12348 125 244 84
-1.45704 -0.00091 1.27883 105 246 74
-0.83996 -0.00535 1.95227 238 125 118
-2.64984 0.00000 1.88462 141 103 116
-1.65768 0.00172 0.80451 77 108 79
-1.21828 0.00245 0.08878 122 176 138
-1.30050 0.00101 0.86809 92 60 145
0.46914 -0.00056 1.05824 226 227 245
1.02244 0.00173 1.12185 2 173 126
-1.11126 0.00055 0.17535 239 243 88
-2.26740 -0.00811 2.47110 178 135 176
1.07740 -0.01005 1.74956 14 0 117
-2.35130 0.00443 1.72211 170 4 142
-0.25837 -0.00091 1.82822 85 84 255
-0.67064 0.00393 0.42017 172 142 100
-1.19244 0.00149 1.67610 133 10 8
-2.33858 -0.00086 0.47217 249 117 251
-0.24359 0.00774 0.79944 83 108 75
1.16508 0.00244 1.52388 109 143 84
-1.89830 0.00462 1.70322 152 86 83
1.26366 0.00134 0.87625 149 132 189
-0.65374 -0.00180 0.12052 86 176 178
0.20021 -0.00103 2.26225 239 252 151
-0.68219 -0.00609 2.05437 175 184 154
-2.26503 0.00873 1.18735 179 181 110
-2.62966 -0.00196 2.34169 76 175 45
-2.84248 -0.00550 2.09960 84 206 138
-2.79009 0.00106 0.31849 95 196 180
-0.98799 0.00462 0.00957 255 245 105
-1.43194 -0.00399 1.24973 111 251 77
0.23109 -0.00233 0.43149 245 138 127
-1.19326 0.00127 1.15893 211 252 135
-0.79725 0.00105 0.96514 224 185 252
-2.39631 -0.00399 1.22377 244 252 242
0.24262 -0.00115 1.71745 173 2 3
-1.63289 0.00172 1.50775 0 82 11
0.43562 -0.00175 1.58680 163 39 27
0.07941 0.00042 0.55200 196 90 116
-0.10731 -0.00490 2.19528 40 160 76
-2.94034 -0.00046 0.26466 0 140 167
0.67280 -0.00396 0.17029 149 248 253
-0.21664 -0.00286 2.25825 11 175 38
-0.26380 0.00540 0.16814 78 248 93
0.77015 0.00030 2.02275 44 86 76
-2.04841 -0.00357 0.69474 214 79 195
-0.32714 -0.00695 2.19904 0 164 11
1.38357 -0.00123 0.40969 122 73 53
0.73447 -0.00731 1.69970 130 82 181
1.13781 0.00695 2.37931 101 247 174
-0.64986 -0.00359 1.55309 166 126 252
-2.65612 -0.00588 0.01102 142 246 253
-0.01251 0.00251 1.07553 162 238 157
0.72880 -0.00003 0.94068 139 169 225
-1.70967 -0.00058 2.07012 5 107 87
-0.93144 -0.00181 1.48713 173 82 6
-1.72271 -0.00267 1.31176 8 160 135
-2.18944 0.00133 1.09791 169 166 112
0.83254 -0.00460 0.58628 96 80 179
0.05425 0.00103 0.82189 113 37 178
-0.58076 -0.00991 1.69756 58 4 38
0.71964 -0.00540 1.22612 56 180 2
-1.88585 0.00123 1.24597 65 170 127
0.02642 -0.00195 2.13726 185 218 213
1.26660 -0.00476 1.56442 75 43 119
0.63519 -0.00026 2.02156 92 82 0
0.16479 -0.00485 2.10402 223 206 254
0.86401 0.00437 1.65105 15 9 35
-1.48692 0.00079 0.85422 21 53 141
-1.38815 -0.00329 2.43095 51 154 86
-2.95695 -0.00649 2.29599 77 255 190
0.12589 0.00179 1.67182 140 9 47
0.88277 -0.00366 2.42051 12 156 1
-1.10903 -0.00007 2.41792 233 237 101
0.97321 0.00640 0.12933 0 178 44
0.69925 -0.00259 2.24716 59 171 172
0.45646 -0.00821 1.00642 235 206 210
-1.36126 -0.00548 2.36032 140 250 208
0.54689 -0.00668 0.45191 135 53 128
-0.24783 0.00290 0.46725 7 44 168
1.29032 -0.00409 1.37596 84 138 2
-2.35583 0.00211 1.06847 171 153 162
0.57947 0.00058 1.95341 194 132 107
-1.02184 -0.00021 0.06587 249 255 97
-1.85737 -0.00457 1.01486 128 207 80
-2.86126 -0.00142 2.15953 78 223 165
1.18263 -0.00220 0.11938 40 179 19
-2.80781 -0.00862 0.03730 13 174 114
0.88637 0.00408 2.37258 84 246 92
-1.27996 0.00382 1.19617 97 178 30
1.02108 0.00723 2.32838 76 252 81
-1.57855 -0.00351 1.26420 78 250 146
-0.00443 0.00949 1.36187 87 140 60
-1.35990 0.00107 1.97874 61 65 30
-1.48521 -0.00034 0.96265 12 109 177
-0.08591 -0.00470 1.13350 129 249 167
0.48850 0.00652 0.62149 153 0 44
-2.36233 0.00034 1.95656 169 55 128
-2.61725 -0.00329 1.66603 156 88 94
-1.92077 0.00127 0.76438 78 20 160
-2.34283 0.00569 0.51159 250 99 221
-1.91376 -0.00549 2.14314 67 142 162
1.15905 0.00627 1.40686 113 195 89
1.09232 0.00760 0.65279 82 78 179
-0.22014 0.00392 0.85320 89 130 114
1.07581 0.00040 0.21870 10 158 17
-1.67960 -0.00254 1.71267 79 84 185
-2.57445 -0.00369 1.65517 174 94 85
-1.34038 -0.00216 1.02161 64 132 74
0.95784 -0.00635 1.31497 79 233 255
-2.86381 -0.00354 2.12568 82 212 129
0.94146 0.00045 0.68583 77 79 240
-0.94055 0.00566 0.90188 254 146 133
0.34993 0.00203 0.09951 177 180 17
-0.62761 0.00417 1.81082 82 6 7
-2.59467 -0.00302 1.10943 171 245 101
0.30153 -0.00008 1.75229 174 3 57
-2.40759 0.00813 0.64707 157 2 114
1.25132 -0.01270 2.15417 68 156 25
-0.69575 0.01324 1.00114 106 126 130
-0.09329 0.00352 2.26128 50 170 139
-2.93317 -0.00022 1.12970 0 171 134
-2.38139 0.00686 0.87652 169 65 15
0.67665 -0.00160 1.45002 76 98 112
-2.74072 -0.00063 1.56035 27 49 168
-2.81831 0.00481 0.34557 11 107 102
-2.62180 -0.00063 1.89752 160 111 151
-2.21994 0.00143 0.46241 252 117 164
0.36985 -0.00194 2.11586 253 209 132
-0.01805 0.00437 0.19720 162 240 254
0.55856 0.00265 0.22732 204 233 221
0.42946 -0.00353 0.42539 172 72 169
-2.70903 -0.00454 2.05099 42 102 120
-1.88374 0.00595 2.19820 62 166 125
1.18600 -0.00280 0.43579 120 134 245
-0.59176 -0.00041 0.90095 59 76 119
0.15941 0.00292 1.69848 154 3 8
1.39989 -0.00773 1.12714 206 244 115
1.16794 0.00356 2.16755 114 230 78
1.16868 0.00169 0.64817 109 77 113
-1.15079 -0.00146 1.54973 151 49 54
-0.59674 0.00011 1.87790 61 26 11
-2.70224 -0.00256 1.51296 46 68 172
-2.79194 0.00540 2.29441 19 178 178
-0.60310 -0.00453 0.27026 61 137 61
-1.96415 -0.00714 1.86711 178 99 104
-1.42175 -0.00317 1.82260 42 8 46
-1.88265 -0.00231 0.60965 62 4 169
-0.89304 -0.00473 2.10326 168 126 0
1.17189 -0.00483 2.14407 113 225 73
-1.96612 0.00236 2.35502 94 179 67
-2.63190 -0.00667 2.43451 154 227 77
1.28621 -0.00069 0.18191 161 246 226
-0.13345 0.00332 2.47287 108 218 243
-1.34139 -0.01024 0.58486 148 82 130
-0.74153 0.00119 1.62658 124 27 179
-2.56733 0.00289 1.42958 103 110 157
-1.59973 0.00568 0.02133 77 250 79
-2.82758 -0.00292 1.76779 7 0 101
-2.32755 0.00314 1.09266 177 161 180
-0.85686 0.00194 0.33492 242 187 253
-2.62426 -0.00643 0.04089 155 243 254
-1.54428 0.00220 2.08663 86 197 76
-0.33205 -0.00175 0.97441 72 181 111
0.87918 0.00317 0.23970 13 147 38
-1.97071 0.00008 2.39309 100 165 29
-1.36593 -0.00055 2.23199 138 252 254
-1.74495 -0.00332 1.45250 15 100 51
-1.71508 0.00116 2.08807 6 119 66
1.31633 0.00518 0.26765 172 212 254
-1.05083 -0.00293 1.61131 249 105 77
0.64287 -0.00411 2.19617 93 161 122
-2.32055 0.00449 2.22696 247 252 95
-0.92322 0.01289 1.99240 254 151 149
-0.89491 0.00666 0.43382 169 59 167
-0.19559 0.00769 0.02645 93 247 71
0.01827 0.00442 0.50978 176 104 77
-1.23688 -0.00272 1.11158 123 166 5
-2.10768 0.00780 1.00543 152 130 126
1.24656 0.00518 0.02677 148 246 87
-1.34161 0.00070 1.57538 150 114 237
-2.44199 -0.00313 2.02969 155 88 142
-0.56234 0.00394 1.65827 55 12 53
-2.06142 0.00650 1.22420 210 254 78
0.60528 -0.00194 1.29684 109 162 5
0.10788 0.00164 1.59631 203 109 203
-0.30151 0.00747 0.87297 74 141 82
-2.93361 -0.00061 1.23875 77 253 117
-1.09530 -0.00205 0.60874 165 3 169
-0.50889 0.00486 0.10723 36 180 132
0.43306 0.00271 1.93315 238 119 226
-1.47581 -0.00084 2.00764 25 73 0
1.20513 0.00323 2.01088 52 85 32
-0.99676 0.00183 1.20985 176 180 175
-2.62254 -0.00922 2.29180 85 176 69
-1.03601 -0.00117 0.13343 252 247 81
0.78742 -0.00297 1.78056 107 82 85
-2.15989 -0.00267 1.40140 238 198 122
-1.54251 -0.00159 1.66248 9 10 167
1.40622 -0.00245 1.41361 128 117 100
-2.67745 -0.00156 1.49133 64 77 165
-1.47670 0.00053 2.40642 25 162 167
-1.02893 0.00031 0.01231 255 240 133
-0.82177 0.00534 1.10081 234 246 220
-0.54266 -0.00137 1.62543 36 22 51
0.08922 -0.00413 1.49777 200 153 255
-1.24594 -0.00974 1.70568 112 5 15
-2.84700 0.00173 2.02151 85 159 88
-1.48091 0.01030 1.70209 22 4 173
-2.90060 0.00555 2.18820 75 237 152
-0.74706 -0.00277 0.75156 210 91 168
0.92012 0.00652 0.66201 82 77 252
-2.61983 -0.00049 1.01533 155 215 78
-1.16739 -0.00795 1.37759 145 134 169
1.11337 -0.00680 1.69013 17 2 92
0.73384 -0.00310 1.69185 132 80 182
0.32043 0.00152 0.58807 253 78 253
0.19283 0.00108 1.30244 235 235 233
-2.96667 -0.00304 2.47532 0 136 175
-1.04790 -0.00586 2.31270 174 176 11
1.00307 -0.00022 0.71816 79 84 192
0.25447 0.00256 2.34296 252 253 82
-1.42519 0.00427 1.42675 119 191 184
-0.47960 0.00118 0.65398 102 77 255
-0.20850 -0.00255 1.58395 12 37 70
0.88477 -0.00385 2.02737 84 171 245
-0.53183 -0.00034 1.86517 40 17 37
0.85100 0.00024 1.92097 12 38 57
0.30597 0.00684 1.62605 178 16 0
1.49025 0.00297 2.03035 159 101 112
-1.46472 0.01283 0.24270 22 149 180
-0.68532 0.00117 1.63805 100 16 147
-0.16585 -0.00878 0.20797 99 238 201
-2.93238 -0.00613 0.85550 0 60 104
-0.57522 0.00449 2.35385 131 246 146
-0.89274 0.00110 0.68966 171 2 0
-1.75245 -0.00543 1.03937 88 216 151
-0.23260 -0.00395 2.22636 10 166 15
0.24899 0.00250 2.38109 245 250 75
0.01795 0.00070 0.69832 170 83 177
1.07394 -0.00251 1.73883 13 2 95
-0.91035 0.00157 0.31625 252 192 247
0.20724 -0.00830 1.90506 168 33 94
-2.18907 0.00340 1.64549 170 18 172
-0.06074 0.00324 1.81889 137 80 159
-2.40927 0.00441 0.92101 241 162 102
0.58240 -0.00415 1.24711 115 172 33
0.65573 -0.00431 0.30325 161 199 232
-2.38115 -0.00114 0.73913 248 87 85
1.16874 -0.00357 0.51913 111 99 218
-0.79267 -0.00351 2.08381 222 197 91
1.11598 0.00138 0.46247 94 117 255
0.89394 -0.00167 0.66969 82 79 250
-1.40396 -0.00247 2.26226 120 251 254
0.27896 -0.00073 2.16062 254 223 173
0.95709 0.00719 2.45384 0 142 38
1.49547 -0.00785 1.15079 239 252 78
-1.85912 0.00218 1.90956 128 114 208
0.54596 -0.00194 1.39174 132 131 2
-1.25350 0.00544 1.02034 104 140 13
-2.69314 -0.00290 0.73230 53 8 174
-1.73258 0.00355 1.71278 87 75 156
-2.27506 0.00692 1.48939 255 159 96
0.24903 -0.00168 1.54770 248 134 130
-0.54843 -0.00381 1.66197 46 9 43
-2.31294 0.00686 0.48577 254 110 221
-0.28412 0.00475 0.49661 5 30 169
-2.27940 0.00270 2.31299 255 254 188
-0.42615 0.00520 1.59917 87 113 83
-1.44674 0.00414 0.52171 108 100 86
0.41347 -0.00495 1.44947 174 101 14
-0.77738 -0.00230 2.13011 212 210 117
0.70812 -0.00633 2.07537 63 107 72
-1.42324 -0.00216 0.37877 40 80 76
-1.17942 -0.00002 0.72702 138 2 160
-1.77961 0.00903 1.40174 21 127 107
0.12064 0.00238 1.70198 137 0 37
1.17933 -0.00662 0.05008 43 173 0
-2.68197 -0.00847 0.36871 134 172 84
-0.37761 0.00738 1.06973 80 226 165
-0.59665 0.00270 2.01567 140 164 185
0.78382 -0.00006 1.69893 111 84 134
-0.85538 0.00066 1.15796 239 250 205
-0.16095 0.00036 1.97039 99 136 125
-1.65714 0.00277 1.29647 0 162 99
-0.22310 -0.00054 0.29472 88 202 218
0.69538 -0.00449 1.19012 146 255 82
-2.45907 -0.00162 0.00704 226 241 168
0.02440 0.00186 2.38291 172 246 201
-2.46978 0.00450 0.49904 136 25 173
0.51225 -0.00776 0.88332 218 145 161
-0.65849 -0.00039 1.29528 164 245 117
-0.26289 0.00322 0.06839 80 253 79
-1.20789 -0.00012 1.94394 127 54 121
-0.82744 -0.00495 2.03403 160 90 3
-2.20087 0.00322 1.31575 248 233 75
0.68954 0.00554 0.58079 76 8 1
-1.89475 0.00156 0.00405 134 241 247
-0.28677 0.00268 1.90471 78 116 242
0.08117 0.00311 1.94280 126 41 35
-1.66618 0.00557 1.30789 0 160 99
-2.45324 0.00245 0.05906 222 249 127
-2.28918 0.00094 1.29234 248 240 120
-2.35898 0.00100 0.49991 247 107 236
-0.85929 -0.00004 0.33757 236 183 255
-1.45040 0.00338 1.11062 27 170 81
-2.33851 0.00175 0.50074 251 101 220
1.01773 -0.00317 1.00160 3 127 27
-1.84226 0.00140 0.99174 120 197 79
-2.99283 -0.00646 0.65958 86 77 90
-1.58782 0.00251 2.48114 0 131 182
-1.84055 0.00102 1.46368 43 96 107
-1.22434 -0.00512 2.24143 199 248 186
-1.94081 -0.00405 2.47692 157 210 78
-1.48080 -0.00642 1.86235 18 19 65
-0.49545 0.00462 0.32140 27 114 0
-2.69853 -0.00630 0.59527 45 2 83
-2.68940 -0.00541 1.89605 127 108 101
-1.85524 0.00427 1.85317 128 91 167
-1.01727 -0.00085 0.23233 252 226 107
-0.61826 -0.00199 0.06610 80 175 174
-1.63418 -0.00729 1.83732 78 86 255
-2.87809 -0.00334 0.76562 77 95 158
0.98906 0.00865 0.52149 75 101 236
-1.71812 0.00605 2.39636 11 164 69
-0.75074 0.00038 0.62512 204 78 85
-2.57267 -0.00764 0.73563 105 8 142
-2.36323 -0.00086 1.48313 246 159 81
0.03088 -0.00012 0.49693 180 106 80
-1.93548 0.00374 0.66854 82 0 176
-0.24376 0.00358 2.39823 9 166 123
-0.62991 0.00516 0.98520 81 124 85
-0.60097 0.00011 1.76048 74 0 23
1.05393 -0.00432 0.90028 8 81 4
-0.86491 -0.00560 0.65356 162 0 3
1.11274 -0.01349 1.27651 97 244 206
-0.29335 0.00704 1.24979 1 176 150
0.34058 -0.00308 1.69397 180 2 44
-0.87455 -0.00095 1.90460 249 106 187
-0.14488 0.00286 2.11815 27 137 8
1.06036 -0.00165 2.08885 83 201 170
-0.34388 0.00333 1.17567 76 255 249
0.14486 0.00188 1.29673 225 245 189
-2.13382 0.00315 1.27793 238 247 83
-2.64999 -0.00946 1.35317 68 145 163
1.28675 -0.00164 1.12808 159 245 198
-2.18167 -0.00237 1.08405 165 161 124
-1.58791 0.00112 2.42743 4 156 176
-1.16636 -0.00250 0.99535 225 201 74
0.66646 0.00023 1.66917 154 86 240
-1.66583 -0.00024 2.22666 5 173 4
-2.28601 0.00537 2.13156 254 218 79
-1.06655 0.00543 1.92578 242 116 249
0.71352 0.00014 0.53475 59 18 6
-2.80252 -0.00524 2.33515 89 250 245
-0.59448 -0.00509 0.75869 141 95 255
0.16935 0.00062 2.38613 229 246 97
-0.89799 -0.00711 0.82880 246 118 113
0.93147 -0.00606 1.32543 74 232 251
-1.28846 0.00203 0.93186 96 96 83
0.18368 0.00221 1.60901 157 27 55
-2.24059 -0.00760 2.34069 255 255 236
-2.39005 -0.00357 1.62371 166 19 47
-0.15723 0.00160 0.54621 35 13 51
-1.06023 0.00118 0.46022 170 47 153
-0.57320 -0.00042 2.32719 133 250 163
-0.22181 0.00223 0.72460 9 6 3
-1.73017 0.00633 1.35552 16 148 110
-0.80252 0.00332 0.95346 223 178 250
0.77560 -0.00472 0.92169 109 157 199
-2.59348 0.00314 2.11231 92 131 170
-0.42715 0.00050 1.86084 12 21 117
0.72722 -0.00752 1.69288 129 79 186
-2.90599 0.00356 0.11586 2 180 92
0.22362 -0.00619 0.42298 242 150 118
-2.08558 0.00585 0.90276 150 71 171
-1.50654 -0.00046 0.90700 16 76 152
-2.98253 0.00392 0.96410 1 109 151
-1.46185 -0.00250 1.55861 102 123 234
0.75856 0.00734 2.35068 46 175 124
-2.64383 -0.00095 2.01603 67 86 143
1.12190 0.01483 0.07768 20 181 0
-1.07007 0.01167 1.20367 169 184 172
-0.77015 -0.00201 0.79326 219 97 171
-1.73060 -0.00195 0.08205 84 255 88
1.19984 0.00420 1.62576 127 99 197
-2.10069 0.00896 0.27590 150 136 152
0.50101 0.00015 1.84366 227 89 235
-0.62935 -0.00546 0.17776 82 168 160
-1.58442 -0.00564 1.26684 78 250 137
0.05643 -0.00541 1.47225 192 167 247
0.56228 -0.00110 1.50921 125 76 66
0.95506 -0.00275 1.87490 0 22 112
-2.72235 0.00117 1.34117 38 152 96
-2.91451 -0.00703 1.85189 1 17 97
-1.77850 -0.00210 1.90852 96 109 247
-1.52000 -0.00249 2.42510 13 155 173
-1.79644 -0.00601 0.81643 109 114 104
-2.15327 -0.00043 1.29045 239 243 77
-1.73375 0.00378 0.19866 87 237 85
0.28893 0.00569 0.91712 173 73 5
-1.39348 0.00322 0.88310 55 68 174
-0.37302 -0.00258 0.14975 79 246 83
-0.52050 -0.00264 0.90775 34 77 64
0.68200 0.00373 0.27025 155 215 237
0.00515 0.00156 1.56038 87 46 179
0.68846 0.00294 0.80435 142 111 241
-0.51375 -0.00168 2.15138 112 218 239
-2.78121 -0.00714 1.18437 95 255 78
-1.36741 0.00234 2.38147 139 244 187
-1.76422 -0.00157 2.40403 93 236 120
-2.05762 0.00320 1.97436 135 71 29
-0.07868 0.00246 1.12840 130 251 151
0.73024 0.00952 2.16007 53 148 149
0.48543 0.00189 1.21885 152 179 122
-1.62631 -0.00005 1.64638 73 95 183
-0.96249 0.00641 0.73247 174 10 3
-1.67308 -0.00090 2.05148 3 100 74
-1.36130 0.00340 1.06192 72 153 41
-0.97674 -0.00596 2.50321 253 206 241
1.44578 -0.00448 0.38656 226 168 110
-2.64454 -0.00310 0.50202 74 29 62
-1.16410 -0.00125 0.90194 222 156 95
1.12424 0.00865 1.37618 94 210 124
-0.40783 -0.00412 0.63299 5 0 169
-1.38820 -0.00815 0.70090 132 88 176
0.40284 -0.00098 0.01358 248 239 115
1.42057 -0.00859 0.02243 210 244 196
0.37106 0.00158 1.67019 172 4 52
1.10037 0.00145 1.85896 17 15 173
-0.46031 0.00392 0.59504 97 80 244
-1.64652 -0.00113 1.90295 78 111 228
-2.38910 -0.00327 0.05686 163 171 13
1.24176 -0.00486 0.46556 65 51 125
-2.11944 0.00801 1.59755 160 24 178
0.58150 0.00242 2.09079 114 120 3
-0.32916 -0.00246 0.87563 77 138 75
-1.17521 0.00058 1.57142 144 40 46
-1.61895 0.00373 0.51060 0 23 133
-2.92601 0.00041 0.81122 0 32 76
1.07069 -0.00743 0.68978 85 82 141
-0.46734 -0.00132 1.76225 19 3 15
0.46793 -0.00154 2.05816 162 105 37
-0.03432 -0.00430 2.31507 76 180 176
1.00482 0.00057 1.92925 0 44 176
-2.52942 -0.00358 0.31932 193 195 88
0.11616 0.00363 1.20913 213 254 110
0.16099 0.00347 1.01027 153 132 8
-0.88037 -0.00056 1.83555 243 85 232
-2.14045 0.00507 0.00034 158 164 69
-1.01544 0.00006 0.06237 255 255 101
-2.91213 0.00509 0.09696 0 179 78
0.24053 0.00151 0.45958 248 124 161
1.44568 0.00421 2.27306 146 178 172
0.82940 -0.00215 1.35352 100 226 223
-0.77206 0.00237 2.16556 216 234 155
0.21808 -0.00212 0.57431 237 86 222
-1.55885 -0.00830 1.14758 6 173 133
-1.44974 0.00633 2.40816 30 161 155
-1.27927 0.00293 0.87369 101 65 139
0.50824 -0.00683 2.11505 144 130 0
-1.40439 0.00630 2.36300 120 249 234
-0.27929 -0.00721 0.82981 75 124 79
0.57252 -0.00406 0.24419 197 223 245
1.18748 0.00598 0.54485 115 92 175
0.14277 -0.00046 0.44367 228 134 91
-0.56634 0.00262 2.13246 135 210 254
0.67471 -0.00696 0.77238 81 22 126
-1.23686 -0.00498 0.83180 112 46 138
-0.90331 -0.00038 2.24348 174 168 52
0.84820 -0.00454 1.71487 17 0 18
-2.74322 0.00058 0.53547 31 22 19
0.76942 -0.00504 1.12515 115 242 85
0.51424 -0.00642 1.11027 218 246 242
1.37362 0.00530 1.20824 114 181 3
-1.69207 -0.00547 0.06621 79 251 91
-0.33679 -0.00457 1.94224 75 122 247
1.02593 -0.00410 1.30889 78 238 243
-2.89571 -0.00036 1.15757 0 174 76
0.70236 0.00077 1.17588 139 253 85
0.67097 0.00175 0.13498 154 249 236
-0.07013 0.01128 0.09364 137 250 178
-0.38410 0.00533 1.13800 87 248 186
1.30395 0.00102 0.35920 163 174 225
-1.21487 0.00986 1.93968 124 44 107
-1.24405 0.00115 1.46972 187 165 241
-1.36562 0.00252 0.25936 57 143 129
-0.72957 0.00802 1.50014 198 147 221
0.16710 0.00395 1.68313 153 10 20
-1.02674 -0.00223 0.76310 177 19 24
-1.05195 0.00511 1.25304 175 172 171
-2.14638 -0.00215 1.63923 161 17 180
-0.53657 0.00369 0.60545 111 76 232
-2.04169 0.00025 1.64872 127 10 117
-0.19839 -0.00158 0.44150 12 53 159
1.40521 0.00129 1.00990 208 207 194
-0.99082 0.00082 2.45610 250 227 204
-2.31743 0.00465 2.06457 255 186 96
1.47397 0.00616 0.60999 155 0 70
-1.24117 0.00262 1.07346 113 157 1
-0.76068 0.00961 0.89136 128 74 174
0.92390 -0.00048 1.90590 0 39 119
0.19062 -0.01023 0.91469 160 89 45
-0.91010 0.00166 0.50127 174 34 136
0.87509 0.00141 1.49344 86 156 215
-1.88334 -0.00017 0.79945 60 26 118
-2.17701 -0.00143 2.32556 246 255 254
-0.06523 -0.00395 1.06008 139 229 206
-1.27910 -0.00555 0.10508 96 177 176
-0.59119 0.00562 1.62592 65 16 95
0.37871 -0.00406 2.44338 174 145 109
-0.88003 0.00086 0.23647 242 229 209
1.23769 0.00003 1.03931 138 214 249
-2.34312 -0.00015 2.46394 171 144 169
0.77513 -0.00526 0.96201 113 185 173
0.54808 -0.00357 2.30514 127 182 140
-2.47254 -0.00861 2.21817 142 165 25
-0.51486 0.00001 0.67970 114 82 251
0.53007 -0.00005 1.39127 134 132 0
-1.13323 0.01176 0.14620 230 249 123
-0.82004 -0.00259 1.73957 233 76 249
0.35497 0.00551 0.93339 170 98 15
0.87285 -0.00354 0.66303 85 74 245
-1.22317 0.00472 2.37792 199 246 98
0.77172 0.00278 2.06725 41 111 122
0.65967 0.01149 2.49329 163 206 165
-2.47272 0.00013 0.89516 217 155 77
0.00826 -0.00668 0.89420 92 72 175
0.70585 -0.00114 0.32431 139 194 181
0.76614 0.00314 0.08443 116 255 248
-1.12251 -0.00094 0.91957 234 160 76
-2.03001 -0.00470 1.24602 199 250 110
-2.22447 -0.00114 0.38921 180 91 157
0.83710 0.00573 0.44302 92 132 85
-1.50537 0.00157 0.97366 14 111 175
0.63300 0.00614 0.36043 172 168 213
-0.25826 -0.00689 2.16888 1 151 2
-2.03167 0.00973 1.81688 119 6 7
-1.10736 0.00593 0.81003 231 111 124
0.63137 -0.00441 1.68930 174 85 250
0.91055 0.00034 2.15520 79 222 224
-1.41363 -0.00379 0.93712 46 95 165
0.50403 0.00238 2.12982 141 143 3
-2.74533 0.00032 2.40136 110 244 152
-0.62225 0.00241 0.87652 77 71 154
-2.36574 -0.00118 0.84070 168 49 7
1.33414 0.00979 1.58073 102 43 161
0.14055 -0.00276 0.47352 223 120 103
-1.39561 0.00514 0.21279 50 159 173
1.32588 0.00730 1.93782 176 129 82
-2.55009 -0.00340 1.62698 186 96 82
-0.98001 0.00064 0.48906 178 30 171
-1.61776 -0.00818 0.64895 0 0 30
1.46651 0.00112 0.16654 231 245 242
-2.60110 0.00851 1.91112 168 106 169
-0.61481 -0.00502 1.92229 78 33 15
-1.99755 -0.00472 1.09740 189 236 74
0.13714 0.00069 0.39658 144 80 0
-0.88614 -0.00429 0.25415 242 221 223
0.83967 -0.00988 2.47142 17 139 3
0.21989 0.00103 1.19553 171 178 99
0.42899 -0.00265 1.72276 247 77 202
-1.58307 0.00037 2.12087 75 212 77
-2.29003 0.00166 0.48442 251 118 212
-1.25926 -0.00168 1.18969 187 255 124
-2.83834 0.00661 1.06673 5 156 98
-1.89221 -0.00317 0.66823 68 0 177
-0.23623 0.00714 0.19170 84 245 134
-2.09266 -0.00634 1.67369 146 11 142
-2.82982 0.00471 0.02520 11 167 83
-0.46392 -0.00424 0.95234 15 105 6
0.50677 -0.00340 2.27474 143 178 74
-2.13706 0.00277 1.09690 162 161 87
1.15782 -0.00001 2.48109 30 131 171
-1.46281 -0.00421 2.46951 22 140 124
-0.61377 -0.00566 1.63444 74 25 116
-0.15192 0.00069 0.88602 107 141 187
-0.53250 -0.00044 0.14103 39 183 127
-0.37915 0.00338 2.25131 4 177 7
-2.53968 -0.00690 0.32909 190 186 94
-0.75168 0.00359 1.89122 129 30 25
0.37349 -0.00315 2.31679 249 255 88
-2.36553 -0.01087 2.34084 246 250 146
1.17048 0.00930 0.76721 116 95 79
-2.70767 0.00609 0.22463 114 238 195
0.50275 -0.00724 0.54498 146 15 86
-1.26521 0.00373 2.22868 186 254 223
-1.67871 0.00378 2.00145 5 75 114
0.82654 0.00895 1.55630 98 126 213
0.69466 -0.00334 1.80393 144 80 125
-0.26028 -0.00712 0.20916 86 240 119
-1.28799 -0.00458 1.53099 173 135 233
0.55761 -0.00112 1.79440 206 78 235
-2.32214 -0.01157 0.00862 171 164 11
-1.20308 0.00582 0.56499 205 83 219
-1.11071 0.00071 2.03794 157 99 168
-2.28140 0.00234 1.14895 173 177 149
-1.18235 0.00806 1.10558 213 244 104
-1.35120 0.00340 1.47288 147 166 242
-2.34723 -0.00550 1.09758 168 162 174
-2.33240 0.00832 2.39372 254 244 211
1.34148 -0.00706 0.38158 182 154 181
-2.70126 0.00715 1.19083 126 255 93
-2.44457 -0.00282 2.29335 149 174 1
1.34611 0.00290 2.45701 187 219 194
1.27746 -0.00640 1.96241 159 136 102
-1.49671 0.00556 0.51927 98 101 113
-2.53091 -0.00845 0.59400 117 0 179
-0.26244 0.00337 0.01949 79 243 97
-1.03103 0.00516 1.15208 255 255 248
1.28627 0.00070 1.34267 78 156 0
-2.42664 0.00115 0.70435 156 2 66
0.50125 -0.00505 1.70144 224 79 242
-2.89179 -0.00400 0.19904 4 163 159
-2.06990 -0.00989 0.67391 217 74 174
-1.65127 0.00284 0.48135 0 37 164
-2.26246 0.00519 1.36175 254 214 77
0.57785 -0.00396 0.28555 198 208 254
-2.22226 0.00043 0.13905 173 173 110
-0.92783 -0.00549 1.66540 250 88 193
-2.41599 0.00151 0.64406 159 0 113
0.49606 0.00240 0.00515 227 235 80
0.01922 -0.00766 2.09493 174 201 186
-2.79090 0.00951 1.10018 100 238 112
-2.19709 0.00880 0.55124 250 92 94
-0.19106 -0.00089 1.69527 91 79 232
-1.09404 -0.00653 0.56311 163 13 176
-1.63715 -0.00214 0.19154 75 245 126
-0.16642 -0.00405 0.39946 97 151 245
0.97809 -0.00802 0.42294 79 140 172
-0.87782 -0.00218 0.03295 246 249 78
-2.00477 0.00080 0.20099 185 240 197
-0.59624 0.00765 1.82150 66 10 0
-0.31041 -0.00752 2.34357 0 177 39
-2.05147 -0.00334 1.67986 135 8 109
0.29554 0.00256 2.45911 179 145 52
-0.56605 -0.00254 1.22712 124 251 146
-0.05156 -0.00032 0.77328 70 17 110
-0.96664 0.00463 0.67616 178 0 39
-1.02504 -0.00386 1.06492 255 229 198
-2.05879 0.00845 2.34223 208 255 205
1.01376 -0.00230 1.96066 1 64 181
-2.11537 0.00245 0.02357 146 170 97
-1.88128 0.00908 1.44370 56 105 149
-1.36148 0.00620 0.83838 58 44 181
1.37217 -0.00582 2.49338 199 203 151
-0.51554 -0.00598 0.80189 36 33 134
-2.34614 0.00545 1.70115 169 0 131
0.78849 -0.00565 2.26729 36 177 166
-1.69306 -0.00544 0.28999 79 203 174
-2.89805 -0.00466 1.95084 3 51 18
0.29366 0.00051 2.11565 253 214 195
1.33048 -0.01161 1.26690 105 168 3
1.01883 0.00816 0.02380 2 165 84
-2.82429 -0.00110 1.26949 87 253 78
-0.91840 -0.00450 0.82659 249 118 101
-2.14881 0.00559 1.38361 237 211 121
-1.64328 -0.00151 2.49029 77 204 252
-2.15790 0.00880 0.15115 161 172 159
0.53872 -0.00429 2.35139 141 178 145
-1.72959 -0.00087 0.08542 91 251 94
1.35016 -0.00160 1.53126 109 61 148
-0.63322 -0.00134 0.26853 80 136 102
-0.42553 -0.00463 2.41516 8 155 21
0.54529 0.00399 0.67591 131 0 0
0.05986 0.00120 1.48572 190 157 253
0.88497 -0.00003 1.41628 88 197 253
-2.42364 -0.00340 0.21663 231 235 93
-0.76292 0.00075 1.47795 216 167 163
-0.52818 0.00417 1.38949 120 216 250
-2.50293 0.00374 1.80973 200 84 170
0.29948 -0.00042 1.67595 173 11 6
-0.95271 0.00165 1.36934 176 144 47
-0.20886 -0.00137 0.44202 15 54 171
0.88773 0.00134 1.39407 86 207 253
0.18941 -0.00873 2.35083 237 252 115
0.47574 -0.00562 2.12339 155 136 5
-1.67560 0.00893 0.64970 2 0 76
-0.97943 0.00186 0.11386 253 255 74
1.15062 0.00362 1.51213 106 147 84
-1.24341 -0.00926 1.60853 109 31 91
-0.87722 -0.01303 1.81261 247 79 241
-2.42198 -0.00597 1.51450 157 69 7
0.00676 -0.00150 2.00977 171 158 108
-1.97797 0.01698 1.10584 179 238 75
-2.25660 -0.00442 0.16561 178 170 95
0.91713 -0.00288 0.11843 4 177 103
-2.20073 0.00994 1.59250 252 114 223
-0.34513 -0.00054 1.92178 75 117 254
-1.80580 0.00023 1.55877 28 42 14
-0.82320 0.00148 2.43258 226 232 250
1.12308 -0.00140 0.85649 24 51 14
0.48390 0.00085 1.87169 235 90 241
0.45885 -0.00694 1.47253 163 95 0
-2.57758 -0.00050 0.02419 170 242 234
-2.50982 -0.00507 0.08861 201 254 153
0.46036 0.00638 0.89066 234 146 133
-0.84029 0.00393 2.47646 239 208 244
0.80530 0.00195 0.86119 21 58 143
-1.30913 0.00291 1.99991 85 78 78
-0.16365 -0.00189 0.08420 101 254 108
-1.78931 -0.00443 0.15778 105 247 93
-1.19995 -0.00381 0.55094 131 15 133
-0.75254 0.01374 0.87803 133 64 167
-2.20848 0.00065 0.13993 178 173 111
-1.25627 0.00062 1.79405 108 4 2
-1.39121 0.00038 1.98051 49 66 6
-1.92304 0.00100 0.15644 152 249 172
0.41667 -0.00034 0.09845 244 255 70
-0.26112 0.00482 1.60640 79 103 116
-1.05321 -0.00105 1.57252 174 50 0
-0.42189 0.00798 2.13400 82 222 183
-0.98208 0.00827 1.66985 245 87 145
-1.50751 0.00572 1.99555 14 72 6
-1.99973 0.00812 1.12546 111 169 7
0.14290 -0.00592 1.49872 229 153 238
-2.94378 0.00102 1.14139 1 176 121
-2.54098 0.00167 0.86510 190 130 121
-0.44496 0.00763 2.20842 88 241 156
-1.70131 0.00705 0.42558 5 61 171
-1.70865 0.00391 1.77379 82 77 213
0.45755 0.00810 1.40387 160 121 10
1.46446 -0.00592 2.47063 225 215 109
-0.60942 0.00375 1.83344 72 12 0
-2.98309 -0.00206 0.68234 78 74 75
-0.29015 -0.00835 0.95766 76 179 141
0.41547 -0.00616 1.64351 251 90 124
-2.18718 0.00110 1.88391 168 23 47
-1.90369 0.00163 0.43640 68 66 30
-2.06470 -0.00179 1.30507 210 238 119
0.52482 -0.00281 1.41118 137 123 4
1.19259 -0.00121 2.28030 117 253 142
0.60691 -0.00483 1.60388 182 103 243
-1.27175 -0.00537 0.45590 180 128 89
0.51455 -0.00474 1.09307 218 235 254
-0.54288 0.00518 2.38710 121 245 102
-1.16115 0.00196 0.03957 220 243 216
-0.95033 -0.00411 2.42858 253 232 227
-2.39603 0.00077 2.11202 241 208 115
1.37055 -0.00034 1.68880 196 81 227
0.71285 -0.00346 0.56676 64 10 10
-2.06219 0.00536 2.05818 209 188 167
-0.10350 0.00326 1.07644 125 233 218
-2.52347 -0.00302 2.12785 125 141 117
-2.57878 -0.00897 1.06017 178 224 96
-2.34526 0.00553 0.49125 250 113 239
-0.43452 -0.00634 1.10497 11 166 67
-1.56399 0.00051 2.47238 4 137 173
0.76441 0.00888 0.74448 40 12 167
-0.25689 -0.00008 2.15689 3 153 5
0.85934 -0.00136 1.87658 17 22 32
1.33484 0.00270 1.00132 180 200 245
-2.48717 -0.00329 1.40700 133 121 116
-1.54233 0.00033 1.74683 8 0 177
-1.19699 -0.00107 0.91534 207 154 121
-1.35793 -0.00669 0.42476 147 143 86
-1.92538 0.00624 0.59641 78 3 154
0.18583 -0.00091 1.22263 236 255 182
-2.18898 -0.00055 2.31324 251 255 241
0.17411 -0.00054 1.45979 235 167 239
-1.24886 -0.00208 0.85568 111 54 131
-0.62201 -0.00760 2.49572 73 131 10
-0.04303 -0.00246 2.19120 71 159 119
-0.08404 -0.00493 0.19832 136 243 244
-1.91152 -0.00378 0.96949 150 184 92
-0.90183 0.00535 0.12958 252 255 117
-1.48249 0.00101 0.05137 19 177 63
1.41491 -0.00400 0.00414 210 241 174
-0.16972 0.00752 2.11940 24 131 0
-1.50919 -0.00311 1.55503 92 125 196
-1.87744 0.00048 1.20181 61 177 111
-2.93860 -0.00389 0.85046 0 52 94
-2.63926 0.00832 1.47646 69 95 166
0.65291 -0.00393 2.30604 84 177 177
-1.91528 -0.00605 0.32161 154 196 76
-0.11443 0.00014 2.11116 42 129 17
1.28089 -0.00749 1.20449 75 176 59
-2.45378 0.00394 0.09186 220 255 106
1.19340 0.00272 0.13989 124 253 121
-2.14594 -0.00311 2.36548 239 247 250
0.98442 0.00516 2.12199 77 216 189
0.29013 -0.00803 2.34634 250 250 77
0.69110 -0.00005 0.36677 149 164 150
-1.39518 0.00583 2.42456 53 153 100
-1.69958 -0.00203 0.29057 83 204 160
-0.33552 -0.00280 0.89416 76 152 85
-0.21783 -0.00378 0.97465 92 194 204
0.86896 0.00709 2.02867 85 167 233
-2.44922 -0.00219 0.31881 222 194 137
-1.17689 -0.00042 0.00663 218 236 245
-1.98781 -0.00304 1.59980 109 33 125
-1.40780 -0.00252 2.33406 127 249 242
-1.80353 -0.00193 1.72281 108 76 97
-2.45668 0.00091 0.48438 143 36 169
-1.62370 0.00227 2.09230 0 126 13
1.47105 0.00314 2.17838 157 163 182
0.10234 -0.00484 1.22020 210 255 122
-0.33662 -0.00321 1.50448 1 82 20
0.60186 -0.00355 1.43253 112 108 41
-0.10613 0.00406 1.70761 120 79 251
-0.90684 -0.00292 1.19225 174 175 132
-0.68150 -0.00220 0.45704 177 126 86
-2.78094 -0.00613 2.46831 96 221 138
0.34538 -0.00719 1.01110 176 125 65
-1.39671 0.00926 0.87962 50 68 178
0.75314 0.00007 0.72860 45 9 146
-1.13972 -0.00561 1.56286 149 45 32
0.07152 -0.01164 2.49544 115 132 14
-1.03437 0.00746 0.21172 248 240 79
-2.29381 -0.00993 1.55106 251 127 129
-0.67459 0.00341 1.14681 95 175 4
1.33979 0.00334 2.05972 109 106 19
-1.89454 0.00322 0.30859 142 200 73
-2.13521 0.00066 0.43826 235 133 123
0.79808 0.00681 1.09899 105 241 81
-1.28720 -0.00251 2.48991 94 125 3
-0.70238 0.00172 0.72913 186 80 183
-0.47296 -0.00305 2.39055 94 240 78
-0.38387 -0.00032 1.01465 84 215 128
0.62909 0.00576 0.86579 173 135 231
-1.16762 0.00380 0.56304 146 7 161
-0.71738 -0.00165 0.86670 120 64 175
-2.62416 -0.01181 0.58995 83 4 138
0.94417 -0.00361 1.83325 0 10 66
0.02182 0.01035 0.57632 179 91 96
-1.49296 0.00012 2.30917 93 255 244
-2.19658 -0.00051 0.81215 171 35 106
-0.61726 -0.00005 0.09778 74 175 181
-2.20898 -0.00004 1.50091 251 152 159
-1.35642 -0.00028 0.36870 64 95 43
-0.53622 -0.00643 0.43743 115 134 96
-0.80152 -0.00129 2.40782 151 152 173
-0.50960 -0.00182 0.00661 30 161 175
1.49654 0.00259 0.81233 239 111 249
-2.03737 0.00438 0.80228 197 109 251
-0.99145 -0.00114 1.92914 253 117 244
-2.75400 0.00564 1.54888 25 55 175
0.64648 0.00733 1.49055 88 80 113
-0.36950 -0.00077 0.70812 1 6 91
1.17067 0.00294 2.33740 110 255 160
-0.03934 -0.00494 0.58028 75 7 0
-0.86084 -0.00621 0.18689 242 242 187
-0.61961 -0.00537 0.71518 146 82 239
-0.97408 -0.01097 1.11063 255 243 247
-1.49111 0.00283 0.24543 17 150 174
-0.28436 -0.00037 1.26594 0 169 135
-1.11678 0.00047 1.71826 230 77 103
0.69913 -0.00772 1.02496 144 215 192
0.91290 0.00407 0.94341 2 97 19
-1.48777 0.00366 1.28249 100 249 76
0.11139 0.00407 0.66385 214 83 219
-1.06074 0.01245 1.01027 248 210 124
-1.90946 0.00440 0.61873 71 1 160
1.45337 0.00214 1.22305 155 179 6
-1.92963 0.00136 0.33309 154 188 74
-0.02454 0.00215 2.00575 150 151 82
0.43462 0.00208 2.46189 244 220 235
0.12281 -0.00452 1.35667 215 221 219
-2.60163 -0.00553 0.60320 87 0 161
-1.71349 -0.00680 0.51918 5 25 180
0.06771 -0.00013 0.78740 192 99 252
-1.85463 0.00489 0.54126 45 15 150
1.35637 -0.00962 2.43778 191 229 206
-1.01147 0.00513 0.87396 250 138 81
-0.51145 -0.00046 0.45427 108 126 121
-0.73846 0.00687 1.00384 125 125 154
-1.05633 -0.00240 2.23532 173 172 5
-0.91133 0.01138 1.83780 247 89 240
1.12931 -0.00201 0.89762 21 79 35
-2.89952 0.00627 1.52232 76 140 188
1.36072 -0.00572 1.73005 195 76 213
-2.47526 0.00350 0.37385 217 164 156
-1.07051 0.00598 0.24877 246 226 85
0.12857 -0.00251 0.97029 137 109 68
0.59709 -0.00448 1.18913 185 255 130
-0.03729 -0.00447 1.31314 72 161 6
-0.79468 -0.00053 1.05560 145 147 156
1.01496 0.00315 1.99748 77 149 253
-1.04218 0.00282 1.15865 252 254 243
-1.88820 0.00231 0.39824 61 74 27
0.51651 -0.00137 1.39230 141 132 0
-0.45649 -0.00386 0.21276 19 162 20
-2.39280 -0.00406 1.95699 167 52 153
-1.52170 -0.00522 1.99781 87 155 85
-2.59903 0.00500 1.37968 87 137 180
-0.56578 -0.00033 1.90150 48 29 39
-2.31819 0.00041 1.66882 177 7 123
0.22215 0.00163 1.78914 170 6 24
-0.49167 0.00095 1.51877 104 145 197
1.37335 0.00182 1.52309 118 71 146
-2.94187 0.00533 1.74963 1 0 178
0.21650 0.00187 1.50889 246 148 182
-2.08814 -0.00155 0.68525 217 71 170
-2.83967 0.00316 2.39305 83 241 235
-0.17443 0.00190 0.06637 98 254 90
-0.53514 -0.00008 1.45110 123 179 251
-1.64856 -0.00118 1.42061 1 115 6
-0.70730 -0.00063 -0.00267 118 160 71
-2.74863 0.00201 2.11301 29 133 135
-1.09333 0.00068 2.01837 166 85 157
-0.39982 0.00014 2.37576 82 249 86
0.93645 -0.00213 1.28939 75 237 247
0.80480 -0.00603 1.24952 101 250 141
0.58406 0.00286 0.01492 191 239 98
1.14160 0.00198 1.40336 105 204 98
-1.11480 0.00219 1.37177 161 144 158
-0.97127 -0.00968 0.89369 255 152 106
-2.95292 0.00192 0.52590 77 99 157
-0.94875 -0.00126 1.63275 255 96 156
-0.71196 0.00065 0.90868 117 79 176
-0.49753 -0.00250 1.31515 109 234 246
1.29484 0.00450 0.91843 161 168 247
-2.63089 0.00132 0.37780 152 157 79
-1.60253 0.00040 0.10192 76 254 92
-1.08558 -0.00239 0.06372 243 252 148
0.71342 0.00221 2.39952 136 239 188
-0.06389 0.00633 1.60300 64 28 177
0.62221 0.00579 1.75125 179 75 226
-2.53243 0.00191 1.64966 191 93 73
-1.50804 0.00824 2.10568 88 202 98
-2.91847 -0.00126 0.83961 0 45 107
1.15919 0.00221 1.84529 31 10 176
0.24181 0.00159 1.49293 241 158 180
-1.38030 0.00367 1.77590 53 5 53
-0.72622 -0.00288 1.86824 123 21 22
-2.95303 -0.00179 2.13627 79 213 85
0.52284 -0.00015 0.77229 138 17 17
1.13473 -0.00183 2.02321 101 164 156
-1.84853 0.00542 0.23673 120 232 82
0.15652 -0.00599 0.19965 150 162 83
-0.68903 0.00796 0.40686 183 149 123
0.00339 0.00811 2.04317 161 177 129
-0.42410 0.00761 0.77659 88 95 164
-0.63135 0.00259 0.41100 161 146 84
-0.34033 -0.00444 2.07312 2 107 112
-2.51666 0.00471 1.59356 199 106 87
-2.59526 -0.00275 0.64873 86 0 176
-1.59184 -0.00359 1.72089 2 0 172
-2.59569 -0.00007 2.10791 88 133 172
-1.30361 -0.00569 0.51876 162 102 103
-2.63267 -0.00156 0.76762 70 20 164
-2.24307 -0.00251 2.30446 248 255 203
0.18560 0.00016 2.10372 234 203 254
-2.90132 0.00094 1.15264 0 180 75
-0.35261 -0.00426 2.39601 0 165 45
-1.43596 -0.00377 0.87571 39 64 177
0.38138 -0.00769 1.36652 252 213 173
0.60862 -0.00408 1.52880 105 62 115
-2.47261 0.00618 0.18734 213 249 82
-1.19987 0.00907 1.92758 132 41 109
-1.39769 -0.00922 1.03647 44 146 104
-0.12822 0.01067 1.14466 105 255 195
-1.54195 0.00248 0.03025 7 176 21
-0.09751 0.00011 0.60770 47 6 0
0.74864 0.00166 2.19039 51 164 174
-1.49027 -0.00395 0.28238 24 131 174
-0.34871 -0.00078 1.52255 1 65 3
0.67088 -0.00429 1.50877 79 73 150
1.42894 -0.00148 2.35686 144 174 140
0.90065 -0.00094 1.31045 79 235 240
1.38545 0.00113 0.73335 125 6 103
1.43876 -0.00881 1.83432 222 87 86
-2.70457 0.00400 1.23095 41 176 28
-0.30917 -0.00644 1.74419 76 76 191
-2.93815 0.00360 2.11065 74 210 86
-2.57598 -0.00209 1.32734 102 156 175
-2.32825 -0.00049 2.23307 255 247 96
1.41832 0.00416 1.30083 139 166 28
0.01210 -0.00566 1.78324 88 2 66
-0.12785 0.00041 1.14421 116 250 181
-2.77388 0.00601 0.82535 100 115 254
-1.04057 -0.00143 0.05638 244 255 117
0.58343 0.00926 1.08008 192 236 227
-0.98430 0.00413 0.47132 179 38 177
-2.86065 -0.00002 1.08895 3 159 106
-1.36260 0.00604 2.40008 140 240 175
-2.86815 -0.00959 1.82929 4 10 71
-1.79970 0.00729 1.17771 110 255 216
0.87662 0.00028 0.37401 12 87 4
0.17777 0.00575 1.60335 233 105 149
-1.80128 -0.00459 0.22531 106 232 75
-0.51843 0.00570 2.46063 37 148 1
-1.19677 0.00078 0.33743 207 182 72
0.14986 -0.00080 1.40108 233 200 249
-1.00350 0.00214 2.05566 173 115 79
0.92091 -0.00407 0.20211 1 160 31
1.17135 0.00383 1.64338 35 15 94
0.84483 -0.00054 1.23371 94 254 147
-2.42355 0.00518 1.42273 158 113 48
-1.73477 0.00092 1.19336 82 253 255
1.07238 0.00342 1.82641 13 3 153
1.22740 -0.00501 0.09076 130 255 104
1.28170 -0.00024 0.81926 158 114 163
-2.94254 -0.00018 1.53622 79 131 158
-1.45708 0.00370 0.10566 33 178 134
-1.02485 -0.00147 0.32444 251 191 168
-1.19474 -0.00089 2.01351 135 82 167
-2.86754 0.00372 1.21718 82 251 99
-1.90203 -0.00852 1.33739 67 153 179
1.25313 -0.00523 1.12953 148 250 217
1.08788 0.00078 0.23299 14 152 35
-2.41833 0.00904 0.20498 240 242 86
-2.77013 -0.00007 1.34544 23 147 60
0.19667 0.00129 2.14945 238 224 234
-2.20975 -0.00311 1.32971 252 233 78
-1.65743 -0.00693 2.19913 2 164 1
1.49786 -0.00191 1.71554 233 74 117
0.96824 0.00202 1.79584 0 0 64
-2.30398 0.00102 0.72136 252 81 74
-1.33088 -0.00551 0.13252 79 170 174
-1.16973 -0.00195 0.79122 144 33 108
-2.73571 0.00096 0.16585 113 245 248
-0.80409 0.00031 1.22419 224 255 109
-2.13342 0.00671 1.11687 162 167 73
0.68323 0.00192 1.84789 155 90 115
0.98868 0.00389 1.77194 0 1 62
-0.20812 -0.00392 0.11857 87 251 102
-1.99160 -0.00579 1.04242 185 228 92
-0.66299 0.00137 2.47768 90 134 32
-1.10827 0.00270 0.10571 237 254 127
1.15487 -0.00921 1.36489 112 219 109
1.20226 0.00223 1.15103 124 247 236
-0.56710 -0.00378 1.94213 54 49 71
-1.83662 -0.00471 0.89792 116 152 89
-1.88305 0.00806 1.63751 137 95 98
-2.12677 -0.00149 0.98491 150 118 154
-0.98971 0.00410 1.59338 178 31 15
0.26210 0.00047 0.84481 177 55 47
-2.84521 -0.00936 0.88653 7 71 176
0.21089 0.00969 1.61779 164 23 32
-1.57709 -0.00408 1.86339 0 14 137
-1.36571 0.00306 1.05969 54 151 60
1.48727 -0.00869 0.87949 233 138 220
-2.16476 -0.00228 1.27352 239 247 78
0.38951 -0.00351 0.92332 175 88 19
-1.24492 0.00279 0.45888 192 123 100
0.90767 0.00689 1.13560 5 175 48
0.60558 -0.00319 0.42679 107 68 104
-2.10194 0.01005 0.81319 151 32 159
-2.95805 -0.00011 2.45500 0 143 175
1.44822 0.00392 0.18605 226 244 245
1.46693 -0.00553 2.13380 153 140 155
-1.89010 0.00173 1.18122 146 255 153
-1.87197 0.00577 1.07758 136 233 96
0.47421 0.00036 2.18206 154 156 0
0.62130 -0.00510 1.95136 177 124 91
-1.03051 0.00340 2.14686 177 144 39
0.29509 -0.00098 1.77867 177 0 62
1.29825 -0.00297 1.29265 88 166 2
0.62781 0.00326 1.58285 102 38 158
-0.98223 0.00459 0.84842 251 130 84
0.89419 -0.00491 1.29059 84 242 228
-1.54047 0.00488 2.24617 85 249 170
-2.72728 0.00376 1.69943 116 79 147
-2.97104 0.00272 1.68112 5 10 156
0.57303 -0.00227 1.92776 202 116 127
-1.86181 0.00213 1.25546 53 175 152
-1.16332 -0.00952 2.36364 143 174 6
0.14238 0.00228 1.87913 143 25 30
-2.89561 -0.00364 1.48620 73 158 151
-0.69434 -0.00517 2.45587 104 142 72
-2.46568 0.00158 2.13619 147 143 65
-2.43379 0.00117 2.11218 150 134 68
-0.44071 0.00239 0.58684 88 81 253
0.28699 0.00495 0.17331 179 171 16
-1.36414 0.01101 1.00254 54 125 108
-2.03559 0.00045 1.28401 200 246 129
-0.88914 -0.00240 2.24370 171 181 52
-1.16028 -0.00073 1.77964 220 76 109
-0.77138 -0.00497 0.04328 143 171 59
1.19864 -0.00073 0.88007 122 140 154
-0.14707 0.00110 1.48551 34 78 56
-2.56952 -0.00143 1.04809 177 219 86
-2.44452 0.00001 1.65210 225 88 101
-2.85884 0.00127 0.31092 7 117 159
-0.27378 -0.00457 0.54400 0 13 147
0.48469 -0.00959 0.71950 158 8 5
-0.78635 -0.00763 0.88230 149 71 153
-1.15334 -0.00265 2.15702 145 149 130
1.00255 -0.00009 2.48168 3 135 74
-2.86921 -0.00559 0.05194 0 173 73
1.35788 0.01151 1.04114 188 218 213
-0.11137 -0.00393 1.09818 116 237 211
0.72536 0.00460 1.41749 56 116 115
0.46305 -0.00526 1.56095 157 47 30
0.98960 -0.00173 2.50331 0 133 72
-2.52739 -0.00359 0.46874 116 42 119
-1.55954 -0.00146 0.67818 84 78 70
-0.30535 -0.00050 0.31131 85 202 161
-1.68449 -0.00309 1.09585 80 238 246
-0.32530 -0.00703 0.53991 0 21 178
1.05732 0.01790 2.01651 77 162 226
0.03270 0.00417 0.89280 100 72 172
-2.71274 -0.00588 0.12592 115 254 255
-2.44272 0.00565 1.67984 225 81 115
1.37778 -0.00186 1.22844 122 172 0
-2.68759 -0.00147 1.08095 125 233 84
0.78865 0.00082 1.85616 106 91 78
1.44244 0.00407 2.49151 221 215 112
-2.27472 -0.00432 2.24600 255 249 151
0.17716 -0.00420 0.65171 232 74 244
0.63461 -0.00178 2.44934 171 220 212
1.28308 -0.00348 0.22611 158 231 241
0.79296 -0.01121 0.22210 104 233 195
0.36570 -0.00755 0.13357 180 177 2
0.46347 -0.00417 2.32655 157 180 86
0.50258 0.00248 0.11714 225 251 105
-2.58810 -0.00248 0.48727 91 36 92
-1.48120 -0.00047 2.48161 25 139 128
0.85456 -0.00223 2.42723 17 153 9
0.31670 0.00269 1.60059 251 111 76
1.27952 0.00303 1.24505 80 171 35
0.78922 0.00342 0.34389 107 187 110
-0.07051 0.00153 1.62808 140 97 255
-0.59823 -0.00005 0.42218 143 143 76
-2.51739 -0.00489 1.15952 199 251 199
-1.04837 -0.00035 0.18583 248 248 75
1.33093 -0.00576 0.36176 180 173 206
-2.79202 0.00043 0.44521 14 50 14
1.34179 0.00650 0.03192 181 244 139
-2.56563 -0.00451 1.22097 102 173 125
0.45408 0.00736 0.95700 241 182 171
-2.41427 0.00288 1.47117 157 95 15
-1.56689 0.00280 2.26584 79 249 153
-1.62778 0.00727 0.62549 0 3 51
-1.40653 -0.00138 1.58487 124 109 251
0.87137 -0.00285 0.85474 13 49 118
-2.18748 0.00479 1.65517 168 9 178
0.91414 0.00112 0.79129 84 106 196
-1.31387 0.00263 1.01191 86 135 58
-2.68353 0.00621 1.96010 138 132 159
0.95299 -0.00635 1.25294 75 254 232
0.44806 -0.00751 0.28383 238 214 184
-0.98441 -0.00037 0.69135 180 0 50
-0.05972 0.00375 2.38266 65 164 168
0.04581 0.00359 0.01415 110 167 132
-1.19457 0.00340 0.20682 121 164 44
-0.53159 -0.00399 0.08562 38 177 155
-1.18644 -0.00127 1.50845 138 79 111
-0.84867 -0.00485 0.97276 238 190 246
0.16924 -0.00230 1.07911 157 158 2
-1.13458 -0.00228 1.81694 225 86 153
-1.17882 -0.00344 0.45423 135 54 62
0.47683 -0.00318 1.27366 150 168 86
-1.68290 0.00728 0.87971 78 144 93
-1.44456 -0.01169 2.13716 105 221 162
-1.06745 -0.00156 0.49789 167 32 166
-1.97998 -0.00078 2.17954 100 159 175
0.91909 -0.00029 2.42527 0 154 2
-1.20238 -0.00213 1.83082 207 86 115
-1.52183 -0.00777 0.91603 10 78 152
-2.71763 -0.00302 2.22407 40 169 175
-1.98766 -0.00644 0.28952 183 212 136
-0.28801 -0.00254 1.61754 79 99 110
-2.78593 0.00474 0.14314 97 251 255
1.37044 -0.00085 2.50543 190 202 154
1.48664 -0.01192 0.00790 232 241 229
-2.36956 0.00259 1.79329 170 3 171
-2.78084 -0.00467 1.74941 98 76 146
-1.12002 0.00755 0.00487 233 240 215
-1.81015 0.00325 1.32592 26 157 177
-2.25680 0.00481 1.51604 253 144 135
-2.53374 0.00169 0.05321 193 249 201
-0.80870 -0.00183 0.02718 228 242 98
0.93185 0.00016 0.42512 78 136 148
1.43954 0.00251 1.29481 140 168 36
-1.46820 0.00114 1.10327 20 167 96
-1.21407 -0.00558 2.40564 121 165 6
-0.05630 0.00138 1.62983 138 100 251
-1.27617 -0.00170 1.25012 174 254 144
1.06936 -0.00821 2.40730 12 161 78
0.56772 0.00414 0.08786 196 255 134
-0.33169 -0.00523 0.35891 76 169 184
-0.03115 0.00030 1.21465 75 181 7
0.21386 0.00136 0.47830 240 115 154
-0.02346 0.00084 1.40639 80 123 75
-1.41890 -0.00051 1.74833 39 0 105
-0.55581 0.00386 0.57842 130 81 184
-1.66900 0.00205 0.43659 3 63 176
-1.72180 0.00924 1.85578 84 95 253
0.03917 -0.00452 0.82308 103 36 178
-1.07628 0.00580 0.67362 165 0 129
0.79167 0.00195 0.01022 110 247 231
-2.01245 0.00563 0.31500 113 125 54
-1.82868 0.00713 1.96760 115 142 254
0.89403 -0.00406 1.09859 8 160 17
-1.38968 -0.00677 2.08623 128 197 165
1.37408 0.00189 1.38457 119 132 61
-2.40105 0.00175 1.94040 239 123 243
0.86023 -0.00441 2.11851 85 208 249
-0.51283 -0.00340 1.48103 113 163 229
-0.58536 -0.00241 0.09247 66 178 175
-0.60088 -0.00437 1.56379 143 121 227
-2.18287 -0.00347 1.02785 164 135 157
0.49169 -0.00591 1.94565 231 126 180
-1.19148 0.00280 1.25799 135 169 149
-0.18067 -0.00584 1.74827 95 83 252
-0.10545 0.00906 0.30999 120 196 254
0.90683 0.01206 1.60788 5 22 48
1.16653 -0.00076 1.29260 113 238 156
-0.56907 -0.00661 0.57099 137 81 159
-2.07261 -0.01143 0.30233 143 126 105
-0.63974 -0.00004 1.89117 84 25 7
1.48781 0.00111 0.73268 160 14 173
-1.69207 0.00252 0.66661 1 3 66
-1.93859 0.00284 2.10443 85 125 179
0.33626 -0.00434 1.02897 177 146 61
1.00188 -0.00146 0.98393 0 119 18
-2.11612 -0.00257 1.18959 158 176 16
0.21223 -0.00344 1.49874 241 159 195
1.28461 -0.00126 0.70556 88 6 20
-0.46086 0.00592 0.13918 19 173 82
0.98978 -0.00358 2.08217 80 193 228
0.08654 0.00171 2.15609 198 227 251
-0.00191 0.00398 0.16533 93 174 180
-2.39119 -0.00606 0.70914 241 82 116
-1.97705 0.00845 0.69941 101 3 167
-1.91672 0.00564 0.56330 73 11 126
-1.32913 0.00300 1.85786 77 16 1
-2.42486 -0.00951 1.54625 155 50 0
-2.13287 -0.00079 2.26978 230 253 248
0.67528 0.01183 1.90242 154 111 85
-1.81229 -0.00567 1.13157 111 246 181
-2.73821 -0.00031 2.14631 34 155 171
-2.24365 0.00919 0.76464 253 93 114
-1.89075 0.00078 0.50779 59 26 109
-2.30542 0.00206 0.59684 254 84 140
-1.50623 -0.00448 1.97636 16 62 15
-1.66531 0.00547 0.02023 77 247 95
0.51561 0.00248 0.95155 214 174 218
-1.14380 -0.00427 1.69792 225 75 76
0.41371 -0.00177 1.94597 244 133 228
0.22395 0.00266 1.14328 170 174 63
-1.48788 -0.00181 0.39084 17 83 127
-1.87485 -0.00068 2.48450 126 208 99
1.33727 0.00258 1.06715 183 232 199
-0.03790 0.00615 1.65859 146 85 251
-2.53649 -0.01028 2.18067 113 167 80
0.45749 0.00339 0.20751 235 238 129
-2.87009 0.00457 1.87102 5 20 44
-0.22535 -0.00178 2.21979 8 167 12
0.92446 -0.00453 0.42938 81 132 135
-2.76348 0.00522 1.52666 31 64 175
-0.48396 -0.00304 2.12727 98 215 237
-2.71713 0.00219 1.53769 41 62 170
0.70396 -0.00036 0.57848 67 6 14
0.48001 0.00053 2.46976 227 207 255
-2.33048 0.00326 0.07809 179 177 7
-1.52807 0.01103 0.75273 86 89 109
-1.77079 -0.00363 2.36050 16 174 8
-0.78415 0.00672 0.16179 139 173 138
-0.60343 0.00570 0.81206 76 31 177
-1.76440 -0.00135 0.62044 18 0 154
0.19260 -0.00008 0.56099 240 86 208
-2.12408 -0.01363 2.03962 229 166 94
-2.76625 -0.01129 1.06437 100 226 135
0.63861 0.00336 1.63983 169 91 252
-2.27818 -0.00470 0.91666 183 90 125
1.28225 -0.01132 1.39416 79 129 17
0.06007 -0.00184 2.38809 193 244 157
-1.41644 -0.00278 2.30127 115 254 255
-1.87201 -0.00327 0.90760 133 157 107
-1.05842 -0.00131 0.98624 246 195 101
-2.14550 0.00094 1.45989 236 170 187
-1.58626 0.00797 2.33181 80 250 208
-2.13974 0.00110 0.69153 237 78 126
-2.90844 -0.00061 1.25152 77 253 101
-0.85677 0.00916 1.18041 243 254 182
0.34725 -0.00659 0.19260 179 164 2
0.66439 0.01151 0.46158 87 49 39
-1.72301 -0.00279 0.02558 90 241 119
0.73621 -0.00099 2.29607 54 177 168
0.26179 -0.00526 0.55995 251 89 244
0.18081 -0.00746 0.25927 156 144 22
-0.89886 -0.00421 0.86519 249 136 135
-0.60491 -0.00324 0.48665 152 109 86
-2.42492 0.00645 0.90809 232 154 82
0.85900 0.00407 0.84391 15 45 129
-0.05605 0.00120 0.65031 64 3 21
-1.33473 -0.00232 0.22549 70 158 141
-1.21099 0.00329 0.16833 124 168 79
-1.08669 -0.00297 0.78881 165 23 52
-1.11923 0.00267 0.43478 157 54 102
-2.22918 0.00235 0.69759 253 82 86
-1.95815 -0.00641 1.72219 170 81 97
-2.26160 -0.00681 0.13856 183 173 75
0.25985 -0.00461 1.36493 251 219 246
-2.80031 0.00473 2.40540 90 235 193
-1.05966 -0.00160 1.52999 170 66 12
-2.79006 0.01074 0.43763 93 130 100
-2.34846 0.00020 1.53081 251 140 88
-1.18212 -0.00055 1.71257 211 81 75
-1.92385 -0.00163 1.69830 153 79 85
-2.15181 0.00691 0.44534 244 133 134
-0.95920 -0.00277 1.79187 252 79 246
-1.39252 0.00398 2.01232 127 166 114
-2.12077 0.00285 0.37733 151 88 88
-1.73902 0.00627 1.19355 10 180 176
-2.36857 0.00643 1.54384 246 131 83
-0.31855 -0.00342 0.73051 0 9 35
-1.02325 0.00200 0.29197 255 206 136
-0.59022 0.00095 0.62481 139 78 197
-0.41767 0.00400 1.71656 9 0 16
0.89998 -0.00566 1.01721 6 133 0
-1.43482 -0.00436 0.57520 111 79 76
-0.48288 -0.00208 1.31941 101 237 247
-1.66028 -0.00171 2.13596 0 143 4
-1.68121 0.00432 1.60767 86 104 109
-1.19823 0.00468 1.02718 206 212 74
-1.40418 -0.00468 0.58336 119 83 85
0.09654 -0.01299 0.06852 129 177 176
-1.09115 -0.00034 2.21444 163 172 36
-2.76666 0.00230 0.48168 22 36 1
-3.00593 -0.00218 1.32012 85 236 114
-1.09063 0.00349 2.36099 168 172 8
-1.14552 0.01203 1.23248 149 176 148
-0.31136 -0.00521 1.72399 78 79 178
-1.45863 -0.00446 0.10316 26 170 122
0.91191 0.00441 1.65954 6 9 5
-0.24471 0.00682 0.82123 83 109 82
0.27915 0.00797 2.11316 251 207 207
-2.32415 -0.00201 0.50952 252 100 216
-1.92834 0.00474 0.30606 153 199 84
-1.18329 -0.00250 1.01251 216 205 76
-0.25506 -0.00520 1.07244 82 228 243
-2.20522 0.00251 1.48368 251 164 142
0.52209 -0.00314 1.89856 225 109 190
-1.52670 -0.00291 1.97544 9 66 22
0.37632 0.00561 1.76927 175 0 127
-0.00775 -0.00316 0.86993 164 135 252
-2.59666 0.00395 1.18812 166 253 155
0.02969 0.00206 0.32856 102 116 88
0.59798 0.00192 2.00006 115 73 3
1.48129 -0.00428 0.27409 236 209 158
-1.47310 0.00583 1.21176 99 254 101
-2.84708 0.00272 2.13393 86 217 162
-1.37628 0.00500 1.75111 55 6 81
-0.37177 -0.00645 2.22355 0 170 21
-0.56818 -0.00344 0.91370 52 85 84
-2.85654 -0.01209 1.36955 81 214 98
-2.85616 0.00188 0.22664 5 150 177
-1.02643 0.00310 1.38339 173 136 82
0.94170 0.00021 1.18978 75 255 206
-2.67883 -0.00560 1.59213 58 33 115
0.72939 0.00164 2.11248 53 136 124
-0.59386 -0.00291 1.55960 136 120 221
0.97106 -0.00810 0.30878 0 125 5
-1.39788 0.00174 0.35888 49 98 83
0.67336 0.00629 1.18520 158 254 84
-0.49152 -0.00487 2.00532 101 157 240
-2.29411 -0.00142 1.32349 250 233 104
-2.10104 0.00096 2.32923 224 252 241
1.36188 -0.01249 0.47419 116 41 23
-1.63408 -0.00643 0.73543 0 10 3
-2.80446 0.00581 0.64699 86 75 127
-1.01679 0.00358 2.31298 177 178 20
-0.37893 -0.00164 1.98637 85 142 254
0.10737 -0.00938 2.11754 213 212 246
-2.99673 -0.00837 0.79163 83 106 98
-2.15204 0.00746 0.22211 161 158 179
-2.96561 0.00346 2.06344 73 187 84
-2.05493 -0.00089 0.39134 136 71 29
-0.14049 0.00159 1.07020 113 232 240
-1.61859 -0.00298 1.81794 75 76 255
-2.13055 0.00515 1.09955 154 164 65
0.43356 0.00414 0.08880 245 255 74
-0.59827 -0.00704 1.87860 67 22 7
-0.13369 -0.00397 0.51892 34 25 60
0.62148 0.00160 1.60677 102 25 165
-1.93154 -0.00681 0.55080 79 12 110
-2.73170 0.00141 1.20280 33 181 5
-0.00464 -0.00803 1.25179 80 175 0
0.58174 0.00445 0.40488 116 73 141
-0.66889 -0.00598 0.58134 174 85 100
0.64270 0.00205 2.22173 98 172 135
-1.36706 0.00175 0.32826 59 108 82
0.21332 -0.00158 0.39742 165 75 25
-0.63107 -0.00137 1.20166 157 255 88
-1.52714 0.00741 0.70949 85 80 88
0.01762 -0.00093 1.26967 173 246 88
-2.44541 -0.00450 2.30947 150 176 5
-0.76396 -0.00913 1.96367 138 52 3
0.12518 0.00382 0.22746 129 153 86
0.24156 -0.01518 2.17390 243 231 201
-2.46427 0.00135 0.54854 146 8 181
0.35384 -0.00285 0.97681 180 112 33
-2.50940 -0.00445 1.59981 126 29 1
0.58029 0.00186 1.84432 192 87 175
-0.03008 -0.00464 1.63823 152 92 254
-1.92314 0.00361 1.01991 155 212 82
-0.44078 0.00574 2.03142 89 169 255
1.13918 -0.00549 1.75396 33 2 149
-2.77470 -0.00102 0.60713 25 7 41
0.19903 0.00548 2.33641 241 252 102
0.05487 -0.00098 1.55676 186 126 251
-0.18150 0.00542 2.16580 18 156 4
-0.17039 0.00087 1.62876 97 97 208
-1.57989 -0.00244 1.22371 76 255 172
-2.89784 0.00006 1.16688 0 175 64
-1.26326 0.00137 1.72375 100 2 17
0.86411 0.00308 0.12667 15 177 133
-0.65224 0.00157 1.74101 92 0 55
-1.77134 -0.00045 1.73466 100 78 133
-1.96637 0.00896 1.39173 92 127 175
-0.64900 -0.00323 1.55435 161 123 250
0.66147 0.00104 1.19063 158 253 93
-2.79980 0.00002 2.20722 90 249 237
-2.61681 -0.00198 1.47217 82 85 148
-0.83459 -0.00358 0.02219 237 246 82
0.47084 0.00755 2.41708 227 236 237
0.01143 -0.00385 1.70577 94 0 108
-0.11044 0.00371 0.19988 119 240 234
0.60259 -0.00188 1.24328 112 177 28
-2.04991 0.00776 2.03283 204 167 150
-0.52401 -0.00050 1.17430 33 176 53
-1.11325 -0.00496 0.82040 235 114 127
0.66049 0.00310 2.45418 162 224 196
1.34739 -0.00030 0.71914 111 9 71
0.72681 0.00555 1.41545 58 121 112
-0.45955 0.00185 0.30179 18 130 0
1.13089 -0.00119 0.82554 21 44 1
-2.50090 0.00354 1.12752 210 246 193
-0.39502 -0.01380 2.13768 6 137 105
1.02307 -0.00012 0.96619 0 105 7
-0.07332 0.00926 1.84969 136 92 145
-0.30905 -0.00083 1.90937 75 112 254
-0.71885 -0.00103 1.60611 118 27 181
-2.61391 0.00818 2.30944 86 180 50
-2.42831 -0.00632 1.78734 231 77 202
0.38850 0.00508 1.19284 175 179 182
-1.91358 0.00227 1.42515 79 109 171
0.60283 0.00286 1.76550 188 77 226
-2.57232 0.00253 1.69744 171 78 80
0.46392 0.00724 2.37742 154 169 130
-1.00952 -0.00347 2.28585 182 179 12
0.62762 0.00241 0.66124 100 0 12
-2.93527 -0.00631 2.13796 76 215 93
0.38292 0.00359 1.40986 251 192 135
-1.15268 0.00311 0.45830 148 54 96
1.36100 -0.00448 2.17108 117 154 119
-1.86926 -0.00098 2.41356 133 237 75
-1.17385 -0.00475 1.60710 217 108 104
-0.01772 -0.00409 1.32635 90 156 24
0.17863 0.00347 0.06439 159 174 164
0.09290 -0.00464 1.14334 126 179 8
0.73914 0.00758 0.58838 51 3 36
1.20938 -0.00468 2.22768 52 172 51
0.24597 -0.00295 1.61788 174 22 9
-0.68708 -0.00485 0.34036 103 117 94
0.36096 0.00098 1.28462 253 242 236
1.40637 -0.00410 2.25466 135 176 174
-2.97896 -0.00389 1.13893 5 177 155
0.44408 0.00650 0.23317 244 230 138
-1.05104 -0.00217 0.99564 248 199 118
0.07646 -0.00622 0.66626 197 78 206
-2.02491 0.00793 0.22419 120 155 126
-1.97310 -0.00584 1.64604 173 90 146
0.47703 -0.00323 2.20546 155 163 10
0.42668 0.00101 2.48328 249 211 241
-0.01102 0.00409 0.21295 161 241 253
-2.79461 -0.00059 1.77990 14 0 67
-1.02287 0.00108 1.61672 249 98 89
-1.82436 -0.00669 1.11407 112 247 163
-2.71713 -0.00471 1.37813 43 134 136
-2.09312 0.00661 1.05985 144 151 78
-0.14295 0.00613 2.29129 27 176 126
-1.57838 0.00505 1.62869 2 23 127
0.85611 -0.00414 1.55487 94 130 200
0.20490 -0.00294 1.52848 236 139 176
-1.95472 0.00057 1.02727 172 216 83
0.92980 -0.00076 1.21620 79 255 196
-2.73844 -0.00214 1.38420 34 136 123
-1.35970 -0.00008 1.71421 63 4 89
-0.45666 -0.00413 1.10681 15 163 50
-0.41501 -0.00121 0.97838 0 115 7
-2.59143 0.00805 2.24442 87 175 86
0.23839 -0.00692 1.52132 245 146 162
1.26916 0.00238 1.59054 75 38 135
0.24608 0.00119 2.13411 247 217 217
-0.31117 0.00139 1.28036 1 167 136
-1.74487 0.00226 1.89087 90 102 254
-1.41295 -0.01347 2.17516 123 234 216
-2.86818 -0.00437 1.70286 3 1 159
-1.77764 0.00673 1.68260 101 82 103
-0.34692 -0.00256 1.43467 0 104 58
-0.66682 0.00829 2.21719 171 242 252
-2.45120 0.00669 2.02549 152 88 142
-1.44901 -0.00061 0.46919 106 119 110
-0.51063 -0.00370 2.38787 108 244 87
-0.63333 0.00573 0.83095 81 50 173
-2.39035 -0.00617 0.19477 163 162 33
0.73850 -0.00002 1.85665 130 90 79
0.85796 0.00063 1.19893 8 180 57
0.85944 -0.00400 0.56626 87 86 188
-0.12958 -0.00104 1.53689 38 62 99
0.43238 0.00741 2.01472 167 86 91
0.56410 -0.00536 1.23948 125 176 56
-0.76700 -0.00105 1.47802 207 160 181
-2.25577 -0.00696 1.11457 177 170 153
-1.23572 0.00136 2.49145 108 125 0
0.07221 0.00120 0.37808 123 86 15
0.33577 0.00066 0.63874 255 72 224
-2.50075 -0.01275 1.41206 132 121 120
-2.47229 -0.00785 1.15021 215 250 224
-1.48270 -0.00141 1.91515 14 35 35
1.42404 -0.00061 1.08953 209 235 118
-2.37244 -0.00128 1.92698 173 47 150
-2.80238 0.00002 1.22161 90 255 75
-2.08776 -0.00148 0.26556 142 141 146
0.35465 -0.00140 2.03137 255 167 210
1.23712 -0.00287 0.38638 138 156 249
-2.84966 -0.00293 0.11719 9 175 152
-2.66042 -0.00194 1.99620 139 147 194
0.40376 -0.01077 1.12350 172 168 168
-1.04171 -0.00279 1.28488 173 170 163
-2.33090 -0.00223 0.17640 171 170 48
0.68321 -0.00896 0.77327 74 22 137
-2.47789 -0.00680 1.62715 216 98 81
-0.94321 -0.00246 1.82912 252 88 255
-1.96426 -0.01125 0.49624 100 28 41
0.84840 0.00464 1.45421 97 175 252
-1.01662 -0.00228 1.75418 255 77 213
1.23892 -0.00147 0.66775 63 0 0
0.02718 -0.00997 0.84284 107 47 176
-2.39165 0.00666 1.05364 167 148 140
-0.83478 0.00217 2.02162 157 77 7
0.74835 -0.00335 0.29022 122 207 171
-2.37936 -0.00571 0.08255 169 177 0
0.52201 0.00448 2.20914 140 166 37
1.49337 0.00716 0.18289 240 243 214
-1.80449 0.00408 1.90648 106 109 239
-2.17629 -0.00142 0.47723 245 124 128
-0.08401 0.01380 1.60654 47 29 166
-2.51664 -0.00817 2.09145 123 125 149
0.55427 -0.00506 0.05231 202 250 103
-2.19500 0.00150 1.78917 173 0 136
-0.42486 -0.00427 0.62397 89 80 253
-2.88132 0.00298 1.75452 4 1 143
-2.12917 0.00363 0.16622 155 169 171
0.13156 0.00083 1.37775 218 206 245
-0.25543 -0.00006 0.87603 82 135 97
-2.36662 -0.00410 2.06745 247 184 134
-2.14251 -0.00558 1.78224 161 0 104
0.30527 -0.00049 0.58595 255 83 254
1.50185 0.00941 0.48193 159 36 13
-1.81227 -0.00167 0.57899 35 4 178
0.57689 -0.00311 2.20076 119 163 65
-2.74659 -0.00006 2.32763 29 180 140
-0.88190 -0.00181 0.14757 248 251 139
1.16358 -0.00230 2.38734 115 239 204
-0.31339 0.00748 1.12839 71 243 238
-1.42892 -0.00892 1.98564 38 66 3
0.22734 0.00191 1.22200 243 255 215
-0.44134 -0.00169 1.18503 9 179 124
-0.73556 -0.00668 2.46935 126 137 93
0.65315 -0.00131 0.35328 157 177 196
0.50788 0.00253 2.09705 145 129 1
-1.01526 0.00263 2.48961 255 210 220
0.01802 -0.00258 1.61284 95 19 167
-0.35621 -0.00416 1.78083 78 72 181
-1.47501 -0.00034 0.73929 101 82 130
-2.19233 0.00367 2.41438 172 157 164
-0.51497 -0.00611 0.47617 101 115 135
-1.54052 0.00516 0.18103 13 166 119
0.44734 0.00420 0.61999 162 0 85
0.80438 -0.00311 2.16957 109 224 251
-0.02917 0.00107 1.12808 151 247 132
-1.82040 0.00348 0.56230 35 13 173
-0.80165 -0.00464 1.60739 227 106 237
1.22329 -0.00251 0.61285 51 3 25
-1.06302 0.00423 1.21588 166 175 175
-1.70535 0.00096 0.50445 6 27 175
0.56459 0.00433 0.75675 126 11 31
1.32074 0.00264 0.49726 89 35 46
-0.40644 -0.00682 1.55339 78 130 103
-0.25270 0.00896 0.55311 4 16 118
-0.39367 -0.00916 2.49197 79 205 175
-0.25845 -0.00253 2.23077 1 174 11
0.49308 0.00312 1.18256 231 254 230
-1.08161 0.00185 2.02497 169 90 160
-0.68990 -0.00100 1.32062 185 240 105
-2.45393 0.00076 1.91951 224 111 252
-0.69200 -0.00345 2.36624 187 247 221
0.84732 0.00807 1.59615 96 108 175
-2.61416 -0.00054 2.32786 82 179 40
1.07763 0.00437 0.42833 93 141 247
-2.38171 -0.00909 1.94808 172 45 149
-0.96801 0.00068 0.93404 253 168 147
-0.41148 0.00651 1.69378 4 8 20
1.40887 0.00764 0.94510 213 173 235
0.06147 -0.00829 0.42478 195 140 82
-0.31951 0.00847 2.30832 0 176 11
-0.12941 -0.00168 0.28879 117 209 255
-1.36005 -0.00142 2.08391 139 195 181
1.36605 0.00211 0.18017 193 244 251
1.24921 -0.00690 2.48594 144 206 239
-1.73779 -0.00242 1.12467 93 249 226
-2.74663 0.00159 1.34438 29 146 92
-2.02323 0.00537 2.12194 192 214 232
-2.78009 -0.00538 1.22010 30 180 1
0.87375 -0.00157 0.30696 10 120 9
-1.39737 0.00825 1.36438 125 214 142
1.03212 -0.00605 2.30359 76 254 81
-0.74635 0.00211 1.25475 203 252 76
-2.72580 0.00464 0.15799 115 249 245
0.94146 0.00097 1.30235 83 239 252
-2.00304 -0.00143 1.50764 184 149 249
0.25624 -0.00403 2.02847 243 172 250
-2.84619 -0.00633 1.51364 85 139 220
-2.90007 -0.00149 2.33797 77 253 248
-1.46042 0.00087 0.47489 100 111 114
-0.54281 0.00258 1.88030 44 20 41
0.70106 0.00625 2.19870 72 164 158
1.30751 0.00015 0.56146 88 12 11
-2.76181 -0.00003 2.08244 19 124 100
-2.13499 -0.00499 1.62672 159 20 181
-0.28760 -0.00069 2.29068 2 174 23
-0.69248 -0.00355 0.83355 108 44 175
-0.93500 -0.00621 0.30741 255 196 224
0.90431 -0.00444 2.00491 3 72 165
0.61616 -0.00667 1.73463 182 78 237
-0.95106 0.00735 0.82244 254 114 78
-2.01709 0.00153 1.98393 116 68 67
-2.86724 0.00049 0.11659 4 178 127
-1.43578 0.00243 2.28221 113 254 253
0.50132 -0.00687 1.53275 148 65 36
-2.63483 0.00251 1.63274 151 93 130
0.53340 -0.00534 2.30479 138 176 130
-2.14906 0.00089 2.23752 239 247 233
1.07019 -0.00228 2.10323 84 204 152
-2.44760 -0.00085 2.16904 150 154 33
-1.55016 -0.00304 1.89901 4 29 89
-1.55764 0.00811 0.88962 7 75 107
1.49261 -0.01295 1.09670 238 233 79
-1.39783 -0.00373 1.54027 132 132 254
0.35094 -0.00100 2.32404 254 253 81
-1.45573 0.00055 1.89496 33 28 22
-0.93318 -0.01018 0.22488 251 230 165
-0.11633 -0.00840 1.51409 44 69 85
-0.70500 -0.00145 1.55936 188 125 253
-1.98895 0.00110 0.12442 183 251 242
-2.24917 -0.00327 0.08320 177 179 37
1.25695 -0.00207 1.28367 67 171 37
-0.28521 -0.00568 0.62147 0 0 101
-0.96043 0.00399 1.70978 255 80 204
-1.07545 0.00592 2.14833 167 149 67
1.09612 0.00661 1.73667 19 0 114
-1.94238 0.00839 1.10095 158 244 83
-2.00007 0.00261 0.22579 115 155 112
0.19327 0.00627 2.43688 160 156 4
-1.39092 -0.00023 0.35582 45 94 79
-0.41458 0.00354 1.53044 85 140 122
-1.97800 0.00455 1.89734 175 111 109
1.17748 -0.00695 1.12830 38 172 176
0.71769 -0.00452 1.42993 63 113 127
0.68385 -0.00267 0.03675 149 249 183
-2.80738 0.00684 0.59264 88 83 88
-2.91155 -0.00433 1.22339 82 249 109
-2.67741 0.00476 1.69207 128 82 118
-1.45266 -0.00132 0.88388 30 65 169
-1.53215 -0.00421 2.30452 87 255 215
0.82292 0.00203 1.92064 17 42 53
0.79946 -0.00337 1.01660 111 208 121
0.75491 0.00087 0.79337 44 25 174
-0.82600 -0.00573 0.08078 232 253 130
-0.48725 0.00697 1.62494 25 19 20
-1.03820 -0.00103 0.61980 176 3 138
-1.34070 -0.00835 2.31215 153 254 224
-2.62435 0.00259 1.21932 80 182 86
0.59904 -0.00407 0.88833 181 151 238
-0.38604 -0.00679 0.31378 77 194 111
-0.54851 0.01176 2.32492 124 254 145
-0.61531 -0.00208 1.17851 76 182 8
-2.26474 -0.00207 1.64310 177 13 141
0.72608 0.00315 1.02277 132 214 161
0.04432 -0.00206 1.13390 105 173 7
-0.98855 0.00733 0.12361 255 255 77
-1.40798 -0.00230 2.44576 48 145 92
-2.67884 0.00321 0.60108 57 0 106
0.88858 0.00086 2.35853 86 252 96
-0.18056 0.00634 1.69653 97 78 236
0.44763 0.00125 2.05910 156 107 45
0.88216 -0.00219 1.80260 11 7 16
-1.41488 -0.00435 1.41232 120 197 163
-1.17382 -0.01290 0.07393 212 255 197
1.12124 0.00950 1.27921 99 248 204
-2.51836 -0.01434 1.16965 201 252 209
-0.98863 -0.00330 0.27131 255 216 158
-0.10248 0.00446 1.28866 46 169 4
-2.37162 0.00541 1.15481 178 173 183
-1.48313 -0.00534 2.00178 17 71 0
-1.81095 0.00082 0.48145 36 38 136
1.25742 -0.00230 0.88116 150 149 212
-2.99133 -0.00323 1.30994 77 235 115
-2.10122 0.00428 1.66358 149 10 151
1.43178 0.00304 1.81825 217 80 104
-1.67948 0.00417 0.99465 85 199 168
-2.08278 -0.00242 1.65919 141 13 144
0.68959 -0.00161 1.95919 152 132 79
0.49574 0.01068 2.30798 147 178 88
-1.24185 -0.00123 0.32626 114 110 5
-1.03452 -0.00867 1.92005 247 115 254
-1.53699 0.00398 1.53202 85 132 164
0.75008 0.00155 0.25047 121 225 208
-2.28106 -0.00127 1.80359 178 13 164
-0.67843 -0.00912 0.26622 100 138 130
-1.48182 -0.00732 0.41259 101 144 181
-2.80563 -0.00019 2.06274 87 184 123
1.01960 -0.00564 1.23438 74 252 249
-1.37950 0.00503 1.51386 135 148 251
-0.64005 0.00343 1.77521 83 2 23
-1.51668 -0.00230 1.81439 19 7 124
-2.19832 -0.00219 1.45252 250 176 128
-0.67954 -0.00830 2.30461 185 255 246
-0.90131 -0.00258 2.41714 248 231 243
0.33652 0.00287 2.11277 253 209 164
0.58307 -0.01244 1.03948 199 217 248
-0.10868 -0.00303 1.91875 122 115 114
-2.65018 -0.00240 2.04984 72 99 162
-1.87225 -0.00624 2.34072 54 177 16
-2.19572 -0.00183 0.71693 251 80 104
-2.77342 0.00815 2.28754 28 179 169
0.24372 0.00162 1.16206 175 177 98
-1.51751 -0.00004 1.56117 89 125 199
-0.66715 0.00695 0.42664 177 142 95
-0.78751 -0.00220 1.80277 145 1 121
-1.04390 -0.00695 1.23274 174 174 178
1.18234 0.00441 1.44450 118 178 79
-0.59483 0.00379 0.97838 60 116 51
-2.37608 -0.00779 1.23275 243 255 235
-2.60385 0.00288 1.77623 168 79 85
-0.83291 -0.00836 1.06972 236 225 245
-2.49350 0.00079 2.10374 134 127 119
-0.29903 -0.00580 2.04786 3 104 77
-0.72745 0.00532 1.08269 122 160 92
0.80349 -0.00710 2.37923 102 244 139
-0.07421 0.00586 1.35310 59 144 16
1.09286 -0.00580 0.02615 16 168 41
-0.03467 -0.00605 0.23895 150 223 252
0.68860 0.00695 1.80816 148 79 129
-0.47386 -0.00174 2.10039 101 197 251
-0.85229 0.01032 0.10955 238 255 135
0.61361 0.00881 0.85171 182 130 218
0.88273 -0.00513 0.05100 13 172 160
-0.54744 -0.00029 2.32977 120 254 143
1.02693 -0.00023 2.19898 80 247 110
-0.62702 -0.00905 1.48034 153 159 255
0.20165 -0.00279 0.45052 237 132 128
-1.65703 -0.00615 1.32163 4 154 84
0.68937 -0.00419 2.44819 153 224 176
-2.72107 -0.00169 1.55488 41 39 157
-0.07770 0.00561 0.50307 58 29 27
0.81086 -0.00655 1.24520 103 254 136
-2.23458 -0.00427 1.23954 253 249 124
-2.27817 -0.00349 0.37055 180 90 175
-2.99461 0.00623 0.88468 5 68 71
-1.25677 -0.01566 1.59015 178 112 179
-1.50697 0.00177 0.14559 15 170 122
1.05851 0.00325 1.70546 4 0 64
1.07465 -0.00451 0.97292 6 124 51
-0.02290 0.01102 0.34812 155 183 190
-0.16928 0.00138 1.66352 103 85 235
0.95624 -0.00163 1.93558 0 47 159
-0.03484 0.00309 1.10643 151 243 146
-2.34791 0.00681 1.38710 244 215 98
-2.14773 0.00229 0.73369 237 85 159
-1.54341 0.00440 0.95457 12 101 160
0.75503 -0.00159 1.61558 130 108 229
0.99670 0.00004 0.39191 1 82 75
0.32761 -0.00674 2.16344 251 222 135
0.51362 -0.00104 1.99653 218 150 117
-2.57521 0.00519 0.17803 175 248 118
-0.26369 0.00547 0.14316 83 253 89
-0.34664 0.00495 0.13428 80 255 79
-1.71025 -0.00946 0.03172 81 251 95
1.46144 0.01484 0.18171 229 246 239
-2.92387 0.00341 1.59035 75 107 216
-1.50419 -0.00492 2.22266 93 247 180
0.50305 -0.00293 0.90974 222 161 176
-1.55138 -0.00059 1.84881 8 11 123
-2.64863 0.00032 0.79820 68 25 159
-0.05604 -0.00869 0.35580 133 174 213
-1.10860 -0.00384 0.86015 236 130 97
-1.76516 0.00394 2.08163 18 121 104
-2.45027 -0.00472 0.41205 148 74 129
1.26665 0.00083 1.71460 145 76 255
0.12399 -0.00199 0.84734 137 46 154
1.20659 0.00790 0.76698 47 22 8
1.21665 -0.00182 0.94865 129 177 207
-1.82904 0.00592 1.30389 39 160 174
-2.64628 -0.00339 1.01583 149 214 82
1.09075 0.00068 1.78235 14 1 136
-0.16627 -0.00389 1.24434 29 174 56
-1.70433 -0.00405 1.82327 84 86 248
-1.31943 0.00753 0.81330 78 30 175
-0.79467 -0.00152 1.31546 226 230 74
-0.25022 -0.00145 1.91183 83 115 222
-2.67400 0.00494 1.32754 55 157 117
-1.95368 0.00188 1.08799 166 238 75
-2.41038 -0.00163 2.16326 161 154 9
0.94647 -0.00369 1.53510 74 138 138
-0.90297 0.00395 1.69126 248 81 223
0.38597 -0.00890 1.59789 175 30 14
0.19486 -0.00684 1.51047 240 146 196
-2.14350 0.00063 1.68303 159 7 163
-0.38544 0.00980 0.43763 2 56 131
-2.40206 0.00465 2.10439 243 207 124
-1.85736 0.00405 2.48368 128 210 109
0.28601 -0.00047 1.36326 254 220 236
-1.60715 -0.00380 1.78882 78 80 251
0.26789 0.00279 1.15975 176 178 105
-1.95903 0.00399 0.91870 166 163 148
0.77581 0.00084 1.52700 32 65 175
0.06704 -0.00006 0.61939 193 73 156
0.45643 0.00160 1.68212 238 84 201
0.91379 -0.00734 2.22641 82 249 159
-0.49696 0.00538 2.00477 112 153 235
-1.83611 -0.00234 1.30124 43 164 181
-0.89940 -0.00239 1.27322 173 173 76
-2.88716 0.00637 2.18475 76 236 161
-0.99928 -0.00689 1.86761 251 95 249
-1.19517 0.00063 2.49119 206 206 97
-2.78706 0.00305 1.18287 99 254 77
-2.57341 0.00419 0.33308 181 180 85
-0.11323 0.00661 2.11105 39 128 19
-2.74782 0.00206 0.92005 103 165 223
-1.24206 0.00473 2.44399 115 150 3
-1.60415 -0.00270 0.31438 79 192 244
-2.95622 -0.01354 0.89495 0 68 116
-2.66271 -0.00085 1.53269 61 55 146
0.71173 -0.00336 1.83955 137 90 88
0.32937 0.00564 1.13013 175 172 126
-1.79780 -0.00001 2.47840 105 219 139
0.21647 0.00076 2.28574 247 254 126
-2.37220 0.00061 0.94378 171 96 67
0.27598 0.00589 1.38464 255 210 227
-2.45563 0.00384 0.38234 225 169 189
-0.33545 0.00533 0.03682 76 249 122
1.48842 -0.00449 1.93942 235 123 107
1.23444 -0.00350 1.67433 134 85 234
-2.64896 -0.00661 1.63951 152 92 125
-0.32919 -0.01257 1.11922 79 248 226
-0.86044 -0.00073 1.79316 240 80 238
-2.77790 -0.00290 2.42019 101 234 162
0.17129 -0.00317 0.74326 234 89 245
-0.72031 0.00269 1.64374 121 15 169
-0.16986 0.00779 1.86025 93 86 224
-2.38842 0.00173 1.16141 163 175 178
-2.13516 -0.01321 1.61225 152 27 173
0.21473 0.00299 0.38654 161 79 19
1.16850 -0.00995 1.17472 34 177 158
-1.39946 0.00325 1.75461 48 0 84
1.42561 -0.01008 0.88916 214 155 247
-2.00760 -0.00006 1.81978 118 3 2
-2.15149 -0.00119 1.99802 165 70 0
0.27636 0.00097 1.08677 174 165 65
-1.84755 -0.00049 1.97263 121 141 249
1.27900 0.00784 2.11289 86 131 20
-2.78274 0.00079 2.19772 18 161 163
-0.44176 0.00092 0.19210 10 167 21
0.61365 0.00527 1.14393 189 248 160
0.33398 -0.00476 0.23154 176 156 4
1.31722 -0.00231 0.96310 173 184 254
-1.97419 0.00217 2.30195 99 179 102
-0.22540 -0.00026 1.69779 86 81 225
-2.41372 -0.00480 0.53630 162 23 170
-2.34033 0.00362 1.14617 172 174 174
0.32972 0.00187 0.76928 255 97 119
0.12079 -0.00657 1.93959 146 48 56
0.48829 0.00411 1.43215 149 111 0
0.92768 -0.00335 0.11950 1 179 96
-2.15938 -0.00604 0.25829 164 146 175
0.21774 -0.00174 2.45128 164 150 5
0.65167 0.00170 0.93725 158 175 254
-1.90458 0.00777 1.90573 146 109 166
-0.79642 -0.00287 1.17555 150 174 61
-1.55929 0.00432 0.32024 1 117 175
-2.56639 -0.00013 1.31577 106 157 177
0.87083 -0.00140 1.13218 9 171 19
0.38315 0.00386 1.38212 251 207 155
-2.95429 -0.00964 1.38101 81 214 73
-1.19481 -0.00315 0.15073 208 249 167
0.68902 -0.00518 1.93583 154 126 75
1.31309 0.00886 0.72972 92 8 41
-1.88400 0.00209 0.25965 142 221 91
1.28336 -0.00497 0.55396 82 11 22
-0.90169 0.00651 2.31342 176 182 96
-2.76990 0.00709 1.96402 103 135 87
-2.93248 -0.00102 1.46003 78 164 118
-2.57015 0.00767 2.30975 103 183 22
-0.52219 -0.00331 2.13168 115 219 247
1.47172 -0.00954 0.57232 154 5 43
0.73218 -0.00029 2.37503 52 168 117
1.35686 -0.00207 0.79758 108 32 126
1.19008 0.00287 0.96110 45 100 127
1.02769 -0.00156 0.70221 78 82 171
0.65901 0.00207 2.31570 82 175 179
-0.23869 -0.00078 1.87895 86 101 234
0.11691 -0.00556 2.18561 216 237 251
1.24937 0.00508 0.50968 74 26 73
-0.08678 -0.00304 0.40468 52 76 117
-2.60477 -0.00325 2.04267 82 102 172
-0.60423 -0.00068 0.84877 74 39 169
0.55361 -0.00104 1.70860 205 84 255
-2.49564 0.00438 0.32694 213 190 124
-2.64833 -0.00146 0.15300 146 250 194
0.82631 -0.00631 1.61803 26 25 99
-2.59057 0.00209 2.46085 169 225 81
-2.30101 0.00629 2.30534 255 255 161
-0.67175 0.00252 1.77635 94 0 53
-0.45450 -0.00243 0.08515 13 178 101
0.54074 -0.00829 0.63926 134 5 10
0.26319 0.00409 2.07208 251 186 243
-2.66313 -0.00490 2.23479 62 175 145
-0.47760 0.00033 2.11471 98 209 235
0.09206 -0.00718 0.88875 129 68 137
1.45808 0.00076 1.17471 224 251 72
0.58515 0.00981 2.26354 115 178 127
1.04643 -0.00087 1.34491 83 224 210
-1.51921 -0.00147 1.08304 13 156 157
-0.64885 -0.00503 0.82831 89 44 182
-2.74842 -0.00026 1.65701 102 90 208
0.59907 0.00090 1.37256 111 136 6
-0.32395 0.00528 0.32895 72 188 165
0.13699 -0.00645 0.83761 146 43 147
1.48973 -0.00321 1.20948 156 174 17
0.67938 0.00514 1.01070 154 206 216
-1.98614 -0.00218 2.23248 103 172 156
-2.59957 0.00287 0.25540 161 223 95
-1.47173 -0.00440 1.95190 21 52 12
0.04351 -0.00225 1.52905 189 137 251
-2.81855 -0.00213 1.01820 12 133 132
0.60618 0.00191 1.62545 187 96 248
-0.30503 -0.00375 0.67920 3 1 70
0.73744 -0.00199 2.11612 55 133 132
-1.46128 0.00409 1.84418 27 10 64
-1.53943 0.00925 2.38915 82 242 248
-2.46438 -0.00279 2.04577 142 104 140
-2.29743 0.00199 0.14030 177 177 49
-1.68777 -0.00182 0.63548 8 3 93
-1.53600 0.00099 1.64558 5 16 163
-1.14254 -0.00060 0.74484 152 14 118
-0.91993 0.00091 1.17125 245 253 227
1.23443 -0.00313 0.10120 143 255 112
1.12399 -0.00439 0.53565 98 89 232
-2.58282 -0.00201 1.76205 164 77 84
-2.22969 0.00914 0.99743 177 126 179
-0.53020 -0.00392 1.95996 35 55 111
-1.74630 -0.00588 1.34665 13 148 117
-1.49256 -0.00804 2.07177 97 183 81
1.49044 -0.00427 0.14981 232 252 242
1.31865 0.00684 2.40423 95 162 174
-2.61513 0.01039 0.22309 161 234 114
-0.00930 -0.00387 1.39076 79 128 64
1.28478 0.00328 0.14031 160 251 186
-2.11523 0.00919 2.30028 230 253 249
-0.40092 -0.00062 0.16431 82 248 87
-0.95985 -0.00574 0.30447 255 197 196
-2.23259 -0.00297 1.49871 249 153 137
0.46291 0.00162 1.99049 237 144 164
0.88356 0.00560 0.77477 84 97 233
0.88558 -0.00427 0.17647 8 170 84
-0.74327 0.00624 1.09047 128 165 92
-1.71403 0.00680 1.58006 10 41 3
-1.29275 -0.00107 1.76887 92 2 5
-1.07518 0.00063 1.86874 244 93 240
-0.48540 0.00486 0.94274 21 99 13
0.05078 0.00959 0.68559 186 72 200
-0.73754 -0.00080 2.23724 200 248 231
0.83084 -0.00616 0.15555 23 172 144
-0.38110 -0.00664 1.27479 1 169 176
1.13584 -0.00019 2.34402 102 255 152
0.89432 -0.00758 2.25768 79 255 161
-1.97470 0.00596 0.85927 173 133 205
-1.92803 -0.00328 0.37006 153 170 74
-0.40667 0.00366 0.51687 86 101 240
0.30129 0.00957 1.66193 174 12 3
-1.76072 0.00267 0.90714 97 151 78
1.15655 0.00294 2.38961 112 237 209
-1.17816 0.01045 0.23172 219 232 93
-1.36662 0.00805 1.92834 61 45 13
0.67055 0.00313 1.74922 157 77 184
-2.44305 0.00185 0.43752 153 61 153
1.48430 -0.00910 0.63592 158 0 108
1.22612 -0.00045 0.45764 60 48 139
0.96877 0.00047 2.25006 85 249 114
-0.78652 -0.00657 0.82602 143 38 118
0.97413 0.00936 2.18149 79 237 147
-0.98495 0.00737 1.68740 253 80 171
-2.36790 -0.00077 1.26698 248 251 203
0.88448 0.00599 0.07100 7 181 156
-0.38163 0.00116 1.82431 79 86 200
-2.11630 0.00203 0.89034 158 68 178
-1.85652 0.00200 0.42914 52 64 63
-0.32495 0.00988 1.63859 78 94 101
-1.67860 -0.01306 0.49825 1 28 169
-2.20983 0.00038 2.18162 253 234 149
-1.63993 0.00735 0.39838 4 78 177
-2.59716 -0.00492 2.35557 88 172 16
0.00721 0.00577 1.39123 165 207 156
0.21520 -0.00051 0.59981 244 82 239
-1.84908 -0.00354 0.75943 47 16 114
0.64220 -0.00318 1.25234 92 172 4
1.10938 -0.00965 1.56025 93 120 84
1.10034 -0.00037 1.44730 93 184 95
-0.01478 0.00013 2.48679 163 211 146
-0.98361 0.00278 1.00152 254 204 171
-2.75447 0.00168 1.37391 29 139 104
1.40388 -0.00059 1.32941 133 153 38
0.62316 0.00791 0.14789 181 251 213
-1.87524 -0.00417 1.94137 135 122 204
0.60328 0.00744 1.23241 110 178 24
-2.73788 0.00510 2.13836 32 140 161
1.43959 0.00325 1.37965 135 136 106
-2.44859 0.00031 2.44338 226 227 162
-2.52834 -0.00659 1.50215 113 79 78
0.76523 0.00255 0.00357 120 244 226
-2.69995 -0.00298 0.16816 130 247 217
-1.56023 -0.00254 2.35694 80 248 232
-2.01389 0.01081 1.07686 110 161 7
-1.89740 -0.00551 2.39424 66 171 7
-1.32787 -0.01042 0.90574 77 80 148
-0.30369 0.01389 1.39481 0 129 59
-0.63820 0.00464 1.32726 164 230 164
1.42870 0.00287 2.27706 141 180 171
1.04179 -0.00110 0.18402 4 169 1
-1.19033 0.00146 1.34842 133 151 175
-0.13408 -0.00026 2.41238 114 242 255
0.42781 -0.00189 1.88039 247 95 252
-2.52045 -0.00059 0.35327 200 173 122
-0.20822 -0.01458 0.13791 91 251 111
0.28486 -0.00291 0.05642 174 176 101
0.10951 -0.01015 1.24665 207 249 126
-2.85300 -0.00107 1.19392 8 177 27
1.25059 0.00569 1.75426 143 77 250
-2.98874 -0.00006 2.47907 8 140 180
-2.56685 0.00673 0.24404 180 226 89
-2.01751 0.00352 1.01994 118 140 44
-0.05119 -0.00223 0.88523 144 144 250
-0.74036 -0.00187 1.63637 129 18 177
-2.91982 0.00101 2.27673 75 251 212
-1.60771 0.00205 1.05191 77 222 251
-2.10934 0.00275 2.10749 223 212 175
0.10036 0.00483 2.19637 207 240 251
0.89858 0.00371 1.24180 84 247 210
0.79340 0.00029 1.40529 33 122 156
-2.34224 -0.00575 1.17757 173 176 164
-1.48280 -0.00086 0.01780 20 166 33
-2.41458 -0.00715 1.24466 161 171 163
0.85177 0.00584 2.04811 94 181 239
0.99483 0.00710 2.28784 77 255 79
0.45152 -0.01105 1.48536 163 83 0
0.06784 0.00730 2.40335 194 239 153
-0.62889 -0.00271 0.57635 155 84 127
1.09180 -0.00119 2.07969 87 193 146
-2.59189 0.00852 2.05637 92 106 175
0.78615 -0.00760 2.21475 33 168 177
-1.13022 0.00386 0.30770 230 202 89
-0.14004 -0.00418 0.80588 113 106 140
0.07171 -0.00599 0.17198 115 170 160
-1.10611 -0.00759 1.81924 236 82 167
-2.33379 -0.00403 1.47894 253 164 77
0.08618 -0.00048 1.11837 123 169 3
-0.71340 0.00275 2.23054 195 246 238
-0.97115 0.00256 0.47209 177 43 179
0.89092 -0.00229 0.89180 8 71 64
1.06084 -0.00056 1.98647 1 69 161
-2.03494 -0.00465 0.82681 122 49 176
-0.89465 0.00177 1.78950 249 75 249
-2.19961 -0.00607 0.17439 168 175 143
-0.39251 -0.00122 0.86022 5 59 14
-0.91066 0.00350 0.45925 176 52 166
0.14707 0.00496 0.13801 147 180 139
1.10003 0.00535 2.42958 12 153 105
-0.96454 -0.00427 0.20794 255 237 118
1.32247 -0.00139 0.63119 96 2 0
-1.88650 0.00089 0.74620 66 16 150
0.82923 0.00203 1.03231 18 136 14
-0.22043 0.00849 0.94656 87 178 181
-1.41101 0.00032 2.32179 121 255 251
-2.57526 0.00421 1.77711 175 77 102
-0.53190 0.00358 1.73606 41 0 0
0.97957 -0.00717 1.99135 0 69 179
-0.67388 -0.00626 0.33558 98 104 80
-2.00971 -0.00203 0.96688 114 108 85
-1.17223 0.00083 0.41779 143 69 48
1.42267 0.00196 1.16032 217 255 87
0.13557 -0.00372 0.96819 143 107 50
1.02348 0.00685 0.12631 1 176 21
-2.99493 -0.00031 1.55523 80 127 140
-2.81332 -0.00114 1.09590 12 164 68
-0.42676 0.00346 2.34557 90 255 71
-1.64297 -0.00044 0.46896 0 50 168
0.67408 0.00116 0.58482 83 5 0
-0.04101 0.00246 0.90210 150 153 255
-1.14539 0.00278 1.79105 222 80 121
-0.31860 0.00032 1.82974 76 86 243
0.63768 -0.00662 0.96380 175 186 251
-0.49173 -0.00637 1.42767 103 192 241
-2.72556 -0.00242 1.53140 43 61 174
-1.35026 0.00706 2.31851 140 255 227
-1.04882 -0.00686 1.14976 246 252 233
-1.63633 -0.00308 1.14574 74 247 249
-0.47052 -0.00455 1.87773 23 24 97
0.17598 -0.00530 0.29077 151 128 15
-0.13104 0.00894 1.84899 117 95 181
-1.50501 -0.00145 0.44524 88 132 168
0.63378 -0.00123 0.86936 175 141 239
-0.41485 0.00709 0.24562 5 147 0
-0.78676 -0.00206 0.42187 226 144 183
-2.15765 -0.00355 1.21206 242 255 93
1.27773 0.00724 2.26170 77 176 127
-2.36656 -0.00430 0.19692 169 169 34
-1.52872 -0.00032 0.76403 83 90 112
-0.08713 0.00628 0.80778 124 108 183
0.29513 0.00365 2.29898 254 250 83
-2.43308 0.00826 1.64293 230 91 99
1.13206 0.00364 0.56584 102 82 194
1.36011 -0.01099 1.15852 186 252 115
0.82674 0.01641 1.02427 21 140 19
-0.14372 -0.00292 2.39514 35 162 175
-0.54283 -0.00684 1.57422 122 118 189
1.30513 -0.00677 0.73330 89 8 41
0.14510 0.00126 0.17038 147 168 114
0.99524 -0.00222 2.40591 1 160 25
0.14987 0.00172 0.09214 146 179 158
-2.93066 0.00580 0.05212 0 173 28
-1.92601 -0.00062 2.49019 162 205 77
-0.16515 -0.00229 2.28739 21 180 102
0.76724 0.00104 0.06606 116 253 253
0.24460 0.00774 1.97551 174 62 163
-0.40313 -0.00122 2.20818 3 166 36
-2.48382 0.01113 1.06240 213 225 155
-0.48154 -0.00218 0.13431 23 176 89
-1.45227 -0.00649 2.14830 105 224 164
-0.51194 0.00360 2.09231 109 195 255
-0.61537 0.00220 1.93290 75 41 33
0.54891 -0.00366 1.19279 207 253 177
0.86795 0.00257 0.47527 87 117 132
-2.99420 0.00753 1.96183 3 52 68
-0.91114 0.00657 1.28503 171 172 67
0.08013 -0.00605 2.01573 197 157 158
-1.40065 -0.00507 0.74435 121 91 200
0.55206 0.00975 1.85599 208 88 199
-2.96598 0.00467 0.42984 80 137 228
-2.25281 0.00644 2.35523 255 250 231
-0.55084 -0.00113 1.44672 123 177 255
-2.72307 0.00194 0.62916 35 0 90
0.01192 0.00706 0.53517 175 92 74
1.14835 -0.00132 0.28177 29 133 115
0.75232 0.00112 1.03271 120 218 136
0.13944 0.00374 1.18970 150 176 43
1.11608 0.00343 1.72312 17 0 127
0.25066 -0.01057 2.17357 250 233 188
0.13345 0.00264 1.23784 221 255 145
-2.98265 0.00084 0.81128 7 35 31
-2.13605 0.00022 2.01803 238 167 87
0.04148 -0.01190 1.78249 100 0 39
0.54306 -0.00176 1.56695 136 45 97
1.35424 -0.00126 1.69809 192 78 231
0.50879 0.00022 1.25330 145 169 69
-1.79506 0.00415 1.04587 106 222 127
-1.39568 -0.00011 0.46881 125 122 86
0.58917 0.00248 2.48905 191 208 221
-0.59835 0.00151 0.06008 69 177 178
-1.92137 -0.00480 0.15251 151 244 188
-1.50607 -0.01182 1.93427 13 48 22
-1.44687 -0.00088 0.88620 26 72 176
-0.87671 0.00331 0.52812 172 13 83
1.44127 -0.00087 1.77624 221 74 113
-1.32044 -0.00010 2.44702 78 151 38
-1.78384 0.00076 1.04523 104 224 138
-1.23275 0.00429 2.46759 113 138 0
0.64697 0.00416 2.10267 92 126 55
-2.65440 0.00105 2.43468 144 228 89
0.39345 -0.00061 1.02750 173 136 102
1.02848 -0.00545 0.75667 76 93 129
-1.52587 -0.00359 2.46687 9 140 165
1.27931 -0.00416 0.28982 156 206 252
1.03213 -0.00314 1.21008 77 255 249
1.38475 0.00908 1.43383 121 110 102
1.33071 -0.00554 2.25285 97 171 140
-1.57912 -0.00824 1.70022 4 0 167
1.23391 -0.00331 1.21766 59 180 99
-2.05396 -0.00179 0.84279 130 41 174
-0.19963 0.00322 0.87210 90 146 149
-0.30044 -0.00210 0.35026 75 175 200
-1.74738 -0.00144 1.72794 87 78 153
0.72881 -0.00562 1.37945 55 140 81
-2.66967 -0.00464 1.39727 59 128 164
1.14523 0.00342 1.60904 105 104 120
-2.56629 -0.00441 2.20455 106 161 96
1.18528 -0.00523 1.44766 115 184 75
-2.67749 0.00126 2.09770 59 122 163
0.30293 0.00636 2.43009 175 149 37
-2.33497 -0.00271 1.24477 251 252 203
-2.44309 -0.00082 0.67627 152 3 97
-1.42810 0.00387 2.26884 113 254 251
-2.49955 -0.00627 0.97149 207 182 83
-2.85984 0.00187 0.89578 7 72 173
-2.53807 0.00242 2.47672 195 214 117
-2.62457 -0.00213 1.14032 153 247 99
1.17937 -0.00594 1.08050 43 160 176
1.24731 -0.00197 1.78497 146 77 241
-1.95954 0.00511 1.12652 171 245 86
-0.05802 0.00324 0.35299 139 184 216
-2.65721 -0.00261 1.77177 138 76 78
-0.96726 -0.00249 1.42502 175 116 7
-0.25223 0.00294 0.99466 79 202 198
0.59511 -0.00521 2.49465 186 206 210
1.00439 0.00531 0.28072 0 137 5
-2.61806 -0.00363 0.44963 83 53 37
-0.58670 0.01513 1.57532 141 111 208
0.63630 0.00569 0.19729 169 243 245
-1.83763 0.01011 1.22597 45 177 148
-2.00782 -0.00062 0.42326 187 136 77
1.38958 0.00414 2.47455 204 212 159
0.14043 0.01351 0.42934 222 137 85
-2.26522 0.00211 1.55470 254 126 149
-2.08466 0.00465 1.03537 144 143 87
-0.31811 -0.00248 0.55031 1 14 175
0.52345 0.00070 0.19463 218 238 176
1.28823 0.00024 0.98768 159 191 255
-0.48482 0.01234 1.51885 103 139 177
-1.89236 0.00305 0.50539 68 27 105
-1.86518 -0.00505 1.68842 129 83 76
1.45684 0.01580 2.47579 224 210 99
1.04703 0.00983 2.05381 81 180 195
-0.48153 0.00433 2.39074 102 241 79
-0.77381 0.00642 0.60257 217 77 80
-2.13247 0.00295 0.92870 158 91 175
-0.94672 0.00261 0.91316 255 158 144
0.22191 -0.00148 0.88425 173 71 38
-1.99583 0.00104 1.50140 184 149 253
-1.42697 -0.00441 0.90950 38 79 178
-1.48273 0.00953 0.69670 97 81 107
-2.75118 -0.00304 1.96924 111 133 112
-0.02156 0.00423 0.87323 149 141 252
-2.00465 -0.00328 2.09193 188 194 225
1.07630 0.00903 0.31132 8 118 81
1.44699 -0.00238 2.17635 144 157 168
-2.79449 0.00103 0.14600 100 244 252
0.64935 -0.00197 1.13191 169 247 142
-1.69180 0.00183 1.82190 84 87 244
-0.68909 -0.00607 2.35915 184 253 229
0.21168 0.00098 1.42110 241 202 247
0.12640 -0.00625 0.29229 136 133 45
-0.07282 -0.00148 1.05205 135 226 205
-1.91033 0.00686 0.20632 147 238 117
-2.84085 -0.00249 1.56346 84 121 246
0.76902 -0.01087 1.01924 124 208 142
-1.26626 -0.00480 1.63138 99 21 85
0.88944 0.00153 0.23250 9 157 30
0.11390 0.00777 2.07459 215 189 227
-1.47699 0.00088 0.76117 95 96 155
-1.55827 0.00841 2.26512 76 255 162
-1.10599 0.00653 2.26070 162 181 18
-0.21364 -0.01067 1.41638 10 120 3
-0.50557 -0.00587 2.33004 106 253 112
0.46891 -0.00367 2.39856 157 166 131
0.57241 0.00498 0.05394 200 249 113
-1.56536 -0.00485 2.37339 81 249 244
-1.76992 -0.00084 1.62785 96 101 79
-0.68344 0.00202 1.43985 185 176 216
-2.05239 -0.00946 1.88442 135 26 0
-0.77140 -0.00529 2.10729 214 209 120
-0.53368 0.00197 0.80576 39 33 144
-2.05302 0.00270 1.65682 130 7 124
-0.35249 0.00679 0.83320 77 120 81
-0.11166 -0.00374 1.33540 44 152 0
-2.48982 -0.00182 0.31829 212 191 114
0.70882 -0.00768 0.94461 139 179 226
-0.88847 -0.00366 1.07995 242 237 251
-1.36713 0.01087 1.23993 134 254 78
-0.48271 -0.00137 0.22036 25 156 27
-2.48052 -0.00414 2.10057 143 125 115
-0.75861 0.00139 2.26253 203 252 239
-2.52216 -0.00018 0.92694 197 169 77
-2.54271 -0.00791 0.16513 193 244 114
1.02669 0.00260 1.38289 81 208 186
-0.35627 0.00830 1.39800 0 127 85
0.32944 -0.00009 0.98868 175 127 25
-2.31499 0.00130 0.00369 176 166 6
-2.73867 0.00901 1.35146 33 146 93
-0.91652 -0.00585 0.25686 255 218 197
-1.60330 -0.00223 1.24854 2 171 100
-2.62193 0.00922 0.77279 75 22 157
-2.22541 -0.01244 0.72130 248 86 103
-0.34226 -0.00235 2.38704 0 166 42
-2.65549 0.00629 1.04476 145 224 77
1.24085 -0.00195 0.34703 145 183 255
-2.94403 0.00219 2.16779 80 230 110
-1.34972 0.00107 0.45644 143 123 74
-1.15854 -0.01551 1.94322 218 128 224
-2.12006 0.00610 0.64227 231 77 115
0.18980 -0.00621 0.44068 243 130 116
1.27831 0.00302 0.37181 158 178 234
-1.52317 -0.00097 1.82374 13 8 126
-2.64226 0.00305 2.22580 68 168 143
-1.65727 -0.00322 1.23036 0 181 153
-2.41314 -0.00392 2.31541 157 178 22
0.81694 0.00175 0.51646 103 100 114
-1.70780 0.00281 1.75502 84 78 198
-0.29877 -0.00512 0.99531 79 198 170
-1.84271 -0.00681 2.10058 47 131 158
-2.83055 0.00095 1.90870 7 39 5
-0.65454 0.00299 1.50234 165 157 253
0.41473 0.00977 1.20486 165 174 174
0.78863 0.00270 2.11296 31 133 163
-1.65448 0.00451 0.10855 73 255 83
-2.67486 -0.00491 0.03675 132 250 250
-1.82024 -0.00603 1.44920 38 97 101
-0.83214 -0.00671 0.51828 159 22 59
1.04220 -0.00314 1.99268 2 69 169
0.72751 0.00099 0.96882 129 189 209
-2.17254 -0.00133 0.62371 247 79 83
-0.54731 -0.00072 0.64773 119 75 234
-0.49203 -0.00734 0.13049 26 177 88
-1.27879 -0.00119 2.33973 176 252 150
-0.39456 0.00034 1.23640 7 174 171
1.18397 -0.00296 0.80948 44 28 17
-2.51618 -0.01164 0.70369 124 2 139
1.22706 0.00121 0.20923 136 237 194
-0.58405 0.00501 1.93809 61 49 60
0.25723 0.00654 2.22012 249 247 140
-1.41631 -0.00430 1.89762 39 30 3
-2.77802 -0.00871 1.52979 19 61 179
-2.08612 0.00063 0.20377 144 163 173
-2.15958 -0.00249 1.28232 247 248 79
-0.81497 0.00177 0.28958 227 209 252
-0.82701 0.00008 0.60512 155 0 6
-0.22027 0.00426 1.79464 86 80 254
-0.55965 -0.00497 1.81576 52 5 2
1.04294 0.00231 1.26191 79 248 255
0.72076 -0.00241 2.36303 65 175 145
0.76001 0.00009 2.00955 46 80 59
-0.14567 0.00849 0.88278 109 144 194
1.35431 0.01027 1.54035 112 53 160
1.46262 -0.00145 1.14550 227 249 75
-2.99115 -0.01179 0.85812 5 53 59
-0.74364 -0.00308 0.87320 130 60 168
-2.18912 -0.00344 2.34118 252 252 252
1.16045 -0.00241 0.58921 112 78 172
-1.86962 0.00762 2.47245 127 216 98
0.74450 0.00079 0.27285 127 218 189
-1.22045 -0.01300 2.24931 193 252 189
-2.68275 0.00040 1.98047 128 137 156
-1.01339 0.00690 1.46977 172 86 16
0.00556 0.00403 1.91214 94 34 3
-0.19835 0.00814 2.07629 20 116 7
-0.73448 0.00351 1.88528 128 19 20
-2.24377 0.00104 1.01121 176 132 178
1.46032 0.00171 1.02068 230 212 151
0.03133 -0.00040 1.05864 108 147 53
0.04669 0.00562 0.79495 110 29 178
-2.26935 -0.00240 0.04416 178 170 8
0.91912 -0.00129 1.76253 4 2 11
-1.97828 -0.00725 1.09485 180 242 71
-0.67422 0.00396 2.28681 177 254 248
-2.73225 0.00424 0.96843 110 180 178
-0.17550 0.00353 2.18899 25 162 29
0.02181 0.00064 1.55203 177 120 254
0.99838 0.00197 1.16177 4 176 132
0.16357 0.00830 0.58083 234 80 203
0.76694 0.00094 0.92222 116 170 215
-1.55592 0.00670 2.25041 82 248 163
1.21613 -0.00333 1.63403 132 93 207
-2.12512 0.00014 1.64699 152 10 165
-2.90198 0.00145 2.01723 77 159 77
0.30450 -0.00062 1.56038 254 129 94
0.61557 0.00760 1.30623 100 163 0
0.82278 -0.00122 0.77074 98 98 253
-2.12687 0.00027 1.37185 236 212 120
1.06826 -0.00575 1.82604 8 2 152
-0.13888 0.00131 2.29625 37 179 138
-2.68363 0.00496 1.35050 54 150 130
1.24571 -0.00207 1.69953 141 78 253
-1.42238 0.00579 0.88085 36 71 178
-2.16052 0.00228 0.45230 239 132 134
-1.24225 0.01172 1.76935 115 3 1
0.30932 -0.00292 0.00873 175 165 100
-0.42271 -0.00715 1.50465 81 147 138
0.69449 0.00376 2.47750 149 210 151
-0.41664 -0.00005 0.70973 86 85 203
0.94141 -0.00277 0.64622 78 71 255
-1.94279 0.00420 0.52760 84 22 83
-1.03220 -0.00021 2.48545 249 211 204
-0.62432 0.00244 2.13042 168 216 232
-2.49583 0.00027 1.89392 209 103 232
0.15376 -0.00604 2.26705 221 248 187
0.01076 0.00026 0.80971 93 41 166
-1.65535 -0.00227 1.82674 75 85 250
-0.87029 0.00151 0.14283 242 252 140
1.34309 -0.00125 2.03918 108 100 15
0.07932 0.00544 1.58774 197 120 226
-0.17000 -0.00496 0.16594 98 247 163
-1.20285 -0.00584 0.14807 205 250 160
-0.73044 -0.00723 1.01790 120 137 134
1.14770 -0.00719 1.64747 41 13 92
-0.04781 -0.00288 2.45992 148 219 195
0.63254 -0.00032 0.62950 96 0 12
-0.01912 -0.00037 0.12401 156 252 237
-2.69246 0.00425 1.65570 123 92 156
-2.24737 0.00220 2.37407 254 247 248
-2.75477 -0.00537 2.47412 107 218 110
-2.02118 -0.00861 1.43047 196 187 240
-2.74587 -0.00766 0.58205 32 8 43
0.60954 -0.00604 1.80539 185 80 198
1.27369 0.00476 1.24108 74 173 40
-1.97289 -0.00145 0.46737 98 45 20
-2.47520 -0.00303 0.82428 218 116 99
-1.09228 0.00079 0.09611 244 254 108
-0.78834 0.00742 0.17215 146 169 145
0.53537 -0.00443 0.77694 134 19 21
-1.20265 0.00069 0.38536 127 80 8
0.78879 -0.00342 0.41524 36 62 0
1.33229 -0.00054 0.24835 176 229 250
-1.28776 0.00221 1.86657 95 19 10
1.26684 0.00128 1.21946 77 184 64
-1.20125 0.00488 0.88922 211 145 130
0.41183 -0.00399 0.75514 171 15 10
0.16536 0.00333 1.85544 157 21 38
-1.77623 -0.00010 1.73534 97 77 144
-2.82193 0.00379 2.02049 91 165 102
-1.69770 0.00188 1.04191 86 219 207
-2.50048 -0.00312 0.54377 134 16 174
-0.35253 0.00230 0.83677 78 126 80
-2.92048 0.00821 0.80194 0 31 71
0.15239 -0.00360 1.29255 227 239 210
-0.46677 -0.00351 1.60296 23 28 29
-0.90018 -0.00427 1.24128 174 179 97
1.37123 -0.00820 0.61831 122 6 13
0.67209 -0.00705 0.28500 153 214 232
-2.94908 0.00188 0.55310 79 89 127
-2.74801 0.00690 0.88453 106 147 243
-0.20752 -0.00402 0.56858 13 13 92
0.29549 0.00052 1.80003 176 7 91
0.02802 -0.00278 1.37596 183 210 173
-2.46175 -0.00327 1.39710 147 125 95
0.25046 0.00091 1.59807 250 113 95
0.74886 -0.00013 1.87151 126 98 77
-0.15739 0.00023 0.16225 106 252 170
0.44644 0.00561 0.14976 240 252 94
-1.17253 0.00978 2.23609 138 173 68
-2.18785 -0.00100 1.21522 246 253 104
0.49054 -0.00543 0.86176 224 136 126
-2.55308 0.00282 0.66663 114 0 168
-2.43693 0.00803 0.83124 231 119 76
0.50173 -0.00060 0.12528 227 254 106
-2.91221 -0.00136 0.06363 3 177 55
-2.24359 0.00099 0.79744 252 106 134
-0.08810 0.00570 1.94790 124 126 94
-0.66194 -0.00709 0.76326 174 93 237
0.23043 0.00312 1.57492 244 117 126
-1.60771 0.00110 1.88912 77 105 216
0.66083 0.00084 1.32368 82 153 12
0.19370 -0.00596 1.06523 168 161 6
-0.57346 0.00820 0.79442 130 101 249
-2.18823 -0.00074 1.42795 248 193 120
-1.42177 0.00322 1.21112 116 252 81
-2.10048 0.00538 1.18214 145 181 7
-0.23973 -0.00520 1.70952 85 83 222
0.69065 0.00270 1.88889 143 106 79
-1.86683 0.00009 1.50703 53 69 94
1.16190 0.00982 0.95012 32 105 97
-0.33452 -0.00089 0.65986 2 0 102
0.65780 -0.00475 2.45767 158 223 192
-0.09270 0.00955 2.45974 127 217 223
-1.76907 -0.00360 2.18205 23 160 35
1.17715 0.00084 1.12051 38 169 177
1.14574 0.00196 0.79875 24 27 3
-1.12702 0.00766 1.18747 231 255 208
0.40443 0.00142 1.72072 244 80 193
0.59273 0.00629 2.08765 113 118 15
-0.38112 0.00395 1.59333 6 33 0
-0.71912 0.00106 2.33837 201 252 246
-1.18343 -0.00292 1.50284 134 69 110
-0.52720 -0.00351 1.22986 116 255 169
-1.61826 0.00006 0.71058 0 4 6
-2.01755 0.00532 2.15392 197 225 246
-0.34240 0.00006 1.79282 77 78 198
-2.79873 -0.00179 1.21546 87 255 76
-0.71802 -0.00020 0.41749 190 143 120
0.76680 -0.00580 0.39210 118 155 92
-2.87096 -0.00252 0.24919 3 151 181
0.76631 0.00546 1.11720 123 242 91
1.33030 0.01358 0.03399 177 252 132
-2.55842 -0.00110 2.49184 182 205 108
-2.67644 -0.00414 1.37075 55 136 162
-2.86264 0.00318 1.57651 79 117 238
-0.38183 0.00147 1.90967 87 117 250
-1.17105 0.00272 0.85980 217 132 128
0.02999 -0.00027 0.13215 105 179 180
-2.18461 0.00101 1.31931 245 236 73
0.14525 -0.00058 1.68851 145 0 28
-1.07851 -0.00302 1.91146 239 111 242
1.26841 -0.00422 1.53025 83 61 89
0.10808 0.00680 1.17893 130 177 6
-0.36815 -0.00122 1.84064 78 83 212
-0.60074 -0.00285 0.37217 68 89 10
-1.13307 -0.00565 0.92600 232 166 78
-2.49623 -0.00761 2.20685 132 166 49
0.61378 0.00715 2.02858 106 90 0
-0.08461 -0.00283 0.77621 52 24 83
-2.07780 -0.00043 0.81074 142 34 172
-2.82903 0.00044 2.25108 87 249 246
-2.52301 -0.00495 0.22601 197 230 75
-2.92916 0.00672 1.22656 75 254 135
1.34923 0.00441 0.87359 182 134 240
-0.35119 -0.00016 1.06673 76 230 178
-1.13599 -0.00894 1.57512 153 41 22
-1.32072 0.00008 0.50469 153 105 84
0.69529 0.00150 0.20339 148 238 249
-0.90883 -0.00702 1.50562 171 72 12
1.18540 0.00214 2.32675 121 252 174
-0.06604 0.00754 1.15031 140 253 132
-2.03383 -0.00190 1.50136 201 147 255
0.96973 -0.00227 0.02380 0 171 119
0.33667 0.00415 1.01864 179 138 50
-2.06721 -0.01143 1.88550 134 26 3
-0.25019 -0.00247 2.01312 5 81 76
-0.62608 0.00656 1.81747 81 5 0
-2.23467 0.00313 2.07788 255 192 80
-0.70356 -0.00303 0.92356 115 92 170
1.00576 -0.00634 1.93509 0 44 176
0.68022 0.00244 1.79333 158 80 146
0.96811 0.00269 1.17736 0 176 120
1.40012 0.00130 1.11090 206 245 121
1.50270 -0.00514 2.19130 160 157 177
0.41228 0.00734 1.13557 248 248 252
1.41733 -0.00308 1.25137 136 174 5
-2.35910 -0.00441 2.09740 244 206 101
-0.97656 -0.00276 0.80063 175 32 3
-2.43044 0.00425 1.99210 236 150 229
-1.01083 -0.00343 0.65274 177 0 96
-2.77713 0.00089 0.55007 15 8 7
-2.90995 0.00354 1.92209 0 35 44
-0.73194 -0.00782 0.49423 198 109 86
-1.13959 -0.00498 0.32566 228 191 90
0.50452 0.00053 1.34284 145 151 15
-2.11066 0.00235 2.06574 228 187 139
-2.41359 -0.00388 1.85419 236 91 250
-2.43484 -0.00017 0.40184 235 155 215
-0.04575 -0.01101 1.08988 149 238 161
-2.19527 0.00154 0.12469 171 179 110
-1.73813 -0.00354 1.03920 93 219 165
0.08101 -0.00126 0.69028 197 78 216
-0.80358 -0.00538 2.26937 150 174 128
-1.77900 0.00742 1.45202 25 99 66
-0.68169 0.00679 1.92667 102 42 2
-2.31752 0.00414 1.46450 253 170 77
-1.56605 0.00498 0.23033 9 151 146
0.65853 0.00782 1.17363 164 253 106
0.96948 0.00205 2.43475 0 149 27
1.27279 -0.00457 0.58116 75 5 23
-1.33291 0.00041 1.67484 75 11 98
-1.79850 0.00357 0.44066 28 54 125
-2.83997 0.00272 0.09805 6 183 136
-0.20700 -0.00935 1.98453 94 146 137
-1.51273 -0.00941 2.13337 88 214 113
-2.79156 0.00073 0.04217 15 169 117
-0.58587 -0.00505 1.04826 61 145 15
-2.22837 0.00269 0.45941 253 121 173
-2.29301 0.00550 1.58070 254 117 164
-2.78169 -0.00142 0.41135 22 69 32
1.10040 0.00112 2.22247 94 244 76
-0.53778 -0.01404 1.48118 123 168 241
-2.43800 0.00444 1.64715 226 92 104
-2.33143 0.00375 2.44669 171 153 160
1.22841 0.00846 0.70091 56 3 0
-2.65861 -0.00018 0.49067 65 35 36
-0.21970 -0.00411 1.51054 7 64 9
-2.86260 0.00243 0.99423 4 122 167
-1.28130 -0.00862 1.43959 173 183 253
1.23124 -0.00166 0.25133 137 220 237
-1.35206 0.00412 0.05974 68 179 162
-1.00341 0.00198 2.24158 180 168 3
-2.68378 0.00282 0.75094 50 15 175
-2.68112 -0.00379 1.28739 55 162 103
-0.41597 0.00887 0.42300 86 144 167
1.29194 0.00586 2.01702 86 85 1
0.89990 -0.00078 0.82623 3 44 100
-0.07093 -0.00108 0.47670 56 40 46
1.40792 -0.00266 0.90072 208 152 253
-1.05856 -0.00085 1.54497 174 57 4
1.31207 -0.00186 1.43496 102 112 40
-0.64407 -0.00835 0.10091 88 179 177
-2.71194 0.00007 2.40077 115 234 131
-0.91272 0.00953 1.00203 245 197 224
1.34675 -0.01027 0.37636 185 163 180
-1.11922 -0.00391 1.06457 231 231 123
1.43080 -0.01115 1.80287 218 82 110
-1.25250 -0.00397 1.25726 186 248 160
-2.27114 0.00949 1.83517 182 12 148
-1.85103 -0.01216 1.06262 122 227 102
-1.91925 -0.00960 1.45149 73 99 167
-0.37632 -0.00575 1.77418 76 75 161
-2.27811 -0.00664 1.41940 255 195 74
-1.38624 -0.00180 0.17765 50 173 179
1.36567 0.00201 2.03435 114 96 21
-2.48401 -0.00385 1.78409 213 75 167
-0.06197 0.01196 2.39741 136 235 244
-1.98082 0.00086 1.08558 176 231 79
-1.16741 0.00335 1.15862 215 246 145
-2.64841 -0.00146 0.09806 142 254 236
0.39740 -0.00347 2.18219 250 238 90
0.82020 0.00141 1.73114 22 6 17
0.40879 -0.00994 0.32087 243 190 198
-1.51846 -0.00461 0.73625 89 83 112
-0.56295 -0.00392 2.37457 128 243 120
-1.59707 0.00531 0.60294 77 78 112
1.40675 -0.00692 1.13469 213 246 99
-1.07536 0.00039 0.71106 168 6 102
0.68455 -0.00212 1.69276 149 81 220
-2.59939 0.00307 0.68677 91 0 177
1.26532 0.00041 0.24948 146 228 238
0.98594 -0.00405 0.47884 76 114 219
0.10674 -0.00033 0.61753 207 79 190
-0.83824 -0.00089 2.09770 159 123 6
0.05124 -0.00746 1.67565 111 8 100
0.75920 0.00043 0.42204 45 60 6
-2.38730 -0.00439 1.78740 239 74 222
0.03795 -0.00629 1.94696 106 51 10
-0.52005 -0.00636 1.18552 34 174 58
-0.14380 -0.00019 0.55962 29 13 44
-1.83658 0.00372 0.94879 111 173 74
1.10899 -0.00414 2.35361 96 250 142
-0.70630 -0.00014 0.61144 192 80 100
-0.41500 0.00370 1.95853 14 60 174
-0.30671 -0.00016 1.38599 0 132 65
-2.07850 0.00391 2.32631 216 253 232
-2.28823 0.00157 2.35459 249 248 215
-0.16381 -0.00866 2.47528 97 218 254
-2.09951 -0.00076 1.80053 144 0 56
-2.32990 0.00502 1.15774 180 174 170
-0.44724 -0.00172 1.68597 17 9 3
1.34395 -0.00525 0.62570 110 2 8
0.95386 -0.00838 0.82969 0 42 65
-0.72126 -0.00371 2.15431 198 229 187
0.20580 -0.00249 0.44096 240 138 123
-1.99112 0.00936 2.13971 106 142 179
-1.96083 -0.00708 1.30027 94 160 120
-0.43562 0.00265 2.49429 15 126 53
0.91505 0.00508 1.21432 83 253 199
1.26302 0.00352 0.25651 147 227 244
0.92090 -0.00073 1.11912 3 166 45
-2.00498 0.00409 0.88901 113 69 148
1.13522 -0.00156 1.68356 24 7 99
-2.06190 -0.00671 0.86847 136 67 171
-0.22624 -0.00031 1.40264 11 129 11
0.55250 0.00344 1.32395 133 160 13
-1.73886 0.00614 1.52507 12 59 7
0.19639 0.00508 2.13361 237 214 243
-0.68153 -0.00481 1.94922 103 51 1
-0.04776 0.00484 1.31073 64 155 1
0.35542 -0.00470 0.58575 254 82 243
-1.19325 -0.00223 1.53532 135 53 85
-0.19837 -0.01252 1.94686 94 127 166
-0.17108 0.00215 2.37225 28 169 166
-2.24711 -0.00083 1.19392 175 176 88
-1.42839 0.00671 1.55971 108 127 236
-2.62831 -0.00481 1.60169 152 104 145
0.40493 -0.00030 0.60885 167 2 117
-0.41644 -0.00103 2.26395 88 254 97
-1.28653 -0.00311 1.36293 169 223 226
-2.85702 0.01022 0.17885 3 170 167
-0.50367 -0.00180 0.87824 34 69 65
-0.57006 -0.00680 1.69284 53 8 27
-0.93039 -0.00464 0.27032 247 223 191
0.72512 -0.00616 2.38508 61 172 119
-2.93650 0.00513 2.33451 76 255 239
1.15343 -0.00050 2.37940 104 247 184
1.37368 0.00213 1.82223 205 84 121
-2.31395 0.00629 2.00315 253 156 153
0.91117 0.00240 0.45905 79 121 152
-0.22684 0.00077 0.57116 8 13 100
1.09991 0.00038 1.42311 94 192 115
0.35392 -0.00574 0.80466 179 32 8
0.00104 0.00977 0.15669 162 252 254
0.52075 -0.00087 2.06215 144 107 7
-1.73143 0.00426 2.44621 89 224 180
-0.76164 -0.00135 1.33536 206 229 85
-0.79915 -0.00439 1.60401 151 24 164
-2.28271 -0.00804 1.07150 177 154 181
-1.97187 -0.00428 0.11186 168 255 231
-2.92555 0.00055 1.18199 3 183 85
0.97983 -0.00930 1.22603 74 254 234
-2.79198 0.00027 2.47943 96 213 136
-2.58369 -0.01771 1.03608 174 222 77
0.14126 0.00218 0.49817 222 108 114
0.89467 0.00198 0.56855 80 80 214
0.12784 0.00167 2.40303 139 161 28
0.20581 0.00328 1.30983 239 238 241
-1.31823 0.00718 0.57899 159 77 138
0.52227 0.00010 2.49294 214 207 247
0.47955 -0.00483 0.05745 237 251 75
-1.38546 0.00370 0.65789 131 76 151
1.14263 0.00363 2.08766 105 199 99
-0.95383 0.00131 0.85541 252 132 99
0.02136 0.00232 1.42382 176 195 194
-1.19512 -0.00384 0.25262 205 223 98
-0.41486 0.00423 0.48963 87 107 221
-2.61439 0.00344 1.60736 159 104 126
-1.09510 -0.00471 0.72414 164 8 113
0.43289 -0.00264 0.69033 170 0 31
0.76901 0.00353 1.05145 109 226 109
-1.47101 -0.00502 0.65226 104 79 90
-2.75801 -0.00537 0.43728 24 62 9
-2.23730 0.00482 1.64222 176 20 160
-1.72836 0.01129 1.04911 89 227 188
-0.76469 0.00261 0.81949 137 38 124
-1.80399 -0.00244 1.00926 112 207 90
-1.33226 -0.00683 2.04097 148 172 179
-2.92064 -0.00207 0.66072 77 75 74
-1.13285 -0.00279 2.06396 154 111 172
0.13364 0.00949 0.72310 221 85 255
-0.98089 0.00045 1.01713 254 208 203
-2.12780 0.00352 2.44451 153 144 111
1.18266 -0.00121 0.86014 40 62 57
-2.17218 -0.00191 2.17183 246 235 169
0.91274 -0.00770 2.27714 79 255 140
-2.13436 0.00207 0.71569 235 82 144
-2.32180 0.00328 0.25428 173 143 114
-0.80064 -0.00042 1.89887 223 104 132
-0.03265 -0.00304 1.95477 155 132 73
-0.96042 0.00394 0.13661 255 247 85
-0.70070 0.00224 1.44958 191 177 194
-0.20489 -0.00082 0.84745 92 130 135
-0.82192 0.00090 1.96136 227 129 112
1.31312 0.00202 1.61268 172 107 245
-2.32186 -0.00271 0.58848 255 78 143
-1.22625 -0.00237 0.29488 117 128 16
-2.42388 0.00048 0.04106 227 249 114
-2.09956 -0.00663 2.03564 231 166 105
-0.21030 0.00524 2.13208 11 140 2
0.90038 0.00145 1.18262 7 178 77
-1.39934 0.00015 2.03683 120 172 112
0.84871 0.00550 1.13150 18 170 5
-1.28496 0.00112 1.96741 92 59 78
0.20153 -0.00593 1.41819 237 197 254
-2.50408 0.00636 1.00400 207 206 95
-0.51144 -0.00027 0.11355 36 180 131
-2.82026 0.00853 0.76851 84 93 195
-2.35871 -0.00045 2.15164 249 222 83
-1.63967 0.00538 1.43661 0 107 0
-2.78546 0.00345 1.59771 98 108 246
0.92816 0.00203 1.05757 0 144 15
0.69181 0.00002 0.85881 146 130 255
1.19601 -0.00254 2.23850 124 247 112
-1.99004 0.00066 1.99998 177 154 175
-0.99969 -0.00045 1.10018 253 238 236
0.64067 -0.00562 1.12493 169 242 149
-1.75387 0.00428 2.00179 91 152 242
-0.08795 0.00663 0.76801 50 17 75
-1.43957 -0.00048 0.67486 101 80 115
-1.30649 -0.00595 2.46032 88 141 15
0.03914 0.00662 0.98743 103 119 103
1.22630 -0.00390 0.27567 131 208 243
0.65096 0.00261 2.17572 92 159 113
-1.42988 0.00056 1.81240 37 2 65
-2.69300 0.00059 1.12458 129 237 78
1.36366 0.00032 0.09881 190 255 213
-1.46989 0.00765 0.89283 27 74 170
0.23881 -0.00490 2.29835 243 255 103
-2.73506 -0.00180 2.48535 109 205 100
-2.93519 0.00221 1.65123 1 19 157
-0.10903 0.00265 1.01026 117 206 247
0.88818 -0.00167 1.41842 83 190 250
-1.05570 0.00073 1.19289 248 254 249
-0.12939 0.00307 2.49698 113 204 229
0.16091 -0.00175 0.62716 230 81 236
0.82580 0.00250 1.14564 23 171 8
-2.59045 0.00876 0.85751 169 137 146
-0.60043 -0.00556 0.52454 144 99 109
-1.01341 -0.00011 1.03211 253 207 173
-1.47233 0.00266 1.30021 102 241 76
-1.33520 -0.00333 0.58488 153 88 127
-1.12766 0.00493 0.14347 231 250 117
-2.23372 -0.00377 1.80532 177 9 139
0.88582 0.00242 1.40812 88 200 252
-1.70434 0.00331 0.12140 83 255 74
-1.19662 -0.00008 0.69764 208 80 251
-0.36517 0.00045 0.96678 85 185 97
0.08756 -0.00366 0.71578 197 81 234
-0.79623 -0.00098 0.65348 222 75 81
-1.01023 0.00257 2.16230 177 149 20
-1.35105 0.00646 0.98745 67 116 100
-0.73656 -0.00080 0.61338 194 78 87
-1.94681 -0.00216 1.45410 94 97 172
-2.91385 -0.00466 0.60339 71 80 75
1.12005 -0.00147 0.52366 100 97 242
-2.15417 0.00027 0.06061 171 178 97
-1.20111 -0.00498 2.23259 131 172 105
-0.58139 0.00373 1.58778 134 106 191
-1.48356 0.00087 1.28398 92 246 81
-1.07876 -0.00323 0.86288 248 135 84
-1.24235 -0.00144 1.60086 186 102 158
-0.95206 0.00320 2.15929 178 151 0
0.45572 0.00098 1.85603 240 96 248
-0.64685 0.00972 0.03651 92 166 146
0.91091 0.00644 0.38544 4 84 19
0.03114 0.00428 1.56767 185 120 252
-0.67385 -0.00004 1.52483 176 136 251
-1.49950 -0.00773 0.85328 17 46 124
-2.65238 -0.00627 1.89920 139 104 121
-1.59142 0.00491 0.24750 1 144 133
-0.19309 -0.00044 0.84879 94 127 123
-0.77167 0.00023 1.81028 139 2 99
-2.40449 -0.00006 0.71525 163 7 47
-0.43587 0.00040 1.09342 16 161 56
-1.68436 0.00013 1.01076 80 207 187
-1.78916 -0.00013 0.44052 32 58 128
-1.61081 0.00060 0.79744 0 26 12
0.09178 0.00842 2.27215 205 247 227
-0.01630 0.00355 1.49731 81 76 147
-2.61520 0.00555 0.03050 152 251 250
-2.06615 -0.00152 0.83264 135 46 175
-0.30189 -0.00077 2.04073 0 95 101
-2.61819 0.00233 1.12200 167 248 102
0.43172 -0.00051 0.41273 167 66 174
0.34075 0.00128 0.64520 255 75 212
-2.18980 0.00076 0.46436 248 112 139
1.43075 -0.00464 2.09960 145 129 122
0.64190 -0.00128 0.83585 170 121 222
-2.47274 -0.00968 0.03084 215 249 157
1.01128 0.00259 1.14543 0 175 133
-1.69211 0.00526 0.01039 78 240 116
-0.87449 -0.00395 0.24185 241 230 223
-2.37104 0.00970 2.09455 244 199 112
-0.98989 0.00006 0.73160 179 8 27
0.68971 0.00598 1.67906 146 84 225
-0.45220 0.00628 1.36121 92 218 252
-2.66837 0.00654 2.11801 62 135 177
-1.55939 -0.00258 1.67089 1 10 171
-0.54806 -0.00085 1.66256 45 7 40
-0.99205 0.00806 2.07131 177 110 69
-0.82761 0.00146 2.17058 155 154 48
1.47132 0.00660 0.27582 228 214 167
-0.77351 0.00518 1.68111 141 3 178
1.41993 0.00454 1.84749 215 87 94
-2.73135 0.00668 0.53852 33 18 17
0.98917 0.00107 2.05129 79 174 235
-1.11464 0.00091 1.16456 226 255 197
0.86571 0.00480 0.34402 16 103 0
1.12331 -0.00362 1.41823 102 194 89
-0.56396 -0.00228 1.94543 51 49 72
-2.53307 0.00591 1.71998 190 76 89
-1.34791 0.00448 2.30166 137 255 227
-2.67397 -0.00346 2.49046 134 209 81
0.67923 -0.00198 1.85613 152 87 107
1.40447 0.00347 0.35691 212 174 152
0.06291 0.00345 2.33652 192 254 208
-1.28934 -0.00694 2.49292 95 127 0
0.35189 0.00308 1.86415 174 13 165
1.48853 -0.00068 0.01908 232 245 242
-0.88029 0.00437 2.30201 169 179 109
-2.56888 -0.00416 2.33754 104 174 13
-0.33795 -0.00238 0.29112 76 205 138
0.84217 -0.00333 2.15785 91 223 255
0.11612 -0.00260 2.44649 134 149 14
0.56919 0.00484 0.58115 120 11 21
-0.88239 0.00476 0.83165 242 123 138
0.47356 0.00424 2.44368 226 230 247
-0.21394 -0.00525 0.30381 95 205 236
-2.21585 -0.00027 1.25279 255 255 101
0.74075 0.00021 0.54408 49 13 17
-1.44206 0.00559 1.70668 29 5 149
0.04345 0.00884 0.67591 182 77 170
-1.05838 0.00489 2.20211 166 158 29
1.14797 -0.00558 1.57177 101 122 101
-1.32542 -0.00333 2.04276 161 178 191
-2.33843 0.00213 1.44277 251 178 76
-1.28396 0.00010 1.30629 171 235 198
-2.18572 -0.00246 0.63437 245 76 83
0.91341 0.00262 1.39655 78 201 250
-1.07350 0.00235 0.77754 170 23 49
-0.74884 0.00776 1.95855 131 52 3
0.69259 -0.00504 1.13853 149 247 106
1.01336 0.00164 1.43672 79 190 158
0.03310 -0.00695 0.04055 105 175 145
-0.38940 -0.00311 1.57633 7 40 0
-0.10207 0.00131 1.50506 49 67 97
0.69009 0.00053 0.41144 71 73 47
-1.44314 -0.00823 1.03304 37 144 131
0.79023 -0.00133 2.11388 28 137 161
1.45861 -0.00525 1.76548 224 78 106
-1.25977 -0.00293 0.13801 109 177 134
0.59643 0.00015 0.08390 189 254 147
0.69732 -0.00081 -0.00732 138 240 176
-0.88846 -0.01215 1.55365 172 52 59
0.57577 -0.00859 0.28577 196 211 250
-2.75002 0.00146 2.13134 24 141 148
-2.55073 -0.00161 2.23244 112 176 61
-2.83800 -0.00619 1.05012 7 146 116
0.86384 0.00450 1.56345 87 116 173
-1.22114 0.00698 0.36663 124 94 3
0.30209 0.00357 0.95549 176 107 2
-1.66726 -0.00030 2.21304 0 170 2
0.85954 0.00377 1.27571 92 240 196
-1.62624 -0.00431 0.61810 0 3 54
0.10480 -0.00192 1.51116 206 147 250
1.07919 -0.00245 0.73481 87 89 120
-1.12631 0.00768 1.28283 152 168 175
0.82082 -0.00387 2.49109 22 129 2
0.14112 -0.00193 2.43042 150 154 12
-2.53387 0.01096 0.68060 117 2 162
-1.15287 -0.00452 2.25357 151 173 42
0.60913 0.00159 0.07768 184 255 157
1.29329 -0.00169 1.37759 83 137 5
-1.92326 -0.00134 0.44339 74 52 38
-1.79401 -0.00021 1.52418 29 63 25
-2.99444 0.00783 0.52334 81 99 185
0.12277 0.00125 1.89282 138 30 29
-0.42099 -0.00360 1.00604 15 130 10
0.30152 -0.00291 1.91253 185 34 168
-2.87284 0.00658 2.41032 0 161 165
-0.02095 0.00228 0.87350 161 137 255
0.15375 -0.00188 1.86865 149 23 25
1.13298 0.00234 2.16553 103 227 81
-2.81402 0.00307 1.67201 10 11 147
-0.20335 0.00225 0.98603 92 201 232
1.27254 -0.00001 1.22064 78 181 55
-0.19953 -0.00004 0.31929 90 199 241
-1.93736 0.00250 1.24567 85 172 99
-1.16305 0.00534 0.52979 146 15 142
0.36891 0.00230 1.93873 172 47 172
0.93369 0.00226 1.60172 80 110 106
-0.67995 0.00271 0.38998 97 82 45
-0.22181 0.00209 1.30027 11 160 58
1.34793 0.00322 1.62479 188 96 252
-0.05258 0.00433 2.47697 141 215 189
-0.93571 -0.00747 0.67777 168 0 20
-2.53242 0.00077 1.11822 191 245 160
0.41655 0.00158 0.31734 249 199 196
1.08240 -0.00122 0.64300 86 78 194
-1.14991 -0.00045 1.86712 219 96 166
-1.53845 -0.01145 0.08176 8 174 43
-2.44120 0.00212 1.10472 226 238 208
-1.05315 -0.00378 1.55124 173 51 3
1.38932 0.00795 0.14078 205 255 250
-0.30992 -0.00297 0.00761 77 242 131
-1.00455 0.00313 1.28345 175 163 135
-2.97544 0.00342 0.25381 5 150 139
-0.74773 -0.00212 0.93152 127 99 175
-1.64841 0.00194 0.17352 77 248 108
-2.02344 -0.00106 1.33583 198 230 173
-1.45875 -0.00390 0.13452 23 173 145
0.56842 -0.00234 0.15319 198 253 180
-0.31877 -0.00487 0.52349 0 24 179
-1.58856 0.00121 0.22962 0 154 123
0.76165 -0.00411 2.26680 41 179 161
-0.52458 0.00294 1.51188 112 149 207
-0.04488 -0.00241 0.26275 149 215 245
-1.25195 0.00516 1.62604 114 20 63
0.71430 0.00443 2.50170 138 203 118
-0.67666 0.00126 2.29116 172 254 248
-1.16394 0.00218 1.73336 214 79 81
-1.46441 0.00586 1.47043 95 177 153
0.02105 -0.00192 1.90405 98 31 0
1.11793 0.00046 2.37968 96 246 156
1.32640 0.00146 0.97004 182 188 253
-1.66540 -0.00220 1.56743 0 49 24
-0.28909 -0.00250 0.72668 3 8 19
-2.03625 0.00641 1.42927 207 188 224
1.00760 0.00507 2.29361 77 255 78
1.21908 0.00869 1.99696 131 151 117
-0.25170 -0.00048 1.20083 79 255 235
0.77671 0.00151 1.39753 39 128 146
-2.64195 -0.00814 0.62800 70 2 152
0.06386 -0.00622 0.14645 120 177 170
0.43360 -0.00333 0.77314 169 16 0
1.06845 -0.00063 0.70730 86 78 152
0.81290 0.00460 1.51962 96 145 243
-0.18857 0.00473 0.53526 14 19 92
-2.30284 0.00055 1.41700 252 198 80
0.75595 0.00241 1.30390 41 160 60
-1.95846 0.00728 1.72009 169 72 86
-0.06205 -0.00405 1.45564 63 99 86
-2.73654 -0.00035 1.10457 107 244 87
-1.70396 -0.00177 2.48966 83 214 229
-0.71398 -0.00433 1.03392 117 139 112
0.66067 -0.00014 0.53957 86 20 5
-2.90697 0.00623 0.71653 72 82 99
-2.35888 -0.01071 2.48999 172 131 173
0.50409 0.00708 0.03982 224 251 75
-2.47285 0.00358 2.39142 133 169 16
-2.28867 0.00342 0.43709 253 132 234
0.53332 -0.00664 1.78363 215 79 251
-2.02657 -0.00183 1.05402 119 147 28
-0.46208 -0.00543 2.30447 90 252 93
-1.49973 -0.00080 0.07178 14 175 61
-2.62770 -0.01406 1.81376 151 76 83
0.92647 0.00000 2.17106 77 229 195
-1.61905 -0.00526 1.90896 73 105 207
-1.08748 0.00365 1.57403 161 32 5
0.47149 -0.00413 1.42699 155 112 3
0.71187 -0.00708 2.30830 60 178 168
-2.40683 0.00123 0.25096 238 228 117
-1.63935 0.00017 0.41887 3 68 177
0.62201 -0.00921 1.64370 172 97 253
-0.08909 0.00449 0.92951 131 165 249
-2.08332 0.00070 0.14148 147 175 181
0.96226 0.00986 1.49308 73 170 168
-0.56777 0.00026 1.64706 55 13 73
-0.08499 -0.00294 0.40052 138 155 191
-0.41318 0.00132 1.95822 7 55 179
-2.31716 0.00136 1.76598 177 0 170
-2.55330 -0.00355 0.17071 180 250 120
-1.02463 0.00151 0.61913 175 3 138
-1.79531 -0.01149 2.33373 30 173 3
1.06977 -0.00752 1.06593 10 151 122
0.73813 0.00045 1.38268 53 141 102
1.37585 -0.00471 0.24296 197 222 246
-1.91886 -0.00502 0.98140 159 191 91
-1.27553 -0.00705 0.70035 171 79 242
0.24181 0.00123 2.44605 172 148 13
-1.41978 0.00456 1.87811 39 24 17
-0.29458 0.00351 1.91647 76 118 241
1.12541 0.00418 1.78601 23 0 168
1.12471 -0.00162 0.36425 20 102 146
-1.80911 -0.00082 1.51446 35 72 56
-2.68600 0.00328 0.93201 127 169 169
0.08393 0.00153 2.24982 195 251 241
0.17327 0.00547 1.88455 155 28 60
-2.11598 -0.00594 1.87571 157 21 17
-1.11395 -0.00207 1.14161 236 249 191
-0.97264 -0.00137 1.33708 175 145 75
-0.10236 0.00829 0.39246 47 74 131
0.97222 0.00243 2.35473 77 249 76
0.95860 0.00537 1.70045 4 6 7
-2.49128 -0.00181 1.52933 133 62 27
0.31063 0.00172 0.43312 255 135 190
-0.70489 0.00294 2.06553 190 184 139
0.28236 0.00238 1.71148 177 4 9
-2.53338 -0.00366 0.17968 193 245 90
-1.90000 0.00207 1.84115 149 88 113
-1.56165 -0.00212 0.92339 2 89 139
-1.68106 -0.00588 0.67244 1 0 51
-0.01437 0.00007 1.31910 82 162 19
-0.24472 0.00377 0.05820 79 252 74
-1.00120 0.00079 2.00914 177 75 121
-2.02586 0.00180 1.59917 122 28 151
1.30318 -0.00221 0.99888 165 201 253
-1.38453 -0.00733 2.06311 131 181 151
0.85721 -0.00067 0.16788 11 178 117
-2.30874 0.00598 1.77984 176 0 178
-0.41177 -0.00040 2.05184 86 178 236
-1.98090 -0.00711 0.98248 177 195 130
0.49926 0.00086 0.98757 226 199 226
0.11287 -0.00876 1.20976 214 255 105
-2.91767 0.00001 0.67883 76 78 82
1.40098 0.00452 1.91501 207 114 74
-0.47552 -0.00583 1.24370 102 248 209
1.24451 -0.00541 1.74891 144 77 251
1.05333 0.01258 2.20276 79 242 93
0.36608 0.00400 0.92023 180 82 16
0.47690 -0.00109 1.91025 230 109 206
0.56837 0.00016 0.98495 196 198 253
-2.30548 -0.00583 1.34437 251 227 105
-1.51709 0.00757 2.23415 94 246 175
0.32335 0.00416 1.57964 255 115 81
-0.28646 -0.00434 1.51388 0 68 0
-2.89382 -0.00103 0.39071 0 83 135
1.36508 0.00062 2.21523 117 172 149
1.50384 0.00136 2.22498 164 168 169
-2.45110 0.00115 1.67696 225 82 113
-0.93521 0.00494 2.47268 250 216 252
-2.39149 0.00692 1.83445 165 8 179
-1.14566 -0.00266 1.14743 225 248 170
0.24816 0.00160 1.68936 174 9 0
-2.24752 -0.00256 0.23130 176 154 145
1.16047 -0.00159 1.21643 111 255 217
-2.41777 0.00012 2.25577 156 175 5
0.40718 -0.00728 0.33652 246 186 206
0.81522 0.00500 1.25290 104 251 133
-0.72915 -0.00345 1.06071 128 150 108
0.69592 0.00554 0.50476 63 28 5
1.03624 0.00118 2.26924 76 254 79
-1.49992 0.00211 2.01927 88 167 79
0.15239 0.00250 0.05987 150 171 174
-0.38436 -0.00218 1.21177 1 178 172
-1.90184 0.00054 0.35807 149 172 79
-2.11289 0.00173 1.21414 227 255 77
1.33150 0.00263 1.14976 184 254 142
-2.68858 -0.00257 2.28905 51 178 125
-1.10560 0.00754 2.00481 166 77 177
0.59969 -0.00731 1.50356 111 74 96
0.74243 -0.00705 1.27862 46 172 36
-0.50263 -0.00652 0.11978 34 181 110
1.02238 -0.00628 0.95255 1 106 8
-0.62075 0.00061 0.50768 160 105 89
-1.65437 -0.00669 1.13496 78 246 252
1.11066 -0.00322 0.10731 19 181 0
-0.58941 0.00738 1.46082 140 168 255
-1.68962 -0.00367 1.33800 3 154 90
-0.26353 0.00263 1.53830 1 56 5
-2.49609 -0.00601 0.82812 203 120 106
-1.26562 -0.00136 1.72180 106 5 21
-2.22157 0.00362 2.21643 253 251 164
-0.71005 0.00558 2.24704 193 251 249
-1.33791 -0.00406 0.77108 146 99 247
-1.56527 0.00951 2.23287 79 246 140
-2.88629 0.00347 0.05595 0 177 66
-2.06569 0.01113 1.19582 141 176 1
-1.78056 -0.00914 1.56260 21 50 7
-0.72665 0.00517 1.13373 116 174 41
0.27409 -0.01323 1.85056 177 9 105
1.25289 -0.00262 1.94067 149 125 135
-0.67448 0.00705 1.52210 169 134 254
-1.41676 -0.00338 1.96013 41 54 2
-1.50019 0.00118 1.70786 7 3 174
-2.98123 0.00784 1.92221 5 37 91
0.00501 -0.00280 1.02041 93 139 107
-0.81658 0.00565 1.29924 151 160 6
-2.75757 -0.00559 1.56934 26 43 167
-0.55488 -0.00487 0.16445 46 170 120
1.45869 -0.00263 1.95242 230 132 102
-2.43483 -0.00692 0.21948 236 232 92
-0.70135 -0.00125 1.81156 113 3 53
-0.15258 0.00246 1.63652 106 98 223
-2.24438 -0.00678 2.46836 179 136 166
-2.90780 -0.00482 0.99001 0 123 181
-1.96417 -0.00400 1.58117 93 37 116
-1.52021 -0.00288 1.77071 11 2 169
-2.61197 0.00474 2.08900 84 120 176
-1.43639 0.00466 2.48003 35 137 96
-1.73757 0.00191 2.39053 12 171 68
-2.92463 0.00503 1.91887 0 36 51
-2.43921 -0.00520 0.30005 224 206 129
-0.93158 0.00123 2.15759 172 151 0
0.99667 -0.00179 2.18482 78 236 139
-1.61325 0.00348 2.38938 0 166 146
1.24661 -0.00083 1.95652 144 138 121
0.71478 0.00266 2.22665 62 165 176
0.52497 -0.00522 1.16209 217 250 212
0.35570 -0.00539 2.05859 252 185 192
0.98864 -0.00189 1.46400 79 171 178
-3.00025 -0.00321 0.87247 8 61 80
-1.26776 -0.00287 0.92775 102 95 76
0.83465 0.00479 2.22398 91 245 228
1.43543 -0.00263 0.91311 219 159 234
0.51688 -0.00671 1.20174 219 254 191
-0.96852 -0.00257 1.73622 253 77 208
-1.99671 -0.00461 2.33934 107 173 93
-2.00344 0.00238 0.59782 113 6 79
-2.90399 -0.00247 1.26751 76 243 87
-0.71919 0.00167 0.60432 197 80 88
-2.41232 0.00028 2.21712 159 175 0
0.42954 -0.01146 0.40726 166 72 175
1.07921 -0.00359 0.23904 11 155 37
1.47476 0.00467 0.31622 229 199 139
-0.09539 -0.00206 2.10738 52 126 32
-2.36853 -0.00574 0.17934 172 168 30
0.46953 -0.00393 0.22121 237 233 152
0.65971 0.00604 1.76412 161 76 182
-1.71072 -0.00368 0.54821 7 13 162
-1.51635 0.01217 0.73266 84 85 103
0.23598 0.00084 1.18552 166 179 105
0.42727 -0.00159 2.20340 170 159 0
-2.17177 0.00221 0.86097 169 60 157
-2.51687 0.00488 0.23231 196 229 71
0.10679 -0.00394 1.13327 135 171 2
-1.67772 0.00297 0.92400 80 162 127
0.64184 0.00347 2.13260 91 141 75
-2.80804 -0.00122 1.31649 86 236 101
-1.75721 0.01021 0.42717 16 61 142
0.25218 0.00232 0.66068 255 72 249
-2.80467 -0.00762 0.96000 94 181 231
-2.27105 0.00311 0.20116 182 165 116
-1.07192 -0.00438 0.14830 245 255 88
-2.26522 -0.00174 0.86141 178 57 79
-0.86500 -0.00787 1.01599 242 210 248
-0.53524 -0.00361 1.67522 37 5 25
-2.81746 -0.00276 1.27156 90 244 79
-2.07382 -0.01152 0.10728 137 181 175
-1.29081 0.00694 1.49650 169 157 253
-2.35791 0.00977 1.37219 247 214 110
-2.59302 -0.00491 1.27305 93 168 143
-0.45202 0.00012 1.44058 92 177 200
-0.06490 0.00556 1.74250 130 75 218
-2.62518 -0.00001 0.14865 158 249 179
0.27134 -0.00216 1.13495 175 175 88
-2.63786 0.00706 2.00672 74 79 147
-2.61863 -0.00267 1.92322 158 119 180
-0.09942 -0.00366 1.69824 123 82 252
1.46967 -0.00650 0.07101 237 252 249
0.06038 -0.00329 0.51102 192 101 87
-2.50902 0.00211 2.17511 129 158 62
-0.94120 0.00691 1.74799 253 73 240
-1.86991 -0.01061 0.03918 133 251 220
-1.75309 -0.00548 1.57208 13 39 1
0.12798 0.00138 1.33050 219 230 210
-0.80313 -0.00184 1.10918 144 165 122
0.12161 -0.00123 2.37101 216 248 130
-0.54030 -0.00325 1.92322 47 46 80
-2.08560 0.00291 0.08381 138 182 163
-0.02059 0.00270 1.16771 154 255 100
0.89442 0.00164 0.73003 78 85 238
-2.52817 0.00591 1.15151 197 254 169
0.47177 -0.00509 1.22675 156 178 127
0.58324 0.00663 0.46853 121 37 86
0.07771 -0.00372 0.15314 123 178 169
-0.12482 -0.00361 1.47691 40 89 55
-0.69083 -0.00462 1.34733 184 220 138
-0.25010 0.01009 1.65779 84 94 170
-1.45081 -0.00211 0.85672 39 54 170
1.42221 0.00305 0.43895 142 51 14
0.38989 0.00691 0.85878 174 54 3
-0.68520 -0.00522 2.38327 184 243 212
0.51621 -0.00547 0.66922 149 0 7
-2.74529 -0.00395 0.73558 32 15 151
1.44331 0.00892 0.21569 222 235 234
-2.36097 0.00368 2.01711 245 162 157
-0.03180 0.00537 0.29004 151 215 239
-2.37620 0.00079 1.29879 243 237 179
-1.52637 0.00467 2.07542 85 186 78
-0.48882 -0.00084 0.62459 102 76 253
-2.31310 -0.00264 1.70078 176 1 148
-0.47729 0.00011 0.34399 20 105 8
-1.60932 0.00015 2.11083 0 130 1
1.37577 0.00509 0.57122 116 5 4
-2.66122 -0.00860 1.48342 63 91 168
0.95098 0.00214 0.75105 79 94 201
-1.34621 -0.00747 2.05076 142 178 162
-2.81766 0.00239 0.07043 12 176 126
0.79443 -0.00118 1.26955 35 170 65
-2.53765 0.00270 1.64393 198 87 79
-2.89845 -0.00349 1.95016 0 50 23
-0.37479 -0.00156 0.44004 2 61 130
0.29680 -0.00303 0.46396 255 118 220
0.78050 -0.00310 1.13778 111 240 72
-1.65937 -0.00248 1.92410 73 113 237
-1.05561 0.00377 0.98060 246 193 97
-0.23110 0.00347 0.27524 80 213 189
-1.35673 0.00345 0.83593 62 47 179
1.23392 0.00448 0.73847 62 15 7
-0.41086 0.00154 0.67105 85 78 228
-1.60967 0.00279 1.72904 77 75 246
0.02267 -0.00087 1.38397 175 212 166
0.25172 0.00534 1.96123 173 58 167
1.40375 -0.00190 0.80329 209 110 233
-1.27783 0.00278 1.25860 178 250 158
0.84463 -0.00167 1.74472 16 2 0
-0.34352 0.00078 0.12138 75 255 83
-0.72690 -0.00101 1.64424 121 12 176
-0.35703 0.00936 1.86029 76 93 237
1.18853 -0.00218 0.75426 119 91 78
0.41329 -0.00076 0.11435 245 254 77
1.15152 -0.00702 0.11899 31 180 6
-0.02060 0.00644 2.41515 163 232 200
1.12724 -0.00603 0.80604 21 38 0
-2.52195 -0.01100 1.23535 121 178 164
-2.62603 0.00451 0.06909 148 254 242
-0.89480 -0.00419 0.27693 250 216 221
-1.90435 0.00169 1.10767 148 242 93
-1.47658 -0.00198 1.25693 96 253 86
-1.19812 -0.00236 0.67413 133 0 177
-2.06844 -0.00945 0.99974 142 129 111
0.85065 -0.00021 0.08557 13 177 165
-0.61179 -0.00889 1.77563 72 0 4
-1.20428 0.00517 1.07265 130 157 9
-0.77840 0.00022 0.97188 138 114 177
-2.96708 -0.01486 0.56722 79 89 127
-2.05002 0.00104 2.12901 206 213 228
1.24252 -0.00559 0.15837 139 251 163
-1.96287 -0.00698 0.78981 94 30 166
-2.86000 -0.00587 2.31326 82 255 255
0.00258 0.00003 1.59219 167 111 255
0.70938 0.00180 0.26889 144 218 221
-1.07602 -0.00172 0.49263 168 39 160
0.14337 -0.00475 2.19368 224 236 241
0.30610 -0.00226 0.54283 255 93 252
-1.75708 -0.00766 2.00741 21 80 159
0.17232 -0.00287 0.30951 157 120 0
-2.77009 0.00522 0.59098 19 3 26
0.71505 -0.00725 1.77301 139 78 140
-0.02049 0.00605 1.53815 86 59 167
-2.11661 0.00587 1.30327 234 238 89
-1.50135 0.00295 1.94969 15 54 17
-2.86599 -0.00261 0.26944 3 144 181
-2.93317 0.00374 0.36783 1 90 171
-1.07447 -0.00143 1.53403 168 53 14
1.01610 -0.00378 2.01252 76 160 247
-1.11785 0.00217 0.27561 236 213 82
-0.77672 -0.00225 0.45628 216 127 133
-0.10537 0.00291 1.45064 49 101 55
-0.37018 0.00028 2.36684 4 166 20
-2.56531 0.00032 1.81447 180 86 131
-0.34064 -0.00189 2.42638 77 228 152
-1.69060 -0.00121 1.98105 79 145 208
-2.84632 -0.00274 1.52479 85 140 219
-2.86942 0.00244 0.47719 78 116 120
-1.29738 0.00414 1.62379 88 20 107
0.76046 0.00322 1.59727 48 39 162
-2.87764 -0.00203 0.15394 1 176 147
1.39689 -0.00172 0.79618 133 27 154
-1.58523 0.00187 0.00810 0 169 6
-1.98121 0.00143 0.17307 179 250 207
-0.66579 -0.00680 2.09672 170 191 179
-2.65421 0.00330 0.70643 69 3 174
-2.37827 -0.00112 1.91180 169 38 166
0.27948 -0.00395 1.21397 254 249 228
-0.31529 0.00094 1.52898 3 60 1
-1.20418 0.00719 1.28505 205 241 229
-0.34704 0.00510 2.42310 77 236 152
-1.61628 0.00237 0.69894 0 3 0
-0.28322 0.00467 1.23067 1 176 159
-0.40319 0.00326 0.93322 9 97 0
-0.02356 -0.00068 2.12468 79 131 79
-2.76967 -0.00126 1.67414 106 86 204
0.16105 0.00246 0.94635 146 98 51
-0.69973 -0.00595 0.35031 114 102 92
1.16792 -0.00332 0.48838 116 112 226
0.79846 -0.00306 2.36165 33 168 85
-0.79464 -0.00218 0.87319 144 58 144
-0.13862 0.01032 0.41286 25 76 154
-0.89788 0.00020 2.33047 173 173 118
-0.27309 -0.00161 0.39321 78 151 240
-1.63967 0.00359 1.23799 0 178 143
-0.74171 -0.00422 0.09972 123 179 134
-2.86475 0.00770 0.10092 2 173 122
-0.47652 -0.00322 1.07970 26 158 17
-0.87385 -0.00631 2.19341 169 161 28
-1.93598 -0.00232 1.95959 159 137 185
0.73158 -0.00057 2.11428 54 134 123
0.69997 0.00214 1.08274 149 233 141
-0.82284 0.00665 0.46848 153 48 95
1.39808 -0.00516 2.20801 131 163 156
-0.91277 0.00056 1.78945 253 78 255
-0.81202 0.00646 1.28548 150 166 10
0.13732 0.00183 0.28000 144 133 29
-0.03198 0.00122 1.57681 78 34 174
-1.60945 -0.00623 0.07618 72 255 80
1.23344 0.00154 0.20089 133 240 188
1.06411 -0.00338 1.62740 10 15 20
-2.71344 0.00179 1.85042 121 88 74
-2.30818 0.00485 1.55032 255 127 121
0.10495 0.00536 1.39885 205 204 244
-0.77797 0.00357 2.49356 139 130 121
-2.37501 0.00000 1.50575 245 147 79
-1.24294 -0.00467 2.18451 191 233 239
-1.19758 0.00005 1.83312 203 88 113
-0.40478 0.00186 2.36265 0 175 4
0.49704 -0.00876 1.71555 228 76 236
-1.39260 -0.00319 1.23407 135 251 78
0.00589 -0.00747 0.71745 170 79 184
-0.01708 -0.00881 2.31438 83 179 175
-0.59881 0.00035 0.13784 62 178 162
-0.32899 0.00372 2.11723 0 135 55
-2.27900 0.00240 2.20682 253 243 113
-0.85764 0.00173 0.85732 239 138 167
-1.04716 0.00991 0.35876 246 176 166
-0.46777 0.00006 2.28815 90 255 104
-0.61893 -0.00734 2.34727 151 253 185
-2.98743 -0.00176 0.75774 79 91 82
-0.69990 0.00464 0.26740 110 134 134
-0.81402 -0.00227 1.17812 229 254 158
-1.85626 0.00539 0.07661 123 251 184
-1.05857 -0.00114 1.78074 251 79 195
-2.58905 -0.00644 0.26499 170 220 88
0.92178 0.00105 1.57186 81 121 126
0.94767 0.00198 1.20804 79 249 209
1.13527 -0.00069 2.23892 103 252 91
0.54102 0.00745 1.91315 210 110 162
0.90698 0.00032 1.87414 2 24 77
-0.15550 0.00348 1.35533 27 144 0
0.33241 0.00212 1.33527 255 230 225
-0.91720 -0.00073 2.00877 175 84 53
-0.11331 0.00429 1.84360 117 95 187
-2.71083 0.00012 0.89424 118 150 218
-0.41757 0.00255 0.85046 9 54 33
-1.48640 0.00398 0.74900 93 92 145
-2.65171 -0.00536 1.32605 62 152 140
-1.02015 -0.00615 0.58672 179 0 135
0.55354 0.00096 1.69223 206 79 255
0.77052 -0.00009 0.90308 113 152 220
-2.45766 -0.00479 2.11198 147 137 82
-2.70167 -0.00047 0.88714 126 148 208
-1.24970 -0.00653 0.06697 110 172 172
-1.25779 0.01017 0.13072 105 175 142
0.84902 -0.01043 0.69750 90 82 250
-0.35775 0.00288 1.15706 76 253 236
0.55101 0.00870 1.37898 126 130 2
-2.27549 -0.00065 0.40719 251 158 248
-2.76246 -0.00181 1.12014 102 246 88
1.28694 -0.00180 0.78216 81 20 66
-2.90221 0.00649 1.12617 0 171 114
0.12324 -0.00997 1.36072 216 218 227
-1.14410 0.01110 2.30665 151 181 13
-1.08849 0.00084 2.22950 156 171 27
1.30080 0.00011 0.82234 167 112 182
0.03560 -0.00365 0.70719 181 82 203
0.64695 -0.00592 0.36112 165 169 197
-1.62267 0.01170 1.94277 74 121 194
-2.93454 0.00684 2.32820 78 255 231
-1.56275 0.00478 1.80120 9 4 169
0.67134 -0.00058 0.22567 162 232 252
-1.87521 -0.00155 1.33466 57 150 177
-2.02739 0.00246 2.10369 196 204 219
-1.42008 0.00164 2.05933 113 186 121
-1.11346 0.00289 0.57296 162 11 180
0.59331 0.00377 2.10381 108 130 17
-2.32144 -0.00416 0.71360 254 83 78
-0.97358 -0.00688 2.21696 175 172 6
-0.10089 -0.00082 2.29499 50 175 156
-1.86733 0.00647 1.83332 129 86 133
-1.12693 -0.00519 1.87093 236 98 198
-2.40054 -0.00112 1.56887 243 119 82
-1.87531 -0.00134 0.98814 132 198 75
-0.44226 -0.00814 1.40377 88 202 227
-1.31785 -0.00341 1.19228 80 179 3
-1.02080 0.00749 1.93105 252 120 251
0.99566 0.00155 1.71076 2 1 21
-2.57336 0.00250 1.74621 180 77 86
-0.17952 0.00341 0.38876 95 160 253
-0.66038 -0.00421 1.44014 168 185 221
-2.27513 -0.00151 2.34771 253 252 213
-1.27245 0.00342 1.61103 95 27 100
-2.26951 0.00158 0.94913 176 107 153
-1.91892 -0.00478 1.08103 149 232 84
-0.34634 0.00487 1.89728 72 105 252
0.47508 0.00314 0.68968 158 2 14
0.23872 -0.01078 0.12511 174 175 76
-1.18373 -0.00313 0.27042 211 213 84
0.60905 0.00225 1.61137 183 103 244
0.13696 0.00370 2.46491 144 141 5
-2.28552 -0.00203 1.46864 255 171 91
-0.63446 -0.00231 0.38360 78 89 22
-0.84606 0.00314 0.05618 238 254 100
-0.37898 0.00025 0.02498 77 250 180
-1.97268 -0.00109 1.65030 179 88 151
-1.48350 0.00336 0.86178 22 53 147
-1.52827 -0.00095 0.11257 10 174 77
1.39391 0.00301 0.56003 124 10 8
-2.99577 0.00185 1.51706 79 143 105
-0.12548 -0.00466 0.03357 112 243 96
-0.33823 -0.00958 0.08576 76 251 100
-1.54302 0.00299 0.14470 6 173 88
-0.79052 0.01451 0.89097 143 72 152
0.98378 0.00254 1.23482 76 245 248
-1.69371 0.00230 1.16227 79 254 255
-0.83538 0.00644 0.57102 158 10 31
-2.38685 -0.00254 2.08375 239 197 131
0.31447 0.00802 1.66815 180 6 11
-2.64265 -0.00423 1.27515 69 172 108
-2.28536 0.00909 0.64751 255 77 98
-1.39048 -0.00379 1.85160 48 11 16
-0.79817 -0.00210 0.56327 228 84 90
-0.27200 -0.00016 1.52058 5 65 3
-2.97757 0.00096 0.65885 79 76 88
0.73376 -0.00337 2.07912 50 122 107
0.22075 0.00020 1.42692 246 185 223
-1.36829 0.00906 0.90212 58 69 175
-0.86139 -0.00376 1.94829 241 126 147
-1.63175 -0.00258 1.64966 78 88 197
1.40821 0.00597 1.59102 137 35 176
-1.06476 -0.00527 0.91036 248 157 76
-2.75978 -0.00422 2.34272 30 173 135
0.40192 0.01112 1.81770 245 84 248
-1.61673 -0.00044 1.12418 74 240 245
-1.20448 0.00512 2.26647 209 251 149
1.15503 -0.00378 0.87132 33 63 36
-2.74578 0.01018 0.92523 106 166 214
-0.84636 0.00562 0.78405 165 29 43
0.95290 0.00457 2.24725 75 248 116
-0.55750 -0.00374 0.71806 125 82 251
-1.39975 0.00646 1.08416 48 158 70
-0.26035 0.00440 0.90905 81 163 128
0.66809 0.00375 1.99772 82 75 6
-1.91701 0.01048 1.95679 152 135 206
1.44682 0.00763 0.80756 231 109 252
0.62604 0.01080 0.18441 175 243 235
-2.82977 0.00307 1.42487 84 196 143
-1.02386 0.00431 0.18500 250 244 84
-0.80920 0.00882 1.20652 152 175 61
-1.58478 -0.00338 0.51719 79 103 174
1.44660 -0.00079 1.27031 147 169 27
-0.03052 -0.00431 1.65184 156 90 245
0.96132 0.00657 0.45729 75 127 178
-2.44764 -0.00160 0.88761 226 145 79
-0.56811 -0.00893 2.44829 56 148 8
-0.84359 -0.00063 0.77620 163 22 39
0.26682 -0.01112 2.38665 252 242 81
-1.21291 0.00550 2.46820 119 139 7
1.03362 0.00525 1.59761 79 108 75
0.92896 -0.00092 0.63825 78 80 254
-2.37876 -0.00053 2.20982 240 240 81
-1.46195 -0.00277 0.78706 102 103 187
-1.78878 -0.00055 2.36563 27 174 10
-1.37766 -0.00108 0.58255 135 83 98
0.44136 0.00139 1.85371 241 86 254
-2.17627 -0.00690 1.12670 167 173 84
-2.73770 -0.00221 0.60335 35 7 65
-0.53894 0.00537 2.01839 119 164 228
0.52959 0.00489 1.10703 210 242 233
-2.55623 0.00245 1.79585 189 80 125
0.75255 -0.00135 0.69049 43 0 131
-2.27902 -0.00520 2.16560 253 228 87
-2.70441 0.00745 1.90342 116 106 86
-0.44072 -0.00033 1.90223 14 29 134
0.34126 -0.00215 1.37968 252 211 178
-2.99079 -0.01292 1.02976 6 139 168
-1.56781 0.00475 0.78705 75 102 97
-2.40438 0.00284 0.13005 233 252 76
-0.55209 0.00514 1.90350 49 30 47
0.48898 0.00564 2.41440 233 235 228
-0.43481 -0.00157 0.72282 88 79 217
-1.82563 0.00623 0.68257 34 2 157
-1.88626 0.00522 0.88637 135 138 141
-0.05799 -0.00163 0.71357 63 9 66
0.75836 -0.00302 1.91552 122 110 85
-0.47335 0.00265 0.51382 102 106 186
-0.08409 0.00320 2.45968 132 219 221
-0.99850 -0.00650 2.02579 175 94 102
-0.16722 -0.00022 1.21729 24 183 86
1.35008 0.00421 1.05781 186 235 186
0.63928 0.00332 0.81988 175 116 198
-2.96221 0.00246 2.09536 78 199 77
-0.59987 0.00018 0.05761 68 172 182
-0.69032 0.00723 0.28134 109 127 137
-2.62157 -0.00188 0.39097 154 164 81
0.70229 0.00079 0.84086 141 125 253
-1.06464 0.00048 1.57765 170 42 2
0.14869 0.00536 2.23760 221 248 223
-1.83124 -0.00725 1.81069 113 90 156
1.27202 -0.00361 2.33158 72 174 151
-1.49657 -0.00049 1.15719 14 177 76
0.03105 -0.00337 0.79108 182 103 239
-1.39421 0.00368 1.80476 53 6 39
-2.49475 -0.00600 1.80235 208 85 173
-2.88096 -0.00043 1.36465 77 214 86
0.95651 -0.00086 2.15527 74 224 191
-0.38229 0.00112 0.66590 4 0 142
-0.33679 -0.00524 2.16986 0 154 29
-2.37041 0.00011 2.32853 244 254 129
-1.61131 -0.00244 0.18270 80 247 154
0.28151 0.00005 1.67744 176 12 0
-1.27476 0.00868 1.90789 100 38 51
-0.82645 -0.00958 1.01101 226 203 255
-2.03386 -0.01166 0.35274 121 103 39
-2.70521 0.00200 2.19467 47 158 175
-0.66860 0.00479 1.25324 171 249 88
0.60279 -0.00343 0.86938 184 139 225
-2.82985 -0.00663 0.75453 86 86 180
-2.36567 0.00098 0.19152 176 172 40
1.00572 -0.00215 2.23356 79 248 99
0.50160 0.00362 1.82840 224 87 244
0.52581 -0.00877 2.44410 219 232 255
1.03384 0.00317 1.68179 0 6 15
0.63721 0.01000 1.99709 167 147 76
-1.61587 -0.00075 0.00709 76 240 80
-0.38823 -0.00581 0.19882 85 238 76
1.39905 -0.00186 2.38862 132 168 143
-1.65207 0.00427 0.33867 82 178 226
-0.40687 0.00381 1.04866 11 146 53
0.45504 0.00033 2.35239 160 177 95
-0.20702 -0.00181 0.73769 14 10 6
-0.38126 -0.00088 0.85169 78 130 88
-1.14357 -0.00305 0.07340 225 250 187
-0.28908 0.00131 1.21813 0 177 167
-2.02470 -0.00861 0.43771 203 135 74
-1.95214 -0.00589 0.78323 97 24 168
-2.53695 0.00845 1.99106 188 146 254
-0.04712 0.00300 1.91611 143 114 86
-1.31150 0.00691 1.47744 159 168 252
1.00862 -0.00130 0.68774 80 80 207
-2.49955 0.00308 2.40227 208 236 102
-2.89277 -0.00291 0.34021 6 98 159
-1.87959 -0.00790 0.77251 58 22 124
-1.41565 0.01034 1.97526 38 67 8
0.03129 0.00719 1.56570 183 117 247
-1.80937 -0.00192 1.94955 105 136 250
1.07578 0.00080 0.18687 11 167 5
0.24040 0.00902 1.33024 249 227 255
1.43832 -0.00457 0.69681 141 1 107
1.34771 -0.01066 0.70888 113 5 54
0.64058 -0.00284 2.42476 170 233 228
0.98838 0.00472 1.63856 0 19 0
-1.49081 0.00317 2.39645 17 166 169
-1.18417 -0.00070 1.66672 216 87 82
0.66740 0.01044 1.13498 159 250 128
-0.88595 -0.00291 0.26073 248 213 232
-1.21671 0.00001 0.52614 199 101 169
-2.60671 0.00385 0.55448 83 14 129
-1.59016 0.00744 0.42838 80 137 235
-1.91988 -0.00973 2.36967 76 173 25
-1.24315 -0.00570 1.46426 192 169 247
0.15680 0.00618 1.12495 153 168 11
0.50050 -0.00449 2.41798 232 232 235
-0.91666 0.00182 1.43495 175 108 0
-2.18815 0.00522 0.43543 248 133 169
-2.41904 0.00089 1.81678 233 82 232
-2.23531 0.00024 1.46167 254 170 116
-2.50204 -0.00338 2.42453 201 236 105
0.86333 0.00222 0.85467 10 57 110
-1.66643 -0.00029 1.57105 1 38 14
-0.73183 -0.00653 1.84435 120 20 37
-2.48750 -0.00590 1.81561 213 84 192
0.92031 0.00617 1.83873 3 10 47
-2.89111 -0.00089 0.67723 74 78 90
-2.40919 0.00229 0.99494 233 205 163
-1.51085 0.00096 2.39512 93 243 255
0.65417 0.01850 0.86772 164 132 243
-1.58661 0.00818 0.16779 5 169 78
-1.71110 -0.00145 0.54806 7 15 167
-2.60727 0.00195 1.57255 84 41 71
-1.36229 -0.01241 1.81228 60 9 21
0.12307 0.00036 1.05442 138 143 8
0.70485 -0.00662 0.01937 145 245 187
0.52804 -0.00026 1.31454 138 161 20
0.39385 0.00366 0.04188 172 172 26
-2.86134 -0.00069 0.03600 4 177 74
0.17131 -0.00042 1.90961 157 38 76
-1.09774 0.00525 1.50099 169 72 47
-1.91191 0.00073 0.13215 147 254 188
1.09438 0.00824 1.52298 90 143 77
-0.07539 -0.00741 0.75247 59 10 68
0.71271 0.00869 0.15325 134 247 255
-2.70252 -0.00933 1.12088 124 241 78
-2.29853 0.00124 2.00558 175 73 61
1.12016 -0.00182 2.14917 90 223 93
1.16728 0.00075 1.88157 39 21 162
-1.35075 0.00713 0.34546 66 106 62
-0.26249 0.00043 0.24006 83 232 143
-2.73785 -0.00057 0.38551 110 164 99
-0.38936 0.00489 0.06916 79 249 151
-2.43184 0.00427 2.21916 154 168 4
-0.80440 0.00610 0.30372 233 194 255
-2.82809 -0.00653 1.40545 80 198 144
0.42734 0.00010 1.74570 243 74 226
-1.26811 0.00155 1.46625 183 168 248
1.19203 -0.00442 0.32970 40 114 163
-2.63455 -0.00902 0.06795 149 251 245
1.15243 -0.00133 1.99708 29 66 96
-2.85466 -0.01246 1.27088 83 247 76
1.07575 -0.00014 1.08761 11 159 130
-0.07979 -0.00300 1.44894 52 99 63
-0.33316 0.00361 1.62498 78 95 97
-2.09094 0.00669 1.69232 144 5 123
1.14324 -0.00129 1.96259 32 62 120
-2.77019 -0.00296 1.39206 30 127 110
0.78621 -0.00075 0.01327 108 238 228
1.44681 -0.00227 -0.00771 226 235 198
-1.38800 0.00658 1.95767 52 55 9
0.01338 0.00296 0.79578 169 109 242
0.86041 -0.00133 0.49227 85 115 137
-0.51924 -0.00447 1.41945 113 191 245
-2.92761 0.00678 2.40848 2 165 178
-1.89492 0.00412 1.12387 139 247 118
-0.24993 0.00118 2.29132 7 181 45
-2.29129 0.00322 2.18739 252 237 86
-2.68299 -0.00203 0.99781 132 200 117
1.45795 -0.00319 0.34320 224 175 123
-3.00791 -0.00624 1.87367 4 26 136
-2.88009 0.00233 2.38199 80 251 251
-2.60907 -0.00314 0.12925 164 252 184
0.16621 -0.00043 1.34431 231 224 243
-2.96788 -0.00263 0.71820 77 79 80
-0.10188 0.00093 1.40926 43 124 18
0.93017 0.00247 1.38515 78 209 246
1.06426 0.00076 2.01337 81 161 212
-2.52013 -0.00333 1.71843 195 71 86
-1.90764 0.00061 2.00221 68 80 160
-2.22033 0.00789 0.26562 177 137 175
-0.36283 0.00614 2.32074 1 176 5
0.77964 -0.00556 1.49454 33 78 175
-2.26462 -0.00538 0.38406 175 86 168
-1.04998 0.00621 2.47147 250 210 181
-1.30452 0.00416 0.62685 168 70 196
-0.39877 -0.00639 1.13041 81 249 189
-0.12670 0.00527 2.12622 36 140 13
-0.41635 0.00006 0.71690 85 86 206
-0.67436 -0.00060 0.17619 96 165 173
-0.30221 -0.00413 0.19637 79 244 91
-2.49885 0.00058 1.70538 204 81 100
-2.42886 -0.00051 0.64570 156 1 117
-0.49575 -0.00467 0.46237 104 124 128
-2.11234 -0.01014 1.86450 154 19 23
-0.47948 -0.00181 2.11799 99 212 235
0.37075 0.00466 1.45084 252 174 106
0.63617 0.00426 0.92165 169 164 253
-2.42958 -0.00180 2.20016 157 168 5
-2.63021 0.00496 2.28954 76 175 83
-2.81377 -0.00838 1.22677 91 252 74
-0.84894 -0.00001 2.13065 163 136 11
-2.36587 -0.00387 2.27520 247 255 104
0.71983 -0.00288 2.36782 61 172 133
-1.95743 0.00396 0.20886 165 235 169
-0.98763 0.00844 1.72878 251 76 191
-1.74245 -0.00723 1.45053 14 95 37
-2.11725 -0.00256 0.64271 231 74 109
1.24396 -0.00441 0.29500 140 203 252
-2.68087 -0.00364 0.10584 133 249 250
0.29695 0.00261 0.64175 255 78 240
-1.85297 -0.00584 1.97704 124 139 248
-2.54089 -0.00619 0.76652 114 22 107
-2.23980 0.00989 1.29486 255 244 96
-1.28025 0.00520 1.60882 93 23 109
-0.07265 -0.00353 0.23225 137 224 254
0.08751 0.00710 1.62621 121 16 116
-2.46935 0.00511 0.72320 142 13 78
-1.11517 -0.00079 2.46621 239 222 128
-2.47169 -0.00059 0.81353 211 117 96
-2.16013 0.00209 0.73823 241 83 148
-1.95930 -0.00136 1.37798 88 136 164
1.21318 -0.00060 2.46673 127 216 255
-1.74170 -0.00655 2.08493 14 119 101
-2.14191 0.00398 1.79157 155 0 88
1.42921 -0.00474 0.34320 215 181 146
0.12058 -0.00486 1.82754 139 7 1
-1.06502 -0.00515 2.15780 170 152 45
1.30508 -0.00153 1.86574 164 93 150
0.86529 -0.00225 1.46629 88 172 242
1.18702 0.00862 0.43398 117 135 246
-0.12694 -0.00106 2.22530 40 166 90
-1.85422 -0.00021 0.89601 128 155 98
0.67811 0.00001 0.85016 152 129 251
0.70127 0.00005 0.26090 141 221 226
-0.06797 -0.00104 0.49609 58 29 32
1.40330 0.00074 1.77819 205 77 145
-1.17267 0.00412 1.40094 142 122 166
-1.24564 0.00413 1.54156 190 134 205
0.96831 -0.00098 1.00899 0 135 10
-1.43529 0.00753 1.22081 110 254 79
1.36176 0.00066 2.34851 119 175 170
1.07567 0.00020 2.09907 84 203 150
0.01200 0.00572 0.81825 96 38 165
1.06931 -0.00418 1.26645 90 250 236
-2.32973 0.00142 0.59510 252 81 152
0.09004 -0.00181 2.20496 205 245 255
0.41291 0.00298 0.27993 245 217 154
-1.81135 0.00811 0.80045 31 32 58
-2.29446 -0.00288 0.38068 181 88 177
-2.96851 -0.00426 1.05939 4 154 181
-1.34533 -0.00792 1.86909 64 18 1
-0.33856 0.00070 2.28310 2 175 0
-0.16472 -0.00268 0.98135 100 189 242
-2.09594 0.00206 1.51877 225 144 246
0.28077 0.00169 1.48426 251 157 152
-1.72646 0.01101 0.24555 90 227 110
0.94485 0.00786 2.17652 78 235 192
-0.17554 0.00003 1.76378 99 77 255
1.31698 0.00592 1.12288 173 246 165
-1.15776 0.00292 0.55522 147 12 160
-2.07156 0.00218 0.08308 139 177 163
0.02359 -0.00128 2.47563 96 141 54
0.33570 0.00147 0.37132 179 91 99
-0.06862 -0.00663 0.86842 140 138 239
-1.86918 -0.00199 2.07435 55 120 172
-2.23347 -0.00706 1.39400 253 204 81
0.24549 -0.00150 1.48748 249 152 170
-2.62219 0.00339 1.48318 77 86 155
-1.39982 -0.00435 1.50635 125 154 243
-1.13898 -0.00418 1.32306 158 157 172
1.50287 0.00186 0.33866 241 183 105
-1.58255 0.00038 1.29052 79 241 117
0.59010 -0.00742 1.54858 108 59 121
-0.41445 0.00726 1.77169 15 2 54
-0.60959 0.00179 1.38968 149 209 221
-0.57558 0.00088 2.43159 62 157 22
0.14889 0.00269 0.75101 222 90 255
0.95001 0.00299 1.48566 75 158 173
-0.33140 -0.00072 1.24829 0 173 173
-1.04183 -0.00055 2.10515 176 131 72
-2.64032 0.00153 0.14544 152 253 198
-2.55483 -0.00961 1.11480 184 244 136
-1.64659 0.00776 1.89279 81 102 244
0.73837 0.00472 0.35271 129 175 140
0.48691 0.00548 0.36052 226 169 252
-2.89904 0.00056 1.65325 1 17 174
0.05411 -0.00695 1.35959 192 220 174
-2.01428 0.00220 2.19701 189 236 255
0.30961 -0.00302 1.59675 250 104 78
-2.30811 -0.00148 1.09738 173 163 181
-0.77410 -0.00008 1.41166 215 195 120
-0.44204 -0.00113 1.92866 11 45 152
0.76124 0.00069 1.15682 117 255 70
-0.14593 0.00628 1.75586 106 77 252
-1.24790 0.00169 0.14927 116 173 137
1.29968 -0.00422 1.15410 163 249 167
-0.58582 -0.00707 1.14981 64 169 6
-1.46805 0.00842 0.95447 24 109 174
-1.95130 -0.00848 1.00360 168 202 90
-0.15167 -0.00220 0.70379 30 2 0
-1.69872 -0.00061 1.12273 81 246 246
1.08693 -0.00426 0.60555 91 80 209
0.12130 -0.00214 1.40499 214 203 246
0.15586 0.00149 1.26604 230 253 176
-1.78609 0.00641 0.70086 25 2 115
-2.32511 0.00994 0.27980 178 137 129
-2.62014 0.00097 1.24813 78 178 110
1.16972 0.00575 1.87527 40 22 159
-0.34902 -0.00276 1.45248 0 95 46
-0.06952 -0.00374 1.54715 53 62 127
0.10254 0.00308 2.45744 127 145 15
-1.37861 -0.01132 0.67788 134 74 157
-0.93434 -0.00538 0.27181 252 217 196
-1.83555 0.00170 0.94426 113 177 79
-2.41579 0.00336 0.36311 235 170 201
0.23137 -0.00365 0.74404 249 84 230
1.38752 0.00170 0.65219 130 0 47
-1.82533 -0.00449 0.11262 111 255 135
-2.09080 0.00357 0.51140 225 107 72
-0.66994 -0.00071 0.62058 170 76 123
-1.89040 0.00275 0.99855 141 205 73
-2.40349 0.00273 0.73511 163 10 37
-1.96672 -0.00197 1.54084 99 60 147
0.92309 0.00009 1.14944 2 172 65
1.46453 0.00091 1.66219 230 87 176
-1.52392 0.00703 0.93441 6 94 159
-1.35361 -0.00986 2.47664 62 133 38
0.64310 -0.00315 0.92614 172 166 254
-2.77765 0.00316 1.13634 96 245 92
-1.11382 -0.00739 0.79024 161 31 65
0.18896 -0.00308 0.80538 155 36 145
0.20699 0.00074 0.27959 165 136 7
-0.02842 -0.00152 0.47714 81 42 25
-2.65457 0.00436 1.75196 138 75 79
-1.35012 -0.00238 1.37970 145 212 193
0.05436 -0.00194 0.33196 112 108 58
1.39512 -0.00167 0.55709 126 13 10
-0.73298 0.00950 1.20851 195 251 81
-0.49276 0.00218 0.05222 26 175 154
0.88358 0.00211 1.11386 8 172 16
-2.22925 0.00419 0.31267 171 121 172
-0.02473 0.00014 0.61265 80 4 15
-1.93049 0.00375 0.50353 74 24 68
-1.09108 -0.00483 1.71842 244 75 117
-0.27169 0.00288 1.67656 71 81 154
-1.96488 0.00087 2.03607 99 91 129
-0.23556 0.00452 1.08114 89 233 253
-1.70792 0.00043 0.53122 11 18 171
-1.86728 0.00620 1.94993 142 132 227
0.30915 0.00585 2.20021 255 240 117
1.05399 -0.00113 2.22925 81 247 80
-0.78602 0.00166 2.29961 215 254 239
-2.29563 0.00047 1.57758 255 115 144
-0.96902 -0.00035 0.65018 180 1 63
0.57244 -0.00044 2.37498 120 170 173
-2.22591 -0.00899 0.31910 177 114 176
-2.15318 0.00340 0.48015 239 116 110
0.95268 -0.00031 1.50413 76 146 161
0.32167 0.00066 1.92425 179 37 175
0.05895 0.00489 0.03021 112 166 147
1.27737 0.00137 1.47162 70 92 38
0.36227 0.01074 0.16780 177 170 2
-2.18157 0.00007 1.88502 169 27 54
1.43033 0.00684 1.48944 140 85 166
1.30504 0.01259 0.98070 169 194 255
-2.38081 0.00852 1.27113 241 250 208
-0.05449 -0.00074 1.00515 147 203 237
-1.92973 0.00104 2.00728 88 83 137
-1.73345 -0.00037 0.95727 85 176 106
0.29261 -0.00228 2.04913 255 175 240
-2.93518 -0.00163 1.23745 74 249 123
-0.49624 0.00053 0.96811 29 114 7
1.35130 -0.00107 2.25608 105 181 164
-0.06996 -0.01200 1.38433 60 134 25
-1.73847 0.00531 1.64467 87 92 95
1.48226 0.00499 1.27756 158 170 65
-1.68775 0.00308 2.00958 1 87 107
-1.79731 -0.00724 1.81060 102 79 175
-1.50451 -0.00375 0.03290 11 175 46
-1.06594 0.00015 0.60487 164 1 171
-2.00663 -0.00226 0.97855 115 114 78
-2.75903 0.00712 1.66209 100 94 216
0.20135 -0.00488 1.95746 164 55 131
-2.56666 -0.01170 2.40619 176 234 76
-0.69037 0.00795 1.98792 105 68 15
-2.21552 -0.00480 2.19223 249 237 151
0.92863 -0.00257 1.44937 82 179 219
-0.70310 -0.00045 2.06358 188 182 127
-0.48646 -0.00469 1.56159 104 124 145
0.08723 0.01157 1.84337 130 11 0
0.54939 -0.00243 0.76901 127 23 34
1.31374 0.01237 1.39451 90 122 20
-2.06735 -0.00158 1.99099 140 70 29
-1.25851 -0.00176 1.08641 106 163 0
-1.28313 0.00278 2.23713 171 248 233
-1.32238 0.00215 1.59553 82 26 141
0.12005 -0.00371 1.58682 216 109 206
-0.23317 0.00175 0.50332 6 28 152
0.72934 0.00088 1.00059 128 202 179
0.50681 0.00144 1.62557 220 96 194
1.08357 -0.00420 1.82048 13 7 166
0.95663 -0.00051 0.46935 76 119 190
0.90670 0.00721 0.57957 81 83 231
-2.45842 0.00224 1.80413 222 79 204
-1.83468 0.00362 1.86361 121 93 193
-1.39887 0.00332 1.27126 124 248 84
-2.73825 -0.00235 1.85982 114 93 77
0.77531 -0.00845 0.04863 116 251 237
-2.39112 0.00125 1.91842 163 38 174
-0.10912 0.00197 0.80634 118 112 161
-1.72823 0.00242 1.67416 90 84 123
-2.60898 0.00078 0.01076 157 245 254
0.76411 0.00566 0.75262 47 14 156
-0.11016 -0.00012 1.24583 50 171 20
-2.15708 0.00154 1.62364 171 22 178
1.17622 -0.00076 2.23113 115 249 95
-0.45310 0.00512 0.53575 91 94 224
-0.42933 -0.00915 1.41916 86 191 217
-2.91173 0.00346 0.69247 69 80 92
-2.88581 0.00236 1.30898 77 236 74
-2.59262 0.00306 1.27971 88 167 151
-1.25268 -0.00204 0.52539 183 95 142
-0.50795 0.00908 1.94709 32 47 112
-0.63066 0.00009 0.56459 150 84 121
0.70358 0.00024 2.45209 144 220 148
-2.24523 -0.00923 0.15576 183 178 90
-0.67537 -0.00358 1.03523 101 137 88
0.82371 0.01426 0.32539 23 113 20
-2.76238 -0.00083 0.97304 100 191 190
-0.68946 -0.00128 0.88062 102 71 171
-1.80589 -0.00384 1.73955 107 76 116
1.35063 -0.00020 1.08021 188 239 178
-2.59206 0.00510 2.11497 92 133 170
-1.39030 0.00078 2.32556 124 253 244
-2.33168 -0.00091 1.23269 255 248 209
-1.18624 0.00129 2.13203 140 139 159
0.46723 -0.00132 0.13411 229 253 100
-2.75569 0.00672 0.67567 32 0 109
-1.13609 0.00152 1.36740 155 142 167
0.82117 -0.00462 0.53557 100 102 129
-2.07154 0.00073 2.06395 212 183 160
0.89779 -0.00348 2.37241 79 248 88
-2.77491 -0.00028 0.20303 102 239 243
-2.29050 -0.00027 2.12618 251 214 79
0.42798 0.00068 1.35848 166 144 57
-2.06115 0.00013 1.72593 134 0 68
-2.53862 -0.01082 0.16712 194 248 108
-0.54995 0.00317 2.46196 50 142 0
-1.19773 0.00009 1.02237 205 211 79
-1.77447 0.00523 0.09649 93 255 103
-2.89271 -0.00251 2.23174 76 250 190
-2.94491 0.00202 1.73744 0 0 174
-1.46804 -0.00354 0.64664 99 79 86
-1.31503 0.00519 0.46292 156 115 82
-2.79909 0.00374 1.58474 92 110 253
-1.44543 0.00114 0.96382 26 105 180
1.16446 -0.00595 0.63964 113 77 115
-0.69807 0.00129 1.26665 187 249 80
-1.47486 0.00177 0.79777 21 29 115
0.44157 0.00345 2.07032 162 114 42
0.26507 -0.00281 1.76589 178 0 33
0.41641 -0.00174 0.57958 169 1 124
-0.28796 -0.00485 0.96992 79 181 150
-2.87171 -0.00480 0.59911 81 78 74
-2.66552 -0.00841 0.98701 137 201 104
0.85298 0.00555 2.37480 95 248 109
0.89022 -0.00014 0.14824 8 176 104
-1.17535 0.00044 1.10161 213 244 106
1.11887 -0.00294 0.98510 22 120 93
-0.10385 0.00746 0.56373 47 8 9
0.46746 -0.00450 1.06587 231 225 243
-0.93889 0.00743 2.48022 254 210 251
-1.28001 0.00203 2.17247 179 238 253
-1.23351 -0.00040 1.22074 193 255 155
-1.54419 -0.00346 0.20794 8 161 144
-1.73005 0.00523 1.88426 85 105 252
1.31432 -0.00558 2.36932 95 176 173
-2.06890 0.00617 1.41760 215 191 205
-1.14411 -0.00699 2.07766 148 111 166
-0.87363 0.00488 0.31728 244 198 252
-0.93169 -0.00080 1.65498 249 93 177
-2.19856 0.00097 1.36739 249 224 81
-1.35928 0.00753 1.73132 63 4 67
-0.96441 0.00210 2.30083 172 180 42
-1.31885 0.00451 1.90473 83 30 18
-2.57919 -0.00753 1.27170 98 171 154
-2.68318 -0.00231 0.09883 134 252 248
0.85418 -0.00361 0.95191 13 105 39
-2.10265 0.01349 0.54521 226 90 75
-1.42353 0.00346 2.15017 117 232 185
1.36402 -0.00857 0.02714 191 247 152
-1.17182 0.00139 0.69047 136 0 173
-1.62576 0.00750 0.23917 79 230 170
-2.04069 -0.00098 1.60188 203 109 234
-0.77608 0.00550 2.31878 218 253 249
-0.13110 -0.00186 2.12375 40 137 17
-0.42020 -0.00886 0.42784 84 145 168
-0.93826 0.00078 0.97391 254 193 198
-2.59285 0.00650 0.63981 90 0 174
-0.67226 -0.00415 0.52457 175 96 81
-2.06383 -0.00021 1.06563 136 152 52
0.30223 -0.00367 0.32474 171 111 32
1.14425 0.01006 1.05615 26 153 151
0.92827 -0.00384 0.77684 76 103 191
-2.63203 0.00254 1.55923 66 48 110
-1.39151 0.00684 2.05311 130 177 137
-1.86814 -0.00230 1.61056 126 104 100
-2.86845 -0.00975 1.35540 78 223 88
1.49581 -0.00314 0.13168 232 253 247
-1.92276 0.00283 1.56412 76 46 90
-2.40340 -0.00506 0.79906 163 28 8
-0.05267 -0.01164 2.33595 69 178 176
-2.20687 -0.00432 0.69148 248 76 95
-1.94974 -0.00328 0.29659 160 201 97
-2.67751 -0.00287 0.95570 133 185 146
-0.25177 -0.00459 1.04122 86 225 243
0.16298 0.00160 2.22950 234 247 208
0.01621 -0.00899 1.60239 95 28 169
-1.70890 -0.00132 0.99952 82 198 155
-0.11876 0.00103 0.43749 42 59 113
1.03153 0.00360 0.18192 0 169 0
-1.87712 -0.00256 0.99814 137 199 73
-2.02303 0.01151 1.03543 119 137 33
0.66950 -0.00159 2.03520 77 94 24
-1.50772 -0.00099 1.80935 11 3 120
1.07900 0.00253 2.30599 89 253 91
0.54663 -0.00064 1.88672 209 103 181
-2.47782 0.00579 2.31889 139 180 0
-2.81459 0.00530 2.01175 89 158 96
0.57690 0.01137 2.29189 119 176 150
-0.98114 -0.00152 0.65857 177 0 63
-2.64618 -0.01009 0.46050 66 47 26
0.97913 0.00022 0.10278 0 182 72
-2.91025 -0.00495 1.87044 0 20 78
0.20650 -0.00848 1.67053 164 12 8
-0.65160 0.00931 1.33169 164 232 151
-0.69698 0.00382 1.46604 186 170 214
0.75928 -0.00414 0.70047 43 4 136
-0.03330 0.00330 1.68748 151 80 236
-0.20102 -0.00672 0.49577 17 29 138
0.89856 -0.00605 1.13193 3 168 47
1.14188 0.00951 1.29715 100 241 177
-0.14628 0.00418 0.33571 107 184 250
1.08166 -0.00337 2.47849 12 138 133
-0.82830 -0.01059 0.90598 233 154 224
-2.55490 -0.00621 2.10919 113 128 152
-2.92241 0.00279 0.65814 77 79 73
-2.82962 -0.00111 0.13313 12 176 159
1.31713 -0.00471 1.00286 172 199 249
-2.37554 0.00007 0.83604 166 44 3
-2.76019 -0.00107 1.91630 104 115 85
1.36688 0.00725 1.31320 121 164 8
-1.17960 0.00069 1.77056 214 73 89
1.30096 0.00085 2.26330 91 177 141
-0.18442 -0.00004 0.57951 19 11 48
-1.64402 -0.00424 1.14888 78 248 253
-0.77268 -0.00301 0.99250 135 124 166
-1.34249 -0.00265 1.29317 150 242 124
1.26171 0.00394 0.75649 72 12 19
-1.25010 0.00067 1.77855 109 0 1
-0.51316 -0.00454 2.41774 34 162 7
-2.76310 0.00151 2.36207 34 170 122
-2.94818 0.00302 2.42698 0 160 176
-0.85616 -0.00199 0.42815 163 52 142
-1.80510 0.01005 0.70376 33 2 131
-1.24921 0.00663 0.77168 181 97 253
-1.30424 -0.00042 2.38895 163 244 142
0.21218 -0.00467 2.33121 240 250 99
-2.29118 0.00216 1.36799 253 218 86
1.32426 -0.00189 1.90204 175 109 111
-2.67447 0.00071 1.37075 55 135 162
-1.95099 -0.00159 1.63778 164 89 140
-2.36266 0.00477 0.02669 169 170 19
-1.02030 0.00190 2.10234 177 126 58
-2.56851 0.00499 2.15898 106 151 131
-2.40027 0.00116 2.03309 157 98 102
-1.22138 -0.00418 2.00199 196 153 219
-2.97665 -0.00311 1.79198 0 0 177
1.05354 0.00083 1.56687 84 127 82
-2.44818 -0.00358 1.93746 225 123 250
-1.64291 0.00653 0.38752 70 152 255
1.08587 0.00348 2.35629 95 248 131
-1.21263 0.00009 1.86458 124 15 52
-0.94049 0.00466 1.01976 251 207 233
0.49836 0.00229 0.35603 222 180 248
-0.66423 0.00864 2.41586 95 162 94
-1.86097 -0.00232 1.32639 47 158 177
0.36951 -0.00231 2.01562 254 162 216
-2.27661 0.00184 0.46541 254 120 209
0.89817 0.00312 1.06696 3 155 5
-1.34089 0.00727 2.13079 152 216 233
-0.96906 -0.00035 1.33406 180 155 79
0.31420 0.00360 2.07140 255 193 214
-2.04799 0.00207 2.20414 203 241 250
0.51339 0.00257 2.30531 145 178 97
-2.19774 0.00666 1.18988 246 251 121
-1.50094 -0.00121 2.20964 94 243 169
-1.30929 -0.00101 0.21674 81 159 122
-2.74901 -0.01004 0.67282 27 0 103
-1.38808 0.00578 1.05684 45 150 72
-2.51155 -0.00246 2.28490 128 180 12
-2.95821 0.00415 2.19445 79 237 97
-0.85748 -0.00661 2.10873 158 132 6
1.03654 0.00242 0.15213 5 179 2
-0.73952 -0.00401 2.13228 206 213 150
0.67363 0.00392 2.01900 80 88 11
-1.18166 0.00017 0.47935 133 41 76
-0.56613 0.00224 1.91230 54 38 49
-2.50441 -0.00823 0.34474 205 186 111
-0.31672 0.00174 0.06636 70 253 93
-2.78279 0.00653 1.60283 19 28 175
0.48533 -0.01182 0.00143 231 242 79
0.21367 0.00164 2.37629 246 242 79
0.20329 0.00054 0.86210 161 59 63
-2.99050 0.00019 0.39147 5 77 176
-1.17276 0.00218 2.08390 143 121 174
-1.66688 0.00598 0.96622 80 181 164
0.76983 0.00348 2.08321 40 116 122
0.33532 0.00017 0.75681 255 89 130
-1.88521 -0.00350 1.68411 136 82 80
-0.08199 0.00160 2.04106 57 95 5
-2.12709 0.00591 1.61087 156 25 173
-1.80864 -0.00787 1.78753 112 79 143
-2.26449 0.00054 1.81130 176 8 157
-2.86456 0.00176 0.38998 7 76 105
0.00831 0.00619 0.90770 90 80 175
-0.12043 0.00322 0.40922 39 65 137
-0.51825 0.00113 2.15320 114 220 247
0.05334 -0.00398 1.68038 109 7 99
-0.79723 0.00297 1.94559 151 45 19
0.71131 0.00034 1.95000 140 133 82
0.70260 0.00167 2.48414 145 214 135
-1.74458 0.00613 1.88022 86 97 251
-2.62520 -0.00076 1.88146 152 102 139
-0.36690 0.00703 2.28224 1 178 3
-2.84143 0.00859 1.03978 9 145 129
-1.68134 0.00469 0.62704 4 1 91
0.68040 0.00257 1.98751 151 141 83
-2.83738 0.00087 1.83423 7 14 39
-2.27762 0.00153 0.74885 255 94 83
-0.72954 0.00377 1.73022 122 0 131
0.52889 -0.00124 2.02188 143 90 18
-0.48904 -0.00003 1.27206 106 251 226
-0.02817 -0.01008 2.29665 77 180 175
-1.08047 0.00927 0.15386 241 249 87
-0.54328 -0.00137 1.49770 119 156 233
-1.11105 0.00340 0.15241 237 247 106
0.90750 0.00887 1.67119 4 5 5
-1.60211 -0.00068 1.98790 79 147 143
-2.49857 -0.00794 1.76946 207 73 143
-0.06288 0.00164 1.78701 140 76 194
0.13204 -0.00332 2.28255 217 248 198
-2.69421 -0.00151 0.21709 134 232 185
0.28306 -0.00235 1.63424 176 16 0
0.84156 -0.00427 1.68591 17 5 29
-2.53599 0.01089 1.77647 193 75 121
-0.81588 0.00176 1.55739 154 41 124
-2.41038 0.00299 2.43011 239 233 172
-1.72149 -0.00204 0.31004 86 201 162
-1.11727 -0.00392 1.69110 234 80 83
1.49507 0.00608 0.68508 163 1 144
-0.78138 0.00463 0.31539 145 119 169
-2.67093 -0.00463 2.09643 61 123 167
0.30888 0.00045 1.55459 247 119 84
-0.52010 -0.00310 1.43133 115 190 247
-2.66462 0.00062 1.92841 144 126 152
0.60970 0.00271 0.51706 104 24 30
-0.80560 -0.00566 2.35910 152 169 176
-1.32486 -0.00178 1.62740 71 16 128
-0.56715 -0.00820 2.40986 58 163 32
-1.32131 -0.00281 1.25613 163 246 133
0.67922 0.00398 2.07159 71 109 52
-0.57409 0.00295 0.61477 135 77 198
0.21646 0.00307 2.01629 245 163 251
-0.05346 -0.00821 2.05348 68 106 21
1.43227 -0.00063 1.90339 222 108 75
-2.85688 0.00315 1.55350 83 126 237
-2.32943 -0.00902 0.88833 180 80 65
-0.16067 0.00091 0.93545 102 172 224
-2.56535 0.00495 1.87573 175 101 170
1.10864 -0.00034 0.74142 94 87 95
-1.89145 -0.00456 1.00660 144 205 76
-1.58088 0.00848 0.33894 2 104 174
1.21729 -0.00354 0.95286 128 183 218
0.13232 0.00198 1.40098 217 206 250
-2.89925 0.00429 1.09121 0 163 132
-0.61979 0.00062 1.82634 73 8 0
-1.49777 0.00146 0.31393 18 117 170
-1.91991 -0.01087 2.17922 71 156 155
-2.86742 -0.00479 0.15556 0 177 147
-0.59013 0.00182 0.10276 61 178 170
-1.99762 0.00282 2.28881 182 254 216
0.62829 -0.00321 1.47246 97 85 87
0.99780 0.00073 1.41330 79 192 193
-0.37114 -0.00844 1.01682 80 208 125
-2.20232 0.00141 1.80107 173 0 135
-1.16323 -0.00115 1.29520 148 166 174
-1.97512 -0.00134 0.32695 173 188 88
-0.41404 0.00507 0.80408 6 27 59
-1.38024 -0.00059 1.00733 57 127 104
-1.72605 -0.00259 1.11561 85 247 228
-0.36447 -0.00381 0.46106 0 49 153
-1.97932 -0.00001 2.03116 100 97 128
-1.53801 -0.00562 0.27781 11 136 177
-0.41812 0.00900 1.91133 8 35 148
-1.50600 -0.00314 1.94050 20 53 8
-1.52643 -0.00684 1.29594 88 241 87
-2.71059 -0.01029 0.64901 44 0 125
-2.73131 -0.00398 2.40905 117 238 135
0.73057 0.00040 1.08466 128 238 106
-2.81398 0.01212 1.87868 14 22 8
-1.41072 0.00175 0.00730 47 164 85
-1.25906 0.00326 0.37517 109 85 1
0.40892 0.00006 1.09301 250 240 235
-1.20272 0.00858 1.76656 129 0 0
-1.09550 -0.00675 2.44235 241 225 128
-1.00896 0.00677 1.66575 252 82 138
-2.97219 0.00242 1.47378 78 164 97
0.05678 0.00608 2.07624 196 188 189
-2.03358 0.00652 0.76968 200 94 252
1.36659 0.00425 1.72996 197 75 196
0.26786 -0.00173 1.14705 174 174 95
0.58383 -0.00433 0.75035 118 14 42
-1.75704 -0.00386 0.83020 95 125 85
-0.99382 -0.00664 0.04814 255 249 95
-0.46201 0.00530 0.67772 90 79 249
0.94672 0.00089 1.60863 0 26 18
-1.96495 -0.00290 2.43407 173 228 94
-2.80648 0.00416 2.17742 20 157 146
-0.82113 -0.00092 1.19387 232 255 152
-1.18057 -0.00057 0.96728 209 181 80
-0.93098 0.00497 1.48370 181 87 3
0.89556 0.00144 1.20435 85 255 160
-2.72315 -0.00844 0.95869 110 180 176
-0.01253 -0.00252 1.50440 84 73 160
-1.07452 -0.00200 1.30150 172 160 172
-0.31618 -0.00846 0.42697 0 69 158
0.82017 -0.00555 1.21845 97 253 125
-1.66010 -0.00111 2.33283 0 179 74
-2.57216 0.00211 1.33533 102 156 179
-1.21624 0.01228 2.00935 196 157 228
-0.98646 -0.00748 2.31016 174 177 46
0.16839 0.00344 0.03505 160 170 173
0.63723 0.00561 2.00928 98 85 6
-2.43579 -0.00595 1.64198 235 93 101
-2.62527 0.00289 0.43053 81 61 25
1.34526 -0.00420 2.23027 109 170 138
1.49002 -0.00028 2.11043 162 131 157
-1.83625 -0.00051 0.64287 40 0 171
-2.66251 0.00235 0.36273 143 179 79
-0.12243 0.00622 0.50050 34 33 66
0.34339 0.00743 2.47043 180 143 101
-0.96289 0.00189 1.16131 253 254 251
-1.98393 0.00734 0.11852 178 255 238
-2.17384 -0.00335 1.55558 242 127 227
0.04706 -0.00027 0.04070 112 170 150
-1.44026 -0.00640 1.35948 110 222 106
-2.49195 -0.00715 1.05044 212 218 124
-2.19348 0.00544 0.28982 171 135 176
1.10814 -0.00036 0.32774 15 114 119
-0.92356 -0.00420 0.89132 255 149 141
0.51466 -0.00384 1.75955 223 75 254
0.81074 -0.00455 0.23029 26 150 85
-1.56487 0.00560 1.05683 5 150 181
0.40254 0.00163 2.10377 170 125 39
0.54612 0.00014 0.23415 208 227 236
0.37899 0.00188 0.23162 175 151 30
-1.19719 -0.00675 0.48295 207 106 157
1.40681 0.01174 1.68832 210 80 204
-0.33581 -0.00551 1.16289 78 247 246
0.80671 0.00244 0.74367 106 85 253
-0.65632 -0.00460 1.67409 93 4 115
-1.53886 -0.00282 0.99301 5 116 178
-1.27318 0.00088 1.64760 101 13 72
-1.75699 -0.00147 0.02410 96 244 154
0.47457 -0.00189 0.78488 154 28 6
1.37608 0.01085 2.11557 121 139 88
-2.86068 -0.00070 1.05463 7 152 135
-1.69483 0.00877 0.82377 79 116 81
-1.67813 -0.00680 0.39313 81 166 241
-2.36163 -0.00063 1.76957 172 0 158
0.36499 -0.00467 0.87262 179 60 0
-2.72572 -0.00531 0.02890 116 249 242
-2.36049 0.00068 0.61155 254 74 160
-0.48702 -0.01041 1.20227 105 253 171
1.22871 0.00216 1.68273 142 86 243
-0.28487 -0.00253 1.08650 77 235 233
0.83320 -0.00847 2.39629 94 242 109
0.09759 0.00119 1.83272 134 6 0
1.05315 0.00015 2.39149 81 241 136
0.65337 0.00514 0.83759 163 124 226
0.38369 -0.00863 1.22877 251 255 246
-2.26848 -0.00074 2.31008 255 253 200
-0.21508 0.00090 0.66637 10 2 20
0.35425 0.00495 0.55335 255 90 250
0.52494 0.00185 1.00939 219 208 244
0.73028 0.00301 2.22853 55 174 177
-0.65409 -0.00316 1.65195 89 14 130
-1.58766 -0.00061 0.42816 77 138 235
-1.45624 -0.00303 1.27729 115 249 77
-0.12603 0.00304 0.24459 116 221 247
-0.64252 -0.00051 0.76846 158 100 248
-0.08239 -0.01095 1.68204 127 83 252
1.18067 -0.00688 1.78701 37 2 176
1.40666 -0.00414 1.24454 133 177 1
0.71776 -0.00094 1.26532 55 171 16
0.20691 -0.00212 1.58090 239 110 129
-1.06020 0.00510 2.35148 173 171 14
0.69681 -0.00299 1.26997 77 170 1
-1.39153 0.00193 2.29717 124 255 255
-0.08571 -0.00042 1.27584 52 169 3
1.08805 -0.00466 2.45588 11 145 118
-0.38548 0.00127 1.16500 79 253 230
-1.28590 -0.00787 0.92607 89 88 102
-2.17325 0.00238 1.17839 167 171 57
0.11685 0.00621 0.23121 140 154 83
-1.00650 -0.00208 1.87202 255 95 255
-2.35974 -0.00482 1.14996 170 175 181
-1.22317 0.00290 1.49417 195 155 227
0.86924 -0.00178 0.13938 11 175 122
1.15787 -0.01009 0.11361 27 178 7
1.10997 -0.00406 0.69097 99 80 125
-2.94874 -0.00568 0.68643 72 81 77
-1.42940 0.00466 1.50943 109 149 222
-1.66919 -0.00455 0.98818 78 195 181
0.20910 -0.00271 1.13056 164 172 41
-2.16638 -0.00222 1.59332 162 29 172
-2.05426 0.00107 0.72085 203 81 221
0.92865 -0.00889 2.21787 77 247 170
-0.82494 -0.00010 0.09419 233 255 143
0.54271 -0.00272 1.38593 135 130 0
0.02410 -0.00517 1.43392 175 192 204
-1.30161 0.00260 2.03854 165 172 188
0.90766 0.00477 0.67384 82 77 254
1.05075 0.00287 0.42314 80 148 214
1.26184 0.00070 2.37655 71 175 170
-1.41911 0.00667 0.07330 42 178 131
1.34957 0.00250 2.24161 109 172 157
-0.60697 0.00765 0.96306 67 111 86
-2.76861 0.00162 1.62197 96 100 236
-1.18782 -0.00333 1.53300 141 56 78
0.90993 0.00479 2.33061 79 253 98
-0.70035 0.00517 1.30936 191 239 99
-2.50860 -0.00186 0.04759 198 251 184
-0.46799 0.00906 1.51368 96 151 164
-1.27133 -0.00282 1.59061 178 111 197
0.64866 -0.00028 2.11373 86 125 51
-1.34795 0.00135 0.23959 69 150 140
-0.05217 -0.00373 0.51219 67 21 9
-1.86674 -0.00072 0.84200 138 126 156
-1.87233 -0.00606 1.28445 57 166 167
-2.74708 0.00500 1.21649 33 180 13
-2.62768 -0.00079 1.85964 158 90 114
-2.24835 0.00117 1.31405 252 238 86
-2.60222 0.00066 1.12128 163 244 109
-1.43828 0.00345 1.62702 29 21 180
0.42023 0.00044 2.10882 170 125 29
-2.06735 -0.00268 0.53964 212 94 83
0.71798 0.00184 2.12104 60 136 126
-2.14930 0.00086 0.33016 162 110 144
-0.66655 0.00267 0.11170 95 176 177
-2.21059 -0.00787 0.33592 178 107 173
-1.00484 -0.00164 2.48142 250 213 218
-2.78862 -0.00475 0.48672 15 40 1
-2.01067 0.00255 1.02102 112 139 44
1.46819 0.00259 2.15765 153 150 176
-0.47646 0.00064 0.81383 17 36 84
1.02896 -0.00601 2.18028 85 231 120
-1.31412 -0.00583 0.47959 159 117 81
-1.40744 0.00006 1.19832 46 178 0
-1.66902 -0.00351 1.78592 79 79 239
-2.81695 0.00598 1.94854 6 51 1
-0.73998 -0.01178 2.31554 198 253 252
0.19615 0.00242 0.60320 236 81 231
-0.29387 -0.01406 1.82788 74 82 250
-1.05363 0.00243 0.15032 244 253 76
-2.12609 -0.00704 1.45630 232 173 191
0.32277 -0.00050 0.68369 254 75 213
0.14743 -0.00211 2.19084 227 243 235
-1.16227 0.00183 2.16590 144 152 120
-2.26975 0.00539 0.71870 251 80 79
0.58339 0.00627 1.09669 191 238 210
1.06894 0.00742 1.10583 6 167 151
-0.06636 -0.00331 0.86673 141 137 238
-0.87048 0.00327 0.46366 170 49 129
1.05156 -0.00785 0.62840 82 81 212
-1.63029 -0.00206 0.47985 0 35 156
-0.80077 0.00440 2.38923 144 163 178
1.50017 -0.00300 0.51467 164 21 27
-2.15955 0.00329 0.40204 239 146 170
0.09659 0.00505 0.60789 198 80 157
-0.91408 -0.00468 0.57964 173 2 77
0.48989 -0.00394 0.42759 157 56 166
1.47625 -0.00117 1.49679 161 73 175
-0.37571 0.00447 0.06796 76 253 128
0.31593 0.00217 1.80819 178 4 112
-1.28809 -0.00462 2.30423 171 250 190
-1.85476 -0.00092 1.20411 53 176 129
-0.17440 0.00218 0.33828 98 181 252
-2.12390 -0.00922 0.17803 155 171 181
0.14198 0.00851 1.44207 222 177 255
-0.94267 -0.00177 1.10096 255 240 254
-2.78830 -0.00796 1.86063 99 99 83
-1.65145 -0.00979 2.23760 2 171 7
1.13423 0.00318 1.23428 99 254 225
1.11079 0.00089 2.04278 94 176 174
-0.33400 0.00230 1.72539 72 77 153
-1.30655 -0.00372 1.58371 167 116 219
0.07543 0.00720 1.71696 122 5 53
-2.85945 -0.00293 1.35059 82 223 90
0.20323 0.00037 0.67260 236 78 252
-0.59639 0.00075 1.82279 62 11 2
0.27770 0.00402 1.43669 248 182 186
1.43547 -0.00212 2.21076 145 170 178
0.09312 -0.00464 0.90503 125 73 138
1.06824 0.00810 0.91412 6 86 17
-1.17916 -0.00002 2.25167 141 168 71
1.25547 -0.00334 0.31638 145 197 255
1.45322 -0.00928 1.90582 231 105 79
1.02336 -0.00431 0.58981 83 84 250
-2.64612 -0.00699 0.84694 153 129 195
-2.64862 -0.00134 0.34869 143 177 77
0.78675 -0.00663 2.44478 113 221 105
0.56690 0.00822 1.78137 200 82 231
-2.73388 0.00629 0.94529 104 177 202
-2.69070 -0.00541 1.93407 130 119 125
0.63398 0.00505 1.69850 170 79 249
-1.58331 0.00437 2.05405 74 177 87
-1.38497 -0.00228 0.27527 58 136 124
-1.24282 0.00577 2.12789 188 216 254
-2.90907 0.00664 1.88008 0 28 76
-0.54492 0.01273 2.15097 117 221 249
-2.47522 0.00276 0.61900 143 0 159
-0.08208 -0.00335 1.73113 131 72 240
-2.56526 -0.00023 1.65528 175 88 79
1.30040 -0.00063 1.79220 167 79 199
0.80277 -0.00140 1.88527 28 27 9
0.30871 0.00257 2.25249 254 249 92
-2.87015 -0.00122 0.70261 80 76 112
-0.83528 -0.00353 0.83801 241 124 165
-1.95385 0.00763 0.90285 171 153 175
-1.28090 -0.00598 1.03141 92 144 26
-0.49959 0.00725 0.21121 24 157 39
0.26528 0.00549 1.03049 175 139 22
-0.37266 0.00337 0.97019 81 190 95
-2.22909 -0.00859 1.00128 174 125 179
-2.19399 -0.00149 2.25262 246 243 205
-0.44600 0.00385 1.70738 12 3 3
-1.81461 0.00671 1.59934 105 107 87
-0.16799 0.00952 0.31337 102 196 255
-2.20583 -0.00945 1.08944 174 159 138
0.78393 -0.00229 2.34032 33 173 110
-0.76138 -0.00806 0.62447 214 73 79
-0.57752 0.00352 1.53189 138 132 231
0.28616 0.00323 1.97989 175 65 177
-0.26484 0.00373 0.38511 83 163 239
0.74961 -0.00326 1.91351 120 114 86
-2.06289 -0.00351 1.20555 206 250 74
0.61819 -0.00155 1.97121 181 141 82
0.53126 -0.00489 2.03986 132 94 11
-2.06720 0.00376 2.12190 215 212 206
-2.73586 0.00396 1.42289 36 107 163
-2.43563 0.00336 1.66753 228 80 115
-0.97867 -0.00018 2.43160 251 230 201
-0.50739 0.00160 2.45921 34 142 2
-1.95620 0.00708 0.00987 166 245 253
-0.82799 -0.01068 2.49549 239 211 230
-1.09328 -0.00711 1.87388 242 106 232
-0.07166 0.00150 0.99476 130 203 235
0.62762 0.00130 1.32529 95 151 7
-2.48780 -0.00415 0.54848 138 16 184
1.47841 0.00129 0.79213 156 31 176
-1.61134 -0.00599 1.13004 79 247 250
-2.70684 -0.00224 1.58325 50 39 143
-0.52980 0.00241 1.95299 37 54 116
-2.23966 -0.00798 0.41605 250 147 216
0.38786 -0.01298 1.79874 178 8 152
-2.46147 0.00064 0.58522 144 6 163
-1.94954 0.00450 2.18706 82 163 155
0.41780 0.00003 2.02442 170 93 94
1.17655 -0.00831 0.65614 109 78 101
-1.26335 0.00552 0.93934 102 99 60
0.53392 0.00396 0.43946 136 60 142
0.16616 0.00116 1.46307 229 173 243
-0.29857 0.00114 2.04733 2 104 84
-0.62118 0.00175 0.84363 76 51 170
-2.68989 -0.00019 2.26740 53 173 140
0.14345 -0.00214 1.32425 222 234 211
1.06189 -0.00088 2.03326 91 171 202
-2.17244 0.00182 0.18597 166 169 169
-1.29844 -0.00430 0.89219 94 73 134
-1.75971 -0.00455 0.90582 98 155 78
-1.69050 -0.00199 2.40811 76 236 187
-0.13885 0.00214 2.24828 32 175 94
-2.00275 -0.00101 2.18818 102 162 178
-0.65299 0.00601 1.65159 93 11 132
1.27105 0.00017 1.86515 155 92 172
-2.36066 -0.00534 0.39491 170 77 170
0.15081 0.00412 1.41903 224 196 255
-2.14105 -0.00195 0.75179 237 92 170
-1.95024 0.00009 2.17301 89 150 169
-2.77106 0.00936 0.29810 102 201 186
0.54743 0.00242 0.18204 207 248 188
-2.78872 0.00428 1.54541 22 53 178
-1.00924 0.00149 2.43302 255 227 190
-0.30622 -0.00198 1.52539 0 63 0
0.34995 0.00131 0.25417 175 145 24
-1.37412 -0.00440 1.49564 133 157 248
0.63210 -0.00101 2.14263 100 143 71
-2.44531 -0.00412 1.29762 149 163 163
-1.52857 0.00208 1.52007 87 146 150
-2.70067 -0.00126 0.72056 49 6 162
-2.65619 -0.00176 0.03020 146 243 255
-0.53446 -0.00183 0.27892 39 133 10
-1.58549 -0.00825 1.12646 2 169 160
-0.97709 0.00024 0.07364 255 253 79
-0.41857 -0.00708 0.29513 10 133 4
-2.75871 0.00690 2.04660 28 102 83
-1.89346 0.01017 0.97543 139 189 78
1.21239 -0.01422 0.17350 131 247 153
-2.40686 0.00199 0.74696 164 9 25
-0.29089 -0.00173 1.32455 1 154 114
-1.13348 0.00695 1.19153 229 253 200
-1.76999 0.00547 0.02612 98 251 164
-1.30499 -0.00217 0.53675 166 94 110
1.04115 0.00062 1.15679 1 173 147
0.14974 0.00177 0.28640 147 127 21
0.69117 -0.00436 1.28052 67 165 12
-1.19939 0.00522 0.88286 211 141 141
-2.64111 -0.00413 1.51411 69 70 157
-1.55540 0.00343 1.94504 2 52 58
0.41218 0.00148 0.97862 250 197 166
-0.57950 -0.00710 2.30144 134 254 191
0.51637 0.01385 0.59909 147 3 40
-2.10495 0.00312 1.10639 148 166 50
0.45640 0.00139 2.13874 160 138 4
-2.07823 -0.00103 0.56049 220 86 88
0.34043 0.00579 0.03112 177 166 72
-0.19473 -0.00181 0.72450 10 13 0
-2.73455 0.00098 1.07335 110 235 103
1.22806 0.00963 1.36043 57 140 5
1.12394 0.00004 0.84843 26 56 12
-1.07140 0.00543 0.65521 167 0 150
-2.43098 -0.00557 1.18051 228 252 254
-1.37033 0.00363 0.70956 134 74 197
-1.17077 0.00495 1.85573 216 91 144
-1.91294 -0.00258 2.24029 72 174 106
-1.37709 0.00215 0.77201 131 98 235
0.64179 0.00063 0.18024 163 245 248
-0.30662 0.00676 1.03620 77 222 183
-0.51997 0.00341 0.53848 114 90 174
-1.59193 0.00530 1.54582 79 124 135
0.33629 -0.00897 0.42973 252 136 214
-2.38801 0.00225 1.55772 243 121 82
-2.14654 0.00538 0.76598 237 91 177
-0.62780 0.00047 1.10649 77 164 2
-1.07151 -0.00043 2.11245 171 129 93
0.41370 0.00263 1.56626 169 48 4
0.98564 -0.00088 1.05025 0 148 44
-0.96111 0.00171 0.23751 255 226 145
-2.78125 -0.00367 1.47202 19 83 162
-2.83822 0.00522 1.62444 9 19 175
1.03762 -0.00228 0.12071 4 179 20
-0.97563 -0.00014 1.09187 255 234 244
-2.15503 -0.00137 0.39821 166 75 100
-1.69685 -0.00621 1.64296 82 91 124
-1.88844 0.00044 0.49253 63 36 91
-0.59106 -0.00057 0.30967 66 120 38
-1.93628 0.00120 1.68417 156 87 93
0.36399 0.00711 1.11885 177 170 160
1.37661 -0.00810 1.10437 196 239 155
0.28540 0.00539 1.41890 254 197 200
0.95045 0.00842 1.33222 76 223 255
0.18171 0.00786 1.55075 232 128 181
-2.44960 -0.00453 0.47366 146 44 165
1.48719 0.00037 0.23201 234 232 190
0.76024 -0.00097 1.29781 34 162 45
1.19558 0.00386 2.10095 44 128 0
1.16366 0.00843 0.41436 118 146 252
-1.59648 -0.00008 0.56364 0 6 72
0.17560 -0.00026 0.55854 237 88 195
0.59029 0.00809 1.27330 115 176 15
0.26652 0.00760 0.41060 249 152 141
1.45654 -0.00172 0.22056 228 239 221
-2.40413 0.00330 0.59218 164 5 134
-1.91665 0.00757 0.32587 152 192 77
-2.89562 -0.00317 1.97544 0 67 3
-1.56776 -0.00310 0.24129 2 146 148
-0.22528 -0.01018 1.80444 85 88 252
-1.44246 -0.00138 1.69294 35 6 157
-0.01424 -0.00247 0.09486 155 255 222
-1.11356 -0.00257 0.97207 234 188 81
-2.48405 0.00897 1.47199 131 89 58
0.19192 0.00186 1.49814 235 145 207
-1.91297 -0.00592 0.41013 77 72 13
-1.63509 -0.00076 2.25440 0 174 22
-0.82468 -0.00146 2.30832 153 175 147
0.15149 0.00374 1.96564 143 60 93
0.43065 -0.00688 1.33471 164 152 78
-0.95450 0.00092 1.42165 177 118 12
-2.04528 -0.00174 2.28548 205 255 235
1.10386 0.00446 1.24642 94 255 228
0.86575 -0.00241 1.58229 90 120 175
-1.33794 -0.00329 1.55206 148 121 245
-2.22407 0.00251 2.08354 253 192 79
0.81812 0.00719 0.21722 22 155 100
0.27743 0.00210 1.59690 253 111 82
0.63920 -0.00583 0.04576 171 253 155
-0.77963 -0.00835 0.01999 143 166 41
0.84055 0.00307 1.77051 15 1 0
-2.67502 -0.00165 1.90105 134 111 110
0.73136 0.00901 1.40230 54 126 114
-2.24824 0.00101 1.20420 255 255 161
1.36513 0.01058 0.05803 197 253 193
-1.58555 -0.00475 1.52732 80 149 122
1.49504 -0.00359 0.43002 159 57 0
-2.71853 -0.00028 1.17633 118 253 80
-1.24083 0.00136 1.00589 118 125 8
0.41265 0.00816 0.53250 173 23 164
-0.00181 -0.01193 0.36025 84 100 76
-1.26475 -0.00384 1.07797 107 162 2
-1.23947 -0.00516 0.06492 117 178 164
-0.04910 -0.00129 2.15591 68 147 95
1.36544 0.00942 2.13493 120 143 91
-1.10505 0.00346 2.26344 161 178 16
-0.77327 0.00405 2.29730 216 255 249
0.32569 0.00165 1.57253 255 123 83
0.40261 -0.00047 0.53449 171 21 166
1.46569 -0.00163 0.03097 233 251 235
-2.70515 0.00048 1.25649 39 175 50
-2.10535 0.00263 0.20773 152 156 174
-0.33717 0.00100 0.91004 81 154 86
-1.84931 0.00921 0.07286 123 255 188
1.35247 0.00042 1.06885 187 225 182
0.99193 -0.00331 1.37200 76 217 231
0.70349 -0.00339 2.33771 62 176 159
-2.12621 -0.00171 2.27557 231 253 250
-2.46645 0.00666 1.33698 144 154 139
-0.20382 -0.00001 0.78274 18 23 15
-2.05581 -0.00759 2.17686 212 232 239
-0.17696 0.00314 1.65779 99 88 216
-2.42353 -0.00001 2.07846 160 116 89
1.09399 0.00206 2.25243 88 251 75
-0.05214 -0.00189 1.37156 68 135 31
0.85019 0.00440 0.09777 14 174 161
-1.86154 0.00294 1.49788 56 78 105
0.10069 0.00265 0.35999 128 92 13
-0.48907 -0.00751 1.37235 105 218 253
-1.56267 -0.00777 0.53684 80 92 148
-0.68261 -0.00349 2.06866 178 185 150
-1.43268 0.00569 2.31697 109 254 255
-2.61904 -0.00340 0.59224 80 4 145
0.77933 -0.00897 0.88195 111 145 223
0.10624 -0.00090 0.06888 134 181 181
-0.56122 0.00429 0.22871 58 152 80
0.48834 -0.00042 2.44878 220 226 248
-1.72269 0.00495 1.43665 10 105 40
-0.56385 -0.01087 1.01908 50 134 20
-2.91536 0.00430 1.14070 0 176 102
-2.43213 -0.00508 0.62141 150 1 133
-0.37256 -0.00676 0.95123 79 181 82
1.02516 0.00386 0.29637 1 134 26
-1.23414 0.00128 0.83808 119 51 115
-2.53978 -0.00269 1.74160 193 80 104
-2.67758 0.00013 2.24136 59 174 144
-1.63147 0.00237 0.86634 69 133 116
0.64147 0.00468 1.96099 167 134 74
-0.16332 0.01010 0.75655 22 15 11
0.49414 -0.00376 0.57260 149 13 71
-0.17629 0.00293 0.50417 27 33 107
-1.87784 0.00922 0.47039 60 32 77
-1.70913 0.00016 1.28426 2 174 140
-1.98180 0.00227 0.22656 178 235 178
-2.51016 0.00633 0.81165 205 116 125
-2.44883 -0.00448 2.29362 149 180 0
-1.54902 0.00434 2.24348 79 253 162
0.46769 -0.00042 1.95346 237 136 179
-1.83521 -0.00587 1.05857 116 222 103
-0.67845 -0.00013 1.72759 103 0 97
-2.15523 0.00313 1.75666 159 0 120
-0.55839 -0.00182 0.30437 48 131 21
1.29309 -0.00202 1.26221 85 176 21
-1.66124 0.00913 1.26843 2 174 119
-2.14807 -0.00089 1.49783 237 153 211
0.56698 0.00305 1.83542 200 88 205
-1.24850 0.00147 1.90087 116 36 63
0.91632 0.00117 0.33937 5 119 1
0.42912 -0.00133 2.28436 167 181 26
-1.02749 0.00401 1.92598 251 119 254
-1.50979 0.00218 0.97145 10 115 178
0.49279 -0.00031 0.20624 229 246 154
0.32852 0.00109 0.14984 175 171 7
0.77458 0.00127 1.64970 112 92 184
-1.41412 -0.00629 1.56727 115 116 255
-1.14112 0.00118 0.26618 228 217 75
0.93400 -0.00036 0.62849 80 76 249
-0.40296 -0.00144 0.99263 84 200 93
0.50969 0.00298 0.91374 216 159 189
-1.23546 -0.00465 0.25395 117 151 48
1.17552 -0.00367 2.26119 116 249 124
-2.78641 0.00377 1.36195 23 138 75
0.89394 -0.00101 1.88733 5 26 77
-1.32785 -0.00024 0.14737 73 174 172
-2.89281 -0.00903 0.97513 0 114 170
1.23104 -0.00312 0.75494 58 14 11
0.47462 0.00376 1.56897 157 44 46
1.43113 0.00570 0.73033 141 9 138
0.29626 -0.00225 2.00517 177 72 175
-0.41725 -0.00828 1.17187 9 176 129
-0.29595 0.00565 0.18775 78 246 87
-1.03200 0.00049 1.18318 250 255 249
0.07979 0.00476 1.54439 199 129 244
0.43493 -0.00076 1.88370 245 102 248
0.53543 -0.00217 0.54663 131 17 58
1.48175 0.00746 0.93104 236 171 187
0.74495 0.00351 0.00657 132 241 197
-0.25153 0.00758 1.59163 8 36 44
-1.02507 0.00017 0.05412 251 251 104
-2.01207 -0.00820 0.40485 190 153 84
-2.85289 -0.00351 0.27676 5 135 172
0.05016 -0.00014 1.95129 111 54 17
0.46847 0.00027 1.66495 231 87 194
-2.47809 0.00693 0.44374 140 52 134
0.20483 0.00217 0.50576 241 111 168
0.96059 0.00182 2.48929 0 128 60
-1.44588 0.00413 1.55455 106 129 233
-0.31253 -0.00480 0.92923 74 167 102
0.39623 0.00055 0.21987 176 160 27
1.12074 0.00085 0.97100 26 118 89
0.06818 0.00126 2.43928 120 147 43
-1.81249 -0.00431 1.85908 110 94 200
1.01013 0.01178 0.98399 2 118 21
1.43719 0.00443 0.21683 225 231 228
-2.46064 -0.00122 0.19366 214 248 75
-1.48938 -0.00104 2.33890 94 250 254
-0.30804 -0.01089 0.78768 0 28 9
-2.63255 -0.00846 0.36691 155 169 72
-0.35095 0.00224 1.95030 77 134 248
0.64935 0.00017 1.07452 162 229 187
0.22035 -0.00310 1.12337 168 169 42
-2.08865 -0.00491 1.27585 215 247 90
-2.02727 0.01016 1.30803 199 239 149
0.25957 -0.00507 2.19615 249 236 158
-2.46904 0.00219 2.33353 142 178 1
-1.11551 -0.00245 0.16098 237 253 99
0.73595 -0.00143 1.59636 136 111 245
-2.73283 0.00205 2.22989 31 175 179
0.81122 -0.00357 2.39393 105 244 129
-0.16001 0.00341 1.16717 106 253 197
-2.61647 0.00434 0.16485 157 247 157
-2.33617 -0.00176 2.13701 253 217 78
-1.52105 0.00650 2.29483 89 255 217
-1.24483 -0.00037 0.07356 113 176 165
-2.25173 -0.00039 1.96444 179 57 44
1.30660 0.00693 0.37519 169 162 214
-2.10070 -0.00624 1.32874 228 233 105
1.08488 -0.00004 1.08830 14 159 131
-2.24962 0.00473 1.40467 250 205 81
0.86995 0.00795 1.96738 14 62 111
-1.82341 -0.00299 1.37977 36 137 157
-2.26353 -0.00002 2.08802 250 195 73
-2.06498 0.00025 0.82158 138 38 176
-0.18109 -0.00447 0.05444 98 255 83
-1.42398 0.00505 1.35238 111 223 107
-0.13572 0.00196 2.45647 115 227 252
-1.61071 0.00522 0.77538 0 17 9
1.14851 0.00197 1.97920 26 62 110
0.67139 -0.00039 0.15671 157 249 246
0.09383 -0.00421 0.23488 129 154 109
-0.19167 -0.00292 0.99165 93 196 239
0.13675 0.00889 0.12114 144 181 153
-1.54892 -0.00071 1.75810 5 1 171
-1.87700 -0.00316 0.46751 59 43 82
-0.58067 -0.00740 0.50371 136 108 110
-0.32334 0.00759 2.20779 4 170 9
-2.26023 -0.00267 0.25159 180 147 157
1.08034 0.00167 2.03699 86 170 192
-0.62260 0.00402 0.76307 158 95 250
0.84783 0.00291 2.42504 15 154 3
-0.21132 0.00398 0.39531 91 159 255
-2.79481 0.00405 0.52722 15 15 0
-0.67457 -0.00237 0.68044 180 82 166
-2.01945 -0.00276 1.83994 117 8 0
-1.79809 -0.00498 0.42776 33 64 109
0.98047 -0.00041 0.64929 76 75 239
0.99242 0.00895 0.00073 0 166 123
-0.06723 0.00598 1.11871 144 245 162
0.30815 0.01026 0.14215 174 175 19
-2.35710 -0.01199 1.94740 164 46 135
0.16272 -0.00349 0.47402 228 115 122
-0.21881 0.00121 1.42033 13 116 0
0.17861 0.00526 1.20712 236 255 149
-1.94720 -0.00358 0.87332 163 138 181
-2.50332 0.00017 1.10822 206 239 165
0.22830 -0.00633 0.78188 249 96 195
-1.79692 -0.00034 0.62002 28 0 174
1.32404 0.00061 2.45894 174 217 207
-0.82138 -0.00733 2.12035 156 132 17
1.47602 -0.00725 1.93087 231 119 95
0.27175 0.00753 1.58142 252 111 89
-2.76277 0.00595 1.59166 23 33 169
1.22125 -0.00116 2.21603 56 169 36
1.09133 0.00102 1.88894 16 27 180
-1.10407 0.00171 2.14776 164 143 100
-2.89829 0.00379 1.21662 76 255 112
0.73771 -0.00177 1.88193 129 100 80
0.05878 -0.00987 0.17928 110 169 169
-0.14990 -0.00377 1.24163 38 176 42
-0.16184 0.00084 0.99703 102 200 248
0.34514 -0.00355 2.41053 174 161 50
-0.50300 0.00366 1.10829 28 167 18
-2.96752 -0.00465 0.85056 2 50 76
0.00697 0.00048 0.96402 90 113 148
-0.62848 -0.00436 0.09328 80 180 176
0.10776 0.00837 0.21222 133 158 113
1.31638 0.00074 0.42187 92 64 99
-0.78923 0.00392 2.07516 223 195 92
-2.87353 -0.00073 1.48615 77 158 172
-0.59924 -0.00187 2.06462 142 186 214
-1.81196 -0.00617 0.09223 112 254 134
-0.73897 0.00038 0.39522 125 81 87
1.17664 0.00634 0.31270 36 122 144
0.31598 0.00518 1.22317 246 252 249
-2.41309 -0.00541 1.81911 236 82 234
0.13342 -0.00421 0.16140 142 173 131
0.84831 0.00591 0.60489 89 80 199
-2.90494 0.00023 2.22699 78 244 182
-0.06615 0.00838 0.43888 57 52 67
-2.77885 0.00020 1.39240 18 128 95
-0.39882 0.00106 0.37293 5 89 75
-1.87800 -0.00251 0.96020 132 181 81
0.51814 0.00272 1.92001 221 113 181
-1.23427 -0.00319 0.15290 114 174 116
-0.60589 0.00393 1.76656 74 2 19
-1.64075 -0.00111 1.45176 0 99 1
-0.36015 -0.00450 2.46066 77 218 179
-1.67187 -0.00154 2.20764 5 165 2
-2.12974 -0.00062 1.10272 159 166 74
-1.28509 -0.00215 0.42264 174 138 74
-2.16536 -0.00249 0.79097 245 107 178
-1.73227 -0.00245 1.75821 89 77 177
-2.27838 0.00535 1.13520 180 169 154
-0.51767 -0.00401 1.64082 37 17 39
-1.98867 0.00510 0.84739 187 125 231
-1.95510 -0.00690 0.08193 168 255 247
-2.44003 -0.00139 2.00756 157 84 142
-2.03664 0.00064 0.53834 204 93 96
-1.92676 -0.00416 1.87535 155 99 138
1.43581 -0.00296 0.39327 220 156 108
-0.02021 0.00987 0.49672 81 27 7
-2.91979 -0.00510 1.78562 1 2 153
-0.74631 -0.00493 1.59328 204 117 254
0.88040 0.00269 1.43176 81 184 248
0.35464 -0.00357 1.49716 251 156 93
-2.59728 -0.00396 1.35557 86 147 181
0.52196 0.00630 0.81419 219 112 108
0.60246 -0.00641 2.00238 114 74 5
-1.71011 -0.00065 0.23957 84 225 117
0.74382 -0.00180 0.68414 48 0 116
-1.31405 0.00580 0.85921 84 55 161
-2.50002 -0.00151 0.99304 206 203 94
-0.67842 -0.00717 1.54007 178 132 255
-0.79346 0.00418 1.61676 146 24 169
-0.64514 0.00243 1.10893 91 167 4
-1.21610 -0.00437 2.01978 200 157 242
-2.39300 0.00364 1.13162 165 169 176
-1.85589 -0.00064 2.35597 48 170 3
1.16907 -0.00393 0.42214 112 150 255
0.53816 0.00150 1.58722 136 35 114
-1.31253 -0.00232 0.83607 86 49 165
-2.04974 -0.00499 0.24086 129 153 134
-2.31215 -0.00552 1.65232 176 8 118
-1.13006 -0.00733 2.25209 154 173 41
-2.81804 0.00327 1.27227 91 250 82
0.45122 -0.00384 0.85443 236 131 103
0.96473 -0.00692 1.41289 74 195 224
-1.80871 0.00517 0.83401 110 123 108
0.64319 0.00536 0.42759 92 67 66
0.38357 -0.01282 0.87165 176 59 2
-0.75261 -0.00308 1.55116 211 132 231
1.03129 -0.00732 2.39780 80 242 110
-0.80983 -0.00178 0.75920 151 21 52
-0.82265 -0.00493 0.78527 153 22 58
-0.88594 0.00203 1.84083 247 87 230
1.20560 0.00194 1.13921 123 248 235
-2.10588 0.00206 1.86951 152 21 15
-0.47447 -0.00668 0.03063 21 169 153
-2.52184 0.00224 0.69300 126 2 145
-0.64138 0.00542 2.36941 163 249 191
-2.46599 0.00060 0.14852 219 248 87
-2.49574 0.00538 1.89752 215 113 237
-2.31666 0.00045 2.04085 250 175 109
-2.39804 -0.00761 1.94942 164 58 154
-1.28141 0.00778 1.45965 173 173 252
-0.33928 0.00259 1.17753 73 255 255
-1.70999 -0.00228 2.36542 9 175 56
-2.83122 -0.00770 0.13689 8 175 162
-2.08019 0.00624 2.11274 220 208 188
-0.70039 0.00512 1.77183 105 4 60
0.40510 0.00600 1.21400 172 181 171
1.12294 0.00068 1.96154 21 52 149
-0.43396 -0.00198 0.57754 86 80 252
-0.22947 0.00070 0.32870 88 185 235
-1.59322 0.00435 0.62438 75 77 107
-0.51078 -0.00273 1.96432 33 62 132
-1.47446 0.00805 0.55928 98 89 83
-0.30223 -0.01118 0.79511 2 22 10
-2.99206 0.00147 0.64673 80 74 97
-0.18893 -0.00554 1.73112 91 78 246
-1.05457 0.00283 1.97375 254 140 248
1.30295 -0.00841 0.90910 165 161 243
0.66779 0.00506 0.52018 79 23 2
-0.92082 0.00522 0.96704 253 183 195
-1.89041 0.00520 1.85509 140 90 137
1.11387 0.00477 1.93566 21 50 158
1.22186 -0.00320 0.53286 55 19 87
1.04715 0.00709 1.74298 4 0 95
1.20692 -0.00026 1.27827 48 174 65
-2.64133 0.00800 2.28330 72 179 98
0.51113 0.00753 0.13460 218 255 124
-0.86851 0.00076 1.66989 247 82 235
-1.27624 -0.00069 2.00440 177 155 187
0.18162 -0.00029 1.28992 236 244 211
-1.78480 -0.00311 0.09498 98 253 114
-1.99774 -0.00672 0.47992 109 34 20
-2.17233 -0.00489 1.32220 245 230 82
-1.18316 0.00481 1.53536 132 64 98
1.15017 0.00572 2.29264 104 253 111
0.63809 0.00471 2.43762 169 228 227
-1.02609 0.00434 2.02993 172 86 121
0.34101 0.01256 1.17410 174 179 174
0.21252 -0.00066 1.50298 243 151 190
-2.87930 0.00844 2.30206 75 255 240
0.25045 0.00284 1.39308 250 208 235
-1.94666 -0.00114 0.66307 90 0 169
-0.08143 0.00132 1.31284 56 154 1
-1.68901 -0.00031 0.80115 78 107 74
-0.19897 -0.00397 1.66612 93 88 216
1.47957 0.00642 1.48427 161 86 180
-1.93915 -0.00250 1.63099 166 99 143
-0.81427 0.00434 2.35594 157 170 183
0.42351 0.00078 0.67175 167 1 61
-1.37967 0.00126 2.06830 135 185 152
0.16833 0.00164 0.24749 154 149 52
1.07105 -0.00163 1.07275 13 151 110
-0.56534 0.00218 0.97499 56 112 51
0.85582 0.00697 1.66337 14 14 39
0.90119 -0.00084 0.95779 1 100 14
-0.21719 -0.00488 2.10867 15 124 1
0.59373 -0.00250 0.14941 188 249 194
-2.47175 0.00292 1.37317 141 139 131
-1.56621 -0.00004 2.09441 81 205 77
0.67070 0.00170 2.02402 83 90 15
-1.10616 0.00135 1.93595 234 121 245
0.34691 0.00235 0.97349 178 112 23
-0.88648 0.00679 0.08352 243 252 91
-0.04850 -0.00056 0.44462 66 59 59
-0.40093 0.00339 2.43905 80 225 120
-2.80178 0.00005 0.89486 14 67 176
-1.67582 -0.00138 1.64564 75 90 140
-2.29190 -0.00480 0.34156 181 104 176
-0.42512 0.00108 2.31886 87 253 80
-0.78938 0.00098 0.37402 144 84 134
-0.79421 -0.00153 0.56782 222 80 84
-2.51105 -0.00649 2.48450 202 207 143
-0.36804 0.00507 1.68036 83 80 107
-2.17146 0.00070 0.34553 170 101 146
1.32004 0.00321 2.33753 99 171 176
0.50587 -0.00039 1.87439 225 95 221
0.01268 -0.00918 1.28218 174 244 89
-2.08819 0.01024 0.33564 150 107 93
-2.94206 0.00171 2.16696 76 232 122
-0.67803 -0.00082 1.25978 181 248 82
-2.52828 0.00124 1.82212 196 87 162
-0.07122 -0.00227 1.03222 135 211 232
1.27433 -0.00041 0.93703 156 170 240
0.58792 -0.00414 0.94223 191 178 248
0.93450 -0.00938 1.34442 76 228 254
-0.91762 0.00172 1.70928 247 79 231
-1.97149 -0.00276 1.08561 176 236 81
-2.82490 0.00500 1.97820 12 65 8
-1.64210 -0.00515 0.21148 78 241 135
1.39148 -0.00517 1.30786 130 160 16
-2.02267 -0.00510 0.79930 193 107 254
1.48037 -0.00392 0.45799 156 46 0
1.06378 -0.00425 0.95521 10 108 40
-0.53967 -0.00065 1.92580 47 46 75
-1.96438 -0.00325 2.27360 98 180 118
0.07840 0.00235 0.14184 124 172 164
-0.89593 -0.00287 1.40891 171 122 0
-1.75417 0.00478 1.14732 92 250 234
0.82959 -0.00370 1.35962 98 217 238
-0.90354 -0.00122 1.56818 172 43 60
0.49477 0.00177 0.02042 224 247 81
1.39184 0.00529 1.01273 208 211 208
-2.95066 0.01227 1.27629 80 248 112
-0.01959 -0.00506 1.64021 157 95 247
-2.87282 0.00361 0.21316 6 163 173
-0.58920 -0.00537 0.58665 137 76 162
-2.10266 0.00400 0.40800 221 152 134
1.24042 0.00245 2.36046 63 171 152
-1.97535 0.00531 0.22832 177 231 175
-1.90561 -0.00772 1.19581 71 179 88
0.86241 -0.01116 0.72392 85 86 253
1.00857 0.00575 1.30423 79 236 242
0.15655 0.00103 0.69369 236 79 248
0.96130 0.00255 1.94850 0 46 161
1.25157 -0.00309 1.01868 143 211 255
-2.65731 0.00099 0.70151 66 5 171
-1.53142 -0.00878 1.29406 85 245 87
-1.73948 0.00723 0.62514 10 1 138
0.26840 0.00451 0.11604 176 179 60
0.40016 -0.00235 1.50362 250 150 76
-2.31765 0.00843 1.93430 170 48 102
1.16506 -0.00740 0.17485 33 163 43
-2.27384 0.00259 0.51856 251 100 173
-2.71768 0.00086 2.02633 36 90 93
-0.72193 0.00007 1.92719 125 42 0
-0.03456 0.01036 0.02942 155 247 166
-2.68061 -0.00473 1.90523 133 110 103
-2.74351 -0.00180 1.85639 109 92 79
-2.23354 -0.00220 1.97693 173 61 25
0.30483 0.00067 0.23363 179 154 2
-0.11013 -0.00719 0.19700 122 239 228
0.78197 0.00228 1.07879 110 236 93
-1.79348 0.00406 1.06513 104 230 140
-2.80362 0.01045 1.49586 92 158 226
-2.37732 0.00254 0.25955 164 147 72
-0.70969 0.00276 0.34888 112 97 83
-2.03319 -0.00415 1.02427 124 132 62
0.10059 -0.00231 2.47352 128 139 6
0.63841 0.00639 2.40646 168 237 240
1.48242 -0.00127 1.87607 233 95 83
-0.47992 -0.00080 0.37223 22 95 16
-1.57909 -0.00326 2.11192 77 212 78
-2.74974 -0.00333 2.01448 26 93 61
1.34922 0.00329 0.40674 108 69 82
-1.89043 0.00450 0.30172 143 207 76
-2.20397 -0.00533 0.03623 172 178 39
-2.87707 0.00199 1.90065 3 36 25
-0.64342 -0.00632 0.43671 168 133 82
-2.36033 -0.00073 0.83176 170 39 9
-2.54753 -0.00165 0.07839 186 255 181
-1.05951 -0.00900 0.75582 171 17 56
-1.17686 0.00420 0.78297 131 23 127
1.10090 -0.00274 1.77991 20 0 152
-2.64340 -0.00414 1.19412 144 255 120
-1.49300 0.00228 0.74892 88 93 128
-0.42756 0.00278 2.42127 5 156 18
-0.42981 0.00415 0.21005 6 157 2
-0.29311 -0.00741 0.57673 5 4 136
0.17072 0.00172 2.46895 154 143 3
1.31530 -0.00045 0.41116 98 68 103
-2.32957 -0.00031 1.54988 248 132 110
-2.59161 -0.00263 1.83299 167 87 122
-1.65375 0.00155 1.09002 81 234 247
0.91791 0.00156 0.02780 5 172 159
-2.44051 -0.00448 2.49124 230 206 201
-0.63616 -0.00085 1.02518 84 132 70
-1.80884 0.00076 1.12963 112 249 182
-0.23392 0.00653 0.08453 85 253 81
0.45364 -0.00016 0.46017 156 50 176
-0.77891 0.00289 1.36173 215 215 94
0.30749 -0.00254 2.12784 252 214 179
0.88775 0.00190 2.11124 85 204 254
-1.78077 -0.00504 2.06448 22 105 144
-1.02332 -0.00374 0.66874 178 0 90
-0.39017 0.00311 1.62449 80 98 73
-1.67895 -0.00866 1.40410 0 126 28
-0.37927 0.00180 0.81313 81 115 96
-0.03489 0.00225 1.86240 151 91 111
1.27227 0.00308 1.14765 157 250 183
0.18277 -0.00382 0.70778 236 78 254
-1.10102 0.00196 0.10901 238 251 111
-2.59743 0.00292 0.35881 172 180 83
-2.40296 -0.00169 1.82310 235 85 239
0.91253 0.00142 1.07068 4 159 10
1.15610 -0.00236 0.00924 30 167 16
1.03402 0.00558 1.41832 72 189 155
-2.03765 -0.01197 1.79269 124 3 12
-0.69080 -0.00954 1.28531 180 241 98
-1.02929 0.00619 1.20944 173 177 179
-0.30666 -0.01047 0.57306 1 4 147
-1.32388 0.00478 1.54120 154 133 249
1.36220 -0.00752 2.33628 115 176 173
-1.04480 0.00600 1.62781 249 100 83
0.86983 0.00296 1.70232 9 0 9
-1.69263 0.01197 0.25303 83 220 132
-2.94506 0.00065 2.29651 80 255 204
-0.19418 -0.00127 0.69005 18 2 4
-0.15032 0.00784 2.45716 105 217 248
-1.52654 0.00129 2.21950 87 251 159
-2.52332 -0.00023 1.77714 203 74 136
-2.08606 -0.00626 0.30163 145 126 120
-1.67874 0.00247 2.02372 3 90 95
-0.27127 -0.00696 1.86841 77 96 250
-1.04526 -0.00861 0.18294 251 243 75
0.35257 -0.00098 1.64464 175 17 19
-0.31819 0.00098 0.38617 76 159 227
-1.38255 0.00365 1.16149 55 177 2
0.32966 0.00255 1.45656 252 179 143
1.35701 0.00553 1.27831 105 164 1
-0.55440 -0.00038 2.44574 49 153 4
0.59697 0.00231 1.86880 192 95 142
0.13852 -0.00161 1.07741 145 154 0
1.39534 -0.01654 1.89944 199 98 86
-2.29076 -0.00186 0.73568 253 88 76
-1.04634 -0.01123 0.04703 249 254 121
1.09001 -0.00282 1.15966 7 180 174
-1.09824 -0.00327 2.18871 164 159 60
-0.45881 0.00590 0.53017 93 97 222
-1.80727 0.00403 2.41994 114 230 106
-1.65867 -0.00092 2.45660 77 223 234
-0.36210 -0.00435 1.82611 77 81 210
-1.86411 -0.01455 0.00921 134 242 239
-2.65367 -0.00196 0.64904 66 0 158
-0.12894 -0.00422 1.17087 115 255 175
-1.41643 -0.00561 1.84947 42 15 24
-1.37321 -0.00726 0.41001 140 155 100
-1.63684 0.00490 1.51161 0 67 9
-2.72413 0.00113 0.30592 115 200 138
-1.22447 0.00298 0.29760 119 127 5
-2.34729 0.00639 1.14422 170 170 180
-0.16048 -0.00655 2.07376 27 114 1
-1.56688 0.00247 0.06007 9 177 18
0.79547 -0.00598 0.00916 106 244 240
-0.87028 0.00021 0.56753 171 7 51
0.63567 -0.00343 0.93314 167 169 253
-2.14015 0.01012 0.45059 238 128 116
0.53279 -0.00640 1.48905 136 86 24
-2.21546 -0.00064 1.63563 172 17 169
-2.93602 -0.00027 0.63759 73 81 74
-0.62007 -0.00447 2.07844 155 189 209
-1.15035 0.00575 1.43779 154 102 133
-2.01728 0.00486 1.06718 119 158 20
1.26960 -0.00350 1.52693 73 61 80
-0.40886 0.00440 1.89104 4 33 150
0.85421 -0.00063 0.51949 90 100 145
-2.76206 -0.00535 2.22735 28 176 176
-2.25674 0.00543 0.36644 177 88 176
-1.90977 0.00025 1.72933 147 77 78
-2.56700 -0.00715 1.55349 101 54 66
1.47360 0.00315 0.39592 234 157 90
-1.16233 -0.00493 1.79634 219 84 117
-2.56559 -0.00387 0.21285 185 243 93
-0.99401 0.00322 1.19640 254 254 247
1.33681 -0.00454 1.45851 115 88 94
-0.33846 0.00299 0.17802 80 249 75
1.22335 -0.00122 1.52111 58 70 44
-2.36251 0.00923 1.76013 171 0 154
0.22349 0.00099 1.94269 167 53 141
0.21025 -0.00170 1.29883 243 239 237
-0.58360 -0.00180 2.44997 58 148 9
-1.89708 -0.00613 0.74332 67 18 153
-1.10804 -0.00405 1.70512 237 76 99
-0.66392 0.00684 1.13742 99 169 8
0.88000 -0.01124 0.37009 4 94 1
-0.56644 0.00355 0.50850 129 102 116
0.65012 0.00859 1.17866 164 255 111
-1.55541 -0.00117 2.39725 6 164 175
-1.54845 0.00838 0.76603 81 95 106
-0.02100 -0.00053 0.29145 154 198 229
1.48014 0.00704 1.92799 237 122 97
-2.53492 0.00086 0.50820 118 24 152
0.94713 -0.00258 0.10548 0 178 91
-2.61093 -0.00176 0.85428 160 126 176
1.18284 -0.00155 1.65381 48 7 128
-1.04979 -0.00053 1.38970 174 131 92
-1.05408 -0.00368 0.36225 249 168 176
-1.05492 0.00674 1.57252 173 33 0
-1.45152 0.01169 1.42520 106 186 144
-1.08286 0.00424 1.65495 242 89 83
0.69806 -0.00288 1.07347 138 235 136
-0.04356 0.00150 1.31341 68 156 5
-2.60702 0.00346 1.02940 160 219 77
-1.34313 -0.00070 1.08800 70 159 23
1.12664 -0.00200 0.81067 98 105 76
0.39295 0.00514 2.38390 250 244 149
0.77315 -0.00416 0.06590 111 255 250
1.40067 0.01360 2.43597 204 227 170
1.29053 0.00108 2.01670 86 83 0
-0.72720 -0.00797 1.95697 122 50 0
0.22512 0.00293 0.67306 243 73 254
-2.01046 0.00341 0.83823 115 51 166
-0.80723 0.00440 0.51221 144 22 42
0.28836 0.00085 1.22826 255 252 243
-2.46074 0.00074 1.25429 142 179 177
-0.33404 0.00280 0.79280 0 29 19
0.30281 -0.00108 1.41599 252 198 193
-2.70409 -0.00091 0.27424 126 210 144
-2.07815 0.00049 0.32349 138 107 77
-2.48931 0.00945 2.40877 208 237 113
-0.51444 -0.00519 0.55642 112 92 196
-1.09185 0.01236 2.07646 164 111 140
-0.93772 0.00010 2.33540 178 168 86
1.31610 0.00366 0.49564 97 38 47
-0.54688 -0.00454 2.48367 46 133 4
1.41697 0.00226 0.23497 214 235 233
-2.50370 -0.00373 0.14658 207 252 97
-2.06126 0.00669 2.48935 134 134 34
-2.04530 -0.00391 0.65058 206 75 168
-2.51379 -0.00581 1.88955 207 104 223
1.35268 0.00752 2.01111 108 83 2
0.46850 -0.00245 0.71989 154 6 3
0.16869 0.00064 0.27854 153 140 21
-0.42781 -0.00130 0.84918 14 49 43
-2.54775 -0.00133 0.76529 113 24 125
0.97804 -0.00329 0.34816 4 103 35
-2.78161 0.00190 1.87437 97 95 83
-2.26983 -0.00681 1.51935 255 140 134
-0.53078 0.00547 0.14351 37 171 113
-0.61039 0.00329 0.50576 148 107 90
1.42860 -0.00678 1.04896 222 220 142
-1.33819 0.00519 1.84955 75 15 2
0.47542 -0.00532 1.88305 234 109 230
-2.71688 -0.00921 0.16306 114 253 236
-2.83887 0.00131 1.15273 9 174 41
1.20557 -0.00775 2.29393 120 255 155
0.97578 0.00288 0.99025 0 120 5
1.05249 -0.00649 1.20269 81 254 253
-2.32251 0.00451 0.56332 254 84 172
-1.10569 0.00300 0.38426 237 167 153
-0.06630 -0.00202 1.69597 139 77 242
-0.08492 0.00312 1.33614 51 150 5
-0.80506 0.00002 1.50391 150 81 78
0.09181 0.00186 1.46002 203 167 249
-2.36673 0.00002 1.65794 167 15 76
-0.96372 -0.00104 1.59584 176 32 29
-2.82794 0.00166 0.03404 10 171 101
-0.44339 0.00524 0.02404 12 171 143
-0.70800 -0.00206 1.95779 115 55 4
1.12300 0.00690 2.19258 98 239 76
-2.64118 -0.01483 2.07560 65 117 175
1.34492 0.00719 1.03447 186 221 212
1.26521 -0.00175 0.29558 151 206 253
0.79220 -0.00313 1.37766 29 138 137
0.77828 -0.00259 1.51741 34 71 175
-2.31102 0.00617 0.29033 176 132 143
1.34483 -0.00044 1.12922 186 246 144
-0.58619 0.00506 2.48974 65 137 0
-0.16743 0.00356 0.69948 26 4 0
-1.68750 -0.00305 0.16064 80 247 81
-0.16409 0.00896 2.14406 21 145 4
-2.28945 0.00028 0.44435 253 126 231
-1.13758 0.00557 2.06161 157 105 172
0.42020 -0.00033 0.35202 242 171 227
0.06159 0.00255 1.17485 114 173 0
1.31176 0.00700 0.04827 168 251 134
-2.28692 -0.00160 2.41524 177 165 166
-1.60708 -0.00076 0.15546 77 251 129
0.62494 -0.00321 2.21504 105 168 123
-1.76429 -0.00210 2.18276 13 159 33
-0.37323 0.00304 0.03173 78 248 168
1.27554 0.00180 1.04316 147 224 251
-1.77650 -0.00829 1.31444 20 159 160
-1.41654 -0.00598 2.13834 122 219 183
-1.59781 0.00036 1.41513 2 114 1
-2.64375 0.00578 1.69159 151 84 94
-0.26939 0.01168 0.32656 76 190 215
-0.10709 0.00291 0.45481 47 49 82
-0.12622 0.00405 2.02870 42 102 5
-0.88973 -0.00444 0.09405 247 255 100
-1.36613 -0.00410 2.42437 59 152 77
-2.30797 0.00531 2.24131 255 250 121
-0.40298 -0.00016 0.96154 11 103 4
-2.82123 -0.00346 0.27442 8 135 158
-0.05625 0.00082 0.17956 137 245 245
-0.50162 -0.00563 1.69671 33 6 11
-2.85894 -0.00381 1.76744 9 1 123
-2.24158 0.00161 0.48882 252 112 172
0.61114 0.00063 1.36636 109 136 6
-2.34125 -0.00294 0.67022 247 77 104
-2.64412 -0.00187 2.13262 71 141 175
-2.00053 -0.00070 0.02878 112 173 179
-1.90808 -0.00428 2.40833 152 239 83
1.32783 -0.00243 0.56603 106 12 3
-1.04284 0.01074 2.38464 178 169 59
-1.81777 0.01005 0.85948 113 139 97
0.42379 0.00605 0.04279 250 253 88
-0.92831 -0.00532 0.16064 252 247 117
-0.49221 -0.00911 2.12193 103 210 244
-0.09798 -0.00142 0.00484 125 239 102
-2.58237 -0.00385 0.99627 180 205 70
0.61578 -0.00382 1.90572 184 110 119
1.26007 0.00026 0.37003 149 167 239
-2.37522 -0.01534 1.67817 169 9 93
0.17962 0.00094 0.68134 235 82 253
1.37704 0.00358 2.36235 121 167 166
-0.05144 0.00353 2.22088 66 172 144
-0.68900 0.00406 1.14389 109 170 18
-1.86211 -0.00152 2.39918 131 236 81
1.46957 0.00478 2.10733 155 129 141
0.99720 0.01178 0.62979 76 76 249
0.52684 -0.00384 1.11565 217 244 239
-2.55585 0.00749 2.30302 110 173 20
-2.11482 0.01595 1.00180 148 125 133
-0.87413 -0.00646 2.02230 170 92 13
-2.19690 -0.00158 1.00900 172 132 169
-0.26001 0.00588 1.43655 5 111 7
-2.29995 0.00989 2.06569 253 184 94
-0.02988 -0.00518 2.37232 81 176 155
-1.96409 0.01166 0.11693 176 253 235
-2.65325 -0.00336 1.68505 145 88 108
-0.91712 0.01096 1.35725 176 145 28
0.66735 -0.00256 2.48164 156 207 165
0.23304 -0.00471 1.78924 169 1 36
0.01329 -0.01441 0.02393 93 174 121
-2.03528 0.00269 0.52200 199 98 92
0.01084 0.00555 1.63080 90 24 170
-2.90781 -0.00211 1.00656 0 125 174
1.23853 0.00174 0.72563 68 3 2
1.01369 0.00290 2.23241 79 249 101
-2.42497 0.00267 0.36669 235 175 195
1.10240 -0.00871 1.41073 96 198 120
-2.08516 -0.00026 2.05569 219 188 145
-0.67647 0.00028 0.71538 173 82 204
-2.38266 -0.00511 1.38900 246 208 127
0.20669 -0.00040 2.12746 239 209 247
0.47790 -0.00334 0.48397 154 36 156
0.15414 0.00726 1.28013 230 242 198
-2.29365 0.00104 1.46849 251 166 82
-1.23306 -0.00396 0.88499 119 69 79
0.43616 -0.01312 0.83584 243 120 85
-1.32676 0.00102 1.48818 154 158 255
-2.47716 -0.00415 0.27457 214 211 93
-0.57805 0.00626 1.84368 57 15 17
-0.20567 0.00368 1.21870 6 174 128
1.15301 0.00325 1.08861 29 158 167
-2.25151 -0.01032 0.96803 179 111 165
1.41069 0.00461 2.41574 216 233 177
-2.67924 0.00155 0.87520 132 143 203
-0.45678 0.00040 2.25741 94 253 128
-0.27162 -0.00240 2.34422 4 173 82
-1.41623 0.00345 0.22724 43 154 171
0.22643 0.00345 1.49829 245 148 180
-1.85815 0.00413 1.79375 128 71 114
1.38349 -0.00370 1.18646 202 250 88
-2.57588 -0.00698 1.28391 98 169 156
-1.40285 0.00306 2.01870 120 166 104
-2.43893 -0.00159 0.70701 155 1 74
-1.00643 -0.00066 1.92189 249 119 251
1.25821 -0.00663 1.64348 143 93 226
1.31598 -0.00202 1.11162 172 242 181
-1.90059 0.01211 0.42048 67 68 33
-2.39661 0.00617 0.06866 163 178 10
-1.53035 -0.00211 0.27021 9 145 178
-1.98888 0.00056 1.36853 102 144 145
-2.96990 -0.00048 1.90207 4 36 105
-2.02558 0.00362 2.07882 192 198 220
-1.65240 0.00705 1.11978 79 243 252
1.27173 -0.00024 0.14591 154 254 179
-0.63499 -0.00154 1.12999 80 170 6
0.47097 -0.00083 0.29503 234 199 218
-2.49174 0.00938 0.64527 137 0 149
0.16445 0.00343 0.08767 156 177 157
-2.87477 0.00049 0.62974 76 77 77
-1.03048 -0.00236 1.43041 175 114 38
-1.11649 0.00445 0.15809 235 250 99
1.20686 -0.00379 0.83500 127 122 118
0.91860 -0.00110 1.50613 80 151 182
-0.88643 0.00220 0.09243 245 253 107
-0.47100 -0.00671 1.12547 22 168 54
-2.34992 -0.00872 1.87123 173 17 172
1.42673 -0.00325 2.26099 139 176 179
-1.78689 -0.01513 2.06278 20 106 143
-0.92643 0.00096 1.33710 177 151 38
0.06502 -0.00007 1.43561 187 190 235
-2.09902 -0.00301 2.00416 225 151 99
-2.18402 -0.00728 1.91275 171 36 43
-1.41645 0.00392 2.47565 39 133 78
-0.53831 0.00421 1.04935 48 150 4
0.81844 -0.00131 1.13604 28 171 0
0.15790 -0.00247 0.27008 152 138 30
-1.16942 0.01086 1.72649 221 75 76
-1.80093 0.00223 0.69434 27 0 131
-0.31647 0.00565 1.72390 73 78 164
-2.90440 0.00153 0.32782 1 116 173
-0.99575 0.00030 0.97508 255 194 160
-0.33121 0.00279 2.31431 0 178 11
-1.88800 -0.00088 0.71679 60 5 167
-2.91743 0.00815 0.37589 0 87 160
-1.65622 -0.00598 2.32304 2 176 62
-2.89243 -0.00392 0.93945 2 100 176
0.28956 -0.00403 2.16587 255 231 158
0.92158 0.00187 1.80030 0 5 26
-0.32914 0.00280 0.30789 77 201 143
-2.40463 -0.00177 1.14493 165 179 178
0.04912 0.00772 2.39727 114 166 78
-1.41651 -0.00088 1.57959 123 114 255
-0.24835 0.00153 1.21200 8 175 151
-0.70094 -0.00633 1.80050 109 5 45
-1.71965 -0.00995 0.60417 8 1 144
-1.00642 -0.00145 0.88798 255 139 81
-0.97800 0.00729 0.12410 253 255 75
-0.19811 0.00423 1.02524 99 217 246
-0.81722 0.01250 0.21541 223 235 237
0.09119 -0.00559 0.29800 128 125 59
0.79565 0.00057 0.52108 30 22 30
0.55166 0.00007 2.19363 133 162 45
-2.67890 0.00438 2.23188 53 169 156
0.71769 -0.00449 1.06623 144 230 138
-1.74693 0.00054 2.39977 93 237 128
-1.87958 0.00592 1.73322 135 74 77
1.38009 0.00745 0.92083 197 157 255
0.95385 0.00211 1.24931 76 252 240
-0.00885 -0.00204 0.60427 82 1 11
1.45531 0.00412 1.21851 154 183 12
0.40224 0.00109 2.03496 170 98 97
1.45674 -0.00784 1.95531 225 130 100
-2.91255 -0.00961 1.59339 77 109 224
-1.21289 -0.00072 0.39868 130 76 12
-1.69859 -0.00268 0.10825 86 254 75
0.86769 0.00648 2.07032 91 189 248
1.30776 0.00427 1.79251 163 77 215
-1.48636 -0.00717 1.17908 16 178 54
0.02850 0.00021 0.56419 177 87 96
0.71252 0.00461 1.66049 139 91 228
-1.59600 0.00400 1.90689 0 37 121
-1.82604 0.00686 0.97739 114 191 72
0.93008 -0.00172 0.80539 0 31 103
0.02462 -0.00828 2.41951 101 156 95
-2.75228 -0.00289 0.99911 108 198 177
-2.78730 0.00829 1.38651 22 129 91
-2.26396 0.00588 0.76455 252 96 91
0.77155 -0.01160 1.44646 39 101 166
-1.47109 -0.00294 0.76979 94 102 165
-0.53399 -0.00195 1.03264 45 142 5
0.29804 -0.00477 0.54814 255 91 254
-0.89550 0.00741 1.28360 172 168 57
0.61759 -0.00499 1.48268 107 82 86
0.00560 0.00449 0.92676 98 89 161
-1.07723 -0.00058 1.06137 246 232 145
-1.96947 -0.00109 1.55196 94 50 131
-1.59433 -0.00240 0.11063 2 175 34
-1.41694 -0.00013 1.10231 39 162 58
-0.86406 -0.00261 1.82186 244 88 230
-1.87193 -0.00520 1.15024 137 252 144
-2.53445 -0.00679 1.74029 189 80 97
0.48581 -0.00316 1.97660 233 143 149
-1.97262 0.00434 0.04746 174 252 253
0.83206 0.00104 0.20807 19 156 100
-1.84568 -0.00073 1.81747 122 81 152
-1.12682 -0.00038 0.69107 156 3 154
-1.62684 0.00006 1.78764 76 76 250
0.11745 0.00729 1.35959 210 218 223
0.54672 0.00090 1.98427 207 141 115
-2.22551 -0.00453 1.85263 176 18 102
-0.39999 0.00472 2.26723 86 255 96
0.12212 -0.00523 0.02682 138 174 179
-2.02407 0.00472 1.49531 195 158 255
-0.40720 0.00251 0.66341 79 81 227
0.13018 0.00727 1.66174 132 13 59
1.41198 -0.00116 0.69562 135 4 90
1.10834 0.00721 1.54471 96 129 80
0.02559 0.00147 1.34901 172 224 139
-0.05512 -0.00105 1.64659 150 94 255
-2.48108 -0.00277 1.06713 215 233 161
-1.84945 -0.00523 1.13296 125 249 146
1.39191 0.00641 1.79664 201 77 140
0.10586 -0.00830 0.45435 210 129 78
1.22785 0.00432 1.74824 139 72 251
-0.21701 -0.00066 0.63372 10 3 43
1.16555 -0.00418 1.25814 113 251 192
-2.09208 -0.00236 1.19654 141 178 2
1.43837 0.00251 2.07846 139 119 104
0.77263 0.00246 2.21234 43 165 175
-0.11134 0.00522 0.82293 118 114 167
-0.89599 -0.00247 2.47291 246 213 252
0.38008 0.00066 1.83635 176 6 164
-1.55523 -0.00628 0.22453 7 156 146
-2.73144 0.00856 0.39200 115 159 87
-0.34908 0.00322 1.35600 2 142 121
0.32480 -0.00267 2.08896 251 199 191
-0.86458 -0.00584 1.50189 162 74 46
1.48302 -0.00697 1.16195 234 250 77
-1.21170 -0.00748 1.06652 124 152 5
0.44324 0.00253 1.57552 167 43 28
-2.97891 -0.00219 1.48995 84 156 105
0.08895 -0.00230 1.34983 203 229 194
-1.14129 0.00176 1.15100 229 252 170
-0.65206 0.00349 1.24067 164 254 86
-0.00116 -0.00079 2.01319 91 82 18
-0.37833 -0.00330 1.25360 5 173 179
-2.01344 0.00605 2.24982 193 251 239
-1.59337 -0.00467 0.90651 2 77 92
1.00979 0.00413 1.23551 76 250 253
-1.80580 0.00565 2.03490 35 92 171
1.46913 0.00366 0.64434 153 0 106
1.19489 0.00320 0.60610 118 79 120
-1.59609 -0.00197 1.42037 81 194 72
-1.36547 0.00765 1.27920 136 246 108
0.57718 -0.00131 0.46425 116 51 101
-2.59497 0.00253 1.30663 88 165 159
-0.41382 -0.00085 2.16848 84 236 151
-1.98316 -0.00092 1.43356 101 108 181
-0.96081 -0.00514 1.41332 174 124 15
-0.61547 -0.00019 0.21745 71 157 122
0.32744 0.00019 0.88126 184 61 1
0.53288 -0.00801 1.20387 139 178 93
0.95022 0.00606 1.33112 77 230 252
-1.90099 0.00345 0.55925 62 15 141
-0.59921 0.00754 2.03700 138 166 198
0.36818 -0.00002 0.78694 252 105 89
-2.04055 -0.00037 0.11955 128 179 178
1.11814 0.00391 2.37525 92 243 156
-1.66206 -0.00283 2.36406 2 171 89
-2.49313 -0.00090 0.62781 136 0 161
0.59070 -0.00917 1.46397 117 91 53
-1.86839 -0.00106 0.87436 127 133 121
-1.87115 -0.00540 1.46896 58 98 130
0.86819 -0.00546 0.27758 13 140 27
0.52659 -0.00195 1.70339 213 78 252
-2.63559 -0.00062 2.33073 69 176 42
-2.08556 -0.00343 1.76778 143 2 58
-1.20953 -0.00399 0.81508 127 41 120
-1.08672 -0.01238 0.28667 240 207 90
0.75604 0.00780 0.21627 123 236 232
0.92265 -0.00077 2.40860 0 167 4
1.49691 0.00868 0.44053 164 58 0
-2.20875 -0.00795 1.21076 250 255 122
-2.82234 0.00216 2.26503 89 255 248
-0.53099 0.00479 1.90939 39 38 80
-2.20046 -0.00464 2.35979 247 251 255
-0.71356 0.00108 0.40039 191 147 127
-1.52235 0.00482 0.83126 11 37 91
0.51698 0.00245 0.35696 215 171 252
-2.67322 -0.00310 2.45303 128 215 87
-1.27327 0.00760 1.12151 99 169 0
-0.30529 0.00233 0.49896 0 31 174
0.09247 0.00145 1.94988 128 52 46
-1.18188 -0.01116 0.28439 217 211 78
1.15061 -0.00144 2.41890 34 153 148
0.86358 0.00800 1.49635 91 151 228
1.34905 -0.00035 0.89183 190 149 252
-2.09899 -0.00229 0.38063 142 78 57
-2.83005 -0.00196 2.27325 79 252 247
-0.78836 -0.00185 2.40209 148 165 176
-1.45627 0.00282 0.94028 26 96 180
0.17745 -0.00506 1.58092 228 113 159
-1.48528 0.00533 1.61418 22 22 172
-2.30611 0.00142 0.18572 176 163 71
0.36053 0.00537 2.42849 178 159 75
-0.30323 -0.00613 0.71333 5 6 52
-0.57394 0.00731 0.77955 135 101 255
-0.33088 -0.00684 1.98075 76 141 236
-2.40681 0.00663 1.23151 163 177 164
1.41780 0.00689 1.83723 212 87 97
-0.60585 -0.00160 2.23300 145 245 240
-0.06439 -0.00421 1.21973 64 175 16
-1.88132 0.00509 1.53608 53 57 79
-0.81360 0.00437 1.64963 227 89 248
0.22718 0.00538 1.64033 172 16 6
0.49987 -0.00283 1.00499 219 208 239
-0.97538 -0.00695 0.50149 178 29 173
-0.57651 0.00101 2.01164 133 152 197
0.21240 -0.00405 1.51778 244 142 173
-1.39426 -0.00146 0.22691 51 153 167
-0.40767 -0.00364 1.48028 8 83 59
1.49081 -0.00611 1.42109 157 115 165
-1.08661 -0.00072 1.93361 243 121 249
-1.43373 0.00416 0.87732 31 65 174
1.06082 0.00401 2.37402 84 244 120
-1.73441 -0.00029 1.61926 94 102 81
-0.07296 -0.00238 0.68549 52 6 22
-0.79618 0.00031 0.86430 147 55 141
-0.36233 0.00468 0.82694 78 120 89
-1.55850 0.00454 1.01041 7 132 172
-0.09007 0.00170 0.51419 53 24 28
0.51626 -0.00555 0.73105 148 10 0
-2.64749 0.01176 0.90153 142 152 165
1.35594 0.00320 1.50768 110 74 129
-1.35920 -0.00475 0.02370 63 173 133
-1.43568 0.00301 0.67966 113 79 111
-1.83994 0.00001 1.01674 115 209 91
1.33481 0.00000 0.27591 181 215 248
-2.72662 0.00351 0.74433 38 16 164
-2.80855 0.00591 0.88179 15 71 177
-0.65066 0.00193 1.99433 89 68 40
-2.40798 -0.00470 1.50395 164 75 0
1.20515 -0.00689 1.54849 52 60 46
1.45734 -0.00396 2.22478 148 172 178
0.14723 0.00711 2.14898 226 225 255
-2.49839 -0.00212 2.40649 211 239 95
-1.71901 -0.00383 0.75208 10 15 24
-0.93548 0.00289 1.43891 179 111 9
1.47344 0.00456 0.84491 229 128 246
-2.94718 0.00909 2.10948 75 209 78
-2.92105 0.00373 0.02627 1 167 14
1.49248 0.00024 2.07740 162 118 141
-1.47946 -0.00040 1.21622 97 254 105
-0.95961 0.00941 1.11860 251 240 249
0.81435 0.00224 1.25316 101 251 156
-2.44300 0.00487 0.97122 225 194 114
0.89742 0.00330 1.82225 4 7 28
0.15816 -0.00152 2.26421 234 251 178
0.98768 0.00342 1.92695 0 39 164
0.70730 0.00887 1.00114 140 207 195
-2.42523 -0.00253 2.39814 159 160 67
-1.70306 0.00021 0.48421 1 37 180
0.22446 0.00453 2.30652 244 254 104
-0.11611 0.00671 1.86873 121 101 158
-0.37689 -0.00479 1.69805 75 79 103
-2.63468 -0.00551 1.88348 150 94 125
-0.06834 -0.00508 1.32368 67 158 0
-1.14105 0.00109 0.60495 149 3 179
-2.20342 -0.00252 1.03071 174 143 165
0.79757 -0.00279 1.59535 27 35 139
-2.28279 -0.00991 1.81146 179 6 167
1.35124 0.00315 2.33953 109 179 181
0.61260 -0.00586 2.12643 109 143 52
0.10351 0.00849 1.37304 212 218 218
0.80514 -0.00576 0.17089 27 174 143
-1.05910 0.00388 0.42589 173 59 144
0.08821 -0.00566 2.31397 203 253 207
0.37469 -0.00726 1.22802 250 251 246
-0.98537 0.00317 0.31875 255 193 193
-0.02644 0.00663 0.81034 154 111 228
-0.16947 0.00052 0.17792 101 245 175
-0.81645 0.00512 1.75276 229 73 242
-2.74325 -0.00458 1.12702 110 253 76
0.24705 0.00648 0.88011 172 69 30
-2.27450 0.00424 1.95076 176 53 67
-0.81942 0.00756 2.33067 154 172 165
-0.76940 -0.00851 1.41881 217 192 126
-1.75658 0.00555 0.36216 93 171 171
-2.63361 -0.00210 0.96390 150 188 105
1.28958 -0.00077 2.43161 160 237 250
0.03654 -0.00352 1.90699 102 32 0
0.42798 0.00311 2.34440 166 176 68
-1.76836 -0.00547 0.21166 96 236 74
-2.19409 -0.00391 1.52920 249 138 192
-0.13848 -0.00875 0.75545 35 12 23
-0.03949 -0.00284 1.07830 144 231 173
0.21790 0.00466 2.00959 243 162 247
0.18681 0.00043 1.91328 162 34 89
-1.73664 -0.00330 0.09213 87 255 93
1.26474 0.00208 1.90688 152 112 147
-0.80248 -0.00762 0.48318 145 35 62
0.19926 0.00159 1.92688 160 45 114
0.15458 0.00748 1.44270 226 173 252
1.06329 0.00565 1.99515 3 73 163
-0.18548 0.00065 1.11032 90 244 251
0.06747 0.00901 1.22604 199 252 92
-2.17904 -0.00321 0.24226 167 150 182
-1.04778 -0.00554 1.00287 247 202 122
0.22584 -0.00159 1.39832 250 203 241
-1.74341 0.00321 0.45057 16 55 158
-1.96305 -0.00025 0.56290 97 12 90
0.09591 0.00230 0.00980 125 161 158
-2.73777 0.00755 1.18435 105 255 76
0.64657 0.00159 0.11238 169 255 212
-2.69139 -0.00104 0.83434 133 118 232
-2.90360 0.00448 1.27905 79 246 83
-0.39726 -0.00064 0.51370 79 107 235
0.50333 0.00032 1.44145 147 103 1
-2.51885 0.00567 2.32821 119 178 0
-2.43704 -0.00264 2.13353 155 142 42
0.91371 0.00385 2.15835 78 229 218
-1.83183 -0.00466 0.53726 47 13 159
1.45433 0.00389 0.49212 149 34 3
-0.82755 -0.00685 0.41974 153 60 126
-1.01304 -0.00228 0.18932 247 240 92
-1.02229 -0.00328 2.43255 253 233 171
-1.85364 0.00705 0.41603 44 67 59
-2.11658 0.00479 1.69502 150 5 145
1.18030 -0.00282 2.04478 111 181 105
-1.10940 0.00018 1.08080 238 235 136
-0.48841 0.00131 0.96168 25 109 11
-2.13188 -0.00189 0.26002 159 144 170
0.69176 -0.00691 1.45928 69 95 128
-0.31462 -0.00793 2.49009 78 212 221
-2.35659 0.00681 0.38038 173 90 172
-0.03005 0.01029 0.34513 150 180 196
0.72590 0.00128 2.37526 57 166 136
0.50608 0.00427 1.44012 146 106 0
-2.45441 0.00488 0.51327 148 26 180
0.74418 0.00465 1.99847 127 147 116
-0.85556 -0.00047 1.56818 166 47 85
-0.01747 0.00791 1.69896 160 81 212
-2.67307 0.00421 2.09529 65 124 172
-0.58025 -0.00713 0.36933 54 88 10
-1.91823 0.00766 1.54439 72 54 104
-1.24996 0.00193 0.38657 115 88 1
-1.33598 -0.01234 0.87561 71 60 166
-2.58135 0.01045 0.67500 98 1 178
-2.12493 0.00025 0.66991 230 80 128
-0.31182 -0.00102 1.44042 3 106 35
-0.31689 -0.00046 1.03201 78 210 172
-0.49458 -0.00166 0.71650 104 83 252
-2.61669 -0.00130 1.53440 83 56 109
1.08787 -0.00120 2.12677 88 210 120
0.43456 -0.00126 2.13986 172 146 10
0.23547 -0.00114 0.69457 247 76 244
-2.16719 -0.01026 1.26528 240 241 77
-0.97931 -0.00356 0.13552 250 254 75
0.74773 0.01190 1.86936 126 99 77
-1.21510 -0.00410 1.85382 121 17 42
-1.57947 0.00631 1.62050 0 19 124
-1.37882 0.00055 0.94806 55 96 148
-2.81480 0.00041 1.05355 12 148 102
-1.83853 0.00469 1.79655 116 77 128
0.27990 -0.00046 0.19434 176 165 15
-2.77177 0.00820 0.18773 95 244 246
-0.06848 -0.00599 1.97109 136 144 75
-2.57578 0.00032 1.84418 177 92 144
-1.03895 -0.00136 1.42775 174 110 47
-1.97871 0.00385 1.55898 103 48 140
-2.36727 -0.00134 0.59662 249 80 175
-1.53654 0.00052 2.34609 85 249 240
-2.40708 0.00105 1.86037 238 91 252
-1.24583 0.00334 0.78221 188 96 243
-0.88043 0.00141 2.18865 165 157 24
-0.10943 -0.00120 0.37694 124 167 229
0.99806 0.00030 0.02265 1 170 121
-2.67227 -0.00727 1.12514 137 249 80
-1.24764 -0.01097 1.06858 112 151 6
0.60360 0.00493 1.04557 195 223 243
0.55079 0.00903 2.05849 129 106 0
-0.92788 0.00322 0.31928 255 196 223
0.23766 0.00369 1.53699 250 132 145
-0.45621 0.01079 0.88304 19 68 36
1.45511 0.00248 1.26581 150 170 27
-0.31508 0.00354 0.65116 0 0 101
0.77512 0.00377 1.86145 111 95 74
-2.27242 0.00389 2.31785 252 252 200
-0.10723 0.00461 0.68686 47 3 14
-0.62828 -0.00296 0.74225 160 88 233
0.42677 -0.00443 0.18863 247 240 98
-1.88235 0.00467 2.17880 54 153 135
-1.49884 0.00146 1.67633 16 3 179
-0.97869 -0.00879 1.79547 255 82 237
-0.92082 -0.00069 0.20026 249 240 148
-1.66919 -0.00600 0.92573 80 166 130
-0.42003 -0.00019 0.07565 11 173 91
-1.63778 0.01398 0.29915 79 200 203
-0.71903 -0.00562 2.15845 194 226 198
-2.66656 -0.00089 1.26875 61 172 89
-1.78190 0.01093 0.30155 103 202 104
1.02629 -0.00058 0.49985 84 111 245
-2.04443 0.00232 0.92319 127 83 144
-2.39090 0.00687 1.52347 244 141 76
-1.33308 -0.01119 1.28488 149 246 124
-2.31327 0.01158 1.68332 180 5 149
-0.02915 -0.00412 2.11559 77 133 70
-2.31934 -0.00308 0.70968 251 83 83
-1.00244 0.00559 0.60938 179 0 130
-0.81505 -0.00238 1.63707 237 94 234
-2.04152 0.00322 2.02437 203 164 158
0.05813 0.00023 2.45209 118 139 32
1.25854 -0.00247 0.93236 147 166 230
-2.49724 0.00657 2.23195 131 170 25
0.04981 -0.00033 1.55541 188 124 248
-0.82137 -0.00034 1.19532 231 254 145
1.11937 0.00693 1.27898 96 241 217
-0.48820 0.00765 0.02366 29 171 165
-0.88501 0.00798 1.94632 249 123 160
0.86254 0.00530 1.76136 12 0 0
-1.24764 0.00303 1.39891 187 200 250
-1.85667 0.00342 1.17678 128 253 174
-1.54253 -0.00557 2.44956 4 147 172
-2.63189 0.00196 2.34928 81 171 36
0.60059 -0.00366 2.03003 108 92 1
-2.61974 -0.00167 2.28351 78 178 85
-0.58177 0.00392 1.34268 134 224 221
-1.78655 0.00334 0.17423 101 246 82
-1.54477 -0.00014 1.51204 80 146 149
-1.34234 -0.00705 1.05447 69 141 43
-2.10907 -0.00187 0.95220 151 109 162
-1.09950 -0.01443 1.32821 163 154 167
-1.72386 -0.00087 2.28472 1 185 4
1.47514 0.00556 0.51266 160 24 27
-0.54879 -0.00687 1.48478 124 162 242
-0.29349 0.00126 0.72580 1 12 26
-2.94192 0.00019 2.24156 80 253 165
-2.02260 0.01014 1.04012 125 145 44
-2.11583 0.00185 1.97598 154 67 5
0.42964 -0.00779 2.22059 169 167 3
1.16476 0.00678 0.53711 105 90 203
-1.90456 0.00052 0.74499 69 11 169
0.56206 0.00539 0.52585 124 21 66
-2.68043 -0.00286 0.41352 57 70 8
-0.95992 -0.00325 1.36593 182 142 50
-0.18838 0.00060 0.63243 19 0 23
0.61424 -0.00204 1.54886 108 56 138
0.49946 0.00631 1.31301 149 159 44
-2.81238 -0.00763 1.37033 85 216 117
0.93098 0.00229 2.19759 71 241 179
-0.50509 -0.00661 1.25615 105 251 211
0.26806 0.00011 2.21782 248 242 143
0.69072 -0.00413 1.31733 77 156 24
-0.10601 -0.00378 0.33537 123 185 239
1.38660 -0.01172 2.47068 206 216 159
1.37045 -0.00305 1.72336 195 78 210
-2.95635 -0.00077 0.22442 3 163 139
-1.86029 -0.00260 0.23478 130 232 86
-2.58736 0.00838 0.84354 169 124 155
-0.98749 -0.00235 2.33471 180 171 46
0.81681 -0.00631 0.71503 98 76 251
1.30687 -0.00721 2.36083 92 175 181
-2.46288 0.00046 1.33428 136 156 154
-2.12330 -0.00599 1.67420 156 11 161
-1.74704 -0.00052 0.16560 90 249 84
-2.22837 -0.01115 2.18666 253 236 123
0.13913 -0.00434 2.23850 215 245 225
-1.30279 0.00226 1.46218 161 171 254
0.33449 -0.00351 1.11256 176 164 119
-0.78696 0.00620 0.32061 144 119 160
1.04815 -0.00234 0.26805 2 144 26
-1.77098 -0.00028 1.15826 99 255 230
0.70880 0.00296 1.18980 139 253 79
1.45757 0.00783 2.32269 152 179 140
-2.86950 0.00357 0.06394 3 174 79
1.16640 -0.01243 2.47762 38 141 177
-2.82389 0.00938 0.85410 11 54 173
-2.53711 -0.00389 1.55363 117 48 37
-1.47804 -0.00793 0.14092 21 176 134
-1.86694 0.00281 2.39167 50 159 2
0.29209 -0.00435 0.13505 178 176 24
-2.27776 -0.00270 2.12113 255 217 77
-1.28948 0.00176 0.82314 88 41 171
-2.42232 0.00122 2.32903 160 173 27
-0.49424 -0.00450 1.87567 30 22 80
0.39947 0.00933 0.27544 173 139 68
-0.45871 -0.00571 0.33460 22 110 7
-1.37505 -0.00003 2.36845 134 246 207
0.24083 -0.00771 2.18690 249 234 194
-1.11475 -0.00238 0.45311 158 52 118
-1.29136 -0.00260 1.73658 90 0 23
-0.57590 0.00049 1.28042 138 245 158
0.70175 0.00459 0.92039 143 168 245
0.51136 0.00426 0.64231 144 0 15
0.52051 0.00498 1.41322 139 119 4
0.71978 0.00060 0.06320 137 255 223
1.07787 0.00242 1.69399 7 1 73
0.11219 0.00385 1.22436 210 253 114
-0.50201 0.00103 1.87610 31 22 69
-2.57751 -0.00932 1.14943 177 252 146
-0.21465 0.00481 0.81687 90 112 98
0.62987 -0.00481 0.79689 101 32 104
-0.84811 -0.00794 0.20045 237 241 207
-0.61660 0.00671 0.12168 74 178 179
-1.18099 -0.00688 0.09307 219 255 181
-2.74052 0.00875 0.95617 110 177 192
-0.27427 0.00128 2.25301 3 175 12
-0.42523 -0.00800 2.42901 5 157 18
-0.25249 -0.00165 0.85546 85 129 91
-0.11396 0.00411 1.43763 43 109 31
0.12609 0.00279 2.11798 221 202 252
1.46473 0.00355 0.01102 231 240 217
-2.75335 -0.00260 0.66372 28 0 97
0.76241 -0.00491 0.68787 42 5 131
0.36799 -0.00178 1.71017 181 2 66
-2.29727 -0.00738 1.97050 179 60 71
-2.81883 0.01221 1.06252 11 148 97
-2.76593 -0.00409 1.96004 100 136 93
-1.17325 0.00074 0.73058 135 12 157
-1.16706 0.00657 1.35176 141 148 177
-2.92519 -0.00285 0.51638 72 100 132
0.44826 0.00372 0.17459 242 244 102
-0.02126 0.00517 1.22460 74 177 4
-1.32285 0.00059 0.83815 77 43 170
1.30542 0.00459 2.31507 89 177 165
-0.74223 0.00470 1.15277 133 175 62
-2.27813 0.00006 0.60899 253 83 105
-0.06677 -0.01492 0.90722 141 158 249
-1.03183 -0.00062 1.02636 254 210 152
-1.01201 0.00393 0.09002 255 250 78
-0.80173 -0.00603 0.91143 227 154 237
0.14860 -0.00434 0.69633 227 77 255
-1.83495 0.00528 1.00404 120 199 79
-1.52843 0.00052 1.12691 13 171 127
-0.42112 0.00084 0.98086 7 114 5
-0.12513 -0.00473 1.83492 117 88 191
-1.96323 -0.00565 0.13868 168 248 223
-1.37797 -0.00011 0.06005 56 176 148
0.25356 -0.00306 1.53646 249 131 136
-0.66381 -0.00545 1.35885 167 218 179
0.32115 -0.01014 0.11997 180 178 22
-2.13526 -0.00415 1.62466 161 25 176
-1.26267 0.01012 1.92746 106 41 64
-0.48159 0.00470 0.61701 100 77 250
-0.87106 -0.00037 0.25470 240 219 235
-0.61314 -0.00132 2.43339 66 151 26
1.00766 -0.00251 0.30321 5 128 22
1.46324 0.00706 1.39378 152 132 138
-0.72557 0.00452 2.31018 203 255 255
-1.12823 0.00318 1.83034 236 84 173
-1.10254 -0.00459 1.28198 160 170 182
0.17132 -0.00189 0.40133 234 150 81
0.21182 -0.00859 0.13285 169 172 88
1.37324 -0.00274 0.18756 197 246 255
1.24124 0.00375 1.13316 138 249 226
-2.91974 0.00705 1.74944 2 0 160
0.56119 0.00330 0.86983 201 139 192
1.09507 -0.00170 1.36225 91 216 159
-2.69919 -0.00102 1.07722 121 232 87
1.39249 -0.00377 1.33108 126 155 24
-1.91064 0.00701 1.46674 69 97 157
-1.54145 -0.00288 1.77788 3 3 164
-2.82819 0.00468 0.39240 5 81 85
1.16520 -0.00233 0.48345 110 114 237
-2.82337 -0.00097 0.24297 9 147 172
-1.51389 -0.00231 1.84168 6 7 114
0.19396 -0.00973 1.65769 160 15 14
1.38569 0.00400 1.39038 122 127 77
0.99408 0.00595 1.21231 81 253 241
1.04949 -0.00238 0.24914 3 144 13
-2.15249 0.00242 0.24080 169 150 174
-0.27180 -0.00119 0.03551 79 246 95
-2.40100 0.00164 1.12188 236 246 235
-1.56553 0.00396 1.29151 79 243 111
-2.03191 -0.00088 0.02032 120 169 162
0.83442 0.00254 0.33541 23 116 17
-0.98726 -0.00004 0.61152 176 3 116
0.29313 0.00114 0.06710 177 174 82
-0.63093 0.00177 1.21992 159 250 87
-1.81792 0.00352 0.68461 39 2 139
-0.24037 -0.00428 0.80578 85 104 80
-2.57716 -0.00209 1.59461 95 33 42
0.94768 0.00421 0.27771 0 133 1
-2.45951 -0.00580 2.49439 222 212 185
1.34600 -0.00702 1.90569 182 109 96
-0.98218 -0.00087 1.79972 255 75 244
1.33916 0.00117 0.30069 182 203 238
-1.65672 -0.00292 1.31449 0 157 86
-2.26021 0.00369 1.35082 255 219 82
-2.21316 0.00325 2.14751 252 224 113
0.01574 0.00069 2.17653 173 233 229
-1.31120 -0.00864 0.72600 158 84 246
-0.73650 0.00345 2.39975 126 162 146
-1.19579 0.00117 1.26012 131 170 144
0.29511 0.00448 1.23013 253 252 240
-1.86937 0.00244 1.63611 133 96 90
0.25675 -0.00368 0.84059 174 49 49
-0.79377 -0.00679 0.14202 146 173 131
0.41217 0.00589 1.64433 253 97 129
0.44907 -0.00802 1.29553 159 162 84
-2.02441 -0.00965 0.97144 119 112 95
-0.39543 -0.00370 2.23358 4 171 26
-2.79363 -0.00475 0.06656 93 255 223
1.36983 -0.00383 2.04654 119 100 29
-0.39191 0.00192 0.32581 83 191 120
-1.65702 0.00269 1.30638 2 163 88
0.96574 -0.00458 1.16632 4 178 116
-0.02568 0.00108 2.36891 73 168 162
-2.76032 -0.00108 2.47136 102 217 127
1.11994 0.00396 2.39888 98 246 177
-2.17322 0.00095 0.07095 171 174 86
-0.30237 0.00609 0.02341 77 243 110
-0.98703 -0.00185 0.57703 177 9 132
-2.20542 -0.00487 0.97765 179 113 180
-2.25093 -0.00106 1.57213 252 119 175
-2.70318 0.00090 0.14298 124 251 239
-2.12890 -0.00017 1.46905 233 176 191
0.83531 0.00264 1.73304 15 2 5
-0.09735 -0.00345 0.40007 122 150 208
0.58292 -0.00037 1.21488 119 173 50
0.30544 -0.00340 2.05388 255 183 234
1.38741 0.00226 2.26829 131 171 180
-0.10420 0.00646 1.80107 121 84 207
1.03766 -0.00561 0.24050 1 147 6
-1.22241 0.00182 0.96508 121 106 25
1.27984 0.00499 0.71866 78 7 16
0.60865 0.00241 2.04816 106 99 0
-0.83712 0.00051 1.90167 235 106 157
-0.41136 0.00198 1.50339 88 151 136
-1.30310 -0.00604 1.17922 85 172 8
1.06854 -0.00156 1.47998 86 164 97
-2.60792 0.00214 0.05045 160 253 235
-1.74996 -0.00767 1.03551 96 217 148
1.32878 0.00810 1.59159 105 33 169
1.28442 0.00051 1.67716 159 83 255
-0.27794 -0.00678 1.80031 81 81 249
0.39738 0.00328 2.40877 249 240 164
-1.87497 0.00363 1.97653 135 141 234
-0.62700 0.00501 0.49355 164 115 78
-1.14720 -0.00380 1.77392 223 71 105
0.48009 -0.00004 1.41906 148 116 2
-1.96878 0.00615 2.09163 96 128 174
-0.44842 -0.00590 1.41501 92 195 225
-0.36423 -0.00405 1.79875 73 83 189
-0.16532 -0.00237 1.91643 103 115 158
1.42336 0.00112 2.07647 140 112 96
0.72285 -0.00359 0.42551 61 64 20
1.05462 -0.00351 0.88442 7 68 0
-1.74031 0.00214 2.33057 10 178 17
-2.24309 -0.00060 1.99125 176 72 22
0.07667 -0.00404 2.03805 199 167 171
0.93032 -0.00064 2.33617 78 255 93
-2.76939 -0.00175 0.20952 103 237 242
0.72080 -0.00376 2.28434 59 176 169
-1.26440 0.00423 1.04922 107 142 2
-2.87573 -0.00332 0.33674 4 111 152
-2.42546 -0.01137 2.25895 158 176 0
-0.87433 -0.00484 2.16014 163 144 10
-0.98587 -0.00844 0.69635 177 6 46
-1.17543 -0.00486 0.84259 213 125 161
-2.29352 -0.00565 0.08488 174 177 24
-2.56429 0.00517 2.16484 100 156 121
-0.28451 -0.00321 1.15164 80 250 252
-0.78261 0.00103 1.02718 142 140 158
-2.79329 0.00208 2.22535 93 245 242
0.36452 -0.01114 0.75410 255 87 112
-1.97867 0.00108 2.20228 105 157 165
-2.05874 0.00210 0.84015 136 46 175
-0.00580 -0.00039 2.05868 166 172 128
-2.13598 0.00050 0.53589 239 98 83
0.23889 0.00422 2.39969 165 162 3
0.40485 0.00563 1.70566 249 80 174
-1.50905 -0.01104 1.56897 89 119 220
-1.65339 -0.00414 0.64206 1 0 48
-1.86990 -0.00110 0.32740 137 184 82
0.57967 -0.00388 0.96767 189 183 249
-2.20772 -0.00466 2.45265 174 143 159
0.93573 0.00091 2.31422 76 255 100
-1.34860 -0.00552 1.52130 142 140 255
-2.69033 -0.00095 2.15783 54 151 179
1.41295 0.00055 1.88386 216 94 78
-0.99344 0.01359 2.14835 175 145 15
-2.39425 0.00667 0.93741 162 87 43
0.97558 -0.00621 0.24334 0 148 0
0.51708 0.00394 1.48878 144 83 17
-0.59910 -0.00822 0.28337 66 131 61
0.23381 -0.00523 0.14726 170 173 71
-2.38049 0.00784 1.87226 166 14 175
-0.42871 -0.00704 0.61542 91 78 255
-2.60382 0.00024 2.31826 83 178 34
-1.52456 -0.00047 0.36914 4 92 160
-1.37816 0.00165 1.48047 129 166 237
-0.79277 0.00033 1.89811 145 25 60
-1.56449 0.00029 1.91964 6 34 80
-1.06049 -0.00268 2.24677 169 177 3
-1.40584 -0.00453 2.48439 49 134 70
-2.87173 0.00395 1.77592 3 2 126
0.93488 0.00049 0.75758 76 92 216
-1.20983 0.00266 0.64621 199 73 254
-2.79653 -0.00366 2.23198 19 171 170
1.49069 0.00379 2.27452 159 175 147
-2.45652 0.00241 1.83180 226 88 227
0.38653 -0.00285 1.07029 171 155 142
0.96896 0.00062 1.35695 78 224 246
-1.36527 0.00521 2.33471 133 251 221
0.67912 -0.01140 1.72265 156 74 201
1.26041 0.00249 2.48370 149 207 227
-2.29051 0.00019 2.27159 255 255 147
0.27056 0.00415 2.45798 175 144 41
-0.52326 0.00154 0.91773 32 89 43
-0.02015 -0.00401 1.44053 85 108 111
-0.72745 -0.00366 1.06552 118 155 94
-2.01725 0.00024 0.46206 194 119 78
-2.91017 0.00027 2.20791 76 243 157
0.35315 0.00352 1.10124 179 169 138
0.69417 -0.00658 1.92511 155 120 74
0.69034 0.00188 2.31219 69 177 174
1.06058 -0.00441 1.59843 82 108 83
1.18011 -0.00502 1.40955 114 203 79
-1.40965 -0.00865 1.27771 123 247 84
0.72172 -0.00621 0.71822 57 11 128
1.22549 -0.00877 2.37763 58 168 164
-2.33231 0.01178 0.57580 249 85 170
-0.87450 -0.00090 0.81976 245 124 129
-0.95333 -0.00367 2.46021 251 218 238
0.90352 0.01308 2.45393 8 152 6
-1.38021 0.00120 2.10009 129 204 171
-2.20503 0.00380 0.49381 251 114 131
-2.30279 -0.00386 0.50853 248 103 191
1.20497 0.00093 0.20739 129 238 167
-0.39058 0.00063 0.52470 1 23 171
-2.94564 -0.00544 0.22643 1 158 146
-0.62789 -0.00520 0.29877 77 122 73
0.53266 0.00395 0.17612 217 242 167
0.03000 0.00415 1.19912 98 178 0
-0.91472 0.00418 0.56710 176 6 88
-0.17666 -0.00058 1.94431 99 130 156
-0.38435 -0.00473 0.12801 75 255 97
-2.54923 -0.00949 1.01446 187 202 77
1.23239 -0.00180 1.14602 136 250 217
-2.41532 0.00436 1.20758 161 175 173
-1.72583 0.00955 1.35042 8 151 104
-2.38886 -0.00056 0.97636 168 113 76
-0.65962 0.00201 1.85195 100 15 1
0.19651 -0.00229 1.38711 239 203 252
-1.95619 0.00384 0.73454 90 10 178
-2.59793 -0.00891 1.51973 91 68 112
0.00730 -0.00074 2.26416 166 252 251
-1.67224 0.00412 1.65144 77 81 156
-2.09145 -0.00137 2.30741 224 248 249
-1.83030 0.00560 0.85631 117 130 107
-0.65326 0.00773 1.12479 86 169 8
-0.06691 -0.00373 1.41272 62 119 49
-1.95976 0.00055 2.43406 162 228 81
-0.53578 0.00315 0.31453 46 118 8
-1.16198 -0.00056 1.77458 216 79 104
-2.99196 0.00291 0.13079 5 178 43
0.90348 -0.00591 1.03034 11 134 1
-0.81191 -0.00323 1.13041 230 253 186
-0.21394 -0.00145 1.32749 12 154 43
-0.70441 0.00380 0.87303 109 64 174
0.32935 -0.00709 2.41274 178 160 49
0.19299 -0.00175 1.80755 160 4 8
-2.89399 -0.00266 2.07896 74 194 86
0.51137 0.00851 1.10281 224 243 243
-2.34094 0.00130 1.77148 173 0 167
-0.69554 0.00028 0.29165 115 136 133
0.47738 -0.00297 1.85522 236 91 241
0.23437 0.00654 1.63295 174 15 9
-2.31995 -0.00275 1.20447 249 255 209
-1.61893 -0.01441 0.59375 0 8 67
-0.88173 -0.00170 1.21155 167 178 93
0.28587 0.00506 2.00886 250 155 250
-2.43195 -0.00383 0.56031 153 10 167
-1.16447 0.00001 0.52018 147 23 133
-0.92802 0.00249 0.73010 171 5 3
-2.28840 0.00446 1.89603 177 29 121
-0.05999 -0.00356 1.79595 139 84 172
-1.61763 0.00499 1.46947 0 88 4
1.01659 -0.01308 0.70962 81 83 176
0.69613 0.00906 0.91734 147 159 248
-1.53536 0.00777 0.54096 85 95 124
-2.80543 0.00370 1.16777 11 177 15
-2.54801 -0.00519 1.58559 115 35 26
0.87290 -0.00124 0.28291 5 131 12
0.01947 0.00491 0.92767 102 95 155
0.20851 0.00137 0.53282 243 92 203
-2.36226 -0.00062 1.30913 251 241 164
1.33911 0.01183 1.17147 182 252 118
-1.45698 -0.00680 0.41941 99 142 147
-0.48739 0.00063 0.03160 23 170 163
0.16894 -0.00421 2.37766 228 246 90
0.00192 -0.00154 1.46369 165 177 212
-2.51394 -0.00325 2.37928 125 171 2
-1.15781 -0.00806 1.99196 224 145 252
-0.46804 0.00299 0.89998 21 75 33
-2.66104 0.00484 1.11767 137 245 84
-0.29598 -0.00106 1.79051 75 78 233
-1.89150 0.00446 2.48714 141 207 92
-0.93723 -0.00584 0.85950 250 128 105
-0.29467 -0.00460 1.09434 75 235 234
0.73715 0.00679 1.58381 53 45 169
-1.81444 -0.00461 0.42900 34 61 100
-2.99085 0.00308 1.79223 0 1 177
0.26797 0.00376 0.84548 174 49 36
-1.62051 0.00046 0.76697 3 20 0
-0.52611 -0.00569 1.34878 115 222 248
-0.56417 0.00141 1.89644 56 17 27
-0.22042 -0.00987 2.28377 6 180 49
-0.61861 0.00637 2.14093 154 223 245
1.47167 0.00030 0.47347 154 34 5
0.97492 -0.00459 2.41570 2 161 6
1.31085 0.00342 0.11627 170 255 190
-2.17319 0.00296 1.60259 168 25 172
-1.37673 0.00429 2.10127 127 203 174
0.93190 0.00407 0.43136 80 138 128
0.69496 0.01044 1.72775 146 75 197
-2.83838 0.00208 2.34554 86 255 247
-0.38706 0.00794 1.76208 76 78 145
1.37962 0.00323 0.54749 122 13 1
-0.45236 -0.00087 1.11138 15 168 57
-2.15591 0.00149 1.65552 166 16 176
0.37139 0.00338 1.06143 179 148 114
-1.60037 -0.00737 1.53868 0 58 40
-0.37194 0.00709 0.67979 2 0 122
0.04242 0.00467 2.12489 179 212 211
0.21239 0.00081 1.81263 161 5 34
-2.53613 0.00036 1.21554 116 180 149
-1.24228 0.00055 1.22489 188 255 150
-2.14268 -0.00388 1.66721 164 7 171
-2.45387 0.00558 1.96662 223 138 250
-1.35612 -0.00278 1.84214 70 12 0
0.70348 0.00380 1.03463 139 225 166
-2.48389 0.00561 2.07919 138 110 127
-0.82521 -0.00031 0.11526 237 255 150
-2.20834 0.00258 1.97506 174 66 13
-1.65169 0.00362 1.57774 1 40 33
-1.38611 -0.00084 1.41137 131 199 188
-1.28338 -0.00581 0.48157 172 120 90
-1.65944 -0.00823 1.32963 5 153 82
-2.52291 0.00824 0.97081 197 187 77
-1.09768 -0.00260 0.16447 237 247 89
-0.00067 -0.00278 0.27378 161 212 217
1.30860 -0.00200 0.86445 166 138 221
-1.00417 0.00823 2.40128 255 238 164
-2.56726 0.00338 0.18527 180 247 110
0.32239 0.00084 0.02241 174 171 89
-1.30919 0.00279 0.01922 82 169 162
-2.23888 0.00573 1.27773 255 244 103
-0.80232 -0.00605 1.25654 152 171 16
-0.49673 -0.00070 0.46426 108 120 145
0.59217 0.00183 1.27940 117 168 9
-0.71363 -0.00641 2.03759 193 171 107
1.09284 0.00251 1.26075 92 248 232
-1.25151 -0.00301 1.58220 180 114 198
-1.94263 -0.00432 2.37312 83 173 28
1.06445 -0.00285 1.13023 7 167 155
0.54801 -0.00556 0.83735 209 127 157
-1.48600 0.01158 1.15406 23 173 76
0.08303 0.00909 2.05641 200 181 195
-0.88134 0.00912 2.20128 169 160 29
0.69547 -0.00431 1.04329 138 226 171
-0.29519 0.00017 0.40190 73 155 232
-1.59354 -0.00798 0.53910 76 93 173
-1.25032 -0.00250 1.90321 112 31 55
-1.92608 0.00206 0.67185 82 2 173
0.88763 0.00357 1.12019 7 171 25
-0.29055 -0.00702 0.91735 77 157 115
-2.79109 -0.00590 1.04448 92 218 166
-1.87561 0.00313 1.81247 137 80 121
0.15128 0.00212 1.23733 225 253 152
0.22634 -0.01148 0.27331 167 146 1
-2.71666 0.00395 1.78319 114 75 95
-0.51078 -0.00056 0.92928 36 92 47
-2.10641 0.00360 0.20001 148 161 176
-2.59392 -0.00072 1.95925 170 135 221
0.34786 -0.00098 2.26884 254 251 76
0.91804 0.00124 1.16164 4 185 71
0.51185 -0.00224 1.73332 221 79 247
-0.98630 -0.00019 1.92528 251 127 240
1.23827 0.00145 2.11360 60 132 3
-1.66801 0.00303 1.42375 1 111 9
-2.43924 0.00642 1.93111 227 122 255
-0.37585 -0.00581 0.60993 4 4 170
0.50172 -0.00166 0.30131 226 199 235
-2.02872 0.00270 2.28251 200 255 232
-0.21248 0.01177 0.75058 11 11 0
-1.12498 -0.00415 0.79627 158 26 66
-2.47977 0.00332 2.21574 139 170 23
-1.54926 -0.00329 0.52475 86 103 154
0.82675 0.00689 0.49240 97 108 102
-2.22115 0.00620 1.32448 246 238 79
0.21020 0.00259 1.05907 164 151 9
-2.01458 0.00518 1.49453 189 154 255
-0.19659 0.00869 1.60873 88 101 164
-0.15253 -0.00690 1.44699 34 102 18
-2.00301 -0.00438 1.92292 183 114 105
-2.85401 -0.00255 2.05409 84 177 96
0.67621 -0.00518 0.80469 149 104 220
0.80030 0.00156 1.68037 32 3 56
1.03572 0.00394 0.95714 5 105 19
-1.29669 -0.00095 1.45753 168 174 255
0.67438 -0.00101 1.46234 81 87 129
-2.31517 -0.00297 0.98211 179 113 143
-2.79269 0.00418 0.13488 95 253 252
1.28002 0.00546 0.39875 158 153 215
0.02119 0.00790 0.03129 102 172 127
0.26875 0.00720 2.15382 253 226 182
-1.17875 -0.00288 1.10526 211 239 105
-0.59477 0.00052 2.30492 142 255 193
-1.97089 -0.00199 1.55432 98 52 143
1.13044 0.00728 1.19585 26 176 168
0.96185 -0.00438 2.24417 77 249 124
-1.17236 -0.00103 2.07816 145 109 173
1.28313 0.00195 1.43204 85 107 37
0.91421 -0.00069 0.18301 2 166 48
-2.87257 0.00358 0.98321 1 115 177
0.46573 0.00365 1.22261 156 176 144
-1.13148 0.00060 1.95367 227 126 242
-0.28908 -0.00316 1.74442 80 73 201
0.60700 0.00284 1.66799 184 86 255
-0.17659 0.00881 2.38398 24 163 158
-2.86360 0.01078 1.15510 3 178 57
-0.79736 0.00124 1.90075 224 108 130
-2.69459 0.00128 0.21864 122 239 202
0.74178 0.00962 1.61846 129 98 225
-2.02908 0.00213 2.29219 196 254 225
-0.23788 0.00338 0.19195 85 243 129
1.29335 0.00003 1.61489 164 102 241
0.00069 -0.00075 0.64153 162 80 126
0.59140 -0.00048 2.28406 112 182 150
1.16885 -0.00262 1.84758 31 14 179
0.85584 -0.00967 0.55547 91 90 172
0.13942 -0.00105 1.40658 222 200 251
-2.08023 -0.00062 1.81307 140 4 27
1.27600 0.00388 1.45016 82 100 41
-1.88202 -0.00168 0.50220 62 25 110
0.84648 -0.00111 2.13569 97 219 255
1.23754 -0.00146 0.19480 140 239 187
-0.70991 -0.00083 2.37897 189 245 219
0.16089 -0.00472 2.12181 228 208 255
-1.13749 -0.00563 2.34561 152 173 0
-2.76997 0.00374 1.47016 29 95 153
1.35498 -0.00482 0.85279 184 128 235
-1.58917 0.00280 0.17385 1 167 68
-2.58991 0.00164 1.81813 171 83 120
0.50269 0.00161 1.47508 150 89 8
0.89687 0.01123 0.06515 9 174 159
-1.61099 -0.00557 1.97581 76 138 153
-0.30562 0.00736 1.26193 0 173 152
-1.36873 -0.00752 0.20032 60 162 164
0.74867 0.00349 2.34619 53 179 139
-2.14338 -0.00267 2.13969 237 218 160
-1.53173 -0.00492 2.05390 86 180 75
1.03098 -0.00146 1.50710 83 146 91
0.64194 -0.00303 2.02558 91 93 8
-2.59421 0.00140 1.18304 167 250 156
-0.41063 -0.00068 1.64212 10 15 0
-0.12357 0.00510 0.05483 111 249 109
-2.85309 0.00403 0.83095 4 40 142
1.50543 -0.00258 1.37418 159 135 144
-0.24042 -0.00110 1.79947 79 78 254
0.38498 0.00557 2.02748 249 168 196
-2.33886 0.00500 1.10348 175 159 177
-2.04849 -0.00844 1.72133 123 0 74
1.07924 -0.00148 1.33098 81 238 206
-1.71036 -0.00298 2.13944 6 143 28
-2.57508 0.00236 1.66492 178 88 76
0.77142 0.00227 2.29173 39 177 145
-1.87955 -0.00488 0.05736 132 251 225
-2.71568 -0.00939 0.36210 115 168 98
-1.40053 0.01261 1.45652 121 177 200
-1.40142 0.00404 1.21359 125 253 75
-0.26226 0.00588 2.41146 80 234 199
0.35209 0.00115 0.55700 251 92 252
1.02975 0.00041 1.41394 83 199 175
1.16037 -0.00010 1.06294 34 150 166
-2.30338 -0.00125 2.29480 251 253 153
-2.11757 0.00172 0.75203 226 95 192
1.47018 0.01140 1.85867 228 94 77
1.32701 -0.01138 1.51108 101 78 115
-2.09120 0.00186 1.40619 221 200 178
1.00658 -0.00927 0.81310 0 37 26
0.45068 -0.00229 1.10621 242 241 247
-1.62057 -0.00785 0.77091 0 16 1
-0.19856 0.00956 2.17001 13 151 10
-0.59802 0.00690 1.80602 70 7 0
-2.02514 -0.00138 0.26637 123 144 99
-1.52497 0.00167 0.25992 5 144 168
-0.96591 0.00256 0.56097 173 10 122
-1.05071 -0.00199 1.77719 248 76 168
-0.21386 0.00227 1.78292 93 79 255
-1.14476 -0.00180 1.26785 150 166 171
0.88383 0.00637 1.16595 12 173 46
-2.33623 -0.00064 0.43424 254 136 253
-1.64333 0.00218 1.00738 74 208 218
-1.01862 0.00795 0.63481 173 0 118
-1.90422 -0.00223 1.48041 68 88 145
-1.37569 -0.00081 1.91785 56 37 2
-2.92426 -0.00033 0.79240 76 103 134
1.26527 -0.00120 1.66146 148 94 240
-1.73559 0.00116 2.38172 15 168 49
-0.51500 0.00399 1.22483 112 254 174
0.48424 0.00709 1.30789 148 163 55
1.08701 -0.00191 1.88667 9 25 181
0.19430 -0.01074 0.76461 241 96 223
0.73733 -0.00100 1.56476 51 40 173
-0.87167 0.00468 1.26205 170 170 62
-1.07740 0.00033 1.39553 168 128 115
-0.54953 0.00444 0.42595 121 139 84
-1.01672 0.00627 1.94687 250 128 241
-1.17567 0.01216 1.86395 220 93 159
0.67304 -0.00024 0.18641 160 244 255
0.16038 0.00438 2.19993 227 241 228
0.88049 0.00405 1.85127 10 13 43
-0.00559 0.00147 0.42135 164 136 110
-0.87082 0.00050 0.51670 165 25 96
-1.58641 0.00082 1.31294 73 233 102
0.54399 -0.00363 1.70403 211 80 250
-2.48446 -0.00591 1.46088 141 100 74
-1.68790 0.00039 0.24121 80 220 137
-0.05371 -0.00195 2.27386 60 175 168
-1.48872 0.00674 1.25391 97 246 85
-2.22437 0.00145 1.15001 172 173 107
-2.84705 -0.00595 1.90758 10 28 17
1.48723 0.00503 1.96709 229 140 127
0.06562 0.00152 1.88224 118 29 3
-2.86394 0.00433 1.32949 81 236 83
-2.88909 0.00039 2.07181 75 192 86
-2.78952 -0.00679 0.78977 20 27 155
0.69739 -0.00540 1.31973 68 164 22
-0.63853 0.00392 0.71169 155 85 212
1.47511 -0.00621 0.81717 233 115 253
-2.90674 -0.00236 2.44553 0 147 160
1.10052 0.00055 1.94430 18 50 156
0.57987 -0.00054 1.90771 196 108 141
-1.14514 0.00208 1.81213 229 81 144
-0.54715 -0.00886 1.75520 48 0 2
-0.43108 -0.00574 1.27872 95 247 250
-2.57072 0.00375 2.35444 103 173 2
-0.30453 0.00313 1.25622 0 178 159
-0.14462 0.00762 1.18128 107 254 183
-2.16770 -0.00206 0.08221 162 179 108
-2.64479 -0.00238 2.40029 145 237 95
-2.86358 0.00520 2.21812 83 251 206
1.40682 0.00724 1.90067 205 108 74
-0.53342 0.00681 0.16466 42 175 109
-0.84761 0.00619 2.41061 165 163 175
-2.20021 0.00039 1.28070 250 249 90
-0.00307 0.00172 1.31291 168 237 105
-1.97812 -0.00152 1.43315 99 110 176
-0.86890 -0.00022 0.57059 168 10 45
0.55403 -0.00011 0.25434 207 222 241
-0.04856 0.00052 2.46435 147 214 191
-1.25192 -0.00827 0.20280 108 163 92
-2.91211 -0.00311 0.37820 0 86 150
-1.60081 0.00448 0.58612 79 85 139
-2.71527 -0.00327 2.19541 38 160 174
0.45624 -0.00071 1.37804 155 133 26
0.42174 0.00163 1.54924 170 46 9
-1.01674 0.00527 1.47120 179 92 14
-2.87688 0.00114 1.82826 1 11 75
-2.57592 -0.00641 1.17626 178 254 162
-2.37559 0.00013 0.30406 167 122 117
-1.73056 -0.00747 0.57468 14 6 164
-2.79408 0.00089 1.62812 97 99 241
-1.91506 -0.00297 0.47919 73 44 63
-1.82936 0.00411 0.14997 113 251 105
-1.19028 0.00165 2.13797 131 143 156
-0.30249 0.00169 1.51810 0 64 4
-0.06416 0.00379 1.02051 140 210 232
-0.43054 -0.00807 0.85646 10 49 37
-0.99171 0.01155 1.19382 253 255 252
1.33476 0.01373 0.93679 178 169 254
-1.03813 0.00138 0.49455 174 24 174
0.07105 -0.00365 0.32355 121 114 62
1.41748 -0.00124 1.25702 136 173 5
-0.55879 0.00571 0.53749 129 94 161
-2.97400 -0.00053 2.02352 77 163 92
-1.64244 -0.00160 1.92890 76 121 215
-2.44800 0.00285 1.79511 228 81 208
-1.79598 -0.00282 1.19815 104 255 238
-0.96549 -0.00035 1.59930 254 107 120
0.69117 0.00260 0.65732 72 3 54
-1.94211 0.00460 1.38025 91 134 167
-1.38148 -0.00382 1.55133 132 125 252
-2.89319 0.00591 2.38572 81 239 248
-0.76697 -0.00363 0.30205 135 121 165
-0.70368 -0.00068 0.88087 114 69 181
-2.77378 -0.00326 0.14381 94 251 255
0.38107 -0.00035 0.84993 180 56 0
-0.20611 -0.00607 0.92216 90 161 176
-0.89228 0.00630 2.07727 169 119 0
0.33387 -0.00217 2.04248 255 174 213
-2.30573 -0.00932 1.46975 254 166 79
-1.50757 -0.00160 0.18092 12 163 141
-2.28950 -0.00997 0.20949 178 166 104
0.48619 -0.00400 1.78552 228 80 253
-2.70323 0.00228 2.18871 44 160 179
-2.83781 -0.00456 1.10077 9 167 72
1.13916 -0.00480 1.79329 26 5 173
-2.63427 -0.00895 0.79548 74 27 145
0.03815 0.00359 1.17831 106 179 1
-0.41103 -0.00438 1.51862 82 148 117
-2.80989 -0.00399 0.52408 92 97 78
0.40222 0.00873 2.44203 248 228 196
0.90319 -0.00894 0.92383 6 90 25
-2.25695 0.00359 1.24615 254 251 138
-1.05936 -0.01149 2.14552 170 143 61
1.24807 0.00119 0.49664 66 26 87
-1.39206 -0.00400 2.19999 126 235 238
-0.95590 0.00140 0.13430 251 255 87
1.11105 -0.00489 0.41151 89 147 248
-0.32383 0.00185 0.42064 4 65 153
-2.24935 0.00210 1.97986 177 65 35
-0.31871 -0.00718 0.30331 80 204 153
1.25101 0.00763 1.82492 143 87 207
-2.43366 0.00630 0.59868 152 1 161
-2.82523 -0.00358 1.47668 91 169 208
-1.34089 -0.01558 2.08684 151 197 197
-0.04629 0.00586 2.44804 145 226 211
-1.15033 -0.00703 1.07970 228 237 110
0.66293 0.00464 0.78085 83 21 116
-0.50656 -0.00765 0.26797 34 140 4
-0.66441 -0.00014 1.06785 92 156 43
0.60017 -0.00270 0.80002 109 32 93
-0.46577 -0.00089 1.92899 19 42 136
-0.34395 -0.00302 1.93579 75 123 255
-1.60690 -0.00085 1.30291 5 163 42
1.08945 0.00817 0.66556 89 78 149
-0.22581 -0.00563 2.21131 10 169 16
-2.94416 0.00574 0.04534 1 169 16
0.57095 -0.00862 0.00276 198 240 84
-2.78232 -0.00778 1.29169 22 165 28
-0.75605 0.00437 2.23592 208 252 219
1.24615 0.00066 1.64083 140 93 222
0.23554 -0.00189 0.91743 168 83 23
-0.10836 0.00315 1.47183 40 88 64
0.33718 -0.00257 0.55358 255 85 251
-0.00001 0.00384 0.68411 88 0 67
-0.01085 -0.01008 2.17917 83 159 144
0.29684 0.00324 0.16012 178 171 10
1.22852 -0.00027 1.60488 137 105 193
0.87136 0.00445 0.73047 89 79 251
0.99616 0.00674 0.97630 0 111 1
-2.69151 0.00835 0.16446 127 248 211
0.09839 -0.00121 2.29040 206 253 204
1.32108 -0.00652 1.69141 175 79 250
0.50814 0.00427 1.08910 222 238 252
-0.57182 0.00130 1.08247 55 160 1
1.40072 0.00143 2.01529 128 84 24
-1.03570 0.00286 2.24860 173 178 0
0.40318 0.00015 2.45596 250 223 208
-0.30764 -0.00254 0.02588 79 249 114
-1.33807 -0.00248 0.38975 80 86 20
1.26911 0.00413 1.02816 154 215 253
-0.84303 0.00511 1.99455 243 150 95
-1.88986 0.00316 0.23313 143 234 104
-1.96544 0.00749 0.63599 99 0 138
-0.42553 0.00299 0.92462 11 88 6
-1.06713 0.00243 2.07007 167 114 124
-1.62231 -0.00417 1.83067 74 82 255
-1.50233 -0.00582 0.74219 90 86 118
0.57114 -0.00606 0.71444 120 7 12
-0.25523 0.00221 0.25103 80 225 160
0.03845 0.00264 0.01410 97 165 129
-1.64553 0.00023 1.19173 75 254 235
1.20432 0.00423 2.05325 123 179 98
0.77867 0.00175 0.35946 112 176 106
-2.38837 0.00337 1.81782 164 8 166
-2.26920 -0.00330 1.32685 254 235 89
-1.21837 0.00416 0.09136 125 179 141
-2.98108 -0.00241 0.32742 4 108 176
-0.35750 0.00528 0.18309 82 249 76
1.30470 0.00749 0.56827 85 9 12
-2.81990 -0.00254 1.65570 11 12 166
0.51855 -0.00163 2.32530 142 180 122
1.11295 -0.00322 1.50076 103 145 75
0.44608 0.00638 1.77317 241 79 246
0.35569 0.00222 0.90809 180 80 10
0.42201 -0.00702 0.24139 251 228 136
1.13426 0.00445 2.07526 99 188 120
1.46934 0.00141 0.75592 157 9 166
-0.52026 0.00086 0.86324 41 57 97
0.37988 0.00967 1.88810 175 24 181
-1.80378 0.00494 2.07621 31 114 144
-0.07304 -0.00736 1.00177 134 206 239
1.40194 0.00494 1.48363 131 89 152
-1.62609 -0.00776 2.37951 0 167 130
-2.74079 0.00470 1.43103 29 115 151
0.68854 -0.00150 0.87922 151 140 249
0.22694 -0.00371 2.48966 163 127 31
-1.10349 -0.00966 0.78735 163 27 61
-0.03215 -0.00621 1.27756 69 168 0
-1.86089 0.00276 2.10010 53 134 162
-1.60864 -0.00637 0.49029 0 39 139
-0.10937 0.00633 0.57079 37 7 16
-1.78466 -0.00717 1.95935 104 136 250
-2.50034 -0.00230 2.25759 128 175 18
-1.71496 -0.00981 0.82331 85 111 83
-1.99166 0.00298 1.41389 112 113 173
-1.82843 0.00558 0.02309 117 250 203
-2.60058 0.01123 1.12199 166 246 112
-1.28909 0.00579 0.72513 170 87 244
0.19795 0.00307 2.20380 233 242 205
-1.00734 -0.00069 2.42939 253 226 190
0.17603 0.00021 0.33779 158 98 0
-1.84401 -0.00401 0.00748 123 246 232
0.81361 0.00272 0.84099 20 44 157
0.46363 0.00128 2.43423 233 227 237
0.67400 -0.00303 1.69960 151 83 217
0.96698 -0.00085 0.67913 72 80 232
-2.39220 0.00700 2.06443 240 186 143
0.42184 -0.00269 0.46715 166 42 177
0.86986 -0.00697 0.71872 86 89 255
-1.03480 0.00198 1.09593 247 242 220
-0.89756 0.00079 1.48469 171 84 14
0.61729 -0.00076 1.75154 173 74 220
-2.91634 0.00371 0.62057 75 75 73
-1.19472 -0.00257 0.68597 131 1 175
0.55129 -0.01282 0.67098 131 0 1
-1.11328 0.00041 1.92534 235 110 238
-2.38836 -0.00036 1.70135 166 2 95
-1.01742 -0.00549 1.69454 250 84 149
-1.16726 -0.00413 2.14568 137 148 138
0.89144 0.00744 1.52408 83 142 192
-1.75945 0.00499 0.96658 99 184 90
-1.98137 -0.00090 0.57302 96 5 84
-1.40305 -0.00038 1.87614 42 19 12
0.69513 0.00160 0.85268 147 128 247
-0.25486 -0.00498 0.80317 2 30 0
-0.37697 -0.00072 1.54264 5 54 13
0.13816 -0.00278 0.44756 217 130 91
-2.65294 -0.00061 0.96808 144 189 111
-0.52227 0.00112 2.49816 40 129 11
-2.15478 0.00382 1.12423 159 168 72
-0.90319 0.00238 0.16122 251 250 135
-2.63250 0.00350 0.22480 155 227 133
-0.31119 -0.00689 1.48613 0 75 7
1.24690 -0.00406 2.29369 65 178 115
-1.74521 -0.00920 0.07657 93 255 102
-2.31348 -0.00599 1.22048 252 255 202
1.37822 -0.00084 1.57869 116 38 178
0.05642 -0.00028 2.18967 190 240 246
1.05846 0.00101 1.39374 83 209 169
-1.33151 -0.00058 0.64715 151 76 171
0.48217 -0.00689 1.08346 226 236 253
-0.54107 -0.00006 2.12137 121 207 252
0.09465 -0.00459 2.35069 206 249 170
-2.71223 0.00806 1.73619 116 78 113
-1.76930 0.00397 1.57963 20 41 0
-0.66774 -0.00249 0.42277 173 145 94
0.05221 -0.00415 0.58839 187 81 121
-2.40869 0.00510 2.14456 156 140 30
-2.64906 -0.00391 0.56681 74 8 108
-1.80269 -0.00698 2.45491 104 218 125
0.38043 0.00527 1.58574 252 114 83
0.93921 -0.00113 1.57351 78 119 123
-2.69472 -0.00158 1.90140 120 110 98
0.51584 0.00008 1.82633 215 80 229
-0.80792 -0.00382 2.01017 144 84 4
1.48292 0.00380 1.51426 159 74 176
-1.01151 -0.00256 2.02144 183 92 112
-0.90723 -0.00013 0.52257 169 19 109
-1.90003 0.00073 2.01819 64 81 169
-1.64878 0.00442 2.32251 3 177 66
1.37190 -0.00240 2.00442 193 151 82
-2.63921 0.00255 1.79181 144 81 77
1.38677 -0.00060 2.38984 115 165 145
0.15743 0.00846 0.37534 148 96 0
-1.14762 0.00150 1.98414 224 138 246
0.35837 -0.00603 1.53510 255 133 77
-0.68790 0.00368 0.40907 177 149 107
-2.39353 0.00339 1.01812 164 131 100
-1.76153 0.00241 0.66521 16 1 126
-0.03723 0.00788 0.60874 75 5 8
-0.22745 -0.00114 2.19627 8 160 6
-1.88223 0.00459 0.98104 141 192 84
1.25101 -0.00521 2.26902 64 180 99
1.00402 0.00185 2.12607 83 215 165
-0.70920 -0.00089 1.66491 112 9 163
1.34227 0.00195 1.83364 185 90 137
-2.77998 0.00176 0.94002 90 173 231
-2.51673 -0.00127 1.91062 199 110 230
-1.86583 -0.00276 1.85307 131 87 154
-2.93751 -0.00330 0.64005 79 74 77
1.38287 0.00621 1.46467 119 98 118
0.40784 -0.00351 2.28012 175 179 14
-0.07364 0.00263 1.66399 138 83 251
-0.23265 -0.00150 1.70388 83 78 218
-1.69301 0.00474 2.01041 8 87 109
-0.36298 -0.00077 1.40291 0 122 95
-1.78522 0.00045 2.08165 27 116 126
0.96119 0.00926 0.35768 0 98 23
-2.61368 -0.00487 1.54797 83 53 101
-0.81517 -0.00532 0.55590 147 9 21
-0.31334 -0.00664 1.70864 81 78 160
1.28258 -0.00486 2.42943 153 230 251
0.07471 0.01133 1.72750 116 0 53
-2.96741 -0.00115 2.20391 80 241 115
0.35381 -0.00907 0.46002 255 130 232
-0.50954 0.00881 1.97088 41 63 135
-0.50635 0.00440 0.19761 33 171 66
-1.73489 0.00958 1.80903 93 82 224
-1.70347 0.00325 0.01818 81 245 117
-0.13690 0.00129 1.11922 113 248 218
0.45699 -0.01010 1.15018 236 254 248
-1.05940 0.00034 0.54451 167 16 180
-0.83743 -0.00478 2.15390 161 145 26
-0.03209 0.00192 1.12349 156 241 130
-1.34280 -0.00358 2.04109 152 175 156
-0.74968 -0.00355 1.60724 132 26 179
-1.69108 -0.00731 0.59261 6 1 116
-2.61727 0.00993 0.68750 75 1 182
-2.44407 0.00723 1.97110 227 137 248
1.15447 0.00227 1.19553 34 180 154
0.54938 -0.00820 1.06095 205 226 247
0.47851 -0.00084 2.04537 152 99 24
1.20298 0.00077 1.41148 56 123 0
0.16005 0.00335 0.67775 229 78 247
-2.73015 0.00525 1.52899 36 59 176
1.18763 -0.00575 2.21453 118 247 95
0.90755 0.00940 2.19976 80 237 201
1.09813 -0.00245 1.92578 13 41 172
0.95423 0.00606 1.55322 81 131 130
1.34968 0.00166 2.06092 111 101 21
-0.49571 0.00599 1.82273 30 10 35
-2.02218 -0.00265 2.17406 197 236 253
0.99487 -0.00647 2.34973 76 249 79
-1.53648 0.00280 1.30762 85 234 83
0.53387 -0.00685 0.38198 212 163 252
-2.18527 0.00435 1.35079 246 223 85
0.61642 -0.00972 0.80265 182 110 180
-0.97264 -0.00304 0.29925 255 202 179
0.04997 -0.00319 0.69833 183 79 200
1.45466 -0.00285 0.29795 226 203 149
-1.22414 -0.00154 0.11821 118 179 124
-0.35307 0.00147 0.77132 2 23 31
1.26297 0.00574 1.73342 151 80 253
-0.69754 -0.00522 1.25622 188 245 79
0.05598 0.00327 1.88904 111 26 0
-0.44704 -0.00411 1.45512 90 179 196
-1.44723 0.00149 0.68172 102 78 111
0.14603 -0.00199 1.07043 144 148 0
0.58799 -0.00672 2.35465 115 171 175
0.99367 -0.00120 1.97492 2 65 177
0.85271 0.00098 2.06152 93 183 239
-0.69750 0.00299 1.29450 184 240 94
-1.35945 -0.00118 1.52396 141 143 249
-0.51878 -0.00606 1.36857 111 214 253
-1.59139 -0.00097 1.13135 0 167 157
-0.72387 0.00050 0.13159 122 177 157
0.10931 0.00548 1.59975 211 104 195
0.45252 -0.00346 2.12764 163 140 6
0.28917 0.00001 1.11909 179 169 94
1.24754 0.00175 0.25808 142 215 234
-1.82366 -0.00271 1.91651 118 116 227
0.46890 -0.00790 2.39718 160 167 127
0.88986 -0.00030 2.10782 83 206 254
-2.13500 0.00240 0.18134 158 174 168
-2.09205 0.00150 1.18809 148 182 3
-0.69773 -0.00137 2.43814 113 148 94
-2.27564 0.00106 0.94579 179 91 148
1.08529 0.00321 0.53292 94 95 248
0.99249 -0.00016 1.87170 2 18 132
-0.70467 -0.00104 1.09684 114 169 53
-2.19191 -0.00043 1.30432 247 242 77
-2.07910 0.00890 1.69758 142 1 124
-0.08915 0.01349 1.99666 129 140 79
1.34371 0.00904 0.36127 184 174 201
-2.85038 -0.00505 1.79134 3 2 101
-0.25855 -0.00470 2.23567 2 171 13
1.12416 -0.00551 1.80183 18 7 172
0.61419 -0.00683 2.44621 181 224 234
-0.85651 0.00319 2.19002 167 163 43
0.54758 -0.00136 1.30030 133 164 21
-1.42733 -0.01477 1.02713 37 137 127
0.07597 0.00181 2.10229 199 209 223
-1.81706 0.00004 1.80534 107 78 168
1.11797 0.00400 0.90073 23 73 32
0.39015 -0.00032 2.47338 173 135 138
-0.07843 -0.00179 1.99112 136 146 74
-0.55382 0.00376 1.50445 132 151 235
-0.28875 0.00327 0.60154 1 2 114
0.52338 0.00141 0.48668 142 38 126
1.14006 -0.00102 2.49261 28 132 170
0.79379 0.00147 1.10908 109 247 78
0.95089 -0.00203 0.47210 74 119 193
-1.91976 0.00079 1.63436 151 96 110
0.76812 -0.00748 1.85039 120 94 76
1.38802 0.00903 0.57796 123 3 5
-2.14834 -0.01186 1.32962 230 231 89
0.91794 0.00147 1.87148 4 20 73
-0.35014 0.00835 2.19777 1 165 18
-0.99861 0.00377 0.14944 255 251 76
0.03469 0.00402 1.37737 178 212 171
1.39365 0.00244 1.60608 207 107 255
-1.58828 -0.00274 2.46065 0 137 177
-1.05390 -0.00214 0.51879 171 21 175
-1.95253 0.00523 0.78964 91 26 164
-0.72988 -0.00577 1.67083 129 11 168
-1.27417 0.00005 1.24135 181 255 134
-2.40986 -0.00015 0.73920 152 7 34
-0.13558 0.00144 0.58849 33 5 19
0.86228 -0.00219 0.82048 21 40 142
-0.20680 -0.00493 0.99138 92 193 216
-2.02292 -0.00413 1.12364 115 167 0
-2.80395 -0.00945 1.17087 17 179 10
-2.57534 0.00007 0.28872 177 213 78
0.97000 -0.00407 0.00464 0 167 143
-2.14762 0.00416 2.38069 236 245 241
-1.17492 -0.00574 2.17371 141 152 125
0.88250 0.00129 1.22574 89 252 183
-1.59988 0.00686 1.57212 77 115 145
0.75833 0.00958 0.05386 118 249 238
-1.22859 0.00228 2.46511 122 141 0
-1.65415 -0.00961 1.33061 0 152 66
-1.91210 -0.00201 0.47660 76 33 57
0.75855 0.00311 1.77012 126 74 113
-2.92481 0.00024 1.22207 77 250 118
-0.07349 -0.00071 0.51322 60 24 22
1.30028 -0.00174 0.08969 166 255 159
-2.78171 0.00025 1.85738 95 86 84
1.00839 0.00587 1.14902 2 178 144
-0.55404 0.00212 1.74635 49 0 4
-1.97285 0.00219 2.15566 97 149 177
-2.34945 -0.00086 0.54178 249 97 212
-0.80352 -0.00843 1.62844 228 102 244
0.29283 -0.00386 0.36107 178 102 51
-1.23689 0.00562 0.18891 118 167 80
-1.78702 0.00599 0.32581 99 193 118
0.91026 0.00712 2.46355 4 145 8
-0.87843 -0.00063 2.42658 246 231 255
-0.43535 0.00231 0.62151 86 73 255
-1.68289 0.00279 0.71666 8 5 31
1.34224 -0.00493 1.07038 183 230 199
-0.01430 -0.00094 2.31854 82 175 176
-0.70575 -0.00857 0.27156 109 138 143
-1.51089 -0.00003 1.27052 85 246 87
0.05436 0.00057 1.16338 109 173 4
0.97625 0.00794 1.86117 0 15 118
1.43198 0.00389 1.76420 220 77 128
0.39960 -0.00563 1.83225 248 83 250
0.12954 -0.00277 1.11299 139 165 2
0.04262 0.00357 0.11815 107 177 174
-2.73870 -0.00779 1.41663 33 114 146
1.36056 0.00169 0.17761 195 241 251
0.54039 0.00684 0.47357 129 41 113
-1.77387 0.00191 1.77459 99 76 156
-1.69719 0.00562 1.42416 4 116 33
-0.46401 -0.00060 1.04933 16 147 9
-2.27096 0.00406 1.88035 180 20 127
0.67683 -0.00220 0.35751 154 176 182
-1.32551 -0.00262 1.66062 78 10 100
-2.79893 -0.00466 0.47643 95 118 80
-1.01135 -0.00733 0.38895 252 154 220
-2.87556 -0.00991 2.11843 78 220 123
-2.50419 -0.00148 1.69280 210 81 85
-2.52199 -0.00555 2.21177 126 169 57
0.98561 0.00612 1.90720 2 39 152
0.37298 -0.00177 0.34331 177 105 99
-2.12248 -0.00488 2.00191 232 156 89
0.18071 -0.00028 2.29597 235 255 144
1.32647 -0.00069 1.67099 179 85 251
-0.83486 0.00322 0.65217 162 0 0
0.19780 -0.00187 1.50640 236 146 204
0.28662 0.00257 0.76613 255 94 160
0.15435 -0.01134 2.26151 226 251 194
-2.75640 0.00128 2.21694 29 163 176
1.33091 -0.00362 0.42731 103 65 82
-1.26650 0.00084 2.04890 180 182 222
-0.91603 -0.00484 0.90281 248 161 172
-2.96079 -0.00111 1.62870 0 16 147
-1.80825 -0.00328 1.82974 107 81 180
0.82490 0.00163 1.14736 20 176 6
0.91768 0.00169 1.77838 6 1 18
-0.90410 0.01538 0.50529 177 25 126
1.07411 0.00586 2.24252 84 251 77
-0.58396 -0.00081 0.13006 65 178 166
1.29320 -0.00283 0.18717 160 243 223
-1.89703 -0.01017 1.97528 142 141 230
-1.63963 0.01217 0.65542 0 3 50
-1.82001 0.00368 1.19457 40 175 147
-1.99801 0.00445 1.85352 183 91 84
0.22327 -0.00020 0.37890 169 88 28
-0.52188 -0.00123 1.75505 37 0 1
-0.39912 0.01033 1.46825 81 169 162
-1.76953 0.00557 1.79968 87 79 196
0.74560 -0.00198 0.96939 127 191 194
0.00709 -0.00101 2.08123 172 194 155
-1.75971 -0.00035 1.99030 96 142 250
-2.10940 -0.00504 0.51152 223 104 82
-2.90745 0.00423 2.02914 79 165 72
-1.15065 -0.00811 0.96706 227 191 73
0.70726 0.00745 2.48966 141 203 119
-2.64553 0.00074 0.77791 68 29 165
-1.65005 0.00714 0.68877 0 4 20
0.98913 -0.00122 0.33846 0 107 41
1.03769 0.00273 0.14368 2 178 9
-1.57916 0.00135 1.79528 1 0 174
0.59846 -0.01471 0.82518 186 120 179
0.37889 0.00019 2.10640 249 204 146
1.39845 -0.00582 2.10583 132 128 92
-1.04250 -0.00035 0.14465 253 250 77
-1.26586 0.00238 0.55814 180 86 162
-2.19698 0.01038 0.77980 249 95 154
0.68964 0.00105 1.36046 73 142 45
-1.71793 -0.00024 0.71475 9 0 51
0.60278 -0.00142 0.01696 184 240 99
-0.86727 0.00553 1.09046 238 244 235
-0.28053 -0.00437 1.88758 73 107 250
1.19122 -0.00302 2.19610 118 239 89
-0.53887 0.00549 1.60200 41 28 71
-0.11567 0.01013 2.33425 44 178 165
-0.43404 -0.00183 2.37439 85 246 79
-0.70984 -0.01261 1.68769 108 7 127
-0.49565 -0.00252 1.31801 110 231 241
-0.80489 -0.00750 2.30768 155 176 160
-0.85874 0.00341 2.35548 170 174 156
0.20705 -0.00360 0.68550 242 80 253
-2.57911 0.00428 2.18767 98 162 119
-2.66875 -0.00227 0.44768 59 50 14
-0.35580 0.00761 0.25001 76 224 86
-0.02859 0.00116 0.21458 157 233 254
-0.50564 0.00574 0.93603 27 97 27
-0.59509 -0.00542 2.08824 138 190 231
-0.95279 -0.00022 2.00110 250 147 179
-1.56199 0.00149 0.01931 3 171 3
0.82479 -0.00210 2.00721 22 75 109
1.41413 -0.00711 2.19921 133 166 164
1.27311 0.00340 0.38050 152 160 230
-1.05833 -0.01469 2.31543 168 180 0
-2.36987 0.00628 0.13873 167 178 5
-1.29487 -0.00876 1.45947 166 173 254
-1.22204 0.00044 1.78322 115 2 3
1.43464 -0.00445 2.13608 146 140 140
-2.21692 0.00240 1.94427 178 48 34
-0.08147 -0.00057 0.42942 53 56 96
0.75755 -0.00085 2.15451 42 152 164
-1.94268 -0.00402 0.23493 160 225 131
0.63131 -0.00416 1.64007 179 94 255
0.98205 -0.00203 0.54850 73 88 247
0.04559 -0.00160 2.41725 108 158 79
-2.23090 0.00350 1.67939 173 5 176
-0.31000 -0.00423 1.82872 76 84 244
-0.88157 0.00434 1.07174 244 235 255
-2.06513 0.00025 2.27367 211 255 253
-0.37116 -0.00275 0.43987 1 54 144
-1.95245 -0.00212 2.26041 87 174 126
-2.98050 0.00442 1.27532 76 244 132
0.11547 -0.00004 0.25481 130 150 86
-2.77377 -0.00431 1.19924 98 255 69
-1.57473 -0.00487 0.96949 0 106 156
0.07643 0.00175 2.28730 197 255 226
-1.49666 -0.00588 0.22081 18 159 173
-1.45698 -0.00514 1.66703 25 9 181
1.01765 -0.00660 1.30167 75 238 246
-2.27972 0.00469 1.87174 183 17 136
0.52861 0.00126 1.21172 137 178 98
-2.47816 -0.00322 0.75549 138 16 72
-1.75727 -0.01200 0.21751 90 239 78
-1.67442 0.00247 1.42385 0 111 24
-2.24915 0.00724 1.13939 177 174 133
1.44249 -0.00634 0.55391 144 12 12
-0.83553 -0.00795 0.65777 164 0 0
-0.49967 0.00227 1.42138 111 189 250
-2.22589 -0.00027 1.75889 174 0 158
-1.33607 0.00435 0.26207 78 146 103
-1.51451 0.00008 0.82321 14 45 96
-2.71644 0.00490 0.02600 112 246 232
0.40519 -0.00132 0.13114 247 251 76
-1.19902 -0.00176 2.26388 205 255 159
-1.00702 -0.00227 1.02921 249 218 183
1.37694 0.00019 0.90578 197 153 253
-2.32241 0.00456 0.26195 176 144 118
0.74898 0.00094 0.98107 124 190 177
-1.74298 0.00150 0.31406 89 193 143
-1.98643 -0.00507 1.03521 187 219 98
-2.55355 0.00004 2.17248 108 153 118
0.80516 -0.00153 1.97264 31 60 66
-2.79361 -0.00012 1.29688 15 168 17
-2.91254 0.00191 1.82224 5 4 113
0.62506 0.00103 1.83435 174 85 155
1.17092 -0.00249 2.11034 109 206 86
-0.86723 0.00141 0.44161 168 57 141
-1.40048 0.01442 2.38338 119 240 216
0.15696 0.00610 2.35051 226 253 126
-2.26241 -0.00174 1.20067 255 253 170
-2.79072 0.00209 0.39637 100 154 121
0.46519 -0.00584 2.14927 159 142 2
1.20812 -0.00933 0.22160 129 237 192
-0.05781 0.00196 0.18012 145 245 246
1.06844 0.00538 0.27852 12 132 45
1.27878 -0.01225 0.98813 149 194 253
-1.55195 0.00258 1.05059 4 148 174
-0.37018 0.00683 1.41904 2 117 92
-1.07338 -0.00082 1.68279 248 85 98
0.28583 0.00062 1.17346 178 178 134
-2.77771 0.00660 1.27432 17 169 23
0.74999 -0.00007 2.20530 45 164 177
0.35034 0.00249 0.07245 181 179 35
-0.02147 0.00115 2.36541 81 173 161
0.64168 -0.00281 1.74174 167 80 213
-0.13816 0.00694 1.44147 34 103 15
0.90620 -0.00920 0.64134 79 74 246
-2.78215 -0.00209 0.80684 97 109 243
-0.74588 0.00162 0.84685 127 53 167
-2.49475 0.00499 1.85884 209 89 214
-0.22045 -0.00380 1.65669 91 89 199
0.95843 -0.00170 1.60921 1 26 7
-2.54463 0.00254 0.82828 193 115 142
-2.97223 0.00569 1.12441 4 169 154
-1.18905 -0.00782 1.77379 209 78 88
-2.61104 -0.00158 1.70963 160 79 79
-0.08480 0.00097 2.13474 54 141 45
-0.92480 -0.00750 2.46145 251 221 250
-0.94269 0.01160 0.66327 176 0 34
0.12342 -0.00320 2.14306 210 222 252
-1.35774 0.00008 1.03609 64 146 63
0.82038 0.00003 0.16616 26 172 133
-0.50546 -0.00309 0.93896 31 91 33
-1.65719 -0.01058 0.55875 0 12 135
-1.83054 0.00345 2.30147 44 177 11
-2.81678 -0.00270 1.06326 14 146 99
-2.53537 -0.00403 1.84309 189 89 176
-2.93595 0.00390 0.14896 0 175 102
0.74487 -0.00568 0.77662 45 22 167
1.44156 -0.00211 0.73250 143 11 143
-1.80292 0.00782 2.35894 29 173 7
-0.88996 -0.00066 1.07616 248 231 254
-2.84452 0.01054 1.99387 5 75 3
0.72953 0.00553 1.90882 130 109 73
0.86291 0.00135 2.01698 88 161 219
-2.73376 0.00447 1.76043 115 75 100
0.81917 0.00068 2.16494 100 239 255
-1.84342 0.00152 0.09921 127 253 172
1.09382 -0.00426 1.88809 16 18 176
0.25759 0.00608 2.44484 172 152 14
0.81303 0.00151 1.06440 29 153 11
1.44308 -0.00503 2.21732 142 168 179
-0.56200 0.00139 1.38477 128 206 246
-0.19108 0.00502 1.91738 92 120 188
-2.42113 0.00691 1.02949 234 214 162
-2.31617 -0.00165 0.96798 174 110 128
-0.27473 -0.00226 0.59190 4 2 109
1.28952 -0.00840 0.77910 89 18 64
0.07289 -0.00879 2.49344 127 128 10
-1.90057 -0.00545 0.49475 70 34 84
-1.80753 -0.01076 0.64070 30 0 161
-1.83281 -0.00704 0.14261 118 249 122
-2.24460 -0.00677 1.73304 179 0 185
-0.89477 -0.00086 1.35204 170 150 21
-2.64871 -0.00010 0.81285 145 117 230
-2.74621 -0.00203 0.29776 104 204 174
-0.65995 -0.00987 0.45763 177 126 75
-0.18469 -0.00487 0.55989 29 11 62
-2.72767 0.00401 1.77479 113 80 94
-2.26048 -0.00104 2.50033 180 127 162
-0.08775 0.00158 0.10638 126 253 181
1.46384 0.00255 1.67146 230 87 183
-1.12697 -0.00433 0.47623 156 36 128
-1.35867 -0.00217 1.88499 61 26 0
0.79242 -0.00449 0.31673 108 197 121
-1.51012 0.00064 0.53044 88 95 117
0.73423 -0.00460 0.32221 125 196 151
-1.74611 0.00789 0.16712 88 248 78
-0.21128 -0.00199 1.67464 93 89 223
-0.81496 0.00450 1.05051 227 222 240
0.78847 0.00813 0.99734 110 210 134
0.41372 0.00123 1.73910 245 78 201
-0.45493 0.00384 0.50270 95 104 188
-0.82138 0.00483 2.12575 154 141 27
-2.68882 0.00217 2.32856 55 173 89
-0.94327 0.00462 0.87599 252 146 118
-2.48139 -0.01099 1.27515 141 172 176
-2.50476 -0.00792 0.84027 204 122 102
-1.85289 -0.00824 2.39463 127 239 78
-0.24079 -0.00088 2.47601 89 212 252
-2.96769 -0.00294 0.99964 2 127 167
0.06805 0.00004 1.67246 116 7 99
-0.62621 0.01189 0.07331 77 175 174
-0.12261 0.00167 2.07180 38 109 5
-1.67625 -0.00898 1.92441 75 107 237
-1.22680 0.00314 1.05845 118 152 0
-0.44325 -0.00434 2.39900 86 241 80
0.26438 0.00023 1.48833 253 165 166
-0.38951 -0.00728 1.41301 3 120 108
-0.70554 -0.00056 2.37027 191 250 235
-1.99122 -0.00249 1.38656 105 132 157
0.02041 -0.00168 1.46872 178 172 237
-2.79678 0.00174 1.41900 15 114 108
-0.58184 -0.00377 1.09779 56 164 0
-0.61447 -0.00206 2.17411 152 233 255
-0.70272 0.00007 1.77233 106 3 71
1.39547 -0.00558 1.95096 205 130 79
0.68669 -0.00455 0.26199 147 223 227
-2.27671 -0.00874 1.77253 175 0 173
-2.24448 0.00690 1.72357 178 0 180
1.00723 -0.00547 2.02254 73 162 241
1.46448 0.00166 0.26927 227 213 175
-2.14114 -0.00343 0.95823 155 103 171
1.42599 0.00225 0.55477 134 13 7
1.24503 -0.00239 1.99053 142 149 108
-0.13006 0.00885 1.61185 112 103 224
0.33872 0.00824 1.68380 175 6 33
-2.85339 0.00488 0.72411 79 81 138
-2.27983 -0.00397 1.07289 182 157 176
-0.68523 -0.01081 1.36767 179 220 151
-2.75473 0.00047 2.10196 33 130 129
-1.67623 0.00483 2.45122 78 225 220
-2.96016 -0.00647 0.72837 77 84 84
0.86740 -0.00107 2.24560 87 252 186
-0.56578 -0.00371 1.03141 57 136 18
0.02718 0.00635 0.21788 101 156 153
-0.38201 0.00411 0.58735 3 10 175
-0.48869 0.00043 1.83069 27 12 59
-2.18118 -0.00115 1.50354 248 153 173
-3.00451 -0.00429 1.16781 4 176 149
-0.78133 -0.00021 0.87275 139 71 161
-1.34721 0.00770 1.05642 68 147 44
-0.64599 -0.00452 1.16216 88 171 0
1.06574 0.00247 0.64698 81 78 205
0.81873 -0.00476 0.45536 107 123 84
-1.16880 -0.00090 1.48045 140 83 118
0.80474 -0.00437 1.19895 19 182 32
-0.38005 -0.00446 0.37481 79 169 145
-1.02492 0.01264 1.94208 254 125 245
-2.32253 0.00466 1.04683 176 150 173
-0.79797 -0.00275 2.16737 223 229 145
-2.97816 0.00486 0.88599 3 66 91
-0.86964 0.00112 2.39542 167 170 168
0.56327 -0.00829 2.33203 122 179 154
-1.46160 -0.00157 1.13685 25 167 76
1.34780 -0.01280 0.46211 109 45 43
-2.90917 -0.00220 0.33269 3 111 172
1.12295 -0.00397 1.38846 98 210 123
-1.50130 -0.01119 1.70638 14 0 174
1.13452 0.00112 2.22721 105 245 83
-0.59476 0.00447 1.86981 63 21 10
0.70763 0.00248 2.30051 72 176 174
0.97169 0.00971 1.94554 1 56 173
-2.09676 -0.00693 1.47857 223 161 224
-2.34433 -0.00377 1.37595 251 209 109
0.27360 -0.00309 0.22662 178 152 0
-1.18269 -0.00006 0.50981 136 31 103
-2.90267 0.00275 0.01477 0 173 27
-2.21704 -0.00234 0.48733 250 109 154
-0.54664 0.00179 1.22835 131 254 141
-1.58236 0.00244 1.48893 82 160 96
0.04733 0.00443 0.71554 186 80 206
-2.69284 0.00416 2.20477 48 171 177
-2.13909 -0.00839 2.33555 240 252 253
-0.93021 -0.00051 1.39695 176 120 5
-0.62595 -0.00351 1.48517 161 157 251
0.83161 -0.00556 1.87641 21 22 21
-1.01380 0.00395 2.27594 178 179 10
-2.42206 -0.00133 2.14878 155 146 31
-2.64370 -0.00156 0.89316 149 155 164
-1.91607 -0.00224 0.98940 156 198 89
-0.03661 -0.00565 1.70924 145 79 232
-2.25700 -0.00336 0.98819 176 123 170
1.25666 -0.00276 1.21396 72 177 73
-1.92003 0.00122 1.72515 159 75 81
0.92851 0.00809 0.16767 1 165 55
1.11795 -0.00040 0.88041 19 66 21
-1.27169 0.00240 0.54036 179 94 140
1.42704 0.00180 0.26907 220 214 206
0.24295 0.00882 0.78030 251 102 184
0.72327 -0.00034 1.30459 56 167 32
-2.91465 -0.00312 2.24698 76 248 186
-0.12989 0.00223 1.18334 108 252 163
-2.68596 -0.01108 0.01926 130 239 242
-0.93695 -0.00263 0.69317 175 3 20
0.22744 0.00478 1.92524 167 42 126
-2.95311 -0.00047 1.12592 0 175 138
-0.78649 0.00052 0.35607 143 93 143
-0.60397 -0.00622 1.12497 73 168 0
-2.97337 -0.00435 1.28843 80 242 113
-2.44903 0.00193 1.19320 226 255 255
1.12963 0.00096 1.46982 99 169 84
0.69128 0.00383 1.47974 64 88 144
-0.92318 0.00440 2.01726 180 88 53
0.62843 0.00365 1.57520 93 40 165
-1.20437 -0.00361 1.06621 206 227 80
-2.93232 -0.00050 1.30243 79 237 84
-2.58289 -0.00415 0.86096 170 127 154
-2.07582 0.00893 0.27474 140 133 124
-1.61993 -0.00585 2.33991 0 178 96
-1.08351 -0.00794 1.02507 248 214 124
-2.12257 0.00561 0.29450 156 128 148
-0.53894 -0.00011 0.09707 43 180 150
-0.20457 -0.00024 0.60566 11 6 58
-0.80886 0.00448 0.82693 227 116 178
0.37388 -0.00340 2.01610 252 163 205
0.42847 -0.00183 1.26986 167 169 137
-0.53539 -0.00073 1.19599 48 174 53
-0.22322 -0.00623 0.37162 91 169 252
-0.47705 -0.00421 0.86235 23 57 57
0.71150 0.00735 2.12872 62 136 120
-0.60973 0.00019 2.38202 145 244 143
0.75625 -0.00235 2.41685 120 235 150
0.02720 0.00568 2.15760 171 225 223
-2.21179 0.00159 1.00853 175 129 176
-2.15624 0.01106 0.23265 161 154 179
-1.29363 -0.00008 1.58517 172 114 201
-2.52961 -0.00918 1.01022 192 211 90
-1.24952 0.00329 0.44940 179 126 97
-1.61678 0.00271 1.86849 77 93 229
0.47120 -0.00374 0.71709 157 0 1
-0.46493 0.00210 0.49786 98 115 186
-1.34870 0.00480 1.96696 71 59 29
-2.77474 -0.00561 2.37055 22 174 132
-2.78494 -0.00405 0.33965 98 184 162
-1.21455 0.00122 1.55151 200 132 188
-2.23091 0.00333 1.82394 176 9 121
1.32744 0.00294 1.43690 101 113 56
0.03051 -0.00779 1.32510 177 231 136
-0.44664 0.00008 1.42410 93 193 228
1.32761 0.00660 2.45586 174 225 226
-1.95036 0.00172 0.83065 158 116 220
-1.04223 0.00149 2.46352 253 217 181
-0.48740 0.00487 1.96965 24 53 144
-1.56943 0.00091 1.02403 5 137 180
-1.77613 0.00550 0.14543 91 255 87
-1.50365 -0.00502 1.53761 94 134 194
-0.74119 0.00045 0.60335 201 78 82
-0.83398 -0.00215 2.26590 160 179 126
-0.89193 0.00608 0.53402 174 25 108
-2.38402 0.00065 0.27857 167 133 91
0.07384 -0.00997 1.96342 120 62 50
-0.03344 0.00060 0.34806 153 176 191
0.34860 -0.00484 1.41130 255 196 159
-0.36722 -0.00661 0.80126 81 110 100
1.26327 -0.00620 0.59487 71 4 20
0.83278 -0.00112 0.89255 19 76 106
-1.56727 0.00377 1.44274 79 179 91
-1.29039 0.00475 2.21357 174 246 247
-1.26327 -0.00257 0.56133 187 91 162
-1.88595 -0.00046 0.36988 139 167 88
-0.05245 0.00331 2.02534 63 86 8
-0.03452 -0.00008 1.47816 70 86 123
-0.72731 -0.00403 0.85057 125 49 169
1.11365 0.00269 0.97567 19 114 83
-1.81424 0.00385 1.67184 110 87 77
-1.56584 -0.00502 1.23090 77 255 152
-2.62632 -0.00136 1.35799 79 146 173
0.23188 -0.00504 2.06435 249 185 255
-2.76133 -0.00165 2.14828 20 146 150
-2.04598 0.00557 2.10004 200 209 210
-1.63742 -0.00372 0.32362 75 187 225
-1.22800 -0.01560 2.10179 199 203 255
0.11609 -0.00118 1.98139 130 68 80
0.52431 -0.00904 0.13098 218 255 131
-0.24079 -0.00226 0.47960 8 34 158
-2.14898 -0.00374 2.03982 245 171 87
0.84050 -0.00817 2.13039 100 212 255
-0.63474 -0.00362 2.12164 157 214 228
0.51294 -0.00101 2.08750 142 123 0
-1.04551 -0.00623 0.16254 251 246 78
-1.80959 0.00752 0.33427 107 184 111
0.06868 0.01208 1.57008 194 115 239
-1.66539 -0.00404 1.64313 78 96 144
-0.59339 -0.00808 1.29412 140 245 165
0.41390 -0.00709 1.73798 244 76 211
-0.47045 0.00287 1.97336 22 65 162
-2.27310 -0.01008 2.42547 179 163 175
-1.40219 0.00117 1.04651 44 137 107
-1.81143 -0.00184 1.40816 29 125 137
1.10077 -0.00138 2.00807 91 166 184
1.35222 -0.00030 0.88435 189 143 251
-1.29121 -0.00258 2.03318 171 169 192
0.76250 0.00468 1.01747 121 209 146
1.48327 0.00209 1.67542 233 82 158
-2.10723 -0.00501 2.36251 223 252 235
-2.63530 -0.00417 0.33381 153 182 75
-0.26634 0.00234 1.17415 77 255 247
0.67450 -0.00648 0.32728 151 193 204
-0.76093 0.00548 0.13935 137 175 149
0.99888 -0.00076 2.26719 76 252 86
-1.81722 0.00298 1.26276 37 167 176
-0.26211 0.00413 1.71941 76 82 207
0.18640 0.00198 1.40590 231 205 254
-1.31591 0.00048 0.78691 155 101 251
0.69385 0.00624 1.37707 71 140 70
-0.25894 -0.00122 1.08718 76 239 247
-0.18341 0.00712 1.19175 96 255 199
-1.80504 0.00370 0.19630 106 241 82
-0.07559 0.00121 0.77529 53 25 89
-2.09094 0.00109 2.19698 223 241 241
-1.57351 -0.00250 0.19159 2 171 93
1.00240 0.00207 0.21835 3 159 0
-1.97251 -0.00287 0.88849 175 142 198
1.27438 -0.00142 0.29286 152 198 254
0.59058 0.00511 0.80594 187 111 163
-1.14604 0.00666 1.61754 229 101 89
-1.99387 0.00416 0.87329 185 133 225
-2.64707 -0.00380 2.19451 69 163 150
0.32385 -0.00297 0.14573 177 177 8
1.20037 -0.01064 1.89434 121 106 203
-0.39688 0.00424 1.87311 79 95 220
-1.83170 -0.00440 1.79453 119 75 134
-1.82506 0.00044 0.34956 110 178 120
-0.24030 0.00633 0.81515 83 114 85
-1.31473 0.00209 1.52538 162 137 251
0.88540 0.00903 1.08158 11 160 6
0.18715 -0.00078 1.23632 232 249 178
-1.65443 -0.00668 0.77349 0 23 4
-2.73694 -0.00264 1.90003 113 111 86
-1.34084 -0.00430 2.26895 144 255 239
0.08011 -0.00020 1.58506 202 107 231
0.63934 -0.00122 1.30750 97 162 0
-0.32402 0.00585 0.78731 3 16 17
0.49080 0.00527 2.34354 156 176 117
0.81435 -0.01035 0.93126 22 97 91
-2.20478 -0.00285 2.03138 253 164 80
-0.44438 -0.00247 0.11553 11 175 67
1.21866 0.00302 0.60619 52 5 32
0.00104 0.00512 1.34404 87 149 48
-0.69420 0.00273 0.05310 110 172 139
-1.51664 -0.00010 1.78592 13 0 148
-1.93845 -0.00509 1.94851 156 135 185
0.16394 -0.00790 0.44464 228 134 96
-0.93473 0.00112 1.23205 183 176 130
0.86930 -0.00345 0.62361 88 76 231
-1.78382 -0.00738 0.17154 99 246 80
-2.47803 0.00503 1.22738 143 178 178
0.70564 -0.00518 1.10739 135 245 108
-2.88788 -0.00409 2.45107 1 149 159
0.35852 0.00630 1.30525 249 239 233
0.03459 0.00699 0.98848 109 118 107
-1.17438 -0.00030 2.17666 138 158 123
0.64161 -0.00605 1.66752 165 87 247
0.20249 0.00062 2.39874 237 242 79
-2.19608 -0.00460 2.35955 247 245 255
-2.15527 -0.00407 0.18868 166 170 175
0.32487 -0.00252 1.79169 179 2 108
0.34458 -0.00147 1.87886 183 16 169
-0.48090 -0.00801 0.01857 24 171 159
-0.08304 -0.00069 0.60215 55 4 0
-1.66472 -0.00549 1.06207 77 229 236
-1.75088 -0.00191 0.27332 92 214 105
0.75550 -0.00453 0.30724 126 196 153
-0.97672 0.00253 1.41361 174 116 24
-1.19987 0.01155 1.15809 134 178 45
-0.80501 0.00539 1.47941 147 87 67
1.19443 -0.00350 0.45355 125 132 239
-0.58831 0.00974 0.54485 139 86 134
0.74740 0.00315 0.88362 119 145 241
-2.66491 0.00110 0.98821 139 195 112
-1.63573 0.00153 2.20798 3 165 10
-2.68819 -0.00945 1.82520 129 84 79
-0.30810 0.00775 1.43507 0 112 36
-1.16100 0.00342 1.06883 216 228 93
-1.61028 -0.00360 1.75257 81 74 250
-0.93652 -0.00687 1.14039 252 244 255
-2.12008 -0.00207 0.90187 161 76 180
0.95706 -0.00020 0.50100 78 104 216
-0.23505 -0.00302 0.12068 83 255 85
0.20230 -0.00449 0.00929 167 168 172
0.55113 -0.00140 0.93720 206 170 226
0.48529 0.00263 0.53450 149 17 103
-0.51154 0.00428 1.38324 105 208 255
0.91428 0.00130 1.28281 82 242 235
1.11341 0.01213 1.14133 18 174 178
-0.98022 0.00070 1.35881 180 142 64
0.03567 -0.00151 0.89144 108 73 166
-2.34526 0.00457 2.39093 252 243 196
-2.03837 -0.00338 1.47890 203 165 252
-2.40967 0.00137 2.44173 234 225 191
-0.79232 0.00337 1.41304 223 196 109
-0.90984 0.00124 2.17835 171 158 11
-0.36977 -0.00221 0.86984 77 145 79
-1.36046 0.00397 1.73804 67 0 71
-1.18828 -0.00040 0.24696 217 226 86
-1.39079 -0.00167 0.09003 52 174 158
-1.97237 0.00431 0.48485 96 34 24
-1.70460 0.01658 2.33892 6 178 36
-2.93380 -0.00394 2.03561 75 173 77
-2.04650 0.00498 2.10994 207 202 206
-0.33671 0.00683 1.72159 77 72 154
0.05075 0.00622 2.34641 187 249 210
-2.96979 -0.00070 0.22305 4 154 137
1.14468 0.00213 1.55203 103 126 93
-2.24764 0.00060 1.75068 175 0 175
-0.02518 -0.00725 1.38707 73 125 59
-1.67980 0.00475 1.11485 78 245 246
0.76826 0.00424 2.17142 41 149 174
-1.67492 -0.00522 2.34068 0 175 61
-2.64580 -0.00624 2.06725 71 105 165
-0.63251 -0.00221 1.15232 84 176 0
-1.60761 -0.00392 1.94954 76 128 174
-2.71658 -0.00077 1.48889 43 84 182
0.57764 0.00763 0.64355 119 0 1
0.39594 -0.00129 1.33278 248 229 185
-1.39572 0.00014 2.05519 128 178 124
-2.16742 -0.01069 1.52044 246 138 207
-1.03556 -0.00268 2.33884 178 176 23
0.45662 -0.00034 0.20476 238 239 147
-2.51663 0.00390 2.11305 121 138 122
-1.41845 0.00935 1.80587 46 0 53
0.68649 -0.00171 2.30359 70 177 175
0.05873 0.01072 1.46730 191 169 249
-2.61445 -0.00702 0.75605 84 20 167
0.95568 0.00319 0.92635 0 88 8
0.59987 -0.00655 0.64563 109 0 8
-2.55848 -0.00445 2.19300 102 161 104
-1.72077 -0.00297 2.18615 8 157 10
-1.16547 -0.00170 0.35038 218 174 87
0.67113 -0.00508 1.34798 82 144 25
-0.56193 0.00326 0.46727 129 114 98
-1.06776 0.00506 1.88426 241 97 239
-0.55977 0.01348 2.30561 132 255 176
-1.67426 0.00731 2.34205 3 174 60
-2.84578 0.00043 0.82750 7 42 155
-2.28949 0.00502 2.23206 253 241 125
1.12267 -0.00655 1.18055 21 171 171
-0.41891 -0.00272 2.43666 8 152 34
-0.96742 -0.00144 1.07097 255 228 230
-0.46288 -0.00492 1.33692 98 227 252
-0.58330 0.00949 2.05257 140 179 216
0.07244 0.00525 2.27300 193 253 239
-0.12978 -0.00411 2.12679 30 141 11
-1.91497 -0.00295 0.57489 76 9 136
-2.86081 -0.00489 1.18747 12 177 31
-1.64752 -0.01197 1.56789 4 51 27
-0.98037 0.00382 0.32982 255 180 206
1.11164 -0.00036 2.02514 95 171 170
-1.38361 0.00354 0.48265 136 114 80
-2.37372 -0.00787 2.38885 241 249 157
1.17250 -0.00492 0.61324 114 79 137
-2.37760 -0.00186 2.26101 244 255 89
1.26802 -0.00040 1.69074 150 83 254
-1.68361 -0.00807 1.30097 6 167 118
-1.15783 0.00372 0.10407 222 253 168
-2.88286 0.00086 1.81664 3 0 104
-2.95464 0.00451 1.69424 0 5 170
-1.74293 -0.00591 2.34981 17 176 22
-2.04925 0.00261 0.87738 129 62 163
0.19129 -0.00683 2.06328 238 187 253
0.05952 0.00596 0.97107 109 113 94
0.37468 0.00111 2.29941 253 251 82
-0.62949 0.00249 0.21407 81 152 139
0.32965 0.00043 1.15164 176 172 159
1.39149 0.00705 1.56784 134 43 183
-2.31605 0.00448 0.36285 178 93 172
0.22528 -0.00301 1.74838 169 2 5
-1.12163 0.01486 0.05999 232 252 178
-2.26831 -0.00628 1.53231 249 134 139
0.48776 0.00164 0.00781 226 240 79
1.34842 0.00103 0.65050 107 0 16
-2.14949 0.00847 0.93858 165 101 176
1.06416 0.00522 2.28082 82 253 79
0.63099 -0.00248 2.39784 93 164 164
1.18879 0.00557 0.23424 43 153 109
-0.63091 0.00772 2.29715 155 255 222
0.15487 0.00408 0.67677 226 78 240
0.86935 -0.00327 0.52782 88 97 159
-0.14168 -0.00436 2.38434 30 169 175
-0.31570 -0.00066 1.04880 81 220 187
-2.39973 0.00390 1.99643 160 72 129
-0.48899 -0.00174 1.50657 108 150 194
0.71144 0.00109 1.66101 139 89 224
-2.68195 0.00725 0.10023 132 254 252
-2.93682 -0.00583 -0.00669 2 169 4
0.29078 -0.00325 0.94890 175 97 0
-1.73090 -0.00292 1.88172 88 100 253
1.31540 -0.00180 1.09397 176 238 196
-0.89688 0.00242 1.52615 169 67 33
-0.56611 0.00282 1.34864 140 228 211
-0.47617 0.01090 2.12158 99 218 237
-0.02968 0.00771 0.99541 154 204 227
-0.85645 -0.00940 0.39484 238 155 246
-0.38873 -0.00741 2.16695 5 152 64
-0.35565 0.00002 1.91673 77 120 255
-0.53043 -0.00264 1.06022 42 154 0
-1.78833 -0.01078 2.38107 19 163 32
0.63262 0.00119 1.03801 172 223 224
-2.92483 0.00484 1.18690 2 175 80
0.11568 0.01138 1.10229 133 167 0
-2.39161 0.00654 0.83800 167 45 4
0.65864 -0.00105 2.37650 84 166 160
1.07053 -0.00316 1.37445 85 215 172
-1.44255 0.00961 2.00111 110 155 79
-0.05176 -0.00243 0.06033 145 249 171
0.42253 0.00103 0.90593 244 159 118
-2.52464 -0.01166 0.50363 122 27 147
0.29128 -0.00193 1.60843 179 25 5
-1.10570 -0.00854 0.63302 162 2 171
-1.49543 0.00075 0.90728 16 77 168
0.21748 0.00711 0.27000 164 135 4
-2.21861 0.00629 0.96438 168 111 173
-2.27421 -0.00539 0.49453 255 106 189
-2.37971 0.00417 2.30904 247 255 111
-0.01915 -0.00430 2.03755 79 97 30
-0.92288 -0.00378 0.64206 176 2 34
1.15983 -0.00352 1.37309 113 215 107
-2.65770 -0.00065 2.01123 60 84 127
-1.01567 -0.00320 0.56411 174 10 154
-2.39984 0.00576 1.35719 160 143 84
0.72120 -0.00281 0.36384 140 172 141
-1.50536 0.00226 0.06315 15 178 56
-2.23066 -0.00381 0.11977 180 177 103
-0.35694 -0.00078 2.09162 2 126 106
-2.88732 0.00445 1.13554 2 172 92
1.05295 -0.00176 1.14536 3 171 160
0.44940 0.00427 0.61824 160 0 80
-0.64666 -0.00366 1.52135 167 138 255
-1.32666 0.00141 0.69615 153 79 220
-2.11885 0.00343 1.84936 150 12 35
1.32689 0.00167 1.66518 169 86 254
-0.29101 0.00032 1.90713 76 105 251
1.30934 0.00821 0.66857 95 0 9
-2.89194 -0.00274 0.00306 0 169 35
-0.88530 0.00076 2.18777 170 159 23
-2.33452 -0.00586 1.17496 172 177 165
-0.95977 0.00043 1.21198 180 174 159
-1.99438 0.00019 0.53139 106 18 46
-0.93968 -0.00261 0.56686 178 11 98
1.24102 0.00303 0.79172 61 25 41
-1.59895 0.00204 1.76331 76 73 252
-1.57177 -0.00405 1.67095 8 6 157
-1.57770 -0.00218 1.63651 4 13 142
-0.89047 0.00246 0.79198 171 25 26
0.49994 0.00271 0.90851 219 157 179
-0.49407 -0.00596 0.80034 102 109 210
-1.31886 0.00370 0.02131 83 169 157
-1.22245 -0.00438 0.99105 129 124 9
-2.95722 -0.00014 1.58592 74 111 187
-1.26167 0.00345 0.20528 104 159 89
0.25796 0.00156 1.25154 248 254 247
-0.58261 -0.00577 2.48066 62 136 1
-0.83796 0.00015 2.39173 158 163 181
-1.66600 0.00864 1.61761 73 99 110
0.80404 -0.00188 0.60309 107 79 178
1.36873 -0.00038 0.72505 118 7 70
-0.64915 0.00198 0.46372 170 119 73
0.12167 -0.00243 2.27562 217 254 212
1.11505 -0.00560 1.74755 20 0 138
-2.91163 -0.01100 0.98900 0 124 181
-2.46432 -0.00259 1.66757 222 84 99
0.26951 -0.00737 0.84514 176 53 36
-1.67629 -0.01069 1.63672 76 93 137
-1.59406 0.00654 2.25137 76 251 139
-0.04263 -0.00136 1.01455 148 210 228
0.74474 0.00938 0.11611 127 255 255
-1.91151 -0.00757 0.57944 78 7 134
-0.03317 0.00299 2.47127 152 213 166
0.62907 -0.00119 1.69498 175 81 235
-0.75416 0.00779 0.96391 129 109 171
-0.41317 0.00346 2.30487 83 255 80
-0.41277 0.00060 0.81711 11 35 46
-1.22534 -0.00182 2.08365 196 194 254
-0.16645 -0.00078 1.03966 103 223 255
-2.22649 -0.00827 0.02354 176 161 11
0.62017 -0.00123 2.05076 101 101 7
-0.03879 0.00120 1.96108 152 138 77
-2.85852 -0.00366 2.20302 76 239 202
-0.43946 0.00091 1.63778 13 18 6
0.37366 0.00345 1.76941 178 0 115
-1.47624 -0.00201 1.96059 24 53 0
-0.10297 0.00307 0.90255 117 162 239
-1.03365 0.00004 1.94983 248 129 246
-2.23157 0.00251 1.23183 251 252 128
-0.48487 -0.00385 1.51216 104 141 179
-2.63985 -0.00302 1.64302 152 87 114
0.44380 0.00250 2.17895 165 157 4
-2.15105 -0.01195 1.70731 166 6 156
-0.25059 0.00162 2.05593 6 104 44
-1.39905 0.00057 2.05489 126 185 132
-0.37736 0.00417 1.74257 79 78 140
-1.41667 -0.00195 2.21646 113 239 233
-1.86104 -0.00127 0.71235 52 3 162
-2.73955 -0.00883 1.71950 106 79 138
-1.81435 -0.00285 0.89659 113 155 79
-2.34409 0.00313 1.64156 175 13 100
-0.80869 -0.00266 1.48383 150 86 67
-2.94111 -0.00579 0.20677 0 159 144
-0.87031 0.00336 1.78224 244 78 251
0.14523 -0.00498 1.21712 223 255 132
1.27214 0.00053 0.31430 151 192 255
-2.73940 0.00012 2.33474 40 177 115
-2.52306 -0.00560 1.13947 203 249 180
-0.57302 -0.00660 1.41591 135 203 245
-2.61863 0.00510 0.81003 152 106 218
-0.88471 -0.00218 1.29189 169 167 42
1.41367 0.00455 0.12666 211 251 252
-0.86871 0.00462 2.37536 167 173 157
-1.02002 0.00110 1.36093 176 140 100
-1.82709 -0.00305 1.04494 115 224 106
1.48206 -0.00132 1.22899 159 177 29
-2.48344 -0.00190 0.43707 143 58 135
0.45061 0.00315 0.89383 240 147 122
1.39624 0.00511 0.31264 205 194 186
-1.84360 0.00628 0.75116 44 15 115
0.21053 0.00026 1.92059 163 42 114
0.04514 -0.00157 2.25111 189 254 254
-2.70068 0.00552 0.42599 47 62 0
-2.48334 -0.00008 1.79349 211 83 183
-2.88505 0.00267 2.23594 79 247 205
-1.89394 -0.00533 0.31027 145 193 82
0.03992 0.01244 2.07405 181 188 172
1.25862 0.00706 0.59652 75 3 21
-2.85678 0.00680 0.05055 5 174 81
-1.13671 0.00267 2.10995 152 126 148
0.51455 0.00433 0.84685 216 128 146
-1.30030 -0.00218 1.88313 88 25 8
-0.57795 -0.00319 0.38773 60 82 0
-1.96018 0.00407 0.92862 172 166 159
0.77587 0.00330 1.70094 114 84 142
-2.17375 -0.00190 1.23477 247 255 95
-0.84250 0.00217 0.55516 161 12 41
-2.09528 -0.00467 0.85767 147 58 176
-0.20657 -0.00049 0.72319 14 9 3
0.83230 0.00460 2.49777 20 127 1
-1.85219 -0.00033 1.33584 52 155 176
-1.94605 -0.00505 0.96176 160 189 113
0.70888 0.00182 1.91541 145 116 74
-1.23106 -0.00282 1.52772 195 143 210
1.28024 0.00769 1.00651 154 205 255
-2.48567 0.00479 0.70981 131 3 110
-0.70654 -0.00262 0.71215 189 81 176
1.10950 -0.00014 0.78248 92 103 84
0.67748 0.00311 1.56401 82 49 166
1.30274 0.00085 1.63187 168 96 255
1.47938 0.00357 1.77432 235 81 95
0.85943 -0.00198 1.58712 90 106 150
0.03111 -0.00567 0.59337 177 78 115
-1.78083 -0.00284 1.04553 101 225 141
-2.37431 -0.00653 1.49537 246 155 77
0.27681 -0.00551 2.42974 174 151 33
1.01100 -0.00272 2.33575 77 250 80
-2.72916 0.00708 1.45480 33 101 165
1.15733 0.00193 1.51155 110 145 81
1.02130 -0.00062 1.64635 4 17 5
0.96563 -0.00253 0.05743 0 175 112
-0.37895 -0.00663 1.68107 76 81 97
-1.12661 -0.00897 1.53115 150 62 47
-1.77550 -0.00097 0.73736 20 9 69
0.25333 0.00139 0.31655 174 120 1
1.30305 -0.00307 2.21035 87 162 97
-0.27067 0.00008 1.38617 0 129 34
-2.51271 -0.01186 0.84807 209 121 103
-1.20855 0.00358 0.44519 199 132 118
-1.98105 0.00163 1.17509 183 254 95
-1.84740 0.00149 0.49461 46 38 116
0.77945 -0.00008 2.23301 30 170 175
-2.42023 0.00400 0.93868 232 174 113
-2.29988 -0.00276 1.81617 176 6 169
-1.10601 0.00432 0.42607 160 62 104
-0.18452 0.00014 0.34653 100 181 252
-1.58858 -0.00086 1.94026 0 43 88
-0.47973 -0.00664 1.97942 23 68 153
-2.71522 0.00545 1.58191 45 39 156
-2.64702 -0.00311 0.74191 76 11 175
-0.83878 0.00237 2.28199 162 178 130
1.48942 -0.00412 0.68438 165 1 152
1.18509 0.00759 0.24234 44 150 113
-1.56440 -0.00030 0.46892 80 120 203
-1.58987 -0.00485 0.66962 76 75 83
-0.05352 0.00379 0.92373 143 159 255
0.89450 -0.00985 0.90879 8 79 44
0.63207 -0.00163 1.95783 174 135 82
-2.72112 -0.00176 1.15228 115 250 78
-2.26782 -0.00311 1.43627 250 184 80
0.10178 -0.00153 0.97478 130 114 68
-0.68113 0.00407 0.01938 102 166 116
-0.82436 0.00351 0.60089 154 3 13
-1.64241 0.00029 0.64970 3 0 47
-0.56982 -0.00909 1.43850 129 183 255
-0.96564 -0.00130 1.94518 254 126 222
1.18441 -0.00268 0.69266 116 81 82
1.10272 -0.00271 1.90949 20 35 171
0.29870 -0.00175 2.05226 255 182 238
-2.95529 0.00298 1.64616 0 19 148
-1.01229 0.00448 0.71479 174 8 47
1.49786 0.00318 0.94483 234 179 164
-0.64390 -0.00010 0.18647 84 167 158
0.47569 -0.01510 0.62466 157 1 47
-1.80365 -0.00641 1.15762 107 254 205
-0.11671 -0.00360 1.24377 38 175 28
-1.83879 -0.00567 0.25219 120 224 78
-2.25414 0.00022 0.28673 183 128 168
-1.16338 0.00133 1.99991 146 81 179
0.51293 -0.00560 1.00669 222 201 236
0.53520 -0.00714 0.01482 211 245 75
0.60384 -0.00207 0.90046 181 156 245
-0.54456 -0.00962 0.45071 123 125 97
-0.56227 -0.00508 0.45924 130 127 98
0.53395 0.00339 0.59260 134 3 32
-1.03906 -0.01369 0.94041 249 172 92
-0.93209 0.00060 1.17092 251 251 239
0.30803 0.00641 1.87201 180 20 143
-2.16178 -0.00181 1.77953 169 4 123
1.20697 -0.00114 1.86885 125 95 213
-2.90254 -0.00285 1.41961 79 196 108
1.29017 1.62665 0.00172 4 168 43
-0.80709 1.77868 -0.00315 130 166 8
0.11224 2.51513 -0.00908 82 156 248
-1.09333 1.69614 -0.00796 11 176 177
0.80451 0.86589 -0.00208 172 89 7
0.27976 1.47605 0.00754 115 189 127
-2.19984 2.82918 0.00238 85 177 164
0.64030 1.59519 0.00506 171 163 24
-1.57050 1.83836 0.00127 99 152 6
0.55249 2.38869 0.00087 153 21 27
-1.29381 0.40603 0.00745 5 134 169
-0.01115 1.80949 -0.00236 82 235 174
-1.22331 1.07070 -0.00631 2 4 178
0.71040 1.37964 0.00243 251 148 200
-1.18786 1.53060 0.00190 6 144 48
1.12139 1.65375 0.00351 132 251 219
-1.33682 0.27801 -0.00852 14 64 41
-0.69061 0.18505 -0.00249 243 107 76
-1.94421 2.66035 -0.00371 251 232 188
-1.46616 2.57671 0.00204 128 186 167
1.15050 1.22251 0.00683 47 4 9
-2.67011 2.28154 -0.00054 22 0 26
-1.30871 2.41690 -0.00730 83 115 176
-1.98759 0.69998 -0.00292 165 166 30
0.55499 1.21572 0.00092 225 83 131
-0.20986 1.47577 -0.00270 77 113 171
-2.29831 0.64834 0.00933 123 253 203
1.17592 0.88567 0.00358 114 159 223
0.83361 2.58874 0.01178 240 193 246
-0.05652 1.44204 -0.00262 21 99 143
-2.24506 0.17630 -0.00297 142 98 186
0.75906 0.34184 -0.00169 255 177 163
-0.71243 0.20998 0.00570 163 29 1
0.75548 0.52962 -0.00222 250 249 250
-1.55847 2.62671 -0.00480 92 138 75
-1.91583 1.14570 0.00128 254 77 242
-1.23026 1.58007 -0.01097 77 237 132
-1.77374 0.64376 -0.00392 168 176 3
-1.28448 0.83615 0.00154 78 188 78
-0.02799 2.02374 -0.00700 89 136 255
-0.35192 0.15025 -0.00086 131 18 158
0.30910 0.67025 -0.00056 128 250 86
-0.79623 2.49430 -0.00946 207 151 97
0.98035 0.37086 0.00180 117 109 157
-0.17539 0.27366 0.00978 133 139 127
-1.65608 0.97483 -0.00258 131 46 110
-1.21481 0.57434 -0.00650 0 177 78
-2.48919 1.76490 -0.00140 1 171 153
-1.49152 0.74529 -0.00643 139 223 231
-0.04203 1.09650 -0.00462 88 83 127
-0.57644 1.87606 0.00863 184 132 175
-0.11425 1.99205 0.00354 112 161 214
-1.60419 0.15509 -0.00135 184 89 232
0.91892 0.34483 0.01359 143 98 178
-1.47953 0.38246 0.00079 61 119 27
1.01673 1.93037 -0.00176 95 107 15
-1.79571 1.20130 -0.00024 250 80 117
0.57322 0.29348 -0.00231 238 154 84
-2.06746 2.85916 0.00046 144 175 48
-0.69576 1.74558 0.00268 239 251 136
-1.14909 1.31829 -0.00310 83 115 88
0.70434 0.23205 -0.00040 251 120 79
0.20969 2.86135 -0.00664 20 168 11
0.25604 2.31065 -0.00062 105 77 217
-0.23885 0.65118 -0.00153 86 175 93
-0.88344 2.12046 -0.00009 173 100 253
-0.55492 2.36547 0.00344 253 98 179
1.10728 0.40458 -0.00395 66 128 40
-1.18506 1.32082 0.00664 75 117 100
-0.45354 0.00914 -0.00339 239 81 77
-0.90393 0.12610 0.01091 90 5 168
-0.84159 0.44081 -0.00028 190 217 95
0.33980 0.04441 0.00483 138 76 153
-2.28194 0.68351 -0.00543 133 244 227
-0.72645 1.02413 0.00572 155 20 17
-0.78772 0.33591 -0.00431 138 99 4
-0.03888 1.66324 -0.00396 11 181 0
-2.69637 1.38621 -0.00612 102 149 130
-2.40691 2.74826 -0.00894 98 251 122
0.73969 1.71183 0.00081 178 178 53
-1.38353 1.75690 -0.00465 95 250 149
-0.22391 2.16894 -0.00022 152 83 251
-1.96967 1.49707 0.00736 171 124 1
-1.92401 0.01912 -0.00516 174 0 5
1.42007 0.44405 0.00169 78 227 222
-2.43615 1.83680 0.00280 86 232 123
0.45842 0.64613 -0.00434 114 177 91
-2.94083 2.55601 0.00125 204 182 110
-0.78644 2.31071 0.00938 214 82 102
-2.99341 1.06042 0.00205 147 13 11
0.19745 1.99950 0.00134 17 74 56
-1.13742 0.58927 0.00134 13 182 8
-0.78168 2.13038 0.00383 141 16 162
0.13180 0.50473 0.00765 12 163 166
0.09264 1.09049 -0.00666 0 4 153
-2.32744 2.53359 -0.00013 112 178 78
-2.00081 0.64360 -0.00448 159 176 97
-1.42640 1.14896 -0.00760 39 0 112
-1.05160 0.16482 -0.00595 32 19 161
-2.72093 0.39876 0.00051 114 203 225
-1.78281 1.48107 0.00354 168 120 98
1.48294 2.38249 0.00576 14 24 56
-0.51642 2.62694 -0.00448 175 136 117
0.13699 2.70031 -0.00135 8 168 88
0.90507 2.25010 -0.00860 220 77 140
-2.90758 2.24719 -0.00065 191 76 172
-0.71335 2.51026 0.00513 238 158 167
-2.10735 1.86616 0.00161 124 145 122
-1.69500 0.36564 0.00191 222 184 159
0.59362 0.03436 -0.00813 163 0 163
-2.96233 0.50313 -0.00740 134 163 52
-0.21554 1.85775 0.00239 152 219 79
-0.26883 0.70830 0.00171 103 157 119
-2.54592 1.79471 -0.00057 0 169 153
-0.52326 2.57520 -0.00457 253 192 239
-1.54266 0.81922 -0.00529 155 188 212
-2.59885 0.94341 -0.01232 5 59 111
-2.26366 1.05583 -0.00072 60 11 4
-0.47800 2.33223 0.00033 247 85 206
-2.09909 0.93678 -0.00925 207 130 79
-1.82482 2.27958 0.00026 177 1 132
-0.99266 1.95742 -0.00021 129 172 81
-0.07251 0.67052 -0.01201 18 165 178
-2.96384 0.20333 -0.00680 132 32 92
-0.24205 0.84063 -0.00140 86 106 177
-0.01172 2.03240 -0.00486 81 136 246
-0.20833 0.61529 -0.00096 73 175 86
0.89340 0.69324 0.00063 225 242 80
-0.52915 0.43921 -0.00296 175 141 174
-0.05512 2.74345 0.00171 92 251 255
-1.74932 0.16964 -0.00815 163 13 165
-1.26114 1.08321 0.00251 2 5 172
-2.91957 1.77065 0.00290 189 243 80
0.82745 1.80206 0.00212 164 167 173
0.37105 1.16225 0.00330 77 0 29
-1.98518 2.16323 0.00168 245 81 79
-2.65373 1.70939 -0.00098 20 181 137
1.31962 2.94518 -0.00276 77 224 145
-0.36190 2.32407 -0.01105 136 9 169
0.27633 1.79645 0.00050 119 238 218
-2.81496 0.87017 0.00084 151 165 98
-1.88978 1.23279 -0.00376 252 83 180
0.13663 0.09588 0.00314 78 82 77
1.09136 1.68945 0.00276 146 253 217
1.45785 1.42240 0.00406 7 90 57
0.46148 0.46387 0.00430 186 232 80
-0.47382 1.22466 -0.00745 166 6 85
0.64980 2.73531 -0.00508 251 247 254
1.13020 2.49310 0.00165 129 152 112
-0.61968 0.44665 0.00380 179 151 175
-2.61902 2.66785 0.00363 87 225 177
-0.06312 0.03838 -0.00440 21 1 137
-1.52918 0.96646 0.00632 152 123 99
-1.16394 1.96678 0.00251 79 167 118
-2.69273 0.29524 0.00337 104 154 173
-1.33281 2.78316 0.00657 10 179 86
0.80054 2.40819 -0.00140 249 107 180
0.75341 0.08262 0.00210 180 3 30
-2.45386 1.59941 0.00879 8 160 178
1.47160 0.70425 0.00015 11 167 68
0.10633 0.79596 0.00103 78 208 80
-1.28384 0.13800 0.00046 83 87 78
0.26344 1.30882 0.01390 33 38 11
-1.34947 0.39804 0.00152 17 121 121
-1.38322 1.83705 0.00258 26 148 128
-2.59438 0.24226 0.00481 82 122 213
-1.13986 2.61400 0.00661 82 214 146
-1.61327 2.97406 0.00857 190 212 230
-1.94205 1.76886 -0.00285 173 168 167
-1.10391 1.63576 0.00373 13 173 172
-1.27306 0.57759 0.00035 0 173 121
-1.45865 1.68049 -0.01252 125 255 71
0.53290 1.33718 0.00234 217 124 219
-1.34509 1.32059 0.00579 6 40 141
-1.88407 0.15406 0.00063 180 15 62
-1.79600 1.19604 -0.00297 248 81 118
-0.69824 2.43880 -0.00756 236 128 129
-1.57773 1.67538 -0.00025 174 252 132
-2.78793 2.37479 -0.00143 65 18 8
-2.95192 0.52801 0.00519 129 168 64
0.42650 2.13235 0.00046 180 94 218
0.83585 1.69119 0.00382 242 255 184
0.74811 1.06515 -0.00492 255 87 175
-1.84308 2.77965 0.00003 254 251 75
-1.91191 1.28920 0.00099 255 92 154
1.20601 1.86007 0.00025 25 146 11
1.43985 0.41156 0.00487 78 204 200
0.35092 0.55723 -0.00375 69 177 0
-0.67852 1.92449 -0.00807 164 117 179
-2.78144 2.35700 0.01141 61 12 8
0.44948 0.22326 0.00500 183 113 228
-1.66154 2.44040 -0.00465 139 48 68
1.06435 0.21624 0.00220 83 38 174
0.70392 0.84303 -0.00188 182 103 17
-1.50644 0.19558 -0.00168 146 108 136
-0.31062 2.56157 0.00302 118 107 21
0.19541 0.73676 0.00432 91 225 74
1.48801 0.85879 -0.00006 7 98 1
-0.75167 2.81063 -0.00250 153 178 149
-0.32157 0.48646 0.00013 203 237 91
-2.08870 1.00086 -0.00087 210 109 101
-1.55782 1.92035 -0.00358 93 122 58
-0.26607 0.63750 0.00028 96 173 60
-0.19320 2.29177 -0.00980 69 0 128
-1.98236 2.07833 0.00160 245 115 130
-1.11298 2.47557 0.00134 9 54 158
-1.68514 1.95617 0.00064 219 173 78
-2.60764 0.55681 0.00138 80 252 165
-2.52596 0.97551 0.00202 0 37 177
0.67156 0.33729 0.00819 254 177 108
-1.47280 2.34070 -0.00559 132 91 90
-1.08470 2.76256 -0.00039 100 252 88
-0.12710 2.86515 -0.00816 112 245 242
-3.00576 2.78687 0.00371 144 181 154
-1.26706 1.62854 0.00385 74 247 136
-1.80350 1.77055 -0.00567 168 168 148
-2.46830 2.23482 0.00768 1 4 141
-0.21605 2.14899 -0.00005 147 91 254
-2.97134 1.37249 0.01013 130 61 163
-1.40839 2.17005 -0.00113 34 9 82
1.38530 1.72687 -0.00883 3 176 20
0.70784 0.48992 0.00507 254 236 234
-2.29118 2.12572 -0.01266 53 26 170
-0.52996 2.50758 -0.00075 252 159 250
-1.06522 1.81377 -0.00321 98 235 168
-1.16718 1.20130 -0.01041 79 79 174
1.03764 0.57382 0.00677 93 180 2
-1.90938 3.00027 0.00714 255 203 151
-2.59075 1.47425 0.00042 6 117 11
-1.84056 0.59267 0.00332 251 252 93
-0.87523 2.71376 -0.00386 181 246 194
-0.27814 2.51420 -0.00650 96 80 26
0.01846 2.41020 -0.00216 82 112 112
-1.60741 0.22286 -0.00360 184 110 193
1.00274 2.84216 -0.00395 111 177 36
-0.41299 0.75329 -0.00015 237 224 118
0.62896 2.99183 0.00138 248 205 116
-1.96254 2.71312 -0.00810 245 244 164
-1.02449 0.10143 0.00784 39 6 141
-2.13769 0.23214 -0.00112 106 44 8
0.92925 0.07632 0.01086 215 79 96
-1.71248 0.38132 -0.00405 226 188 150
-0.85736 0.06906 -0.00354 107 1 173
-0.84434 0.09192 0.00811 109 2 167
-0.98050 1.66910 -0.00569 55 176 131
1.49141 2.25124 0.00037 11 0 3
1.39425 2.47265 0.00202 0 62 66
0.61339 0.77509 -0.00143 168 133 133
0.55499 0.03172 0.00358 144 0 176
0.14019 0.49342 0.00787 9 162 160
-0.77491 1.11090 0.00192 140 1 37
-1.31868 0.20012 0.00097 9 31 19
0.22025 1.48119 0.01243 99 199 97
-2.36389 1.06432 -0.00447 21 15 58
-2.71822 0.64344 0.00172 38 177 117
-1.04969 1.27782 0.00495 107 103 77
-0.56839 2.17304 0.00450 178 7 1
-2.70579 0.65878 0.00195 36 178 89
1.25901 1.29697 0.00203 91 109 212
-1.13828 1.70154 0.00230 6 177 175
-1.41121 2.82852 -0.00327 35 173 113
0.93293 1.31119 -0.01007 132 31 24
0.24319 0.26896 -0.00330 28 58 161
-1.75645 1.85518 -0.00433 240 218 120
-0.39489 2.92743 -0.00404 222 233 197
-0.64567 0.51548 -0.00233 173 167 182
-1.09829 0.27273 -0.00014 90 140 250
-1.93989 1.40433 0.00733 173 79 13
-1.73540 0.99658 0.01164 160 28 150
-0.36070 1.18716 -0.00239 206 78 100
-0.61153 1.96088 0.00361 179 93 159
-2.28019 2.20920 -0.00327 136 80 239
1.43973 2.75482 0.00428 82 254 210
-1.88566 0.75968 -0.00083 181 140 8
-1.01922 1.82116 -0.00278 116 233 131
-0.53340 0.33576 -0.00144 170 88 157
0.67109 2.42723 0.00040 170 37 12
0.15440 2.45450 0.01141 82 131 236
-0.00434 0.12732 0.01266 7 5 40
-1.91658 1.18927 0.00022 254 83 223
-0.57129 2.66474 0.00321 178 155 133
-0.14317 0.23558 -0.01194 123 125 134
-0.83486 0.23413 0.00053 194 125 127
0.75765 2.10099 -0.00085 255 112 165
-2.22364 2.75040 -0.00105 86 174 175
-2.72813 0.39676 -0.00260 117 200 223
0.37096 0.71149 0.00350 151 241 147
-2.95804 2.44063 -0.00044 210 122 80
-2.49088 0.99041 -0.00327 0 31 175
-0.50152 0.44604 0.00092 169 153 158
1.20604 1.99392 -0.00170 103 160 159
-0.26681 2.45731 -0.00589 97 51 64
0.16335 2.12687 -0.00353 2 24 8
-1.19415 2.45015 -0.00335 72 130 251
1.23673 1.23451 -0.00168 92 82 143
-2.14878 1.58547 -0.00903 185 233 107
1.02343 2.50801 -0.00419 177 153 175
-2.03939 0.48045 0.00657 156 158 174
1.09069 0.19857 -0.00270 146 105 248
-2.60059 0.62546 -0.00026 7 176 32
-2.56155 1.08216 -0.00709 78 85 246
-1.54762 1.15628 -0.00271 84 0 32
-0.02440 0.79800 -0.00194 5 120 52
-2.81597 1.78706 0.00045 152 242 142
0.97720 2.76359 0.00335 122 177 2
0.31509 0.91734 0.00628 135 141 255
-0.12684 2.76498 -0.00277 117 249 248
-1.01614 0.89229 0.00683 40 78 175
-0.29085 1.90449 -0.00469 183 197 74
1.00270 0.08895 -0.00269 183 79 166
-0.84950 0.49984 -0.00568 186 241 123
-0.67819 0.27894 0.00800 169 66 26
-2.50528 1.33791 0.00213 81 123 75
-0.99782 1.31750 -0.00175 127 116 115
-1.15071 1.69973 0.00245 5 173 176
-1.45161 2.97026 -0.00712 52 138 44
0.95071 1.27617 0.00057 131 24 41
1.13092 0.54090 -0.00062 60 172 6
-2.60023 2.95305 0.00437 83 220 140
-0.77126 0.93742 -0.00068 212 132 90
-3.00833 0.95779 -0.00567 228 119 157
-1.20815 0.80196 0.00953 83 202 93
0.43726 1.27606 -0.00323 181 99 106
-2.30291 1.11343 0.00703 43 0 0
-0.91626 0.44537 0.00134 160 219 71
1.08202 1.49115 -0.00975 144 194 215
1.10847 1.15700 -0.00128 67 2 11
-1.51244 0.94377 -0.00051 150 132 105
-2.63807 1.98205 -0.00773 88 164 170
-2.02900 2.32318 0.00348 236 85 96
-1.89649 1.32011 -0.00068 254 112 116
0.77283 2.47174 0.00355 171 64 135
-0.77530 1.20504 -0.00452 145 6 124
-0.09309 0.70156 0.00273 26 168 169
-0.20286 2.82407 0.00401 146 252 246
-0.85765 1.15538 -0.00487 187 73 90
1.15651 0.31934 -0.00702 43 87 71
-1.18760 2.50485 -0.00127 1 82 173
-0.17080 1.02631 0.00587 134 98 96
0.05868 0.54420 -0.00256 1 172 172
-2.38570 2.78455 -0.00281 16 179 91
-0.65173 1.26130 0.00210 167 14 174
0.42728 0.55766 0.01055 182 251 87
-2.21593 2.32550 -0.00666 160 83 114
0.16043 2.94281 0.00069 7 151 29
-2.80790 2.03375 0.00244 74 62 164
0.03048 1.10157 -0.00623 0 3 112
0.69000 0.82489 -0.00381 172 113 41
-2.51862 1.74904 -0.00245 0 170 163
-0.95305 2.57504 0.00583 68 114 0
-1.85166 0.20549 -0.00305 247 108 206
-0.07433 2.65760 -0.00151 104 228 224
0.14831 1.19497 0.00363 2 1 166
0.55775 0.02358 -0.00838 149 2 177
-1.50140 0.77885 0.00996 147 213 220
1.48032 0.88124 0.00383 8 87 5
0.72389 1.53943 0.00785 181 145 16
-0.50418 0.22655 -0.00468 173 43 117
-0.82473 1.08167 -0.00530 196 86 76
-2.28444 1.55292 0.00225 127 223 225
-0.16739 0.34657 -0.01228 127 173 79
0.91379 2.06549 -0.00114 146 50 16
1.24380 2.46806 0.00387 16 60 4
1.05799 0.82047 -0.00232 159 193 216
-1.34148 1.61405 -0.01005 91 241 79
-1.54376 0.97143 0.00227 165 129 112
-2.50599 2.74313 0.00478 70 249 73
0.68552 1.62451 -0.00700 178 165 0
-0.45386 1.47083 -0.00059 239 184 106
-1.65820 2.92540 0.00025 211 235 252
0.14761 2.85904 -0.00086 7 170 0
-0.63274 0.98118 0.00330 251 113 135
-2.24614 1.49133 -0.00246 143 202 236
0.25597 0.79200 0.00023 107 203 122
0.23291 2.08632 0.00462 23 34 0
-1.55590 0.90367 0.01085 170 152 168
1.29298 0.16453 0.00707 6 17 77
-1.81201 0.99021 -0.00209 180 36 182
1.19788 0.02033 -0.00092 104 82 243
0.65281 1.03972 -0.00177 252 97 91
-2.54064 0.88643 0.00400 2 77 115
0.90299 2.50067 0.00609 225 154 255
-1.49256 0.16756 0.00261 140 92 143
-1.10683 1.09161 -0.00188 92 82 213
-1.43511 1.53010 -0.00555 117 213 126
-2.87952 2.11838 -0.00207 99 23 165
-0.41303 1.36921 -0.00409 149 58 2
-2.38819 2.06933 -0.00139 20 48 86
-2.69223 2.16120 -0.00389 108 85 86
1.25350 1.33529 -0.00700 92 116 227
0.50016 2.51821 0.00795 131 85 0
-0.92333 0.93105 -0.00115 76 67 128
-0.43883 2.83792 -0.00449 156 175 17
-0.76509 0.15773 -0.00277 220 99 123
0.21964 2.62524 0.00784 20 136 102
-0.28498 2.48281 0.00118 108 72 54
-0.75462 1.92967 -0.00089 149 110 146
-0.96869 0.64103 -0.00623 60 174 60
0.57990 0.46391 0.00365 238 230 132
-2.73697 0.25508 0.00701 118 131 104
0.30001 1.62262 0.00221 122 250 247
0.01337 2.36929 0.00172 84 99 86
-0.74633 0.85926 0.00452 227 171 114
1.07582 2.19600 -0.00968 77 4 145
0.43652 0.27482 0.00162 176 138 202
1.16074 2.59913 -0.00540 122 207 77
-0.23933 2.50530 -0.00545 83 74 11
-0.30182 1.18223 0.00005 193 80 87
-2.13719 0.56188 0.01242 121 175 174
-0.83119 1.01462 -0.00023 195 106 87
0.20514 2.25784 0.00122 93 77 126
-2.43133 1.24366 -0.00264 84 91 75
0.85576 0.94690 0.00118 238 129 160
-0.71683 0.34684 -0.00640 162 99 38
-2.09695 2.68546 0.00477 132 162 177
-2.21595 2.39866 0.00633 160 108 82
1.07757 1.04691 -0.00272 77 16 114
-1.12215 1.71789 -0.00165 10 178 170
-1.92391 0.38023 0.00149 255 192 253
-1.25773 1.43671 0.00197 75 176 80
-0.59517 1.45568 0.01046 254 177 90
-0.08828 1.12802 -0.00100 109 77 117
-2.71136 2.72981 -0.00304 111 242 193
0.32231 0.81968 -0.00836 130 195 188
-2.56261 2.32520 0.00475 6 7 141
-0.49873 1.19170 -0.00834 178 0 138
0.29971 0.42777 0.00639 48 132 116
-1.30270 0.64602 -0.00746 87 253 166
-0.48813 1.44053 0.00104 248 166 79
0.98641 2.66993 -0.00343 114 158 18
-0.07410 2.30958 0.00365 26 11 24
-0.27886 1.90791 -0.00136 186 195 77
-2.89706 0.96684 -0.00806 186 118 89
1.06281 0.14856 -0.00415 164 93 240
-0.02141 2.17594 0.00273 86 81 157
0.91449 1.05628 0.00269 141 10 173
-0.84458 0.47705 -0.00741 193 232 113
-0.11295 0.31588 0.00086 114 159 77
0.24696 0.97782 0.00628 109 118 248
-2.17275 2.62530 0.00036 97 142 128
-1.59299 1.86888 -0.00111 107 134 9
-0.72424 1.69865 -0.00169 234 249 80
-0.99094 2.67122 0.00643 128 231 91
-2.62436 0.79129 -0.00411 9 130 8
1.20095 1.68652 0.00254 29 182 63
-1.15961 0.60440 0.00059 3 179 24
-2.94553 0.58577 0.00201 131 180 134
-2.63150 1.24627 0.00240 88 91 190
-1.23435 1.88068 0.00111 2 135 163
-2.86043 2.58037 0.01190 173 201 185
-1.81906 0.42318 -0.00244 248 211 201
0.45714 2.53361 0.00274 110 91 4
-2.23456 0.45051 -0.00340 75 152 33
0.11411 0.82253 -0.00229 78 193 79
-0.20625 0.57398 0.00812 147 253 141
-0.97311 2.05775 0.00519 134 128 153
0.30406 1.97245 0.00269 46 90 6
-0.47248 1.99911 0.00180 168 77 34
-1.25794 2.70616 0.00003 2 166 88
-0.35918 1.02892 -0.00137 208 99 219
-2.86484 1.08184 0.00494 100 6 30
-0.42401 2.33700 -0.00294 229 92 247
-2.60104 2.76406 0.00174 79 251 92
0.87852 1.35737 -0.00750 155 56 21
1.11523 2.24868 -0.00358 141 77 249
1.34802 1.23166 0.00119 75 85 223
-0.64470 2.20915 0.00467 166 4 21
0.42723 2.44880 0.00458 99 51 63
-0.12915 2.57441 0.00696 39 117 50
-2.46306 1.47557 -0.00536 1 118 96
-2.60543 1.21537 0.00316 87 82 193
1.39268 2.11447 -0.00101 76 100 205
-1.46291 2.38069 0.00197 132 95 75
-0.59276 1.58600 -0.00290 249 237 97
-0.59504 2.18908 -0.00118 255 82 77
-2.53142 2.45239 -0.00165 1 52 172
0.91345 0.12245 0.00156 215 88 124
-0.61194 1.54650 -0.01072 250 220 77
0.84088 0.67447 0.00061 239 248 113
-2.06049 0.07877 0.00795 223 72 112
0.44779 1.40434 0.00154 112 75 134
-2.31753 2.31665 -0.00757 120 80 202
-2.63522 1.92785 0.00302 89 196 208
-1.70031 2.64902 0.00500 224 224 81
-0.71127 0.39660 0.00217 154 125 76
0.19347 1.05205 0.00176 14 5 174
-1.69539 2.35292 -0.00174 142 14 147
-1.36144 2.79367 -0.00421 15 174 99
-2.68536 1.49661 -0.00196 28 123 7
-0.90370 1.06321 0.00269 160 86 93
0.61810 1.84934 -0.00110 241 215 143
-2.47389 1.11196 -0.00649 83 82 160
-2.49493 1.63747 -0.00066 0 170 175
-2.80558 1.74084 0.00933 144 253 117
-0.02997 1.93236 0.01392 91 187 230
-1.36233 2.17717 -0.00463 13 12 37
-2.02178 2.53912 0.00036 234 170 244
-0.33218 1.43513 -0.00927 121 92 101
-2.58798 2.20047 -0.00321 4 5 29
-2.70642 1.00314 0.00672 116 104 160
-0.04656 0.50986 -0.00684 93 247 209
-0.93113 1.98864 -0.00391 153 153 142
-0.07315 0.81572 0.00021 17 118 96
0.02325 2.43294 0.00107 85 122 138
-2.44485 1.90552 0.00211 85 205 89
1.42485 1.69136 0.00373 1 178 33
-0.94400 2.08992 0.00554 150 112 208
-1.40378 0.33600 -0.00666 31 93 39
0.41248 1.70336 -0.00366 97 176 110
0.91784 0.84612 -0.00135 217 183 134
-2.49901 2.64628 0.00135 71 225 91
-1.93599 2.22172 -0.00964 178 1 15
1.05560 0.28052 0.00965 88 69 162
0.50987 1.61387 0.00658 140 168 99
-2.75763 1.20215 0.00183 128 77 247
-2.75147 1.59625 0.00263 48 158 1
-0.79755 2.78546 0.00533 130 180 177
-1.34337 1.73584 0.00233 88 252 160
0.72920 0.61213 0.00150 179 174 162
-2.85368 0.13812 0.00170 165 88 131
-1.23709 0.57672 0.00256 0 176 94
-2.40533 2.90448 0.00384 87 237 232
1.03665 2.91332 -0.00175 92 159 120
1.30784 1.55224 -0.00124 2 146 89
-0.55082 2.57187 -0.00597 255 186 247
0.45589 0.40509 -0.00112 187 209 96
0.02016 0.32051 0.00518 0 88 50
-0.39517 0.23718 0.00759 223 117 248
1.22542 0.52312 -0.00242 96 239 122
-0.14105 0.53939 0.00088 116 249 167
-0.49670 2.07012 0.00301 169 42 11
-1.43957 0.77220 -0.00910 118 210 175
1.32070 1.38624 0.00174 80 142 254
-2.87053 2.85304 0.00116 100 173 145
0.48880 2.90827 0.00012 206 233 248
-0.20206 2.44035 0.00354 70 42 37
-2.43331 2.91684 -0.00081 83 236 226
-0.11223 1.49407 0.00290 31 121 135
0.65090 1.97200 -0.00704 247 169 247
1.07728 1.65914 0.00254 155 252 241
-1.70872 0.37206 -0.00054 225 189 147
-0.90843 1.74601 0.00673 89 173 23
1.31656 0.22209 0.00318 77 113 101
0.38543 1.93147 0.00843 76 115 0
-2.24985 2.24988 -0.00066 142 76 203
0.63022 2.73195 -0.00045 243 254 254
-1.49942 1.54990 0.00294 145 220 169
-1.70658 2.81752 -0.00597 229 252 179
-0.31102 2.89667 -0.00568 188 242 226
0.09220 0.33559 -0.00478 0 96 113
0.47514 1.84023 0.00082 202 232 75
-2.48761 0.66730 -0.00221 2 168 18
-1.32440 1.01267 0.00805 11 31 73
-0.13643 0.52112 -0.00169 119 245 148
-3.00206 1.34355 0.00244 150 49 122
-2.68343 0.35213 -0.00556 100 184 222
0.41420 0.54010 0.00030 173 251 77
-2.46127 1.18118 0.00404 79 79 109
-0.26544 2.45475 0.00449 95 53 59
-0.27248 0.04782 0.00416 101 0 138
-0.41881 2.36204 0.00033 229 94 251
-0.11163 2.22418 -0.00596 31 1 108
-1.60491 1.11739 0.00163 113 0 0
-1.60819 1.70733 0.00128 112 175 53
-2.31029 0.60851 0.00252 120 253 166
-0.63372 1.07179 0.00184 175 4 123
-2.29619 0.06783 -0.00389 125 79 250
1.18586 1.57671 0.00307 107 240 223
1.02095 2.82640 0.00446 101 178 57
-2.09031 1.81343 -0.00290 132 156 102
-2.95339 0.02442 -0.00562 207 74 253
0.32553 2.34890 0.00081 132 85 254
1.44972 2.46355 -0.00142 5 59 94
-0.21522 1.89693 -0.00529 143 207 90
-1.35267 0.14648 -0.00151 92 87 75
0.70281 1.30164 -0.00150 255 109 254
-0.05792 0.73713 -0.00379 19 153 144
-1.75730 0.31708 -0.00288 243 164 224
-0.47560 1.93110 -0.00943 168 107 80
-1.52441 0.48449 0.00042 76 160 59
-2.45563 2.77093 -0.00127 82 248 109
0.26124 0.59067 0.00427 30 181 19
-1.16107 1.84021 -0.00142 82 228 219
0.80637 1.00016 0.00250 172 29 95
-0.66097 1.31707 0.00089 168 38 165
0.08264 0.86924 0.00028 77 169 79
-0.68437 2.24049 -0.01200 241 72 89
-0.91839 2.58904 0.00385 83 121 11
1.10402 2.79337 0.00711 64 178 92
1.28534 2.41067 0.00783 9 30 10
-2.14593 0.48565 0.00109 110 157 113
-0.57312 1.55581 0.00365 255 226 84
0.03668 0.54139 -0.00476 0 177 180
0.14905 2.78456 0.01447 9 175 19
-2.73796 1.79595 0.00812 120 239 216
-2.33659 1.77893 0.00450 112 247 97
-1.73040 2.82720 -0.00251 233 255 158
1.23350 2.62273 -0.00504 98 212 131
0.14585 2.78408 -0.00406 0 177 32
0.09103 0.23488 -0.00685 1 46 34
0.50107 1.56104 -0.01110 132 152 147
-2.16102 2.04633 -0.00468 98 52 178
-2.07692 2.71530 -0.00613 139 163 170
-1.32749 0.47808 -0.00251 12 160 173
-2.44340 0.31259 0.00406 83 160 227
-0.21045 2.27190 -0.00385 72 2 150
-0.47289 0.45767 -0.00057 169 153 140
-1.99912 0.40659 0.00739 243 203 234
-1.00237 2.35642 -0.00808 46 16 150
-1.85131 0.85328 -0.01037 180 97 84
0.77297 2.04942 0.00194 255 124 183
-2.24164 0.42781 0.00474 71 139 8
1.26503 0.00939 0.00209 5 0 179
-1.76736 0.03137 -0.00393 167 2 56
-0.36597 2.62096 -0.00198 211 211 90
-1.40454 1.81530 0.00387 28 165 89
-2.34244 1.21987 0.00135 33 4 12
-2.02275 0.52483 -0.00129 150 165 176
0.48876 2.32734 -0.00328 123 13 108
-1.15411 2.09076 -0.00248 80 109 75
-0.94500 1.52688 0.00749 69 140 178
0.30140 2.83534 0.00385 44 175 44
1.07906 2.30212 0.00771 156 80 253
-1.29834 2.76505 0.00460 8 169 81
-0.57801 2.24468 0.00241 255 75 80
-2.78270 2.44624 -0.01145 58 54 66
0.91236 0.97872 0.00163 214 114 234
-0.55992 0.91450 -0.00022 249 141 137
0.89274 1.16994 0.00243 150 0 160
-0.91093 1.34899 0.00218 166 129 192
-0.11154 1.99588 0.00179 111 158 229
1.44295 2.66043 -0.00972 79 230 250
1.20044 1.69842 0.00285 111 255 134
0.24539 2.44485 0.00350 105 125 254
-2.81495 2.01451 0.00260 69 66 177
0.70126 2.13082 0.00282 254 98 177
-1.87982 0.31652 -0.00497 255 158 245
1.40510 0.91490 -0.00287 0 65 1
1.39232 1.43660 -0.00204 6 96 108
-1.40620 2.81762 -0.00492 26 178 111
-1.86106 1.94961 0.00315 253 176 137
0.44875 0.56830 0.00294 180 251 108
0.40673 2.77238 -0.00535 173 255 150
-0.66974 0.40914 -0.00621 170 136 133
-1.64298 2.14617 0.00048 204 98 236
-0.34593 0.82169 -0.00164 129 114 141
-0.30121 2.92987 0.00729 186 226 254
-2.42042 0.55723 0.00532 87 248 75
1.32098 0.91778 -0.00769 5 71 19
0.23432 0.13929 0.00410 103 87 141
-1.45794 2.63316 0.00191 51 139 146
-2.91232 2.89251 0.00487 112 167 137
0.23409 2.97063 0.01038 25 135 103
-1.08743 2.55842 0.00651 20 105 66
-0.92110 2.44706 0.00306 76 52 29
-2.15788 2.24469 -0.00147 182 80 138
-1.26367 2.30163 0.00367 80 82 115
-2.26257 0.48978 -0.00049 53 163 30
-0.34410 1.33973 0.00105 202 123 98
-1.57077 2.20598 -0.00396 168 80 236
-2.04409 1.49153 0.00218 230 198 96
0.11423 0.05217 0.00479 80 73 87
-2.17673 1.72391 0.00395 170 254 79
-1.30772 0.03147 0.00859 86 78 105
-0.44711 1.67976 0.00258 240 255 242
1.11089 0.28982 0.00656 61 70 124
-0.63883 0.36344 -0.00269 175 108 111
-0.04436 2.28459 -0.00865 13 0 20
-0.87331 0.77645 -0.00576 99 136 178
-2.47115 1.15284 0.00062 86 75 138
-1.45912 1.87413 -0.00651 49 136 107
-2.63962 2.66613 -0.00270 86 221 185
0.59088 2.59370 -0.00606 164 122 81
-0.60541 0.02759 -0.00293 251 77 113
0.61119 1.78156 0.00432 166 169 20
0.90930 1.41270 0.00276 222 160 76
-2.66212 1.34085 0.00148 92 127 133
-1.24385 0.49304 0.00231 3 162 154
0.58110 1.92122 -0.00245 234 199 152
-1.30868 2.27140 0.00333 82 78 83
0.70767 2.49684 -0.00673 183 77 95
-2.66134 0.61424 0.00711 19 177 74
-1.02279 0.70767 0.00300 39 161 73
0.49178 0.95574 0.00480 124 54 99
0.59280 1.49462 -0.00419 163 120 141
0.36730 1.09589 -0.00306 69 8 84
-0.42414 0.82410 -0.00351 231 193 160
1.08031 0.30914 0.00458 69 86 132
-0.88890 2.01990 0.00750 169 138 196
-1.67297 1.30484 -0.00822 217 108 115
-0.70005 1.03272 -0.00380 164 22 38
-0.44858 2.52372 0.00263 239 163 220
1.39024 0.94371 0.00207 0 56 3
-0.12223 2.98400 -0.00311 112 206 158
-2.32560 1.30387 -0.00427 38 34 72
0.69736 0.78038 -0.00364 178 139 75
-2.15897 1.07132 -0.00016 111 10 30
-0.74319 2.36788 -0.00595 231 90 75
-0.97577 2.76641 0.00780 132 252 161
-2.39726 2.67396 -0.00611 17 154 1
0.78623 1.96412 -0.00913 253 169 238
-2.67367 1.84094 -0.00288 101 225 255
-0.57223 1.00861 -0.00000 183 29 126
0.77059 0.82335 0.00201 175 112 3
1.02250 0.25298 0.00865 99 55 176
1.36508 1.52568 -0.00049 0 138 56
-2.88167 2.01312 -0.00321 105 71 170
1.15965 0.49838 0.00620 42 163 9
1.46165 0.99192 0.00677 5 34 63
-2.20076 1.05570 -0.00013 88 12 3
-2.85197 2.87260 -0.00389 89 169 107
-0.80286 1.45990 -0.00368 210 188 225
1.43172 0.71369 0.00205 0 161 86
0.78857 1.83574 -0.00205 255 234 247
-1.33110 2.20193 0.00387 82 75 90
-2.19838 1.48964 -0.00126 159 196 217
-2.22450 0.17359 0.00183 156 98 169
-2.10281 2.72541 0.00339 129 164 172
-0.26635 1.95842 -0.00502 170 174 96
-1.41994 1.70638 0.00660 113 255 91
-0.73708 2.53988 0.00991 234 179 181
0.96296 0.42149 0.00194 133 136 145
1.01922 0.23055 0.00492 107 46 172
-1.67827 0.29518 -0.00703 222 151 197
-1.93082 1.13865 -0.00035 250 77 248
-0.62252 0.56889 -0.00349 177 179 161
-2.32221 1.36506 -0.00227 35 52 121
-2.22615 1.80979 0.00097 74 157 10
0.13678 1.77331 -0.00209 81 244 245
-0.83254 2.48329 -0.00135 115 69 0
0.42300 2.50505 0.00203 102 81 23
-0.40890 0.64423 -0.00148 220 251 74
1.41826 1.16242 -0.01006 75 73 231
1.04934 0.89323 0.00941 167 159 254
-1.40972 0.58523 0.00239 32 177 179
0.91486 1.39846 0.00513 140 79 0
-2.63293 2.44893 -0.00461 9 48 168
-1.90966 0.59702 -0.00628 173 176 60
-1.92181 1.69575 0.00429 174 177 140
-2.37065 0.58718 -0.00154 24 173 39
0.86286 2.12410 0.00363 160 16 0
0.83882 2.22279 -0.00086 238 75 84
-0.35689 1.34802 -0.01118 209 130 96
-0.89163 0.01900 0.00220 88 0 169
-1.21157 0.16574 -0.00291 75 98 128
-0.12226 1.71530 -0.00450 38 180 6
-1.13961 0.02077 0.00383 9 1 16
-2.50766 2.48949 -0.00505 0 68 145
-2.40767 0.34248 -0.00080 89 177 179
0.85158 1.03721 -0.00404 166 21 149
-2.04178 2.43172 -0.00174 226 120 155
0.78858 0.95758 -0.00528 174 44 52
-1.08895 1.53951 -0.00160 21 144 131
-2.30614 0.46762 -0.00200 44 151 3
1.46264 2.30613 0.00707 9 4 9
-1.27337 2.38790 0.00034 80 102 170
-1.49300 0.94916 0.00919 134 128 94
0.91549 1.31351 0.00208 145 35 29
-2.73550 2.55650 -0.00038 41 106 166
-1.89029 0.24132 -0.00467 254 125 215
-0.49269 2.27514 0.00211 249 76 148
0.53257 1.22493 0.00103 215 85 133
-1.06201 1.04592 -0.00127 98 91 219
-0.43136 2.35602 0.00302 236 88 248
-2.18285 0.05633 -0.00397 172 77 228
0.85153 0.85323 -0.00414 243 172 88
-2.13091 1.77899 -0.01074 197 243 127
0.90460 1.60345 -0.00638 223 247 170
-0.86878 0.12399 0.00127 100 8 166
-1.87719 1.66493 -0.00437 181 179 154
-0.83899 2.64492 0.00538 192 214 164
-2.88270 1.99109 0.00155 102 84 163
1.23142 0.78436 -0.00217 20 132 177
0.05172 0.69536 -0.00968 80 241 170
1.29116 1.35426 -0.00599 83 129 251
-0.92245 1.84697 -0.00057 161 223 76
-0.96872 2.11751 0.00991 136 99 197
0.89642 0.14597 -0.00490 233 95 122
0.47956 2.68766 0.00737 194 242 139
-1.80048 1.54363 -0.00249 170 145 119
-1.66649 0.16681 -0.00611 136 21 175
-0.50838 2.56446 0.00199 249 185 235
1.32451 2.38298 0.01341 6 32 0
-1.29280 1.83870 0.00085 5 150 179
-1.34084 0.78754 0.00597 89 207 98
0.74125 2.81993 0.00652 254 255 155
0.27357 0.29536 -0.00355 39 71 177
-1.75377 0.11272 -0.00349 159 9 139
-1.40326 1.23708 -0.00395 32 11 178
-1.26310 2.67844 -0.00148 0 157 109
1.16686 1.74894 0.00119 116 255 110
0.44519 1.33139 -0.00684 178 125 144
-1.97339 0.06048 0.00113 171 0 7
-2.63525 2.05741 0.00492 86 126 114
-0.73450 2.13991 -0.00669 151 20 130
-1.47060 1.94432 0.00113 52 107 144
1.17722 1.31484 -0.01136 44 37 85
0.60294 0.08584 -0.00160 162 1 131
-2.83558 2.34170 0.00334 164 91 77
-0.10665 1.42457 -0.00512 30 90 176
-1.90262 0.11479 0.00522 176 4 29
0.31934 0.62603 -0.00074 130 250 73
0.61851 0.23314 0.00408 244 127 87
-1.62277 0.04397 0.00029 119 0 170
-0.32761 2.53156 -0.00080 124 99 42
-0.43646 2.07399 0.00483 156 32 7
-2.84929 1.45749 0.00389 165 187 183
0.70768 1.52785 -0.00482 179 135 30
-2.86122 2.35105 0.00173 176 87 82
-0.38069 2.34569 0.00156 143 8 179
0.67060 1.60484 0.00013 177 162 10
-2.84387 1.92577 0.00148 81 113 147
0.90067 2.38538 -0.00149 225 101 229
0.00875 0.58574 0.00425 2 179 172
0.18948 1.15347 0.00268 15 0 159
-0.91455 0.79770 -0.00261 78 134 181
-1.46074 0.89865 -0.00139 127 153 105
0.92430 2.17250 -0.00413 142 10 21
-1.70664 2.79148 -0.00847 228 255 149
0.29456 1.16316 0.00125 46 3 83
-2.70867 1.35158 0.00105 106 128 164
-1.92913 0.69399 -0.00254 178 167 14
-0.47672 1.26695 -0.00095 169 14 68
1.08266 1.09059 -0.00910 79 2 71
-0.22533 1.59304 0.00049 77 163 141
1.48461 2.03523 -0.00007 83 128 184
-2.61547 0.64537 0.00045 7 172 24
-1.97911 1.60353 -0.00705 168 166 32
1.18381 0.63446 0.00276 107 253 182
0.48909 1.00160 0.00077 204 103 127
0.49267 0.67651 0.00368 130 173 144
0.79385 0.07306 -0.00799 174 0 6
-0.70010 0.37279 -0.00200 168 113 66
-2.71640 0.15765 -0.00385 32 17 0
0.43678 0.76551 -0.00169 99 142 156
-2.97621 2.11660 -0.00230 142 25 176
-2.69643 1.74686 0.00076 30 174 132
0.59167 2.72188 -0.00214 238 246 237
-1.07785 1.72801 -0.00569 22 181 158
-1.39809 1.50510 -0.00011 106 207 117
-1.17901 1.98224 0.00086 70 162 119
-0.06126 1.79454 -0.00146 20 165 37
-1.31037 0.85005 0.00333 80 179 79
-1.20329 0.60724 0.00631 78 255 124
0.45939 0.93722 0.00231 111 61 138
1.12462 1.80371 0.00230 57 161 30
-2.34452 2.44878 0.00363 110 129 118
0.98266 0.44227 0.00664 120 140 112
-0.92390 1.97350 0.00227 152 168 128
-1.60608 1.90533 0.00240 193 200 95
-2.27073 0.02181 -0.00419 139 74 251
-2.13483 0.58401 0.00041 116 178 175
0.86986 1.65791 -0.00337 236 250 183
1.05687 2.12867 0.00720 83 21 76
1.42334 2.13072 -0.00557 79 100 158
-0.71379 1.42892 0.00894 234 173 193
1.40035 0.33796 0.00652 71 171 119
0.36814 1.64826 0.00361 151 253 254
0.54882 0.53408 -0.00617 228 246 145
-2.77336 1.73255 -0.00437 54 176 55
-0.03854 0.15054 0.00876 15 17 41
0.41584 0.53797 -0.00401 171 245 78
0.31658 1.34754 0.00108 53 43 2
1.14435 0.29815 -0.00579 55 78 93
-2.32704 0.46969 -0.00039 37 153 2
-1.29289 2.67817 0.00485 3 157 138
-1.70929 0.08608 0.00283 152 2 148
-0.80649 2.62907 0.00034 200 217 184
0.36448 0.41962 -0.00468 73 131 69
-1.90080 2.15731 0.00047 254 90 81
-0.67861 1.02559 -0.00647 168 15 55
-2.15207 0.69875 0.00738 182 247 244
-1.85404 2.83526 -0.00158 252 252 94
-2.73452 0.66163 -0.00207 39 175 109
-1.84946 1.48553 0.00341 177 118 44
-1.18981 2.10860 0.00027 74 106 74
-2.71704 0.14305 -0.00144 34 13 4
-1.33842 2.24151 0.00788 84 73 80
0.41895 0.31608 -0.00070 171 161 170
-2.14188 2.31297 0.00304 184 80 87
-1.15994 2.78271 0.00582 85 255 72
0.82714 1.36515 0.00227 164 62 55
-1.83457 0.02090 0.00422 173 3 16
-1.40572 0.19640 -0.00031 111 110 83
-2.71934 1.27590 -0.00162 111 99 230
0.09297 0.11379 0.00518 78 80 81
1.30517 2.17312 0.00084 80 83 216
-1.57029 2.49461 0.01020 174 153 78
-0.88713 1.35417 0.01180 172 130 215
-2.69758 0.35975 0.00050 108 181 200
-1.04591 0.27928 -0.00615 106 142 245
-1.80669 1.06661 -0.00350 253 86 229
-2.21730 0.02766 0.00043 152 72 251
-0.06111 1.40466 -0.00576 13 83 159
-1.17493 0.00873 -0.00622 5 3 1
1.35235 2.11345 -0.00183 82 98 225
-1.24850 2.83315 -0.00384 0 172 8
-0.28808 1.48541 -0.00245 102 125 165
-2.58185 1.37347 0.00497 83 140 82
-0.42487 0.66254 -0.00173 235 249 76
-0.83993 2.99416 0.00274 194 201 159
-2.82585 2.18738 -0.00458 80 4 81
-0.62244 2.39846 0.00266 253 103 143
0.44783 2.23244 -0.00281 109 0 177
-0.62485 2.24095 0.00122 251 72 74
1.35086 2.54424 0.00519 0 95 81
-0.62222 0.04576 0.00212 251 79 113
-2.47198 2.98800 -0.01258 80 209 243
-2.83686 0.30338 0.00496 82 77 3
1.39404 2.63227 -0.00001 77 218 250
-0.58676 2.13666 -0.01132 176 20 19
-0.65058 2.55362 -0.00523 250 180 237
1.21152 1.27185 -0.01362 102 99 152
0.33645 2.25945 -0.00118 136 72 235
1.47788 0.35126 -0.00162 87 182 185
-0.19538 1.59973 0.00409 64 167 121
-0.74650 0.03655 -0.00822 229 78 209
0.53593 0.10959 0.00112 149 6 156
1.15619 1.17393 -0.00605 46 0 0
1.09302 1.07294 -0.00265 75 10 85
1.28385 1.84625 -0.00522 86 227 108
-0.12062 2.44732 -0.00780 33 49 0
1.20587 0.26995 -0.00364 29 60 75
-1.85372 0.94560 0.00133 175 52 158
0.75254 0.78620 0.00573 177 129 23
0.25790 0.61627 -0.00246 109 250 88
-1.16951 2.22959 -0.00086 2 3 59
-1.51185 2.59344 -0.00310 63 126 93
0.85717 1.17771 -0.00334 157 0 165
0.75861 0.21045 0.00635 251 108 80
-0.90899 1.15138 0.00778 157 78 76
-1.76701 2.66262 0.00077 239 229 83
-1.43411 2.33815 0.00181 115 91 76
1.36973 0.23485 -0.00427 79 134 80
1.44891 2.24135 -0.00508 6 0 1
-2.56803 1.58899 -0.00195 3 161 96
-2.41908 2.56654 0.00325 9 111 19
0.11698 2.56716 -0.00165 81 187 253
-1.99892 0.47038 -0.00001 238 227 254
-0.06634 2.12561 -0.00477 95 98 229
-1.35787 1.87002 -0.01074 20 134 160
-0.19030 2.21045 -0.00634 64 4 171
0.33765 0.12457 0.00468 136 82 210
1.17506 2.93473 0.00763 43 158 178
0.72262 1.84743 -0.00125 252 225 217
1.22732 2.79468 0.00225 100 255 244
1.01009 0.69361 0.00166 184 239 100
0.14235 0.31125 0.00028 2 76 121
0.89511 2.65313 -0.00463 146 149 79
-2.42214 0.16609 -0.00130 5 15 173
-0.85569 0.03797 -0.00476 106 2 178
-1.39997 2.23811 0.00900 108 76 107
-2.88291 1.26602 -0.00190 101 21 145
-0.01581 2.80103 -0.00395 86 255 221
-2.89719 1.41407 0.00006 184 162 249
-1.82990 1.22670 -0.00169 255 81 126
-2.79370 0.70579 -0.00330 60 165 110
1.37633 0.09210 0.00290 0 0 68
-2.76108 0.88041 0.00074 52 84 0
0.99241 0.72872 0.00561 185 231 110
0.36981 2.90662 0.00070 73 162 144
0.61348 2.94186 0.00186 246 224 159
0.89138 1.77706 -0.00586 232 248 254
-1.40056 1.06421 0.00204 30 9 57
0.16528 1.32721 0.00565 10 42 48
-0.29123 0.56668 0.00458 177 252 78
1.03824 1.44809 0.00460 176 172 151
-0.54272 2.86796 -0.00620 178 172 0
-0.41231 0.96380 0.00020 218 116 251
-0.00876 2.60651 -0.00417 83 208 234
-2.03418 0.61927 -0.00267 227 254 214
-1.92202 2.71169 -0.00207 248 242 143
-1.76159 0.60207 0.00478 241 255 74
-2.87679 2.04245 0.00055 102 60 171
-0.68655 2.56833 0.00832 240 190 227
-0.16840 1.10111 0.00655 137 80 80
-1.14669 0.05819 0.00578 8 0 25
0.68659 0.55496 0.01269 254 250 254
0.11551 1.57089 0.00288 79 228 92
-0.43288 0.11033 -0.00423 239 88 145
0.41576 2.12806 -0.00254 171 100 200
-1.89930 0.08616 -0.00053 178 0 14
-1.84649 0.77259 0.00783 178 140 34
0.41782 1.03008 0.00916 171 97 169
0.67669 2.56824 0.00037 173 115 129
-0.09778 2.66055 -0.00206 102 228 213
-0.73853 0.95524 -0.00186 225 122 80
0.01850 1.39830 0.00664 83 156 191
0.22872 1.32596 -0.00779 27 46 16
-2.63571 1.22488 0.00809 92 84 216
-0.57074 0.94271 -0.00451 255 133 143
1.50849 1.81545 0.00007 90 232 243
-1.00321 2.99486 -0.00735 127 203 251
0.48968 1.21893 -0.00537 206 86 106
-0.37553 1.90481 -0.00596 219 200 109
0.94830 2.95754 -0.00095 129 144 92
-0.55021 0.70457 -0.00655 255 236 89
-2.17222 2.82726 0.01019 96 178 158
-2.26673 0.15967 -0.00030 136 97 202
-2.75319 1.11070 0.00515 126 79 201
1.32712 0.85346 0.00037 4 105 77
-1.71658 0.49498 -0.00341 230 239 78
0.02068 1.38114 0.00332 2 63 125
-2.66971 2.44092 0.00193 18 54 135
0.28258 1.44270 0.00174 120 180 120
-2.10327 0.37244 0.00303 128 115 57
-2.24938 2.39562 -0.00296 143 103 104
-2.67965 0.44394 0.00013 100 226 255
-0.79275 2.25184 0.00727 129 3 92
-1.74825 2.89564 -0.00665 235 237 212
1.46862 1.87033 0.00314 83 218 249
-0.26140 0.90878 -0.00780 96 75 163
-1.38340 0.79053 0.00262 101 212 131
-2.12185 1.20712 0.00419 125 5 152
-2.95421 2.39313 0.00364 205 107 94
0.64169 2.16808 -0.00317 252 84 201
-1.54547 2.86408 0.00733 89 173 176
-0.04117 0.84927 0.01145 14 95 36
1.38294 0.40496 0.00604 76 205 164
-0.36139 1.55616 0.00183 128 153 161
0.07164 2.90994 -0.00214 0 159 5
0.49684 2.16373 0.00321 207 93 252
-2.24192 0.71246 -0.00813 149 237 254
-1.49768 1.75794 0.00428 144 249 83
0.58436 1.32934 0.00271 236 116 240
-2.13454 1.05256 0.00384 115 11 30
0.53136 2.68492 -0.00535 221 235 181
-0.42646 2.28650 -0.00539 231 78 218
-2.56539 0.19872 -0.00473 0 31 114
0.44174 1.44536 -0.00833 108 105 163
-1.85666 1.91756 -0.00226 255 193 156
0.09347 1.08634 -0.00628 4 6 154
-0.05646 0.77141 0.00006 14 138 111
-2.39837 1.86765 0.00257 91 219 90
-0.27395 1.53216 -0.00439 99 143 179
-1.86287 2.27668 -0.00499 177 1 92
-1.10835 1.81283 -0.01010 91 237 202
0.20281 0.77930 0.00762 93 215 87
-2.41528 2.25678 0.00393 11 0 178
0.85108 0.74126 0.00487 240 230 81
1.49251 1.26377 -0.00924 90 93 237
-2.44727 1.73857 0.01401 4 176 152
-1.87756 1.71267 0.00305 179 175 172
-0.63153 0.45260 0.00225 171 147 164
-2.39702 1.58743 -0.00391 18 166 175
-0.81821 1.45383 -0.00193 123 102 164
-2.88912 1.79513 -0.00020 177 242 99
-2.73638 0.08898 0.00776 37 0 20
-1.20522 2.21251 0.00643 76 80 97
-2.35686 2.74898 -0.00991 29 175 78
0.71729 2.88871 -0.00076 255 238 118
-1.21686 0.14269 0.00531 74 89 112
1.49184 0.17114 -0.00446 15 26 5
-2.93749 1.81348 -0.00132 120 160 10
0.79338 1.07132 0.00061 250 86 211
-1.95155 0.50280 0.00386 247 244 231
-2.42398 1.82133 -0.00030 90 234 124
-1.86700 1.63298 0.00332 177 176 137
0.17422 0.83978 -0.00775 87 184 105
-0.92841 1.31320 -0.00156 150 117 159
0.62148 2.26928 -0.01116 169 2 58
0.02452 2.80294 -0.00188 4 179 113
0.64437 2.76419 0.00703 247 251 254
0.75599 2.67879 0.00431 252 231 243
-1.72617 1.38563 -0.00431 231 147 131
-2.00241 0.40683 0.00324 239 207 239
0.50216 1.58990 -0.00223 133 157 136
-0.23381 2.10226 0.00711 160 104 212
-2.37819 0.65626 0.00736 95 247 148
-0.90212 2.88754 0.01018 166 242 253
-0.72730 1.57430 0.00780 229 228 100
-1.04821 1.22314 0.00716 106 80 83
-1.62376 2.95982 -0.00017 201 224 246
-0.00667 0.78976 -0.00159 6 127 61
1.09463 2.67606 -0.00095 70 158 9
-2.44806 1.01574 0.00228 82 100 227
-0.37437 1.89693 -0.00964 208 204 107
0.51939 0.75034 0.00665 140 144 179
-1.36568 2.78014 0.01150 25 181 117
-0.86801 1.51563 0.00072 103 133 161
-0.15335 2.07387 -0.00110 126 112 247
-0.01295 1.75201 0.00759 10 173 33
-2.09273 1.26517 -0.00452 137 19 176
-2.59099 1.24476 -0.00396 75 89 168
0.16795 2.29472 0.00286 86 79 135
-1.08555 0.05956 0.00683 13 2 68
0.37812 1.92799 0.00140 80 112 3
-1.80423 0.65251 0.00595 174 175 4
1.22007 2.00497 -0.00122 101 152 183
-2.66260 2.18818 -0.00901 88 83 76
-2.57056 0.61291 0.00100 0 178 17
-1.11460 1.96734 0.00132 92 173 91
1.00047 1.00223 0.00904 107 32 176
-1.53547 0.64802 0.00083 163 251 241
-0.10730 2.28298 -0.00409 29 5 55
-0.10602 1.85754 0.00176 107 224 120
-2.34909 2.21394 0.00176 113 80 254
-1.15962 0.08852 -0.00120 8 0 37
-0.44043 1.53477 0.00256 233 215 160
0.08592 1.57170 0.00350 74 230 80
-1.83130 0.58191 -0.00163 252 251 93
-1.69936 0.95972 0.00494 151 51 154
1.37083 0.91636 0.00074 1 62 4
-0.93829 0.71736 -0.00604 73 164 136
0.52053 2.31289 -0.00935 134 1 105
-1.82803 2.03985 0.00026 253 133 76
0.85908 0.17497 0.00241 236 97 112
0.96965 1.37213 0.00691 117 61 2
-2.52223 2.36186 -0.00623 0 14 171
-1.61144 1.97728 -0.00719 194 163 137
0.91706 1.40995 -0.00183 218 157 76
-1.76745 2.72083 0.00897 238 247 81
1.31550 2.06188 0.00664 77 118 254
0.26054 1.35078 0.00188 31 51 3
-0.98786 2.61693 0.00442 128 214 76
-1.88050 0.88812 0.01062 179 77 94
0.42310 1.74029 -0.00067 95 175 82
-2.77278 1.08456 -0.00109 133 78 182
-2.28321 2.65485 -0.00230 52 150 70
0.62736 0.06109 0.00400 169 0 136
-1.80055 1.51429 -0.00344 174 135 98
-2.81524 1.60765 -0.00047 146 242 80
-2.91198 2.83439 -0.00348 114 177 172
-1.12712 0.56258 -0.00151 87 251 103
-0.11789 1.08868 0.00463 110 76 84
0.66946 2.63605 0.00364 251 222 236
-0.71336 1.38474 0.00752 160 69 142
-2.61662 2.04899 -0.00542 85 129 104
-0.09642 0.56384 0.00149 109 251 213
-1.34104 1.66142 -0.01278 94 249 102
-2.46798 1.48848 0.01204 1 115 97
-2.85510 2.68055 -0.00187 91 160 166
-1.20674 2.71369 -0.00453 0 165 44
-0.07397 0.54409 0.00585 94 253 228
-0.71593 2.91370 -0.00207 154 161 59
0.03337 2.62797 0.00019 0 132 172
-2.05651 0.14387 -0.00414 221 97 79
-2.81744 0.01765 0.00157 151 75 207
0.57016 1.45931 -0.00426 157 106 169
0.70167 0.09409 0.00241 175 4 54
-2.45912 1.04541 -0.01419 87 87 208
1.01214 0.40944 -0.00054 108 133 109
1.49133 2.93930 -0.00042 84 226 76
-0.79586 1.67107 0.00138 210 255 83
0.05583 -0.00282 -0.00729 75 84 152
-0.63180 2.20710 0.00263 173 5 18
0.25673 1.51481 -0.00364 108 210 138
0.90691 1.36328 0.00311 146 58 9
-0.16684 2.66093 -0.00132 135 233 161
-0.64333 1.55570 -0.00059 247 222 80
-2.43910 2.57824 0.00530 4 115 28
-0.08024 1.25675 -0.00551 101 100 228
-2.27664 0.50956 0.00701 56 166 42
0.88712 2.04924 -0.00011 149 49 23
1.02326 2.02689 0.01246 103 67 0
-0.56790 2.05894 0.00153 179 50 66
-1.95597 1.21399 -0.00164 247 80 237
-1.42652 2.20139 -0.00884 40 0 75
0.31005 1.12087 0.01177 48 4 113
-2.04173 2.03908 0.00393 155 62 128
0.82162 0.14380 -0.00063 247 85 78
-2.58771 0.55083 0.00108 78 255 157
-1.03414 2.64537 0.00621 118 216 75
-2.07314 1.16209 0.00628 143 2 158
-0.18751 2.50857 0.00323 63 77 0
0.00449 1.42722 0.00287 82 164 180
-1.67509 0.71384 0.00508 139 162 110
-2.55686 2.11847 0.00455 76 99 75
-0.51403 0.56402 -0.00426 175 178 83
-0.70072 2.34861 0.00200 238 89 79
-0.58442 1.78854 -0.00618 255 240 223
-2.31752 1.24427 -0.00701 41 16 27
-0.68826 1.25035 0.00725 170 10 176
-2.81595 0.24393 0.00120 75 44 0
-1.62429 0.52741 -0.00309 200 243 90
-2.49323 1.75658 -0.00243 4 172 152
-1.91446 0.67365 0.00414 175 172 14
0.43878 2.26625 0.00243 112 1 172
0.85113 2.45749 0.00225 235 128 240
0.39311 2.29376 0.00902 157 82 253
-0.09881 0.17335 -0.00325 31 20 82
1.15870 1.60191 0.00090 122 238 228
0.65625 0.76021 -0.00315 171 144 118
-2.57517 0.34791 0.00303 78 176 254
-2.98706 0.74457 0.00429 218 226 255
0.79427 2.80425 0.00020 252 254 128
-1.38900 2.97971 0.00041 26 139 5
-0.25328 1.05924 -0.00294 161 90 116
-2.99028 1.60600 -0.00648 223 242 197
-2.40892 2.37622 0.00615 11 17 153
-1.36629 1.64899 0.00319 100 249 85
-2.00946 1.55978 -0.00571 239 232 79
0.92953 0.20710 0.00803 134 34 126
0.06060 0.38775 0.00520 3 122 135
-2.57029 0.92417 0.00506 0 59 137
-2.71165 0.25586 -0.00687 112 130 121
-2.13252 1.67721 -0.00067 196 251 80
-1.09535 2.73514 0.00165 90 251 79
-2.41771 1.83001 -0.00485 91 233 123
-1.74805 0.47793 -0.00069 241 235 110
-2.29681 2.67109 -0.00599 49 154 64
-2.35896 2.49653 -0.00382 101 147 95
-1.09997 1.57370 -0.00192 18 158 141
0.70938 0.32818 0.01293 255 166 124
1.15216 1.83577 0.00096 41 152 0
0.18159 0.09933 -0.00181 86 78 90
-2.94326 1.44626 0.00066 204 173 252
1.27960 2.05915 -0.00958 86 130 252
-0.99734 0.11293 0.01052 47 3 162
-2.43385 2.46674 0.00383 4 67 106
0.32424 2.33889 0.01424 132 92 255
-2.24590 2.78871 0.00169 71 177 170
-0.76825 2.03897 0.00175 146 55 177
-1.53133 2.66172 0.00026 75 153 118
-2.24399 2.31351 0.00030 149 82 151
-0.07882 2.05152 -0.00203 95 130 255
-1.15560 1.13806 -0.00471 90 78 206
0.76726 2.03788 0.00644 253 133 207
0.67966 0.83039 -0.00344 176 113 38
1.28221 0.97069 -0.00094 6 44 18
-1.31561 1.67835 -0.00647 84 249 128
1.27642 2.67363 -0.00761 83 228 203
-0.42548 0.91841 0.00519 233 151 217
0.15141 1.32175 0.00284 7 38 64
0.98232 2.27121 0.00061 194 76 205
-1.88625 0.80680 -0.00056 182 129 27
-0.26305 0.00311 -0.00819 101 3 122
-1.09490 2.05628 -0.00953 91 126 75
-1.56288 0.52365 -0.00279 90 168 63
-1.47202 1.38490 -0.00122 63 68 173
0.85801 2.18494 0.00263 161 9 3
-2.39625 2.76148 0.00471 91 252 141
-1.71349 2.55496 -0.00829 157 99 34
-2.02809 2.04300 0.00252 156 60 120
-0.39578 1.67141 0.00167 224 254 251
-2.28831 0.11725 0.00103 135 84 239
-2.68327 0.43685 0.00359 101 214 251
-0.72659 2.59196 0.00021 232 201 217
1.41923 2.01583 -0.01052 76 147 249
-0.63943 2.10731 -0.00001 177 29 80
-2.40461 0.53203 0.01053 92 244 72
0.64857 2.91171 -0.01012 246 242 153
0.63639 2.34896 0.00379 167 13 5
1.42306 1.15865 -0.00486 81 80 231
-1.20687 0.53072 -0.00020 0 171 117
-1.52165 0.30255 0.00115 77 74 7
1.16403 1.95864 0.00191 44 97 32
-2.96325 0.97026 0.00171 217 118 131
-2.12288 0.42405 0.00140 122 130 87
1.04394 0.14258 -0.00005 164 89 234
-2.94453 2.05908 -0.00325 129 46 166
-1.48650 0.97410 -0.00250 137 118 79
1.26074 1.55941 -0.00302 15 148 121
-0.48648 0.59226 0.00339 169 176 41
-1.87213 0.65866 0.01070 177 177 4
-1.78613 2.36435 -0.00422 171 17 180
-2.52369 1.77077 -0.00157 2 174 156
-2.17375 0.71589 -0.00145 177 234 231
0.28011 0.78078 0.00139 119 210 132
0.59868 2.43969 -0.00443 164 45 0
-1.58210 0.78902 0.00196 180 206 250
0.92685 1.98760 -0.00441 146 81 44
0.13045 0.01835 0.00602 77 80 102
-0.93548 1.01473 0.00160 147 105 149
-1.83651 2.30778 -0.00397 174 5 144
-2.31074 1.77825 -0.01002 119 243 91
-0.31457 0.03831 -0.00814 112 0 113
0.87308 1.97722 0.00064 156 88 76
-1.69877 1.09375 0.00158 219 82 127
-1.68093 0.77249 0.00205 140 127 168
-2.94806 2.11300 0.00890 131 24 180
-2.20464 0.88538 -0.00560 162 162 153
-2.64909 0.51397 0.00740 89 243 227
-0.17094 0.85746 -0.00429 55 96 139
0.30734 1.88837 0.00371 48 129 40
-0.64701 2.24190 -0.01203 250 75 74
-2.35635 2.69662 0.00831 26 164 42
-0.20435 2.66794 -0.00053 149 229 140
-1.19533 0.25153 0.00847 78 130 214
-0.81726 0.94093 -0.00224 126 57 33
-2.18444 2.62172 -0.00720 97 132 120
-1.99700 2.36288 -0.00357 158 12 55
-1.76367 0.08132 0.00480 166 3 108
1.06109 0.73439 -0.00041 161 228 164
-0.59259 1.30446 0.00797 177 32 123
0.53486 0.74570 0.00414 139 148 177
0.92674 2.86412 0.00269 137 171 15
0.22606 1.09865 0.00086 23 6 168
0.12722 1.70034 -0.00401 79 253 194
0.74400 2.94472 0.00850 253 227 82
-1.82496 2.34652 0.00966 172 11 167
-1.32930 0.03624 -0.00829 81 77 127
-2.30137 0.56232 0.00018 48 175 58
-0.65345 2.51672 -0.00481 248 158 208
-0.84470 1.42711 0.00079 115 92 176
-1.73749 2.91638 0.00524 239 233 223
0.00816 1.85656 -0.00367 5 143 132
-2.43430 0.75310 -0.00056 6 148 103
0.96985 1.45010 -0.00247 195 184 106
-0.52203 2.31953 0.00063 251 81 169
-0.99280 0.96354 -0.00046 43 47 153
0.38326 2.37917 0.00314 160 99 233
-0.24120 2.55643 0.00242 88 106 0
-2.63951 1.54749 -0.00956 12 153 29
-0.05005 2.02112 0.00521 93 138 255
-2.21623 2.69728 0.00653 76 166 146
-0.98255 0.60481 -0.00303 50 175 36
-1.19623 0.13776 0.00247 75 85 111
-2.49265 2.98468 -0.00626 79 215 228
0.92264 0.09083 -0.00564 217 81 105
-2.30486 0.94725 -0.00308 116 123 172
-0.54956 2.33288 0.00142 252 86 146
-0.77022 2.65066 -0.00259 141 145 141
1.08301 2.37417 -0.00397 153 100 227
-1.26600 1.48568 0.00131 78 194 72
-0.84247 2.18215 0.00076 184 82 239
-2.14232 0.35060 0.00361 109 100 18
0.80911 1.50211 0.00255 250 204 77
-0.93847 2.84312 -0.01096 149 255 239
-2.80986 1.90338 0.01117 67 120 157
0.83517 0.73880 -0.00200 244 225 86
0.28929 1.63753 0.00444 121 245 243
-1.53705 2.46904 -0.00093 158 140 77
-0.68578 2.88645 -0.00300 165 167 56
0.91767 2.16758 -0.00706 147 11 8
1.18635 1.84795 -0.00057 34 152 0
-0.29625 0.19208 0.00256 111 27 174
-1.15754 0.17112 -0.00280 6 17 93
1.45568 1.58483 -0.00000 1 161 0
-0.52369 0.50136 0.00360 175 163 148
-2.08206 0.64167 -0.00744 213 252 229
0.45033 2.86480 0.00442 186 251 231
-0.51468 0.53690 -0.00077 174 170 111
-0.24500 2.82007 0.00074 161 252 215
0.37856 1.68355 0.00290 156 255 223
-2.75062 1.84896 0.00143 126 223 237
-1.25182 0.42279 0.00307 3 134 184
-2.10091 1.99951 -0.00397 133 72 178
-2.65154 0.01401 -0.00898 20 3 11
-2.39798 1.49151 -0.00247 94 197 237
0.39757 0.87766 0.00326 156 159 254
1.47773 0.32945 -0.00719 87 170 174
-1.07806 2.90282 -0.00303 99 241 184
-0.78689 1.07339 0.00927 136 7 12
0.43005 1.11674 -0.00265 180 80 91
0.21556 2.67575 -0.00250 18 160 55
-2.89728 1.43478 -0.00254 190 171 246
-2.25551 1.03678 -0.00020 68 16 0
-2.39842 1.19007 0.00100 92 77 80
1.11750 2.00360 0.00696 60 76 35
1.07237 1.89622 0.00018 75 130 9
0.56853 0.48086 -0.00704 230 235 127
-0.58487 0.10856 -0.00193 255 79 75
-0.43913 1.43241 -0.00112 235 172 96
0.50480 0.26885 -0.00466 210 141 134
-1.54079 2.35999 -0.00128 162 97 115
-2.98920 2.93897 0.00364 144 148 152
0.99833 2.24150 -0.00697 184 80 205
-2.17809 0.79096 -0.00131 176 210 201
0.57685 1.11907 -0.00404 229 79 92
-0.80421 0.52159 -0.00312 134 166 107
-0.22003 1.11548 -0.00529 156 75 80
-1.08813 2.25594 0.00295 18 0 145
-1.16179 0.26403 0.00560 77 136 233
1.29172 0.17318 0.00340 6 23 64
1.05895 0.94069 -0.00658 163 129 251
-0.63091 2.77872 -0.00796 177 176 95
-0.48182 1.69167 -0.00510 243 254 233
0.96378 2.63444 0.00086 128 134 49
-1.35279 2.02247 -0.00546 12 64 144
-2.33989 0.04049 -0.00143 110 75 233
-1.59917 0.41825 0.00441 189 211 81
0.28683 1.66166 -0.00717 120 252 251
-2.71596 0.88558 -0.00565 35 83 8
-1.76043 2.61562 0.00670 238 213 93
0.23079 1.51390 -0.00071 99 208 125
0.81552 1.71702 0.00271 245 254 197
-1.54660 0.38707 0.00408 87 120 0
0.54058 2.28523 0.00227 147 0 102
1.08111 0.16078 -0.00306 150 89 248
-2.93541 2.59979 -0.00363 124 128 63
0.57382 1.26126 0.00003 232 90 184
-0.61908 1.25575 0.01100 180 14 164
0.10882 1.14862 0.00252 5 0 176
-2.54335 1.30313 0.00980 76 107 93
-0.95367 2.82744 0.00415 138 255 215
-1.68131 2.91504 0.00145 224 235 245
-0.34083 1.09977 -0.00306 202 84 167
-1.07823 0.79517 0.00443 21 125 100
-1.51836 0.93698 0.00611 154 133 112
-0.64100 2.77907 0.00175 176 173 103
-2.00865 1.09280 -0.00677 241 78 228
-1.59160 2.60631 0.00433 106 127 27
-1.26872 2.20332 0.00494 1 2 3
-2.82347 1.62443 0.00187 154 247 75
-1.47830 2.01930 0.00414 56 67 175
0.09181 0.01268 -0.01200 77 77 133
-1.71598 1.97338 -0.00033 223 162 78
1.11400 1.04614 0.00341 68 14 82
-0.34042 1.99404 -0.01302 201 151 80
-0.70401 2.00954 0.00043 164 74 168
-0.58248 2.88568 0.00718 174 171 0
0.96146 2.88108 0.00143 120 167 42
-2.03928 2.37160 0.00583 229 97 116
1.16457 2.57746 -0.00179 125 189 79
-1.73159 0.67719 -0.00327 158 167 44
-0.87715 2.95419 0.00292 175 220 224
-0.50524 0.27544 0.00246 173 65 137
0.99414 2.31033 -0.00314 189 79 233
-1.22903 2.09880 0.00191 2 35 20
1.30655 1.43814 -0.00200 4 95 164
-1.47147 1.20683 -0.00056 49 2 121
0.46768 2.51498 0.00179 122 86 8
-0.41457 1.41375 0.00135 226 154 98
-1.17723 0.55492 0.00288 83 251 143
-0.32245 0.18399 -0.00275 121 19 180
-2.59232 1.40458 0.00024 7 80 2
-0.02159 1.99915 -0.00201 85 156 254
-1.82408 0.06282 -0.00146 175 0 39
-2.91623 0.39740 0.00685 116 121 6
-2.87192 0.75919 0.00550 168 224 215
0.50676 0.97971 -0.00245 125 36 67
-2.81777 0.73384 -0.00341 150 221 178
-1.89099 1.72421 -0.00078 179 177 173
-1.11798 0.84782 0.00422 12 110 105
-1.19415 2.84727 0.01133 76 255 78
-1.31923 0.69442 0.00809 83 243 148
0.65068 2.38962 -0.00103 175 24 5
-0.01681 1.62243 0.00713 8 169 4
-2.13073 2.39459 0.00379 193 104 77
0.45446 0.67421 0.01297 111 168 113
1.07915 2.74428 0.00110 74 171 35
-2.88755 0.97488 0.00364 184 117 80
-2.01108 2.40521 0.00111 233 106 150
0.89241 0.89251 -0.00668 227 158 159
0.03790 0.26316 -0.00464 1 56 16
1.19277 2.71305 0.00438 31 166 93
0.74156 0.46276 -0.00038 255 225 237
-2.24412 0.40716 -0.00555 76 130 1
-2.97141 2.54850 0.00021 213 178 87
0.38385 1.94779 0.01547 83 104 1
-2.21753 2.94939 -0.00427 80 138 102
-0.81966 0.02081 0.00354 124 1 178
-1.95741 1.12615 -0.00108 245 78 255
-1.19833 1.30589 0.00195 0 32 46
-2.84603 1.75491 -0.00348 168 249 98
-1.05581 1.67433 0.00242 24 178 172
-2.75015 2.66521 0.00187 125 228 247
1.15863 1.85317 0.00547 41 147 0
-2.73169 1.62870 -0.00210 36 167 23
-1.21519 0.97699 0.00390 73 118 213
0.68536 2.73437 -0.00469 252 247 249
-1.70695 2.25742 0.00429 150 0 176
-1.93146 2.50749 -0.00987 174 83 176
-0.36180 2.62786 -0.00606 209 218 88
0.96575 2.44837 0.00693 204 131 250
-0.07704 2.23053 0.00125 21 0 76
-2.52569 0.69490 0.00575 0 166 7
1.35209 0.96283 -0.00423 0 47 5
-0.08868 2.72825 -0.01178 106 248 252
-2.14227 2.60743 -0.00131 112 133 143
0.54032 1.58769 0.00332 144 160 99
-1.54524 2.50638 -0.00879 163 161 79
-1.52935 2.38826 0.00534 153 101 88
-0.35890 2.17903 0.00066 211 89 176
0.25276 2.81249 -0.00065 30 181 4
1.41685 1.64009 -0.00502 0 175 1
1.21170 1.78555 -0.00294 29 164 2
-1.87968 0.66167 -0.00402 180 176 6
1.30110 0.18526 0.00296 5 28 56
-2.75103 2.63855 -0.00486 125 220 255
-2.15588 0.89722 -0.00328 189 152 96
-1.60925 0.01326 0.00450 113 1 166
-1.53014 1.30440 0.01363 75 35 150
-0.95692 1.54245 0.00146 66 141 174
-0.95159 1.44039 0.00666 70 97 158
0.55214 1.34630 0.00136 222 121 234
1.29438 1.01322 -0.00488 88 106 76
1.03714 2.64200 0.00273 96 146 4
0.93144 1.88680 -0.00396 134 131 114
-2.14294 1.29800 0.00698 112 26 177
0.27119 2.25785 0.00162 111 77 194
-1.28833 2.28050 -0.00508 82 82 91
0.59379 1.29443 0.00450 245 110 229
-1.35025 0.72988 0.00310 95 231 139
1.00680 2.81581 0.00161 104 179 34
-1.41604 0.17447 0.00894 116 98 97
1.16290 2.27314 -0.00816 117 75 242
-0.50689 0.09440 0.00005 253 75 97
-1.90043 1.22580 -0.00677 253 84 190
-0.74456 1.89810 -0.00576 145 135 128
1.10872 0.84337 0.00294 141 184 254
-2.03780 1.40685 0.00330 226 160 149
-1.09603 0.51313 -0.00116 92 245 112
-1.19432 -0.00158 0.00061 77 78 79
1.07315 1.90149 -0.00059 79 122 4
-2.65128 0.26985 0.00587 90 141 176
-1.38230 2.18867 0.00794 25 2 53
-2.55185 0.26186 -0.00289 76 133 241
-2.19748 1.34670 -0.00190 88 46 174
-1.19050 2.05805 -0.00494 74 125 86
0.42114 0.87742 0.00688 97 86 175
-2.81503 1.12632 -0.00024 64 0 107
-1.51460 0.02077 0.00359 156 83 255
-0.67389 2.92632 -0.00602 168 158 21
-1.96855 0.43687 0.00110 242 223 255
-0.51209 2.06144 -0.00239 171 48 15
-1.95909 0.23226 0.00910 247 126 155
-2.12339 0.72254 -0.00125 196 233 204
-0.76491 1.76877 -0.01079 216 247 99
-1.62068 1.27707 -0.00645 199 101 130
-1.76407 0.46516 -0.00584 242 231 127
-0.20499 0.15671 0.00271 70 18 167
0.80792 2.61288 -0.00479 172 128 167
-1.52575 2.37197 -0.00016 155 98 91
-2.69751 0.08120 -0.00563 28 5 8
0.31306 2.79217 -0.00112 59 181 21
-0.01300 2.85249 0.00709 86 247 177
-2.61590 0.47920 0.00156 85 234 235
-0.21723 1.75155 0.00076 75 172 29
-0.84912 0.23490 0.00019 185 130 131
-0.89227 0.82783 -0.00072 88 116 169
0.56391 1.96262 0.00734 231 177 180
-0.05590 0.78475 0.01225 15 127 99
-0.00110 1.51641 -0.00529 1 133 42
-0.09103 2.71221 -0.00063 108 250 240
-0.92681 0.13606 -0.00123 76 11 168
0.59590 2.02090 -0.00156 234 142 247
-0.05476 0.10994 0.00343 14 2 86
0.44272 0.39076 0.00446 184 204 102
-2.28018 2.65590 0.00054 52 150 75
-2.13652 2.51910 0.00203 192 159 146
-2.03432 2.07970 -0.00555 153 41 88
-1.56217 1.75746 -0.00024 171 252 80
0.61494 2.27264 0.00024 165 0 49
-0.72459 1.91702 0.00203 157 120 159
0.51295 0.32863 0.00310 213 172 92
-2.65253 0.07096 -0.00596 14 0 1
0.48305 2.52840 0.00016 128 97 0
-1.59507 0.95316 -0.00179 191 131 157
-0.07781 0.53117 -0.00652 97 251 216
1.43105 0.60922 0.00176 3 175 165
-0.48254 1.05405 0.00435 169 12 180
-0.75725 1.63020 -0.00933 218 245 88
-2.54470 2.79800 -0.00590 78 255 79
-0.89703 1.16383 -0.00257 166 75 85
-2.00703 1.81732 0.00673 167 153 169
1.33998 0.52989 0.00061 79 242 214
-2.61661 1.64870 0.00265 12 174 123
-1.43140 0.86169 0.00283 119 169 109
-0.25148 2.88788 0.00003 163 252 251
-1.29452 1.33474 -0.00418 5 53 88
0.34486 2.58474 -0.00149 142 191 104
-2.57934 0.74019 0.00058 3 147 7
-1.30515 0.25106 0.00067 10 55 50
-0.60200 0.41888 0.00461 174 140 171
-1.90429 0.01194 0.00117 175 2 1
-0.30994 0.87416 0.00112 118 88 175
-1.58714 0.98741 -0.00648 180 108 124
-1.79264 2.36731 -0.00325 172 18 178
-1.72888 2.27224 0.00095 155 0 175
0.16100 2.29834 0.00088 79 81 125
-2.02390 1.57807 0.00336 234 232 81
-1.87940 2.41132 0.00181 177 33 171
0.74436 1.31529 0.00781 252 115 227
-0.93746 2.01978 -0.00788 153 149 149
1.31605 0.05129 0.00352 0 0 152
-2.65243 0.72259 0.01109 18 158 13
-1.21584 1.21190 -0.00430 2 2 126
-0.33242 2.16218 0.00361 195 90 190
1.16581 2.98260 -0.00469 41 135 163
-0.58454 1.64891 0.00633 253 251 136
1.06666 2.92215 -0.00324 85 159 161
-2.77556 0.18292 0.00171 56 24 0
-2.60275 1.88609 -0.00567 84 207 211
-0.71431 0.24485 0.00290 156 55 0
-0.99019 2.77936 -0.00452 128 253 154
-2.88423 2.92513 0.00286 109 159 101
-0.31868 1.20936 0.00066 194 78 78
0.36143 1.82960 -0.00311 71 156 56
0.53852 0.74806 0.00184 140 148 175
-2.64552 0.59808 0.00279 12 178 85
-0.76228 1.26546 -0.00743 143 21 158
-0.85485 2.13915 0.00022 184 93 254
-1.57235 2.76349 -0.00471 98 178 154
-2.83197 0.63904 -0.01184 155 246 252
-2.05793 1.39853 -0.00250 141 70 103
1.16033 0.86859 0.00024 118 166 245
0.14959 2.84264 -0.00107 5 174 3
1.33011 2.45431 0.01103 3 51 20
-1.22377 2.09283 0.00233 5 30 9
1.35987 2.06243 0.01275 74 127 249
1.15651 1.87844 -0.00058 50 142 4
-0.54620 1.02144 0.00450 177 19 155
-1.96878 1.13702 -0.00019 243 75 252
0.74414 2.63800 0.00485 255 219 255
-0.51377 0.56647 -0.00368 170 179 80
-1.88837 1.35065 -0.00166 251 127 89
-1.30673 1.37206 0.00104 7 61 71
-2.58352 2.45171 0.00288 3 47 182
-0.44924 1.98128 0.00230 165 83 29
0.47911 0.19154 0.00990 116 27 148
-1.93487 0.55097 0.00694 248 252 186
1.35190 0.04410 0.00340 1 0 136
-0.34593 0.73060 0.00596 132 155 83
-1.02520 1.18592 0.00610 116 76 89
-1.81532 0.68139 0.00408 173 174 2
-2.59044 1.45266 -0.00151 3 103 0
-0.07993 0.75967 -0.00308 25 145 144
0.78979 0.29182 0.00661 248 156 155
-0.92749 0.26283 0.00430 151 137 180
-2.08040 0.75466 0.00203 212 226 148
-0.95226 0.53691 0.00036 142 247 91
-0.89804 1.00118 -0.00164 86 31 54
-2.24808 2.08625 0.00615 65 37 172
-1.89017 2.10710 0.00603 251 105 79
-2.03074 0.81288 0.01026 236 197 82
0.91256 2.65881 -0.00255 140 152 70
0.52148 1.52451 -0.00143 134 138 165
-1.19771 2.81342 -0.00474 82 250 75
1.49493 0.33201 -0.01465 90 163 179
1.43398 1.04095 -0.00189 81 94 141
-2.58644 0.70778 -0.00462 2 156 0
-1.25900 1.08241 -0.00475 0 5 165
-1.11460 1.00021 -0.00177 13 32 177
-2.60171 1.48494 0.00032 8 118 12
-1.53963 1.60426 -0.00293 165 242 163
-2.11219 0.74220 0.00192 205 231 184
-2.76558 1.94937 -0.01128 128 178 253
-0.47278 2.29347 0.00171 243 81 190
-0.89338 2.68949 -0.00605 165 241 157
0.32150 0.82684 0.00265 128 189 204
-0.12995 0.90182 -0.00636 41 74 73
-2.24206 0.36940 0.00059 65 109 1
-0.68461 0.91856 -0.00477 240 149 72
-1.96444 0.99103 0.00686 172 37 112
1.42044 2.03877 0.00199 76 134 233
-0.57696 2.12180 0.00261 179 22 16
-2.91925 0.59492 0.00250 115 176 145
-0.99963 1.80637 0.00534 119 243 124
-2.45790 2.96540 0.00414 82 210 243
0.28943 2.86770 -0.00014 42 169 54
-2.61745 0.08163 0.00651 16 2 0
-2.50674 1.95680 0.00089 76 179 96
0.53059 0.60717 -0.00116 221 255 197
1.39271 0.77798 0.00484 0 131 67
-0.75284 1.16326 0.00232 150 0 101
-0.64546 2.65136 0.00391 173 150 176
-1.89219 1.10061 -0.00051 254 83 255
0.94645 0.27134 -0.00581 134 56 160
-1.70752 0.37193 -0.00262 225 187 157
0.43342 1.30477 0.00253 178 110 118
-1.58688 2.23299 0.00689 183 80 236
1.43510 1.13150 -0.00590 81 73 215
1.28819 1.31704 -0.00281 79 115 239
-2.15955 0.20773 0.00428 106 31 20
0.39829 1.98417 -0.00253 88 79 8
-2.54863 0.28256 -0.00324 75 148 252
0.61656 0.30487 0.00292 240 161 76
-2.48244 1.42625 -0.00828 1 87 50
-0.47355 0.12888 0.00120 244 88 131
-0.49563 0.83145 -0.00358 250 187 123
-0.12797 0.86620 0.00143 39 91 101
-0.66062 2.41706 0.00745 243 120 134
-0.46558 2.47901 0.00037 245 143 245
1.40679 1.85224 0.00579 76 224 212
-0.19891 2.56815 0.00457 71 110 2
-2.63299 2.11629 0.00092 84 108 77
-0.85553 2.53288 -0.00273 109 86 8
-1.14612 2.98423 -0.00113 84 212 197
-0.04774 0.27160 -0.00655 90 136 75
-0.91479 0.54145 -0.00336 160 247 112
-0.67337 1.92632 -0.00250 165 117 179
-1.43284 0.37457 -0.00051 39 119 51
0.84524 1.82200 -0.00220 163 162 180
0.96631 2.35782 -0.00349 201 92 250
-0.51842 1.02786 0.00470 176 18 167
-2.08456 2.88441 -0.00582 131 171 56
-1.15159 1.76761 -0.01192 0 168 168
-2.46208 0.08081 0.00457 6 0 106
-1.04629 1.59557 0.00254 22 161 169
-1.05003 2.65925 -0.00532 100 229 76
1.32392 1.18159 0.00389 76 80 175
-1.05662 0.85482 0.00082 28 96 159
-0.18141 1.83383 0.00570 134 231 76
0.31124 1.67831 -0.00299 133 255 253
0.75508 2.32487 -0.00236 180 8 4
0.13521 1.34108 -0.00441 8 45 70
-2.68736 2.51339 -0.00470 23 79 170
-0.70472 2.05629 0.00311 164 50 156
-1.62265 0.41363 0.01092 198 211 80
-1.21374 0.40167 0.00630 2 126 174
-0.58906 1.87861 0.00003 174 131 179
0.99526 0.85743 0.00490 187 175 214
-0.49738 2.10326 -0.00052 174 25 3
0.31381 0.26560 -0.00349 49 61 178
-2.65065 1.11387 0.00152 96 78 245
-1.93724 0.08735 -0.00788 172 1 3
0.91917 0.59167 0.00559 144 177 48
-2.02345 1.44615 0.00266 235 179 109
-2.81571 2.21623 -0.00400 154 81 129
1.05288 2.90588 0.00076 85 160 138
-1.36715 2.57050 0.00120 95 187 236
-0.13939 2.24907 -0.00379 40 0 115
0.37245 0.36047 0.00140 81 113 93
-1.41996 1.28480 0.00346 38 29 177
-0.36508 2.01399 -0.00227 214 147 73
1.48436 1.53867 0.00163 8 142 4
-0.47003 0.75856 -0.00083 240 223 93
-0.25328 0.81481 -0.00333 92 116 176
1.06643 1.24358 -0.00668 84 7 2
-1.40390 1.72034 -0.00286 108 252 107
0.81286 1.01794 0.00012 173 27 116
1.41230 1.28127 0.00471 81 94 252
-0.65050 0.60443 -0.00411 169 180 166
0.26809 2.12248 0.00607 38 23 11
0.54777 2.22195 -0.00088 148 3 145
-0.26871 0.57072 0.00704 173 250 95
-2.84285 0.68270 -0.00098 158 239 242
-2.00846 2.26934 -0.00465 236 78 77
-1.73998 2.63940 -0.00664 240 221 81
0.29719 2.57480 0.00530 128 191 143
-2.62788 1.54861 -0.00679 10 149 32
1.42093 2.30002 0.00323 0 4 0
0.65806 2.63751 -0.00982 248 217 226
-2.90243 1.63213 -0.00197 191 246 110
-2.88954 1.93713 0.00022 108 107 129
-1.97664 2.81397 0.00004 245 255 100
-0.53452 1.44012 0.00361 255 174 73
-0.60687 0.99189 0.00522 254 111 161
-2.94951 1.36346 -0.00191 129 56 165
-2.46927 0.04163 0.00374 4 0 70
-2.61738 0.40144 -0.00527 85 206 254
-0.60587 2.63217 -0.00067 178 140 165
-2.14382 2.87094 0.00360 119 170 109
0.62654 1.34823 -0.00102 248 129 251
-2.84238 1.95693 0.00374 86 100 163
0.26097 1.14502 0.00360 36 0 129
-2.55537 1.64035 -0.00784 0 176 151
-2.30012 1.31237 0.00172 51 33 97
-0.84584 2.29981 -0.01140 112 2 91
1.29954 0.67196 -0.00301 7 172 182
-1.28588 2.77292 0.00217 3 178 65
-0.01602 2.03222 -0.00259 87 138 247
0.97308 2.04312 -0.00541 119 52 1
0.89742 1.73652 0.00097 224 255 246
-0.53971 2.97341 0.00520 177 136 34
-2.76979 0.08430 0.00317 51 1 37
-2.00539 0.66173 0.00306 235 252 160
-2.98049 0.68932 0.00473 218 245 241
1.15744 2.11242 -0.00361 45 34 134
-1.43557 2.15514 -0.00215 38 17 104
-2.55685 0.66878 0.00386 0 170 0
0.46652 2.57683 -0.00616 114 113 1
-2.28187 2.78073 0.00398 56 177 157
-0.68217 2.19864 -0.00194 242 81 112
-1.18254 1.34370 0.00588 77 120 97
1.42705 1.25512 -0.00067 80 92 255
-2.76249 0.75093 -0.00608 55 150 59
-1.81180 2.82974 0.00027 248 250 107
-0.56356 0.84869 0.00194 253 177 91
-0.62762 2.84975 0.00068 173 173 25
-0.89236 0.36120 -0.00133 166 183 93
-0.23106 1.99038 0.00385 155 161 132
-1.59530 1.77776 -0.00059 184 247 83
-1.15026 2.34197 -0.00010 11 9 152
1.13203 2.48640 -0.00272 133 141 119
-0.35441 1.11846 -0.00040 210 75 162
0.69787 2.81940 0.00031 253 252 175
1.07969 0.97974 -0.00679 147 119 227
-0.15901 0.14844 0.00411 49 6 130
-1.35468 2.97418 -0.01061 15 135 0
-2.57188 0.19034 -0.00122 0 35 96
0.41802 0.58058 0.00007 172 253 92
-0.26621 2.70358 -0.00606 172 244 115
1.09998 2.74205 0.00701 68 175 47
1.33346 2.64590 -0.00391 76 227 224
-0.16156 2.59753 -0.00425 58 125 40
-2.41871 1.27692 0.00890 82 103 79
0.89414 1.72237 -0.00037 225 247 248
-0.10525 0.98230 0.00579 32 38 11
1.48217 1.72787 -0.00204 9 182 105
-0.32725 1.20406 0.00802 191 85 83
1.30000 1.56524 0.00250 6 154 67
-2.56527 0.82368 0.00493 0 119 47
-2.65675 0.34337 -0.00145 88 172 232
-0.44055 2.00222 0.00085 163 80 16
-2.20356 0.22936 -0.00409 85 36 35
-1.00794 1.06850 0.00106 113 85 165
0.82321 1.71523 0.00469 242 252 197
1.22894 2.59297 -0.00320 20 123 28
1.46315 1.08996 -0.00307 80 79 200
1.10865 2.05728 -0.00447 61 49 68
-1.49442 1.36345 0.00451 71 59 175
-1.04754 1.73136 -0.00743 30 177 144
-1.66185 0.27926 0.00073 210 145 183
-0.38264 1.55979 0.00263 139 139 139
-2.42637 2.09024 0.00390 86 113 142
-1.37999 0.47103 0.00236 25 151 149
0.99993 1.13445 -0.00433 112 6 102
-1.09312 1.44165 -0.00130 10 93 38
0.67729 1.88674 -0.00175 253 204 210
1.13177 1.21085 -0.01566 57 0 0
-0.62479 1.59472 -0.00079 255 240 88
-1.24100 0.96018 0.00234 77 122 191
0.75796 2.13925 0.00234 253 96 136
-1.49107 1.90258 0.00075 71 125 90
-2.74670 1.86826 0.00785 118 213 250
-1.36510 0.49474 0.00358 16 163 172
0.46215 0.60884 0.00866 119 174 65
-1.25124 0.18437 -0.00168 74 102 119
0.07444 2.33999 -0.00150 70 91 107
-0.07790 2.96019 -0.00293 102 223 142
-2.78444 2.62395 0.00241 135 218 255
-0.21679 2.58471 -0.00668 74 121 6
-0.97983 1.72868 0.00992 55 175 94
0.09344 2.50806 -0.00181 74 160 240
-0.97398 1.53570 -0.00516 63 141 178
-1.34159 0.51987 0.00841 13 171 176
-0.65315 1.89373 0.00076 175 130 171
-2.65669 0.01121 -0.00762 13 0 13
-2.76762 1.50023 0.00780 53 127 24
0.73951 1.62168 0.00298 175 172 5
0.60070 2.82155 0.00011 239 255 247
-0.32550 1.47629 0.00306 123 116 126
-2.12817 0.55683 -0.00761 119 177 169
1.09273 0.29935 -0.00479 69 74 139
1.01729 2.04553 0.00078 102 55 1
-0.60815 1.16288 0.00150 175 0 178
-1.43119 2.24063 0.00242 118 78 112
-0.24858 2.01565 0.00057 164 147 144
1.01992 1.84567 0.00631 105 149 71
-2.20354 1.81919 -0.00270 85 158 24
-0.48689 0.99801 -0.00223 242 110 238
-0.53078 0.27886 0.00247 172 66 128
-0.46586 0.60658 -0.00960 246 255 104
-0.26906 0.69174 -0.00189 93 170 106
-2.65972 1.78432 0.00097 20 168 173
-0.88332 0.98975 0.00052 96 34 47
0.46515 0.56651 0.00481 195 253 113
-0.43167 1.42148 -0.00997 233 169 94
-0.49384 0.59247 -0.00463 174 177 54
-1.41496 0.05340 -0.00122 112 78 180
1.15391 2.03086 -0.00319 48 57 81
1.32833 0.00973 0.00495 4 3 157
0.64281 2.99481 -0.00847 246 202 100
0.06267 1.86661 -0.00437 0 142 171
-2.23750 0.66604 -0.00739 148 248 248
-0.69649 2.70238 0.00128 163 165 175
0.32553 0.74203 -0.00498 134 225 148
-0.55485 1.60526 0.00330 253 242 126
-1.70818 0.27150 -0.00610 230 138 230
-1.64288 2.37328 -0.00113 123 22 100
1.03025 1.99102 0.00404 99 77 2
-1.69738 2.98214 0.00021 220 209 252
-0.65306 2.08240 0.00427 166 37 105
-2.83740 1.63344 -0.00607 162 250 79
-0.52776 2.85954 -0.00011 175 171 0
-1.74997 1.26279 0.00009 238 97 74
-0.07309 0.51979 0.00060 100 244 203
-2.76578 0.06243 -0.00725 51 1 51
0.57916 1.74756 0.00505 158 172 0
0.60039 1.83601 -0.00097 239 225 112
-2.73761 1.90001 -0.00082 116 197 253
-1.26650 0.24061 0.00044 0 51 66
-0.65842 2.95779 -0.00019 172 142 0
-2.16719 0.23468 -0.00389 107 39 6
-1.53487 1.71076 -0.00226 160 255 84
-2.04246 0.27948 0.00116 155 64 36
-2.52131 0.27296 -0.00729 76 141 251
1.15657 2.51244 0.01356 123 157 90
-2.09900 1.17278 -0.01218 134 0 142
0.60269 0.10441 0.00456 158 3 131
-0.82046 1.31920 -0.00802 199 116 226
-1.02715 0.48323 0.00300 118 233 88
-0.43911 2.65978 -0.00263 163 151 35
-1.55366 1.80157 0.00188 86 164 0
-1.81076 2.26357 0.00052 177 2 134
0.01869 0.32049 -0.00108 0 85 46
-2.12813 1.27891 0.00280 123 26 170
0.28321 1.42522 -0.00800 119 166 92
1.11176 0.93944 0.00326 148 134 243
-1.68322 2.15749 0.00420 221 90 211
-1.47463 2.13988 0.00441 58 14 145
-0.54808 1.55724 -0.00640 252 226 103
-0.34793 2.29519 0.00524 126 4 170
-0.80533 0.77810 -0.00623 126 138 148
-2.83533 1.61394 0.00257 158 247 84
-1.67723 1.91601 0.00555 217 193 81
-2.17035 0.87127 -0.00228 178 158 120
-0.13266 1.39332 0.01008 114 147 252
-1.41436 2.08530 -0.00530 32 35 144
-0.73281 2.43816 0.00179 230 119 94
-1.27104 1.40370 -0.00111 2 78 32
-0.54963 1.95795 -0.00376 176 92 120
0.50971 1.35783 0.00686 213 135 216
-0.55052 1.17123 -0.00580 176 1 171
-1.25311 1.42345 -0.00477 76 169 84
-2.87536 0.92543 -0.00297 169 146 90
-1.49078 0.85128 0.00527 143 179 162
-0.46014 1.37183 -0.00356 162 63 0
0.25914 1.50602 0.00721 110 214 145
1.17997 0.85503 0.00596 105 173 240
-2.86103 1.61436 0.00281 175 244 103
1.12350 0.79349 -0.00622 135 203 242
-1.35295 1.12136 0.00057 17 5 145
-2.73843 0.36140 -0.00246 115 190 189
0.79289 1.30578 0.00501 247 109 202
-2.80650 1.38353 0.00623 71 69 131
-2.98266 2.67465 -0.00106 142 153 85
0.28006 2.21187 -0.01001 117 82 160
-2.98123 0.20040 0.00861 220 110 191
0.00711 2.46394 -0.00676 83 135 136
-1.96609 1.64185 0.00342 175 175 69
-0.47963 1.38569 -0.00162 171 69 1
0.17272 2.51137 -0.01200 90 157 255
0.03074 0.55564 -0.00254 0 173 173
-1.50047 2.52660 -0.00017 149 165 114
-0.81464 0.72049 -0.00351 126 159 176
-1.43680 2.04775 -0.00136 40 50 169
-1.25730 0.32897 0.00081 2 89 146
0.47898 0.31152 0.00666 197 162 136
-1.30168 0.65333 -0.00019 88 250 172
1.21202 0.45909 0.00010 102 227 86
-0.33061 1.97979 0.00890 200 164 78
-2.15795 0.86303 0.00078 183 174 122
-3.00929 1.92209 -0.00218 147 119 39
-2.23325 2.71445 -0.00504 72 167 145
-0.38535 1.78051 -0.00729 147 164 130
-2.44600 0.94179 0.00114 4 58 177
-1.48559 2.87870 -0.00042 56 168 129
0.18676 0.42011 -0.00402 8 124 170
0.88469 1.99203 -0.00771 150 81 68
-0.70577 2.25404 0.00200 237 74 101
0.07605 2.67832 0.00738 0 161 159
-0.59321 0.09397 -0.00069 255 77 75
-1.98013 2.02822 0.00715 239 143 174
-2.86986 2.85508 0.00270 98 174 130
-0.64291 1.03600 0.00187 172 16 89
-2.47678 1.86463 -0.00608 83 218 130
0.72390 1.11143 0.00368 255 76 203
-0.16307 2.23888 0.01107 52 0 141
-0.43146 2.40571 -0.00642 237 110 254
0.12153 1.32823 0.00660 0 43 87
0.95479 0.21277 -0.00502 129 38 138
1.00459 1.31065 -0.00012 106 31 0
0.05975 2.85022 -0.00105 3 173 42
-0.60835 0.99042 0.00061 255 109 145
-1.71634 1.45806 0.00201 152 112 116
-0.40648 2.43552 -0.00261 227 122 245
-0.27641 2.65193 0.00464 177 222 85
-2.20227 1.62229 -0.00668 163 239 108
-1.14221 1.78339 0.00298 8 171 157
0.42780 2.25963 -0.00378 99 0 177
0.82876 0.35506 -0.00414 163 104 148
1.27058 2.52575 -0.01162 10 82 11
0.48171 2.57211 0.00141 124 112 5
-2.08798 0.06491 -0.00498 215 79 140
-2.96076 1.96260 0.00492 133 97 87
0.47353 0.68673 -0.00059 122 165 131
-2.22349 1.08031 0.00052 74 10 4
-0.18325 1.96858 -0.00643 133 174 157
-0.58158 0.04567 -0.00082 252 79 87
1.12094 2.58149 -0.00429 136 192 76
0.59955 0.34173 0.00491 241 175 79
-0.59456 1.73677 -0.00490 255 249 193
0.59186 1.46452 0.00848 158 102 160
-2.14038 0.27428 0.00232 109 60 2
-2.64241 0.85083 -0.00412 15 98 24
-1.23489 2.41443 -0.00392 79 111 224
-1.98296 2.20564 -0.00801 167 0 0
1.42068 1.21664 0.00523 79 85 249
-0.27357 2.41558 0.00645 98 43 86
1.24662 1.44402 -0.00360 14 102 176
-2.58514 2.29648 -0.00169 5 1 95
-1.12987 1.10257 -0.00134 91 75 216
-0.29906 2.14021 0.00152 182 89 207
-2.81820 1.35821 0.00517 74 52 162
-0.39103 0.05205 0.00044 148 2 51
-2.42276 0.29673 0.00185 86 149 222
-2.28702 2.33433 -0.00039 131 77 184
-1.46056 2.95138 -0.00045 53 150 61
-1.86949 1.19090 0.00479 252 79 182
-0.29257 2.25062 0.00646 105 1 180
0.75247 2.26796 -0.00429 179 0 0
0.30342 2.01499 0.00237 52 67 0
-2.97386 0.59735 -0.00434 218 253 185
0.26373 0.81747 0.00407 115 194 157
-1.12280 2.34411 -0.00632 9 10 168
-0.05488 2.78104 0.01064 98 253 245
-2.47267 2.91706 -0.00347 81 237 201
-2.77716 0.93313 0.00266 63 57 9
-1.43956 1.90433 -0.00471 46 124 137
-2.41688 0.98421 0.00228 11 40 144
-1.66551 1.94422 -0.00068 210 182 91
-2.51653 0.43556 -0.00096 78 224 182
-1.82246 1.37354 0.00805 255 138 79
-1.07253 0.63555 0.00703 16 175 0
0.22113 1.24916 -0.00321 20 15 68
-2.52083 1.47920 0.00536 0 115 58
-1.94445 2.82197 -0.00248 254 255 84
0.88765 2.50112 0.00116 230 148 255
-0.94873 1.68059 -0.00725 64 175 104
-2.37097 2.87415 0.00090 26 171 167
-2.44045 2.05291 0.00547 81 123 100
1.38413 1.72220 -0.00498 3 175 21
-2.50943 1.27974 -0.00019 76 95 83
-2.63826 0.01930 0.00027 12 0 0
1.33187 1.10726 0.00103 78 80 118
1.26176 0.31097 0.00274 90 161 84
-1.96317 0.66036 -0.00162 168 172 54
1.03129 1.44950 -0.00510 175 177 153
-2.30436 0.66969 0.00099 119 251 208
-0.39144 0.17819 0.00612 147 22 156
-0.02977 1.71649 0.00386 11 179 5
-1.44311 2.33174 0.00128 119 84 82
-1.32201 0.73480 0.00923 86 230 116
-0.83181 0.39361 -0.01003 195 199 80
-2.41125 0.58472 0.00802 90 254 84
1.18413 0.72871 -0.00211 107 238 242
0.16610 0.18057 -0.00347 81 96 124
-2.78334 1.23980 0.00008 133 90 254
-1.07249 1.84557 0.00408 96 225 144
-0.69575 1.58823 0.00259 241 235 82
-0.28108 2.59153 0.00035 103 115 4
-2.94681 1.19786 -0.00268 125 4 58
-2.60617 2.74101 0.00106 82 252 110
-1.50116 1.68914 -0.00178 143 255 77
-2.68659 0.29191 0.00364 104 141 160
-0.99735 1.91053 0.00113 123 198 75
-0.99567 0.67425 0.00562 48 173 74
-2.25987 0.68475 -0.00999 140 243 249
-0.74440 2.83194 -0.00695 153 177 142
-1.57153 0.51596 0.00598 94 170 46
-0.31474 0.53863 0.01409 194 251 75
1.15827 2.59758 0.00652 45 128 5
-2.92728 2.92010 -0.00043 119 160 124
0.69063 0.31348 0.00813 255 161 101
0.10211 0.04434 0.01160 81 77 98
-1.41932 1.64583 0.00141 112 249 75
-0.40510 0.56754 0.00107 150 178 16
0.47775 2.23700 0.00057 126 0 171
-0.91175 2.90432 -0.00090 152 241 254
-0.71706 2.66480 -0.00888 155 152 170
1.02821 2.00733 -0.00380 98 73 3
-1.89946 2.63734 -0.00705 255 217 180
-1.32601 1.67127 -0.00432 83 254 128
-0.00487 0.28389 0.00251 84 143 87
-0.15780 1.44738 -0.00473 50 101 178
-0.05167 2.07845 -0.00751 91 115 249
-1.22136 2.74140 0.00528 1 165 45
1.06950 1.95333 -0.00093 81 101 0
-2.33675 0.52370 -0.01974 36 170 13
0.86413 2.72666 0.00182 157 173 59
-1.72624 0.12009 -0.00138 155 11 155
-0.28696 0.38780 0.00048 184 196 128
-0.95839 2.58523 0.00337 60 121 0
-2.51272 1.41802 -0.00027 0 87 17
0.37760 1.88717 -0.00236 79 130 9
-0.47038 1.62312 0.00360 245 244 194
0.19095 1.20867 0.00161 11 0 133
-0.55510 0.51143 -0.00574 178 162 152
1.29140 0.12739 0.00448 4 6 121
0.93708 0.56532 -0.00466 135 178 51
-2.24472 1.68527 0.00840 146 255 112
1.28612 0.23753 0.00366 84 119 109
-1.26914 1.07929 0.00244 1 7 165
-1.13464 1.53102 -0.00147 6 139 85
-1.72706 2.59448 -0.00460 152 120 5
-0.97574 0.26961 0.00845 130 130 214
-1.72205 2.53992 0.00239 157 92 44
-2.37749 1.00347 0.00280 24 23 95
-2.37423 2.64275 -0.00194 16 150 7
-1.14417 1.83773 0.00158 79 228 203
-1.92217 2.00264 0.00207 251 149 140
-1.67843 2.43641 -0.00292 142 40 89
-0.14395 1.62442 -0.00041 44 173 70
-2.15967 2.44330 -0.00255 181 126 91
-2.38163 2.73456 -0.00535 19 171 49
-0.80911 0.26917 -0.00176 203 140 89
-1.01540 0.29071 -0.00252 120 147 227
-2.59182 1.14017 0.00216 78 78 238
0.18834 0.71470 -0.00465 92 233 79
-1.84433 2.15185 -0.00130 255 92 97
1.08177 0.46307 -0.00030 73 151 26
1.23952 0.43220 -0.00156 100 218 85
1.00718 0.49870 0.00937 105 164 52
-2.61922 1.74066 -0.00632 10 174 166
0.56775 1.32716 -0.00592 228 115 230
-2.49272 2.81308 0.00435 77 255 104
-1.11593 1.04849 -0.00424 86 90 238
-2.36305 2.29419 0.00525 105 79 242
0.05780 0.77068 -0.01107 79 212 101
-0.17974 0.37655 0.00904 132 187 75
0.11978 1.50155 0.00367 76 199 81
-2.43076 1.37597 -0.00839 89 144 124
-1.34349 0.14817 -0.00201 93 91 77
-2.31362 0.20468 -0.00341 41 28 134
0.91917 2.55888 0.00095 218 181 221
-2.20605 0.75117 0.01030 163 219 235
0.93409 1.95570 0.00568 140 101 65
-0.13139 2.89449 -0.00107 114 239 234
-2.34407 1.91811 -0.00635 36 114 9
-2.49559 1.02761 0.00559 76 92 242
-2.19218 0.35511 0.00456 93 104 6
-1.32182 1.03517 0.00715 9 16 102
-1.78787 1.35605 -0.00316 248 135 89
0.60330 1.07717 -0.00178 237 85 89
-1.39140 2.83756 -0.00442 25 177 93
-0.16549 2.23014 -0.00603 60 0 150
-2.12228 1.88310 -0.00052 125 132 142
-0.36177 2.45430 -0.00313 133 51 137
-2.96697 1.35777 -0.00132 140 54 154
-1.69949 1.30423 -0.00181 223 106 103
1.08079 1.07398 0.00393 74 5 83
-1.42162 1.88541 -0.00892 33 132 145
-1.79284 0.19578 -0.00793 247 111 237
-1.45083 1.77985 0.00287 126 241 111
-1.84902 0.15546 -0.00369 178 16 90
-1.44755 2.92262 -0.00049 44 157 65
-1.00361 0.51310 -0.00108 128 247 76
-2.55946 2.24546 -0.00089 4 1 73
-0.11989 0.67914 -0.00057 33 168 174
-0.75495 0.34689 -0.00262 144 101 14
1.28691 0.63481 0.00193 9 175 165
0.37758 1.50899 -0.00193 156 207 225
-2.29441 0.15851 -0.00544 126 90 229
-2.78157 1.56246 0.00465 60 147 12
-2.59387 1.93204 0.00592 79 185 162
0.22195 2.21189 -0.00383 102 81 125
1.14463 2.64839 -0.00917 47 144 20
-1.26833 2.94795 -0.00387 6 145 11
-2.33332 2.24689 0.00360 117 75 245
0.45433 0.35527 -0.00378 182 185 121
-1.47329 2.29362 -0.00657 132 80 125
0.28816 2.57502 0.00059 120 196 151
-2.56570 1.65273 -0.00365 0 178 148
-2.76462 2.79650 -0.00553 131 255 184
-1.75557 0.14873 -0.00386 165 12 153
-0.12105 2.02668 0.00191 115 144 235
-2.88400 1.70575 0.00591 175 251 77
-2.06901 2.40204 0.00039 219 109 114
1.42720 0.60274 0.00012 6 180 173
-0.87164 2.95955 -0.00478 176 222 215
-0.94610 1.69062 0.00489 68 174 93
-0.48648 1.06928 -0.00363 169 5 178
0.88837 1.59795 -0.00277 228 241 156
-1.18596 0.52141 -0.00315 80 244 175
0.98732 1.00140 0.00418 190 111 253
-2.90969 0.57318 0.00077 112 176 136
-2.38331 0.20705 0.00255 18 32 166
-1.55238 0.47019 -0.00197 90 151 29
-2.67977 2.85413 -0.00153 102 248 84
-1.79771 0.92580 -0.00661 172 68 168
-0.20239 0.70630 -0.00553 74 165 154
-0.17560 0.07314 0.00346 61 0 176
-1.86691 1.22683 0.00391 255 84 158
-0.81921 1.85805 -0.00266 197 223 114
-1.04718 2.68855 -0.00695 109 236 77
0.75570 1.61875 -0.00300 176 166 8
-1.85677 0.06867 -0.00398 179 1 24
-2.64102 0.07070 -0.00023 12 1 1
-2.93133 2.36905 -0.00244 200 96 104
-0.01869 1.66038 -0.00395 10 174 0
-2.45544 2.81974 -0.00136 83 255 140
0.88087 0.10126 0.00199 228 80 88
0.12160 2.87270 -0.00553 0 170 7
-1.06842 1.97854 -0.00741 100 159 74
0.71269 1.68877 -0.00804 178 177 15
-0.71744 0.97287 -0.00336 236 129 75
-1.95963 0.71131 0.00112 169 160 17
-1.55227 2.17266 0.00060 87 10 176
1.38710 0.74973 0.00316 4 145 102
0.45174 0.12012 -0.00292 110 4 177
-1.31353 2.41276 -0.00425 85 109 169
-1.65503 0.78253 -0.00182 132 135 167
-1.98816 0.45205 -0.00437 243 222 252
-2.29758 2.73853 -0.00658 48 173 118
-2.95061 2.85020 0.00004 133 176 175
-1.20742 1.41483 0.01337 79 158 78
0.36073 2.47873 0.00765 146 150 170
1.40520 0.37673 -0.00200 76 187 147
-2.83995 2.65074 -0.00654 81 147 161
-0.81462 2.21216 0.00503 125 0 131
-2.56148 1.41256 -0.00714 4 81 0
-0.58531 0.14932 -0.00316 255 90 87
-0.24847 0.71498 -0.00812 86 163 141
-2.33111 1.42368 0.00231 109 168 228
1.44517 2.67594 0.00519 81 235 253
0.44494 1.79740 0.00567 106 163 26
-1.44207 1.85891 -0.00590 50 142 100
-0.61383 1.90174 -0.00012 179 120 176
-2.81408 1.61677 0.00781 147 246 76
0.86661 2.71637 0.00722 158 175 61
-2.75722 1.21109 0.01844 127 80 253
0.40283 0.68672 -0.00492 93 163 90
0.15866 1.31935 -0.00197 11 37 68
-0.29190 1.17576 0.00043 187 78 88
-0.41404 1.37805 -0.00117 150 70 5
-0.11038 1.77787 0.00694 32 174 5
-2.20057 2.24990 -0.00141 166 81 162
0.49376 2.97690 0.00272 200 213 225
1.15962 2.43993 -0.00076 118 128 122
-0.28346 2.66471 -0.00050 174 224 87
-1.54568 1.65060 0.00368 164 250 113
-1.94775 0.51600 0.00422 251 243 214
0.24848 2.82612 0.00285 25 180 8
-0.95331 2.60715 0.00248 140 200 78
-1.76942 2.53975 0.01092 167 99 63
-2.25912 2.22425 -0.00287 136 75 220
0.45629 2.88278 0.00647 187 240 247
-0.34802 2.28669 0.00364 128 0 169
-2.21782 1.52208 0.00193 154 217 201
-1.48197 1.16484 0.00147 55 0 77
-1.93341 2.22695 0.00065 175 3 14
-1.12631 2.30032 -0.00428 8 2 143
-0.88698 0.84330 0.00017 95 109 155
-1.85592 0.63158 0.00213 180 174 8
-2.45540 2.58981 0.00083 6 121 23
-2.70105 1.62451 0.00148 32 174 36
-0.53330 1.00427 0.00160 185 25 148
0.66616 0.61723 0.00355 174 184 175
-1.88641 2.29386 0.00277 179 2 110
0.96525 1.88651 -0.00264 124 128 75
0.57887 0.42199 0.00184 231 211 96
-2.58267 0.14054 -0.00581 4 14 61
-1.88536 1.84376 0.00586 251 227 228
-1.02801 1.11798 0.00053 115 73 132
1.32278 2.16830 0.00895 75 86 218
-1.33875 1.21439 -0.00811 13 6 175
-1.93379 2.87050 -0.00185 248 245 75
-0.22712 1.76829 -0.01022 80 170 19
-1.63774 1.58621 0.00706 117 156 159
-0.98828 1.78143 -0.00188 51 168 60
-2.35691 2.85279 0.00118 28 173 159
-1.75106 0.74047 0.00747 166 152 66
-0.21799 1.59258 -0.00243 70 163 138
-1.77483 1.83588 -0.00018 241 232 150
-0.23551 1.53828 0.00310 80 143 173
-1.38726 2.16242 -0.00270 26 9 67
-1.46447 2.52541 -0.00462 131 163 128
-2.01596 0.34373 -0.00916 162 95 108
-0.99930 1.31631 -0.00433 123 112 112
-1.28011 1.31592 0.00434 6 37 97
0.39608 1.29528 -0.00341 80 31 15
-0.10278 2.27547 -0.00379 25 4 72
-0.19945 1.89045 -0.00815 141 205 94
0.88458 1.69998 0.00097 232 255 233
0.30967 1.68720 0.00090 125 253 255
0.10947 2.45077 -0.00750 76 124 210
0.23168 1.38214 -0.00077 24 67 0
-1.67390 2.48132 0.00267 138 61 52
-1.03291 2.70520 -0.00139 111 242 86
-1.52568 0.40919 -0.00393 79 125 8
-2.61945 1.61945 0.00281 14 169 99
-1.04201 1.29177 0.00453 111 105 77
0.28581 0.59250 0.00065 39 170 6
-0.19013 1.95252 0.00957 141 175 140
-0.49874 2.38016 0.00017 249 99 226
0.27063 2.69817 0.00198 35 165 12
-2.19438 2.71898 -0.00579 97 165 175
-2.45839 0.86391 -0.00389 4 96 155
1.06509 0.43099 -0.00960 83 140 61
-2.54858 2.35050 -0.00126 0 15 164
0.41364 1.07296 -0.00092 174 85 145
-1.08793 1.52058 0.00324 15 135 112
-0.36827 1.43528 0.00131 144 93 54
1.08591 2.91262 -0.00133 71 164 165
-2.92258 2.78396 0.00307 116 179 176
-2.25068 0.65553 -0.00580 145 247 234
-0.53732 2.08696 -0.00189 175 39 17
-1.77574 0.66136 -0.00013 168 170 6
-2.41483 1.08196 -0.00380 90 83 149
-0.35111 0.78608 -0.00123 131 144 106
-0.49138 0.31716 0.00353 170 87 173
0.66952 0.91714 0.00410 177 66 2
1.47570 1.14725 -0.00539 92 75 244
0.35829 2.00062 -0.00226 69 72 11
-2.23057 2.71631 -0.00244 75 165 153
-2.01069 2.15314 0.00328 156 16 29
0.83112 1.68564 0.00806 246 255 163
-0.75418 0.75613 0.00346 223 220 202
-0.06409 2.08108 0.00298 96 112 250
0.58896 1.70732 -0.00491 163 178 0
-0.60254 2.97812 0.00020 182 134 10
-0.72580 1.73764 0.01034 230 255 100
-1.94109 1.06200 0.00272 246 89 241
0.49035 0.56909 0.00171 196 252 129
0.20061 1.68904 0.00388 92 254 229
0.43233 0.54697 -0.00928 176 253 86
-1.36885 1.95432 0.00153 19 103 181
-0.53382 1.95542 0.00996 169 94 102
0.27863 1.18900 -0.00623 37 8 80
-1.25305 1.50116 -0.00739 76 203 80
1.24695 0.33298 -0.00196 98 171 81
0.48508 0.59829 -0.00270 204 252 153
-0.94655 1.55734 -0.00209 76 148 173
-0.31372 0.44299 0.00455 193 222 114
-1.80272 2.96527 0.00587 245 212 220
-2.61672 1.49294 -0.00027 10 125 8
1.06196 0.19552 0.00021 163 103 254
-2.07669 0.64686 -0.00335 218 252 225
-1.97585 1.69658 0.00063 170 177 105
1.05179 2.09613 -0.00240 89 31 54
-1.76246 1.36603 -0.00616 246 141 100
-1.48786 1.87371 -0.00494 61 144 79
1.26793 2.52830 0.00274 9 86 20
-0.40644 2.03993 -0.00420 154 57 0
0.70592 1.91468 -0.00230 251 201 239
-0.00524 1.19225 -0.00088 83 79 223
-0.94084 0.34235 -0.00060 146 172 131
0.09536 2.87341 -0.01255 0 174 11
-2.10191 0.49491 0.00472 130 165 160
-2.54742 1.31895 -0.00120 75 114 86
0.35867 2.79069 0.00370 67 176 46
-2.90941 0.23539 0.00427 113 41 31
-2.89142 2.92721 -0.00541 107 152 92
-1.58096 2.38295 0.00764 179 93 136
-1.80471 1.42396 0.00610 174 87 30
1.21034 1.81881 0.00584 103 234 74
0.90296 1.65016 -0.00122 221 246 205
0.15239 2.74354 -0.00404 5 173 51
-0.18946 2.57535 0.00437 64 119 9
-0.55576 1.16717 0.00057 180 0 171
-1.60044 2.55255 -0.00300 108 105 0
-1.33937 0.32534 0.00360 9 89 75
-0.96166 2.70428 -0.00298 139 247 122
0.35360 1.78690 -0.00561 145 241 161
-0.56179 2.79876 0.01044 179 175 32
-0.30510 2.27564 -0.00418 115 0 184
-0.12153 1.76626 -0.00353 31 169 0
1.10946 2.92311 0.00137 73 155 172
0.44092 1.70723 0.00926 105 179 91
0.82180 1.27242 -0.00459 168 18 131
-1.92343 0.01764 -0.00437 178 1 6
-2.34666 0.39085 0.00043 28 124 19
0.06717 2.81662 0.00710 2 178 69
0.39036 2.00444 -0.00271 86 72 10
0.78381 1.22208 0.00054 249 89 252
0.95116 2.67832 -0.00503 128 159 26
-1.05632 1.40783 -0.00224 28 74 50
-0.58264 0.09858 -0.00217 253 78 76
-1.53317 0.54874 -0.00565 78 175 103
1.00084 1.49262 0.00602 183 192 165
1.20782 0.26405 0.01161 106 138 144
1.19558 1.96616 -0.00415 33 90 64
-0.95502 0.57908 0.00385 141 253 104
-2.54460 1.98860 -0.00807 75 155 93
-1.51124 1.06483 -0.00340 77 11 3
0.83459 1.42532 0.00237 239 167 81
-2.26562 2.13203 -0.00444 62 16 181
-0.55126 0.96284 0.00847 255 131 164
0.06409 0.97821 -0.00222 76 120 114
-2.11203 2.64350 0.00360 125 143 170
0.91297 2.38560 0.00314 220 99 236
-2.90857 0.49524 0.00053 116 164 70
-0.79642 0.38241 -0.00419 139 120 12
-1.43181 1.20392 -0.00389 43 4 137
-1.58359 1.52580 -0.00320 180 214 242
-2.92057 0.65424 -0.00968 192 252 249
-0.25112 1.04122 0.00127 167 94 134
0.67110 2.02318 0.00004 252 137 255
-0.81692 0.14512 -0.01199 126 10 107
-2.03076 2.75024 -0.00224 148 176 118
-2.47520 2.27959 0.00639 3 0 153
-2.20546 0.62218 0.00046 164 255 242
-1.61489 2.89484 -0.00999 191 243 255
-2.94100 1.74948 -0.00045 200 253 72
-0.98486 2.55887 0.00751 57 107 1
1.13385 0.55510 0.00522 58 178 17
0.03210 2.02099 -0.00485 5 60 154
1.42545 0.95001 -0.00274 3 50 10
-1.75714 1.48334 -0.00476 169 114 105
0.45649 1.64828 0.00432 117 172 117
-0.66216 2.73228 0.00881 175 174 149
-1.50064 2.38945 0.00355 140 104 79
1.48266 0.94015 0.00090 6 55 25
-0.43226 0.47079 0.00231 160 152 100
1.34360 0.16316 0.00049 2 18 58
-0.12126 2.15793 -0.00495 119 86 241
0.38488 0.13226 0.00140 155 84 242
1.47277 2.76886 -0.00526 83 255 165
0.64782 0.57910 -0.00489 249 255 247
-2.06273 2.69514 -0.00396 142 167 169
0.42894 1.34633 0.00045 179 121 145
-1.22538 1.53162 -0.00736 78 218 100
-1.37050 1.48753 -0.00028 99 191 111
-2.62305 0.14170 0.00251 8 19 33
-0.40839 2.65193 0.00020 150 145 22
-2.24363 2.00298 -0.00666 70 75 138
-2.66076 0.35090 -0.00598 90 181 232
-1.68357 2.95789 -0.00438 217 216 255
-1.20097 2.17144 0.00304 3 6 12
-0.97234 1.98756 -0.00693 134 160 102
-1.26682 2.31983 0.00414 82 86 131
-1.12469 0.62398 -0.01018 7 175 0
0.73956 1.36797 -0.00383 252 136 204
0.79802 1.52195 -0.00662 248 211 80
-1.38225 0.45218 -0.00023 21 151 141
-1.62303 2.01218 0.00148 196 146 154
-1.75107 1.14305 -0.01467 242 73 140
0.03560 2.08593 -0.00016 0 32 103
-0.54436 2.61642 -0.00317 179 138 148
-0.39520 0.67648 -0.00200 144 170 6
-0.98505 2.66353 0.00230 133 228 87
0.26008 2.29790 -0.00470 111 77 212
0.56055 1.79468 0.00817 149 166 3
-2.21577 0.31582 -0.00172 75 82 1
-2.32611 0.45669 0.00537 41 150 0
-2.44771 0.50630 -0.00199 85 241 98
0.52090 2.94392 -0.00284 212 227 229
-1.27805 0.21653 0.00379 1 32 37
0.02385 1.43001 -0.00351 79 165 159
1.26400 2.31748 -0.00096 12 7 74
-2.66348 2.49962 0.00564 19 76 176
0.28111 1.57899 0.00036 118 234 213
-0.97198 1.53380 0.00435 62 143 173
-2.35493 0.04575 -0.00103 104 75 235
-0.07452 1.02426 -0.00226 97 94 80
1.18745 0.27190 -0.00499 32 62 78
-2.93562 2.85974 -0.01137 124 173 167
-0.98150 1.22359 0.00125 132 85 80
-0.35730 0.23116 -0.00456 212 123 255
-1.18814 0.47452 0.00220 77 232 218
0.93028 2.92399 0.00449 139 163 47
0.70294 0.11761 0.00224 173 7 26
0.53581 2.66092 -0.00409 221 230 164
-2.06486 1.60628 0.00347 219 241 79
-0.29669 0.23271 0.00136 187 124 239
-1.99142 2.18548 -0.00705 239 81 78
-2.66635 1.31807 0.00075 95 114 156
-2.77285 1.23639 0.00154 128 89 250
1.46992 1.33270 -0.00063 82 122 199
-2.49372 2.38881 -0.00501 0 28 175
-2.94525 0.51586 -0.00146 125 167 59
-0.22253 2.97279 -0.00367 151 220 235
-0.93326 1.04407 0.00809 149 97 120
-0.05269 2.50700 0.00527 15 85 59
-2.76725 2.80575 -0.00172 125 250 165
-0.92257 1.88895 -0.00304 164 206 85
-2.51250 2.05472 -0.00934 78 132 76
1.21086 1.50028 0.00251 25 122 180
-2.93472 0.88541 0.00008 198 160 164
-0.28069 1.77687 -0.00218 108 174 52
-2.69273 2.82040 -0.00111 107 255 109
-2.18046 0.89291 -0.00122 175 153 116
-2.18862 0.49169 0.00156 92 160 95
0.69120 0.48975 0.00077 254 238 225
-0.99180 1.27385 -0.00816 127 98 86
-2.09339 1.21936 0.00213 131 6 170
0.28765 0.68991 0.00297 123 245 83
-2.78394 1.19323 0.00329 136 82 243
-0.30761 2.66521 -0.00233 189 228 82
-2.60616 2.20478 0.00134 5 0 17
0.25222 0.52908 0.00773 31 170 72
0.28052 2.29345 -0.01090 119 83 232
-2.08159 1.19903 0.00451 139 5 167
1.02689 0.14786 0.00314 180 86 220
0.20704 1.59721 0.00096 89 237 176
-1.35071 0.91067 -0.00263 95 151 78
-2.01839 2.28447 0.00354 230 75 86
-2.09469 0.19689 0.00148 210 101 76
0.05982 1.49464 0.00584 78 199 95
-2.11857 0.51399 -0.00412 125 172 157
-2.45030 2.85542 0.00343 80 248 169
-2.74764 1.10523 -0.00316 120 76 204
-0.98356 2.72105 0.00725 131 243 125
0.39756 0.83035 0.00406 164 189 248
-1.38254 2.76569 -0.00657 26 181 133
0.48346 1.52394 -0.00335 123 134 178
1.23707 2.08211 -0.00540 97 115 239
-2.81751 2.90195 -0.00544 70 161 60
-0.61427 2.52419 0.00489 251 162 235
-0.73016 2.59746 0.00204 153 129 137
0.58844 0.86094 0.00028 159 95 81
-1.03420 0.97648 0.00473 41 42 159
0.85277 1.92742 -0.01209 164 110 141
1.48102 0.00981 -0.00604 10 0 67
0.27999 1.31920 0.00951 34 37 7
-2.72509 0.84555 -0.00129 40 102 0
-0.01633 2.10970 0.00805 86 106 212
0.85115 1.07549 -0.00360 163 7 174
-1.88859 1.85854 -0.00170 255 222 229
-0.38526 0.34365 0.00384 222 172 235
1.17929 2.72658 -0.00643 37 171 105
-1.91719 1.40804 -0.00876 177 82 4
-1.00496 0.08168 -0.00464 50 0 140
-1.04641 1.81412 0.00199 114 238 148
-1.90759 2.77929 0.00362 253 255 81
-1.24744 2.04995 0.00736 0 52 45
-1.44893 0.61252 -0.00517 126 253 255
-2.26458 0.38943 -0.00252 60 116 0
1.30464 1.32291 0.00458 77 114 250
-0.73397 2.97568 -0.00270 148 137 26
-2.82890 2.90345 0.00192 81 161 73
-0.40691 0.08364 -0.00087 227 81 144
1.37359 2.08062 0.00382 76 116 229
0.18248 1.15120 0.00741 14 0 165
-1.89811 1.22139 0.00245 255 87 187
0.16602 1.09552 0.00295 9 6 180
-2.43170 0.54021 -0.00259 84 251 76
0.78547 2.16014 -0.00138 249 86 96
0.49024 0.06945 0.00580 130 0 182
0.03907 2.53155 -0.00059 79 173 222
0.32554 0.57949 0.00447 53 177 1
0.22952 1.17213 0.00803 21 2 120
1.35008 1.08824 -0.00531 79 83 106
-0.86269 2.21543 0.00110 100 2 156
0.94142 2.16705 -0.00064 138 8 23
-2.21188 2.43927 -0.00373 161 128 71
0.53634 2.13904 0.00024 208 93 255
0.88853 2.73597 0.00175 149 169 27
-1.88175 1.00572 0.00111 254 106 245
-0.37643 1.67607 0.00154 146 180 173
-0.01264 2.49148 0.00858 6 75 81
-1.59134 1.88452 0.00137 110 134 14
0.41781 2.77024 -0.00242 174 255 160
0.43975 1.24796 0.00038 184 90 90
1.47880 0.57019 0.00074 83 253 237
-2.41674 2.73929 -0.00855 89 250 111
-0.84109 2.37214 0.00895 115 19 23
-0.99086 2.14612 0.00327 130 90 217
-2.60719 0.78979 -0.00409 7 134 14
0.79572 2.83504 0.01252 254 255 109
-0.18935 2.33782 -0.00328 62 8 87
-1.98757 0.33850 -0.00289 241 171 206
-2.01071 2.51269 0.00268 235 159 235
-2.47857 0.13039 -0.00434 5 14 135
0.49508 0.36732 -0.00218 210 187 84
-2.69712 2.02944 0.00742 106 143 186
-0.59642 2.51494 -0.00911 248 157 237
0.97031 0.25685 -0.00334 125 51 166
-0.80526 2.10829 -0.00539 203 107 250
0.40924 2.75895 -0.00441 169 251 140
-0.03931 0.95622 0.00434 11 46 2
0.06809 1.81380 0.00151 0 160 148
-1.62441 2.20968 -0.00749 122 7 178
-2.19912 2.71080 0.00494 90 166 166
0.99386 0.15992 -0.00491 186 93 215
-1.00997 1.53313 -0.00499 42 146 169
-2.69851 2.09229 0.00388 102 112 132
-2.91446 2.42977 -0.00008 186 118 74
-0.65701 0.51029 0.01106 170 162 177
-2.56238 2.02507 0.00219 80 140 93
0.09302 0.90280 0.00074 76 155 94
-1.21124 1.79077 0.00309 78 240 255
-1.64084 2.99740 -0.00435 202 207 236
-2.91577 1.85641 -0.00597 112 140 59
-1.73308 1.30794 0.00926 232 107 89
-1.29434 0.02487 -0.00961 80 79 105
0.68672 1.42174 -0.00091 174 92 108
-0.92925 1.75490 -0.00233 80 175 35
-2.06450 1.11658 0.00105 141 4 128
0.26113 0.47880 -0.00294 32 154 96
-2.80434 0.81641 -0.01038 144 191 125
-1.21031 0.34463 0.00386 1 97 171
-2.85533 0.31330 -0.00519 94 84 4
0.14465 0.33572 -0.00320 7 91 143
-1.29653 0.96307 0.00555 82 121 129
-2.85129 1.15414 0.00089 93 0 90
-2.87569 2.09338 0.00368 105 35 173
-0.36884 1.06023 0.00255 210 89 208
0.89869 1.18519 0.00446 151 1 144
-1.06046 0.12480 -0.00466 21 7 128
1.06670 2.01671 0.00139 80 70 14
-2.59782 0.51216 -0.00202 80 248 192
-0.38160 0.12157 0.00452 138 12 129
-2.13947 0.32851 -0.00108 115 95 22
-2.30838 0.30031 0.00212 42 71 52
0.67871 0.25162 -0.00034 252 129 77
-0.75965 1.92534 -0.00176 147 112 139
1.34206 0.07782 0.01086 0 0 117
-2.70572 0.22830 -0.00365 106 120 106
-1.62199 1.50092 0.00956 120 127 182
-2.69086 0.33720 -0.01330 99 168 199
1.02315 1.00773 0.00358 98 31 166
0.75844 0.37042 -0.00224 252 188 199
1.26034 2.82083 0.00149 92 254 253
-1.30976 1.27728 0.00733 7 24 142
-0.96498 1.49428 0.00317 57 121 169
-2.00058 0.54981 -0.00355 243 254 233
-2.17981 1.22208 -0.00044 96 10 122
-0.73606 2.15974 0.01018 154 10 101
-2.44937 1.13299 -0.00470 81 75 137
-1.43433 0.48106 -0.00554 44 159 122
1.36052 2.39453 0.00036 1 29 4
1.20792 1.26789 -0.00576 101 94 146
0.34694 1.46903 -0.00039 143 188 176
-2.62401 1.63104 0.00647 6 175 112
0.73780 1.52974 0.00425 182 137 11
-1.23977 2.86813 0.00322 1 173 2
-0.20110 0.07906 -0.00193 66 5 177
-1.78482 2.01043 0.00138 244 148 72
-0.98587 0.59485 -0.00449 131 253 97
-1.51470 0.40263 -0.01026 79 134 12
-2.89516 1.05465 -0.00458 106 13 0
-2.24776 0.27188 0.00455 74 67 27
0.68748 0.94583 0.00245 180 50 2
0.75536 1.61433 -0.00223 178 169 5
-2.75364 1.93211 0.00207 125 190 255
-0.13242 0.37879 -0.00461 117 184 80
0.63719 2.71186 0.00552 247 238 255
-0.95634 2.59308 0.00624 140 205 83
0.82436 1.70348 -0.00142 243 255 183
0.23284 0.81319 -0.00091 100 196 121
-1.10128 2.12382 0.01005 90 98 102
0.27594 0.70561 -0.00136 117 246 88
0.84382 2.59319 0.00678 242 199 244
0.36721 2.32599 -0.00077 148 84 249
-0.58098 1.13702 -0.00460 181 0 178
-0.26731 0.07282 -0.00410 99 3 157
1.23067 1.36128 -0.00191 100 142 234
-1.20885 0.77801 0.00480 80 207 83
-1.02661 1.00104 0.00749 40 33 147
-2.20933 0.94764 0.00014 160 133 99
1.22357 0.02903 0.00347 28 0 176
-1.48228 2.77389 -0.00199 68 180 181
-1.53296 2.33548 0.00604 157 87 127
1.48815 0.16573 0.00386 8 17 5
-2.18095 2.29824 0.00039 171 80 114
-0.66223 0.58687 -0.00023 170 179 159
-1.78374 2.34200 0.00150 165 11 175
-0.70358 1.55846 -0.00081 239 229 93
-2.93635 0.27845 -0.00467 128 60 31
-2.58963 1.42706 0.00740 5 90 1
0.09024 2.84748 -0.00232 0 172 25
0.32764 2.45899 0.00272 127 140 213
1.34413 2.07145 0.00496 80 119 251
-2.13806 2.62355 -0.00257 116 134 155
-0.20171 0.49774 -0.00071 141 239 93
1.48532 2.39645 -0.00739 12 30 73
0.33188 0.27394 -0.00629 64 67 177
0.87295 2.70705 -0.00441 157 163 67
-1.16007 2.34372 -0.00216 4 6 146
-0.69882 1.41254 -0.00387 237 153 199
-2.08297 2.37687 0.00440 215 97 93
0.81805 0.65644 0.00645 245 243 145
-1.38086 1.45144 0.00256 98 175 153
-1.63730 0.03727 -0.00150 126 0 156
-1.00854 2.05050 -0.00112 126 129 125
-1.09564 1.19922 0.00517 94 79 112
-0.08430 2.52520 0.00042 19 93 49
-0.90147 2.38373 0.00361 85 24 65
1.20574 2.03284 0.00247 99 143 191
-2.44285 1.87399 0.00092 87 221 102
-1.04397 0.11316 0.00094 32 1 136
0.68671 0.42477 -0.00556 255 209 175
-1.78889 2.01059 0.00291 250 144 78
0.10631 0.77376 -0.00540 77 213 84
-1.07907 1.09695 -0.01125 99 79 192
-2.36850 0.71709 0.00104 99 237 213
0.68093 2.24604 -0.00977 179 1 38
0.75801 0.02574 -0.00307 174 0 61
-0.92704 2.67610 -0.00110 157 238 141
-0.86183 0.71443 -0.00463 104 160 178
-1.04765 0.11181 0.00284 32 6 136
-2.71186 1.44025 -0.00793 27 91 28
0.18831 2.44849 0.00092 92 126 255
-0.56185 2.17754 0.00095 175 9 0
-0.89629 2.13799 -0.00012 164 98 244
-1.39551 0.09821 -0.00356 105 79 131
-1.12914 2.13990 0.00458 82 94 99
-1.38045 2.96497 0.00545 23 143 8
-1.58950 0.64002 0.00141 185 255 208
-0.49999 2.96582 0.00158 177 142 63
-0.03641 2.78504 -0.00386 91 255 236
0.28388 0.78258 -0.00153 114 209 136
1.20866 2.16174 0.00264 103 89 249
-1.37588 0.15892 -0.00624 95 86 85
1.09250 2.62260 -0.00712 74 135 2
1.08400 0.15925 -0.00308 144 95 246
-2.82714 1.13053 0.00193 82 3 82
-1.31291 2.79669 -0.00123 8 180 61
-0.59659 0.93193 0.00243 254 142 107
-0.54394 2.58388 0.00726 253 199 231
0.35429 0.66711 -0.00761 144 251 110
0.70065 2.66699 0.00564 254 226 254
1.14475 1.92887 0.00088 51 111 11
0.99247 1.81586 -0.00337 113 159 121
-0.25743 2.35654 -0.00225 92 12 127
-0.35361 2.33769 0.00209 133 7 177
-2.80867 1.52343 -0.00127 148 217 114
-2.39189 2.92702 -0.00123 19 156 171
-2.43787 0.99785 0.00296 7 33 160
-2.18613 1.22956 0.00193 94 11 128
0.24938 1.27878 -0.00151 33 22 26
-2.17307 1.40071 0.00410 179 154 243
-0.75883 0.12619 -0.00667 219 85 154
0.67259 1.11698 0.00001 249 80 157
-2.25844 2.34673 0.00006 136 89 140
-1.55545 1.50250 -0.00655 167 206 235
0.35663 0.01988 -0.00316 141 80 137
1.08582 0.14841 0.00211 144 90 248
-0.95269 2.83757 -0.00103 138 247 228
-1.39396 0.38719 -0.01252 28 118 88
1.34528 1.22600 -0.00252 77 86 217
-1.87695 2.85032 -0.00392 255 250 83
0.27127 0.38192 -0.00617 39 121 157
-1.56404 2.83105 -0.00477 91 179 176
-1.11705 1.78668 0.00425 12 162 146
0.81084 1.78642 -0.00406 246 248 233
0.04122 1.61972 0.00535 74 241 85
0.60768 2.08894 -0.00769 245 110 252
0.71042 1.48869 -0.00634 180 126 48
-0.85320 1.37086 -0.00031 191 142 245
-0.97429 2.71749 0.00067 132 243 116
0.30732 2.20518 0.00331 133 78 187
0.67241 1.49686 -0.00208 172 117 75
1.10432 2.61361 -0.00129 62 132 0
0.74940 1.51656 -0.00709 180 138 13
0.81912 1.51503 -0.00369 245 205 73
-1.78648 0.45248 -0.00037 248 220 160
-0.31151 1.12462 0.00009 194 80 111
-1.40052 2.00855 -0.00375 30 69 173
1.20417 2.20769 0.00757 25 4 178
-0.91233 0.24658 -0.00836 161 129 171
-1.48083 0.11235 -0.00974 135 80 182
-2.76724 0.41119 0.00709 135 210 198
-1.87433 1.73949 0.00241 181 175 177
-0.20285 1.56647 0.00017 67 152 151
0.79275 1.81989 -0.00719 249 236 231
-2.81361 1.59317 -0.00260 148 237 85
1.11858 1.29563 0.00527 61 24 24
-0.18996 2.55797 0.00643 64 108 2
-0.29435 1.24792 0.00916 187 87 80
0.81097 1.82014 -0.01141 172 156 176
-2.17235 1.23803 0.00745 105 8 142
-0.83227 1.85181 0.00462 199 219 110
-1.80017 2.78419 0.00056 255 253 81
0.70885 0.23231 0.00084 253 124 72
0.16302 2.44562 0.00614 85 126 239
-0.09173 1.39256 -0.00098 103 153 254
-0.95470 1.59171 -0.00056 66 158 162
-0.26983 2.14277 0.00305 169 94 223
-2.98527 1.52038 0.00318 220 217 240
-2.69621 1.92566 0.00198 108 186 241
1.48692 1.34618 0.00523 85 128 175
0.61584 2.57992 -0.00509 168 115 84
-0.25478 0.07228 0.00226 90 0 167
-2.31036 2.43607 0.00354 117 122 111
-1.44296 2.62890 -0.00879 44 142 151
-2.38647 0.59645 -0.00617 16 180 14
-2.80334 2.01624 -0.00706 139 145 249
-0.65294 2.89270 0.00332 173 169 29
0.59156 0.03421 0.00584 162 1 165
-0.41629 2.68185 0.00185 152 158 3
-2.18455 0.24168 0.00840 101 39 20
0.94062 1.51374 0.00116 208 210 122
1.41182 1.44893 0.00454 0 99 80
-1.39282 0.31237 0.00448 32 84 25
-2.98698 0.08993 0.00136 220 73 247
0.46223 2.88399 0.00801 192 240 251
-2.98437 0.64599 -0.00199 220 255 208
-2.23301 0.40129 0.00423 67 125 3
0.80958 1.48735 -0.00333 245 194 78
-2.52627 1.19941 -0.00778 70 81 141
-0.22605 0.96173 0.00354 79 47 95
-1.58717 0.56164 0.00503 108 180 61
-2.62520 1.80473 0.00902 89 237 255
-1.99396 0.82398 -0.00025 163 114 0
-0.08050 2.66570 0.00185 99 229 234
-0.61791 2.63753 0.00469 176 142 167
-2.20488 2.97609 0.00038 89 137 73
-2.54856 0.43867 -0.00244 76 220 207
-2.59368 2.40134 0.00163 2 38 172
-1.53465 1.87454 0.00509 82 139 38
-1.11469 0.14670 -0.00088 13 12 113
-0.88840 1.50048 -0.00088 93 122 181
-1.16449 2.56978 0.00273 6 120 118
-1.81642 0.57095 -0.00345 251 255 89
-2.70097 0.54138 0.00110 112 255 244
-1.20421 2.11285 -0.01083 3 20 1
-2.43386 1.06501 0.00577 79 87 184
-1.54170 2.92538 0.00096 84 153 132
-1.02828 2.09265 0.00597 112 109 145
0.33381 0.17402 0.00343 137 97 240
0.25633 0.23295 0.00600 33 40 152
-1.43232 2.58313 0.00785 113 197 201
-2.51928 1.85140 0.00088 72 226 181
-2.16892 1.38351 -0.00243 102 63 179
0.28962 2.49198 0.00383 118 157 209
-0.81943 2.98899 -0.00164 202 212 150
1.23877 1.33592 -0.00086 90 117 225
-2.49482 2.50375 0.01377 2 86 118
-1.89512 2.67100 -0.00004 254 231 145
-0.63413 1.73518 -0.00431 250 251 164
1.08689 2.13411 -0.00128 65 20 106
-2.73160 0.03254 0.00060 45 0 50
-2.38093 2.96617 0.00122 24 138 179
-0.98229 0.77314 0.00295 50 135 157
0.28608 1.16674 -0.00135 40 1 91
-0.19412 2.55204 -0.00467 75 99 5
0.30486 0.55115 0.00427 47 173 26
-0.89136 2.99862 0.00055 166 204 205
-1.14662 1.75688 -0.00422 3 172 173
-0.62981 0.68186 0.00861 246 243 161
-0.91938 0.40109 0.00406 155 197 88
-0.79635 2.78452 0.00397 133 174 176
-2.74153 2.95597 -0.01343 116 219 79
-2.43452 0.52712 0.00334 82 245 79
-2.27752 0.66197 -0.00036 130 253 219
-1.41026 1.50456 0.00438 111 211 132
-1.09303 2.09692 -0.00233 91 109 96
0.83809 1.02012 0.00371 169 22 132
1.21077 0.41993 0.00724 101 211 74
-2.32629 1.83389 -0.01535 35 154 7
-2.44102 2.08566 -0.00260 82 110 130
-1.48042 2.42024 0.00053 132 114 76
0.89610 0.79832 0.00431 227 201 94
-1.35019 0.47161 -0.00520 17 150 164
-0.55889 0.17427 -0.00314 255 102 108
0.15110 2.79073 0.00071 4 177 18
0.88050 2.32494 -0.00400 233 81 177
-0.13007 1.86569 0.00468 114 216 114
1.07932 1.15206 -0.00439 74 0 31
-1.35903 2.19883 0.00145 22 4 23
-1.73387 1.92120 -0.00634 234 191 81
-2.72945 2.62802 -0.00070 115 210 250
-0.89895 2.42328 -0.00306 89 36 39
-1.71749 0.82364 -0.00011 154 109 163
-0.01851 2.87543 0.00401 85 245 157
-0.31355 2.24851 0.00413 117 0 171
-1.06422 2.17323 -0.00425 97 85 175
0.20276 2.67316 -0.00543 15 159 67
-1.00405 1.33897 -0.00352 120 122 113
-0.88128 1.52055 0.00152 97 134 160
-0.21916 2.33727 0.00201 73 9 109
0.68956 1.83899 -0.00309 253 228 194
0.70695 2.39100 0.00330 175 30 17
-2.92169 1.06562 -0.00121 120 6 4
0.29791 2.40099 0.00013 123 113 253
0.65187 1.81366 0.00112 248 237 129
0.78522 1.65384 0.00169 174 175 40
-2.45190 1.19450 -0.00863 78 76 102
-1.12441 1.58205 -0.00059 9 154 133
0.68316 1.03250 0.01213 254 92 108
-1.62712 1.56417 -0.00675 120 154 162
-2.90641 2.88929 -0.00926 115 169 142
1.10721 0.37703 0.00035 64 116 66
-0.75436 1.86943 0.00401 144 143 94
-3.00163 0.06625 -0.00153 221 77 254
-1.55943 1.86235 0.00440 91 141 14
-2.26714 0.42369 -0.00472 58 140 3
-2.38833 1.95647 -0.00121 20 100 5
0.13906 2.68296 -0.00121 1 157 117
-2.13498 0.98563 0.00125 188 113 77
-2.41612 1.84261 -0.00170 88 227 111
-0.71728 1.79127 -0.00297 235 244 145
1.44031 1.12337 -0.00640 84 75 216
-0.05903 2.92505 -0.00217 95 229 153
0.50889 1.13615 0.00726 205 76 76
0.08135 1.54431 -0.00228 80 221 76
-2.48750 1.13887 -0.00123 82 77 166
-1.64029 0.28629 0.00216 202 147 170
-1.61575 0.65729 0.00470 113 166 120
0.80913 2.48201 -0.00167 249 140 226
-0.50039 2.79512 0.00685 173 180 3
-2.18768 1.87049 -0.00397 96 136 71
-0.92074 1.83997 -0.00369 154 227 76
-2.18201 1.42522 0.00245 169 162 241
1.21773 0.62859 0.00397 32 173 119
0.25764 0.83973 -0.00200 108 183 170
-0.17735 2.40698 -0.00135 54 35 29
0.86809 0.31200 -0.00224 162 83 148
-0.33059 2.06082 -0.00162 192 129 108
-2.61563 2.13438 -0.00493 84 93 78
0.42597 0.17199 -0.00630 101 21 173
-0.17573 1.27816 -0.00522 142 101 154
-0.12438 2.10364 0.00099 112 110 254
-0.10995 2.00166 -0.00101 111 150 232
0.77767 1.83900 0.00547 253 231 240
-1.04877 2.76615 -0.00840 107 254 111
-0.10797 1.42622 -0.00157 32 89 177
-1.00281 1.67392 -0.00023 42 176 150
-1.67887 1.30359 -0.00302 214 109 112
-0.12837 2.52913 -0.00202 46 93 19
-1.79666 1.79298 -0.00219 173 166 131
-0.35092 0.44404 0.00405 206 223 137
-2.23108 0.29987 0.00275 77 78 4
-1.19423 0.00618 -0.00326 5 3 1
0.06617 1.90943 0.00844 0 115 180
0.08580 1.38031 0.00071 0 69 83
0.55498 1.40240 -0.00445 148 78 175
0.88605 2.02431 0.00051 153 65 37
-2.66043 0.78435 0.00380 17 128 2
-2.03370 0.50873 -0.00331 151 166 174
-1.81518 2.02374 -0.00314 253 138 76
-1.20449 2.60851 0.00766 78 208 191
0.89678 1.73019 0.00191 224 252 249
-2.82716 1.79255 0.01055 157 246 132
-2.89315 1.61367 -0.00275 181 246 103
1.10108 2.79612 -0.00249 61 179 78
-0.79271 1.17724 0.00251 134 3 74
0.20155 0.14777 -0.00375 93 90 116
-0.30077 1.61376 0.00099 108 167 169
-1.65384 1.15196 0.00162 211 76 81
-1.38677 1.42886 -0.00553 104 160 178
-2.74662 2.65744 -0.00296 125 223 255
-0.17493 1.74413 -0.00443 52 178 8
-2.73996 2.77704 -0.00219 113 252 179
1.29656 0.88023 0.00063 3 83 62
-2.36203 1.70837 0.00056 102 251 181
1.36565 0.29809 0.00562 77 153 83
1.07141 1.36867 0.00457 79 63 43
-0.08935 2.85605 -0.00512 100 253 226
-2.34222 2.20327 -0.00504 109 79 255
-0.39372 0.60093 0.00511 145 181 0
-1.09696 0.96561 0.00229 21 48 180
0.90986 1.99540 0.00459 147 74 45
-1.70353 0.60101 0.00932 145 179 21
-0.82999 0.64150 -0.00970 122 179 170
0.96104 1.12658 0.00678 125 0 137
-2.46193 0.76104 -0.00003 3 146 83
-0.54678 2.14944 0.00217 178 12 0
-2.59239 1.65031 0.00030 5 173 132
0.96365 0.11344 0.00166 206 84 148
-1.99395 0.04091 0.00424 163 0 20
1.11885 2.60863 0.00720 63 125 0
1.31181 2.09312 0.00313 79 105 250
0.39621 0.19347 -0.00479 166 107 255
1.32772 2.08334 0.00594 75 106 246
0.69567 1.34244 -0.00257 255 125 237
-0.66294 2.93120 -0.00603 169 159 12
1.27989 2.96422 -0.00257 88 211 159
-1.64976 1.59802 0.00042 129 165 159
-1.82591 1.85345 -0.00269 252 218 179
-1.49747 0.75951 0.00573 145 220 236
-0.36276 0.43533 0.00418 216 219 149
-0.61483 1.44438 0.00497 253 166 98
0.00144 2.69673 -0.00342 4 166 177
-0.15234 1.33914 -0.00167 126 119 222
-1.76596 0.84192 0.00543 166 103 146
-0.12391 0.73795 0.00293 34 151 169
-1.83485 2.38264 -0.00246 181 26 177
0.97575 2.20287 -0.00181 197 82 152
-1.52691 0.25938 -0.00377 73 60 30
-0.11089 0.87004 0.00175 35 96 90
-2.65245 1.82963 0.00400 91 229 251
-0.95654 0.31998 -0.00272 146 161 147
-2.39399 0.74616 0.00530 93 223 216
1.32439 2.30156 0.00136 1 3 32
0.51552 2.85511 -0.00985 213 255 255
-2.07911 0.23856 0.00240 137 47 7
-1.93170 2.07101 0.00162 254 114 99
1.05688 2.95126 0.00270 87 139 156
-0.11152 2.87620 0.00163 111 248 227
1.43285 0.89066 -0.00048 0 76 0
-1.34703 0.25510 0.00232 13 54 31
-1.86001 0.66950 -0.00400 180 166 7
-2.33314 1.01640 0.00538 33 27 58
-1.88797 1.27713 -0.00309 255 104 133
-0.39440 0.46870 0.00182 223 234 137
0.62443 2.97327 0.00184 243 216 141
-2.80337 0.78632 0.00841 150 210 153
1.30805 1.28467 -0.00755 85 97 224
-1.73292 0.05772 -0.00890 154 0 104
-0.42337 1.26212 0.00894 151 21 20
-1.72116 2.82137 -0.00101 235 250 166
-0.92886 1.68791 0.00239 81 184 67
0.69156 2.28485 0.00411 177 1 6
0.82606 0.06100 -0.00143 245 76 79
-1.04787 1.40968 0.00776 29 82 54
-2.93257 2.47731 0.00177 201 132 77
-1.72792 0.60381 0.00178 157 179 10
0.52859 1.55263 -0.00162 140 144 139
-2.21917 0.59692 -0.00779 157 255 233
-2.79882 1.22085 -0.00778 148 79 243
-2.64455 2.09645 -0.00302 88 113 97
-1.09613 1.82386 -0.00290 95 237 187
-2.59211 1.17248 -0.00082 81 78 218
-2.04793 0.43120 -0.00260 149 144 156
-0.88820 0.09487 0.00586 91 4 171
-2.40345 1.19877 -0.00012 90 80 74
0.42050 2.81189 -0.00029 174 255 190
-1.06595 1.06048 0.00104 99 91 219
-0.19868 2.24877 -0.00282 72 0 160
-0.89901 0.56169 -0.01214 168 251 140
-1.04422 2.24055 0.00702 27 0 157
-0.07919 0.78556 0.00215 26 133 119
1.39486 0.79088 0.00160 0 132 63
-2.61282 1.80605 0.01086 82 241 252
-2.74251 2.95704 -0.00977 119 222 77
-1.60726 0.18345 -0.00115 111 23 140
-2.01989 1.45640 0.00413 233 179 105
0.09409 1.06007 -0.00260 0 4 136
0.03477 0.19473 -0.00140 76 100 76
-0.20254 0.40419 0.00655 148 202 86
-1.51885 2.29614 -0.00073 146 81 134
-2.55115 0.90678 -0.00217 0 82 123
-0.46222 2.31381 0.00698 238 85 206
-2.37624 0.83593 0.00222 97 186 253
-1.70851 0.37534 -0.00743 230 191 159
-2.36294 0.03848 0.00157 101 72 222
0.08046 2.77216 -0.00309 1 176 85
-1.74875 0.81488 -0.00138 159 117 131
-0.92901 2.82512 -0.00056 155 254 236
-0.79016 2.52861 -0.00207 203 164 111
-1.71954 0.49971 0.00846 229 239 79
-2.21647 0.91859 -0.00272 160 144 126
-0.80076 2.08478 0.00626 205 118 254
-0.10021 2.99431 0.01091 101 207 130
0.31393 0.86891 -0.00184 129 173 225
-2.92452 2.67867 -0.00222 118 158 131
-0.15754 1.52353 -0.00399 51 135 152
-2.28963 0.99685 -0.00536 121 113 140
1.25302 1.88088 0.00281 98 211 114
0.18721 2.89224 -0.00638 9 168 4
-0.88594 0.09635 -0.00151 91 4 176
-2.39906 2.77361 0.00616 13 177 63
1.21959 1.47676 0.00299 22 119 174
-0.94237 1.72177 -0.01185 66 176 81
1.25853 2.57723 0.00249 14 116 34
-0.21365 2.03594 0.00561 151 137 174
0.04087 2.77069 -0.00433 0 177 116
-1.86499 1.70189 0.00425 177 177 173
0.85391 0.58006 -0.00587 166 178 104
-0.63264 2.63151 -0.00719 176 140 175
-0.71478 2.67491 0.00450 160 158 177
0.32367 2.39342 -0.01714 134 105 243
-1.50713 2.75424 -0.01013 72 178 176
-2.97654 2.85338 -0.00332 135 176 177
-0.70634 0.65034 0.00864 239 251 242
0.42114 1.29169 -0.00176 173 106 101
-1.79720 0.34486 -0.00072 242 174 236
-1.06831 1.78904 0.00086 25 163 103
-2.41711 0.35515 0.00296 89 181 177
0.82219 1.24438 -0.00089 171 11 153
-2.85831 0.00567 0.00709 165 80 232
0.40532 0.21903 0.00240 89 36 165
-0.49635 2.36251 -0.00046 244 96 222
-0.58935 1.08926 0.00053 176 4 155
-1.52361 1.55302 -0.00204 157 225 182
-2.86239 1.15435 0.00609 91 0 77
-2.14261 2.61386 -0.01102 112 131 141
-2.05325 1.96201 0.00490 152 92 170
-2.78454 1.74647 0.00280 65 176 68
-2.86520 0.86538 0.00473 170 169 119
-1.91446 2.75269 -0.00775 252 251 94
1.01702 2.54491 -0.01142 181 174 164
1.26769 0.81230 -0.00247 12 121 145
0.96878 2.03509 0.00772 120 63 2
-2.75368 1.15791 0.00218 126 76 235
-0.13038 0.47716 -0.00259 118 231 117
-2.82316 1.92627 -0.00205 75 113 160
-2.78177 1.64596 -0.00394 58 173 4
-2.37927 2.17863 0.00676 22 4 162
-1.94138 0.98938 -0.00270 172 30 115
-0.51356 0.69841 -0.00093 255 235 82
0.14100 0.69674 -0.00265 86 243 106
-0.50348 2.03267 0.00723 174 56 24
0.21149 1.30340 0.00533 17 36 30
-2.12224 1.40061 -0.00116 128 80 144
-0.87049 0.60671 0.00738 99 179 107
-2.03185 0.27518 -0.00157 156 66 56
-2.71173 2.09938 0.00525 111 108 141
-0.35691 2.36029 0.00509 139 17 175
-2.66041 0.12546 -0.00743 15 4 6
-1.78811 0.56434 -0.00018 247 255 87
-2.32634 2.88980 -0.00479 43 168 175
-0.20513 2.84811 -0.00397 147 251 254
1.17585 1.03827 0.00003 38 16 34
-0.22675 2.47181 0.00550 81 63 26
-1.77486 2.88372 -0.00613 247 241 169
-0.60279 1.08125 -0.00619 178 8 142
0.06990 0.70577 -0.00309 75 236 144
-1.64113 0.98138 0.00234 128 39 94
-2.67463 1.45329 0.00183 20 98 9
1.10006 2.24581 0.00133 151 77 252
-2.86899 2.95141 -0.00563 96 148 64
1.30510 0.98023 0.00277 4 38 10
-0.86056 1.50554 -0.00196 102 129 161
-2.37794 0.07706 0.00196 95 79 227
1.32766 0.40744 -0.00179 78 205 126
0.66581 2.78117 -0.00291 246 254 233
-0.58213 2.05284 -0.01155 182 45 62
-2.79040 0.07834 -0.00450 67 0 67
1.09084 1.83590 -0.00163 69 155 31
0.80835 2.74066 -0.01278 171 175 96
-0.33910 0.64077 -0.00162 126 180 20
1.38155 2.28061 -0.00414 2 0 13
-1.42043 0.08880 0.00137 111 79 144
-2.56068 1.32145 0.00846 78 115 90
-1.18805 0.47423 0.00960 74 236 216
-1.61076 0.10868 -0.00113 122 4 180
-2.84433 1.20951 -0.00510 81 1 142
-2.94729 2.45307 -0.00607 201 128 81
-1.28254 1.80981 0.00284 0 165 173
1.09690 1.91877 0.00676 69 121 2
-0.77391 1.27426 0.01019 143 20 156
-0.96142 0.31716 0.00027 144 164 156
-0.62250 1.34367 -0.00146 176 56 113
1.32210 2.24716 0.00002 4 0 75
-0.79673 2.32585 0.00577 209 86 106
-2.28629 0.18269 0.00254 130 94 219
-1.17133 1.36361 0.00701 80 135 79
-1.71301 1.01775 -0.00319 224 105 189
-1.16317 1.63710 0.00139 2 179 143
-0.49877 1.91347 0.00153 174 115 120
0.05715 0.29378 -0.00483 3 75 54
-0.24483 0.31624 -0.00921 164 159 152
-0.03592 2.32275 0.00018 16 10 3
-0.70915 1.72374 -0.00534 236 253 104
-1.18538 2.87881 -0.00190 77 242 95
-0.11064 0.68270 0.00477 33 169 174
-0.11830 2.63528 -0.00287 112 217 175
-0.99727 1.43191 0.00564 45 88 109
-2.84752 1.42361 -0.00101 160 169 213
-1.10625 2.82068 0.01305 86 252 106
-1.30643 1.07911 0.00609 3 10 136
-2.75716 1.13214 -0.00398 127 78 220
-0.11718 0.18479 0.00512 31 28 74
-1.40843 1.70889 -0.00178 108 253 92
0.87826 1.35466 0.00958 160 50 35
0.03109 2.22999 0.01288 76 72 84
0.39846 2.83184 0.00217 167 255 192
-0.72497 2.92677 -0.00328 155 157 56
-0.15906 1.20865 0.00658 126 83 138
0.17786 1.11162 -0.00159 5 0 178
-0.68565 0.77798 -0.00104 243 215 138
-0.07930 1.91717 -0.01324 100 197 192
-1.25071 2.83390 0.00567 2 176 4
-1.21606 2.73547 -0.00180 0 172 42
1.18783 0.23296 0.00128 26 45 108
-0.28631 2.87976 -0.00058 185 251 235
0.15950 2.25605 0.00399 84 77 99
-2.05865 1.09639 -0.01163 142 8 114
0.09391 1.11054 -0.00912 4 5 161
-1.33305 1.72540 -0.00306 87 251 153
0.39745 2.12471 -0.00620 86 17 109
0.49795 0.12336 0.00464 128 9 172
0.86245 0.12810 -0.01105 237 85 89
0.06655 0.91268 -0.00277 75 144 84
-1.81077 1.24111 0.00079 255 82 103
0.93033 1.13915 0.00001 136 1 147
1.49282 2.36642 -0.00243 13 21 55
-1.67995 0.66541 -0.00469 139 172 77
1.16043 0.12439 0.01144 122 81 255
1.08574 2.34215 -0.00077 149 80 244
1.29112 0.50818 -0.00905 85 245 179
-0.87770 0.81023 0.00325 99 123 166
-2.90569 2.55927 -0.00577 194 184 125
-1.52087 2.42383 0.00092 156 114 77
-2.67447 0.91470 -0.00234 21 70 42
-1.61187 0.57171 0.00257 185 255 147
-0.57587 1.90033 -0.00104 175 124 167
-2.58886 1.74443 -0.00208 0 180 173
-2.61863 0.99351 -0.00392 84 109 227
-0.50915 1.67996 -0.00420 253 253 223
1.48396 2.11239 0.00328 85 99 124
-1.89758 1.19576 -0.00211 252 78 198
-1.42807 2.96838 0.00568 39 142 24
0.59785 1.12549 -0.00149 238 81 112
1.10306 0.56187 -0.00739 62 179 10
0.90796 0.92915 -0.00929 224 139 185
0.97334 1.89926 0.00269 129 123 70
-1.33003 2.11039 -0.00093 12 30 75
0.50258 2.97670 0.00311 209 214 217
-2.87088 1.98952 0.00066 99 83 162
0.32884 1.60155 0.00706 133 242 251
-2.37951 0.80003 -0.00547 104 202 250
-0.89494 0.14469 0.00163 93 15 155
-2.02149 2.17649 0.00101 152 8 17
-2.39335 2.90278 -0.00157 16 164 160
0.69508 2.09898 -0.00467 253 106 205
0.38002 1.95188 -0.00415 81 101 2
1.41721 0.90760 0.00351 0 73 2
-2.93797 2.33276 0.00573 196 84 128
-2.81660 2.70883 0.00488 83 164 179
-1.31736 0.40991 -0.00160 14 137 161
-1.90175 0.67782 -0.00217 172 172 11
-0.99621 2.08869 0.01801 127 115 156
-1.55045 0.40813 0.00180 85 130 5
-2.61874 0.38688 -0.00735 86 195 250
-1.06171 1.26564 -0.00774 105 95 78
-0.53567 1.16841 0.00070 176 0 166
-0.92094 2.62571 -0.00171 154 214 96
0.22210 0.45207 -0.00237 22 148 137
-2.60618 2.30592 0.00539 2 1 96
0.25595 0.80696 0.00916 109 194 141
0.69225 2.63200 -0.00814 255 214 249
-1.99582 0.09269 -0.01048 169 4 5
0.24451 1.24810 -0.00133 30 16 56
-2.48766 0.87077 -0.00021 3 95 146
0.43039 0.67350 -0.00435 106 163 96
-0.56375 1.84119 -0.00528 181 149 175
-0.87268 0.15635 -0.00054 98 20 141
1.11137 1.31341 0.00232 61 36 30
0.80171 1.83346 0.00439 169 155 167
-1.15183 2.16492 -0.00187 79 86 110
1.05012 2.49734 0.01397 163 150 168
-0.86972 2.15932 0.00440 180 88 251
-1.54358 0.19698 0.00089 161 111 156
-1.98703 0.71111 0.00343 173 158 26
-1.29487 2.78508 -0.00484 6 180 52
0.58734 0.08196 -0.00164 160 0 153
-2.90889 1.84015 -0.00082 113 145 36
-0.88774 2.95790 0.01324 171 218 224
-1.50435 1.97435 0.00572 67 87 140
-1.32309 2.78011 0.00514 14 174 97
0.73297 1.55582 -0.00303 176 149 10
0.14977 0.45718 -0.00271 4 148 176
-1.68904 0.29576 -0.00226 224 151 202
-1.05702 0.95359 -0.00437 28 53 181
-0.62306 0.04309 0.00044 252 78 112
1.48404 1.56726 0.01068 9 154 0
-0.10778 2.99429 -0.00181 104 200 123
0.29417 1.10746 0.00388 49 3 133
1.06982 2.29561 -0.00037 153 77 255
-1.22196 2.71559 0.00323 0 173 54
-2.89683 1.91709 0.00183 107 115 111
-2.21143 0.90330 -0.00185 161 151 126
1.30949 2.68155 -0.00084 84 232 231
-2.45720 0.36432 -0.00013 80 189 196
-0.86572 0.60238 0.00107 103 180 121
-2.21573 1.61931 -0.00676 161 243 123
-0.90620 1.40260 -0.00580 90 73 156
-0.67455 0.89568 0.00008 243 153 79
-1.18894 0.22419 -0.00584 75 118 185
0.19663 2.46147 0.00050 86 136 255
-2.40581 0.58501 0.00444 89 254 87
-1.25861 1.06619 -0.00901 5 3 163
-2.73979 1.70707 -0.00274 42 181 60
-0.88475 2.89736 0.00023 170 236 250
0.17283 0.27122 0.00503 9 62 118
-1.14219 0.39398 -0.00009 79 202 233
1.01874 1.73457 0.01103 176 255 237
1.22056 2.06092 0.00952 99 123 223
0.32565 2.79228 0.00314 56 180 27
-2.37656 2.67089 0.00421 23 153 23
-2.01683 1.08696 0.00077 157 9 147
-1.76355 2.18815 0.00229 242 84 186
0.40156 0.13691 -0.01195 88 15 176
-0.75024 0.35406 0.00440 149 103 22
-0.04901 0.76293 0.00005 15 143 122
0.29376 1.38039 -0.00342 49 63 6
0.87691 1.13418 0.00789 155 0 172
0.35498 0.53576 -0.00069 67 173 5
-0.52946 2.15986 -0.00258 176 10 1
0.05012 1.21145 -0.00823 2 2 182
-2.53292 0.22020 -0.00477 74 113 223
0.71625 0.64170 -0.00104 178 179 157
-2.03401 2.58876 -0.00721 231 202 255
-2.53265 1.86509 0.00098 78 219 183
-0.40207 2.14445 -0.00461 149 15 39
-0.98764 2.51778 0.00228 53 84 31
0.97727 2.50893 -0.00538 197 153 216
-1.80072 0.17056 -0.00934 174 24 149
-1.50489 2.31503 0.00200 147 87 124
-0.35779 2.90524 0.00003 211 236 203
-0.23759 1.62020 -0.00609 80 168 135
-1.86830 1.74650 0.00582 184 175 175
1.12456 2.24703 -0.00249 132 73 255
-1.24776 2.68389 0.00130 1 151 106
-0.63147 2.71030 -0.00413 167 160 145
1.11052 0.50203 -0.00629 66 163 1
-1.04278 2.05451 0.00663 109 123 101
-0.95204 0.14948 -0.00111 70 17 175
-1.31423 0.01495 0.00064 80 78 127
1.35847 1.90160 0.00693 80 201 219
-1.37361 0.02575 -0.00120 95 77 163
0.36995 2.63042 -0.00274 75 136 6
-1.81293 0.70669 0.00007 169 161 22
1.32495 2.24281 -0.00047 0 0 78
0.06877 2.66595 -0.00715 2 154 165
-0.88491 1.28166 0.00356 168 96 150
-2.06387 0.86902 0.00705 224 165 78
0.36379 2.17735 -0.00102 74 9 128
0.85224 0.16199 -0.00695 238 95 110
-1.36393 0.09429 0.00891 95 81 107
-1.62590 1.81355 0.00357 202 232 77
-0.76943 0.93653 0.00026 215 138 87
-2.52598 1.86411 0.00665 75 216 161
1.08536 1.99063 0.00411 74 84 4
-0.08489 2.62637 0.00216 100 210 194
-0.19190 2.61072 0.00132 142 206 97
-1.87051 1.17720 -0.00667 254 78 201
-0.54121 0.08393 0.00016 253 79 73
0.81263 2.01720 0.00456 171 61 100
-2.92197 0.95725 0.00644 197 126 104
-0.47498 0.11782 0.00670 242 81 126
-2.09786 0.58752 0.00078 133 183 173
-0.66228 0.98267 -0.00399 246 114 103
-0.11719 0.37867 0.00157 112 195 84
0.43594 0.30847 0.00383 176 156 174
-0.16702 1.38637 -0.00425 129 137 245
-1.01624 0.07586 0.00194 39 0 134
-0.39585 1.01947 -0.00180 146 24 173
-0.74729 1.18724 0.00705 154 3 131
-1.81373 2.52115 0.00138 174 92 115
1.20269 2.65668 0.00164 28 144 50
1.38454 1.64857 0.00115 0 172 0
-2.83093 1.25518 -0.00473 85 20 172
-1.14617 1.30834 -0.00679 88 110 88
-1.20967 1.09946 -0.00215 0 5 176
-2.76142 1.33425 0.00450 133 117 220
-0.68506 1.62668 -0.00134 241 248 78
-0.10004 2.07623 0.00038 105 118 255
-0.41416 1.84922 0.00859 153 147 104
-0.38057 2.21414 -0.00675 145 4 118
-0.34551 1.29081 -0.00191 207 106 74
-2.25284 1.17051 -0.00028 65 0 28
-0.66787 2.06861 -0.00194 170 42 131
-1.89392 1.18046 -0.00068 255 82 210
-1.32151 1.21087 0.00227 9 4 175
-1.63372 0.38345 -0.00158 204 197 95
0.62857 2.13114 -0.00010 246 101 231
0.18993 1.71640 0.00467 93 250 237
-1.29106 1.11107 0.00066 8 2 163
-0.35282 1.59008 0.00644 128 168 177
1.14966 0.76991 0.01106 120 218 249
-2.74551 2.88982 -0.00202 122 244 99
-0.82574 2.98500 0.00433 196 206 160
-1.01293 1.21045 -0.00181 120 81 79
-2.98592 2.96720 0.00225 144 136 139
0.89672 1.21432 -0.00377 152 6 124
-1.54198 2.12117 0.00317 86 21 173
-0.98272 0.55786 -0.00417 133 254 86
0.29158 1.59890 -0.00116 121 237 235
0.57189 2.74191 0.00109 233 244 241
-0.77017 2.91007 -0.00044 141 161 100
0.27833 1.01407 -0.00541 39 27 176
-1.60608 2.73426 -0.00180 186 247 190
-1.50435 0.93576 0.00351 145 141 106
0.59605 1.70847 0.00102 158 176 0
-0.26530 1.25424 -0.00269 170 95 93
-0.20687 2.65039 -0.00551 150 226 114
0.98038 0.00543 0.00292 195 78 95
0.67486 1.85909 0.00241 253 218 196
0.80364 1.97273 -0.00028 174 86 140
-0.08405 2.00869 -0.00152 104 148 242
-1.65239 2.60035 -0.00258 127 123 4
0.92062 0.97915 -0.00236 220 117 232
0.27988 2.08007 -0.00356 37 39 2
-0.60530 0.24041 0.00624 177 53 38
-1.16197 0.80214 -0.00055 1 131 35
0.75962 0.76953 0.00364 176 139 30
-2.84442 0.21371 0.00064 83 36 9
0.81082 1.58499 -0.00835 249 234 98
-2.79925 1.82200 -0.00402 67 157 103
-2.90885 1.46512 -0.00063 192 183 232
-1.44615 0.50001 -0.00204 45 164 130
1.35482 0.80341 0.00982 0 119 81
-1.91875 1.87103 -0.00157 255 217 239
0.42583 2.48311 0.00591 102 74 38
0.32972 2.73405 -0.01244 58 173 6
0.57525 0.37156 -0.00229 231 190 74
-1.02516 2.07909 0.00408 119 117 127
-2.46451 1.00605 0.00539 81 98 236
0.65051 1.33745 -0.00374 250 123 248
1.41734 1.14582 0.00426 77 77 216
-0.09941 1.09969 -0.00463 111 85 90
-0.21746 2.53436 -0.00378 78 89 0
0.24493 2.27762 0.00641 108 74 189
-1.76305 0.72407 -0.00280 168 150 62
-2.52348 2.30897 0.00051 0 2 155
1.39489 0.82732 0.00304 2 107 27
-0.80034 1.16406 -0.00166 129 2 62
0.46195 1.22730 -0.00417 189 86 95
-1.65902 0.32828 0.00114 212 163 143
-0.40675 1.98383 -0.00954 146 90 10
-1.06708 2.57079 0.00228 25 114 48
-1.52373 1.87588 -0.00519 74 135 52
-0.09687 1.61365 -0.00324 27 171 36
-2.54828 2.13868 0.00671 78 95 87
-2.56798 0.63686 -0.00619 0 180 14
-2.29320 0.76069 -0.00349 124 219 254
-0.01042 0.98891 0.00108 9 36 6
-1.83025 1.88730 -0.00757 255 212 153
0.25501 2.39124 0.00824 108 107 251
-1.84617 1.22060 0.00491 253 83 141
-0.89480 1.17961 -0.00034 166 78 87
-0.40402 2.54753 0.00379 226 185 167
0.29371 2.85587 0.00939 44 169 54
-1.28207 0.24848 -0.00067 2 45 52
-0.40395 0.68374 0.01024 222 241 86
0.49441 0.92085 0.00548 123 70 120
-0.04669 1.65250 0.00591 18 174 5
-2.32490 1.15718 0.00176 38 0 0
-0.07571 1.98811 -0.00883 95 162 240
-0.93341 1.64210 0.00456 72 174 121
-0.50707 0.60471 0.00601 174 182 65
-1.93720 0.76681 0.00990 173 141 4
-1.12808 2.49754 -0.00011 4 73 147
-2.92757 1.42032 -0.00551 198 163 253
-2.47344 2.14701 -0.00440 79 91 143
1.38590 1.95395 -0.00264 75 173 252
-1.64893 2.26772 0.00600 127 0 169
-0.04894 0.87909 0.00274 11 85 26
-1.39112 0.61969 -0.00616 103 252 248
-1.98021 0.39350 -0.00515 241 205 243
1.13206 0.21726 -0.00426 55 37 154
-1.05754 0.60174 -0.00381 33 172 0
1.17815 2.08235 -0.00253 31 32 143
-1.32403 1.71609 0.00425 87 254 158
-1.16023 2.00821 0.00170 75 150 101
-2.47891 1.18015 0.01008 75 76 128
0.67098 2.98605 -0.00814 254 208 93
0.35221 2.57077 0.00581 144 195 116
-1.47609 1.16793 -0.00704 56 0 86
-0.81889 2.18416 -0.00417 198 83 230
0.23483 2.46930 0.00709 101 135 254
-0.93318 0.87996 0.00179 73 89 164
-0.85009 0.84593 -0.00271 107 105 137
-0.64986 1.12981 -0.00294 168 0 152
1.07761 0.36488 0.00029 83 113 92
0.19307 2.99044 0.00151 10 129 79
-2.43683 0.24911 -0.00512 80 130 249
-2.22046 1.57359 -0.00135 155 230 154
-1.52881 1.70613 0.00420 160 255 87
-1.46395 2.81667 0.00277 48 177 155
-2.98702 0.04328 -0.00356 219 77 255
-0.45343 2.87130 0.00554 162 174 32
-1.57497 2.11932 0.00083 102 25 174
-2.97691 2.76479 0.00292 142 175 155
-1.45176 2.89333 0.00114 45 169 90
-0.79729 1.56981 0.00386 206 228 153
-0.30982 2.54972 -0.00195 109 100 22
-0.30714 2.94911 0.00034 190 223 247
0.21048 0.59541 -0.00305 19 180 55
1.04082 1.91801 0.00217 93 114 19
-2.13097 1.90643 0.00164 115 125 149
-2.56441 2.21517 0.00781 0 4 60
-2.12366 2.90558 -0.00167 120 161 59
-2.62118 1.30171 0.00324 90 110 152
-2.84056 0.59410 0.00570 80 180 177
0.40103 1.24169 0.00292 172 81 70
0.69718 2.34374 -0.00091 180 14 1
-0.38918 1.22599 -0.00313 222 86 104
-1.12268 1.16164 0.00244 82 76 172
0.53526 1.35120 -0.00225 221 130 232
1.45622 1.24476 -0.00241 79 91 247
0.72105 0.71967 -0.00734 179 159 90
0.34566 2.67237 -0.00195 68 157 0
-2.05832 1.81781 -0.00102 144 157 126
-0.56601 0.90401 0.00078 255 150 112
0.42430 0.83836 -0.00357 101 109 176
0.08466 0.88470 -0.00187 80 165 78
-2.91814 1.05890 -0.00015 119 9 0
0.44861 2.84095 -0.00181 182 254 222
-1.14379 0.30349 -0.00063 88 155 248
1.07474 1.69132 0.00009 156 255 231
0.48010 2.14672 0.00138 202 88 246
0.79572 1.07380 0.00435 251 81 211
-0.37861 2.84426 0.00234 219 253 126
-0.13939 1.27759 0.01126 117 98 196
0.33094 1.51786 0.00217 138 208 200
-1.63289 2.56996 0.00223 116 108 2
-2.14313 1.39640 0.00206 113 72 151
0.27259 0.31350 0.00146 39 85 175
0.98002 2.84425 -0.00722 119 177 32
-2.53367 0.42886 0.00026 75 214 209
-0.86681 2.34956 -0.00706 106 9 64
0.33745 1.01189 -0.00552 63 23 157
-1.28099 2.86150 -0.00615 4 174 2
1.29535 2.73846 -0.01473 83 247 249
-0.63718 1.22922 0.00216 170 8 179
-2.22687 0.52889 -0.00331 77 169 96
-2.29566 0.21308 0.00603 47 38 122
-2.54267 2.28012 0.00300 0 0 116
-2.17905 0.26617 -0.00112 94 61 11
0.07623 2.57013 0.00002 79 189 251
-0.28145 1.27333 -0.00914 184 100 88
-1.72390 2.71950 -0.00373 233 240 88
-2.67064 2.07898 0.00172 95 120 130
1.25608 2.32015 0.00668 19 7 76
-0.92438 0.30649 0.00353 157 159 143
0.41884 2.97677 0.00226 177 215 253
-0.52472 1.62534 -0.00187 255 250 169
0.06715 1.16711 -0.00051 1 2 177
-2.87167 1.44782 -0.00191 169 176 211
-1.04949 2.66213 0.01040 108 231 77
1.44619 0.09894 -0.00923 5 7 18
-1.32216 2.30425 0.00921 87 77 89
-1.26423 1.03368 -0.00145 0 18 149
-1.77157 0.92730 0.00082 169 58 176
-1.87058 1.46102 0.00046 175 106 13
0.31487 2.47213 -0.00303 129 141 211
0.90984 2.06553 0.00081 144 44 13
0.80638 2.71081 -0.00922 170 169 109
-1.60868 0.13152 0.00506 115 11 172
-0.61823 2.41514 -0.01035 255 118 168
1.08762 2.57493 0.00004 142 188 88
0.33145 0.86467 -0.00202 137 170 229
-1.65682 2.06637 0.00449 209 125 174
1.23041 2.02420 -0.00130 98 143 210
0.50574 0.39830 -0.00493 215 204 78
1.03885 0.68641 -0.00127 173 244 104
-1.56308 1.09327 -0.00556 101 0 0
0.69291 1.23356 0.00135 250 77 247
-2.17002 2.97454 0.00121 101 136 54
-2.49196 0.45894 -0.00238 81 224 152
0.76670 0.18528 -0.00172 181 21 4
1.15259 1.31834 -0.00405 43 33 68
-0.80947 2.02059 -0.00375 205 144 241
-0.93159 2.23555 0.00375 83 0 176
-1.68879 2.87971 0.00351 218 249 230
0.09523 2.35054 -0.00122 75 95 124
-0.98075 1.35592 -0.00602 131 133 147
-2.43360 1.55928 -0.00234 2 156 169
-0.99420 2.09816 -0.00261 129 103 169
-0.63362 0.66043 0.00248 249 248 178
-1.84515 2.30277 -0.00553 177 4 132
-2.01608 0.21415 0.00352 158 30 12
-1.65294 1.44475 -0.00979 129 94 157
-1.86247 1.86171 -0.00314 255 220 206
-1.23234 2.01205 0.00419 0 71 62
1.18321 1.17330 -0.00250 32 0 6
0.36440 0.05331 0.00020 151 77 190
1.29491 1.75979 0.01266 3 172 2
1.24369 2.08254 -0.00282 96 116 244
1.02679 1.73685 0.00631 176 247 231
1.40301 0.14796 0.00531 1 18 16
-1.94046 2.62671 -0.00513 254 213 216
0.01164 0.82118 -0.00359 84 197 107
-2.90202 1.75254 0.00252 190 254 81
-2.60557 1.40946 -0.00182 8 82 1
1.31203 0.39420 0.00560 80 192 98
1.19035 0.90503 0.00298 112 148 207
-1.20559 2.88142 -0.00238 2 175 8
-0.66082 2.90535 -0.00008 171 162 18
1.13038 0.35351 -0.00490 53 102 64
-2.75480 1.13739 -0.00819 124 75 225
-1.25968 2.09719 0.00788 0 32 24
-2.75104 0.54093 -0.00509 128 248 253
-1.47995 2.89197 0.00034 57 161 108
-1.46428 1.48118 -0.00685 127 195 180
0.05586 0.39483 -0.00474 0 125 125
0.32548 1.48585 -0.00843 132 198 171
0.36528 1.72567 -0.00333 144 252 204
1.29745 0.81023 -0.00393 6 123 125
0.28776 1.42576 -0.00484 121 170 105
1.43443 1.91083 -0.00207 77 196 254
1.03034 0.33617 -0.00076 99 99 143
1.19328 1.27489 -0.00781 31 17 69
-1.09424 1.14284 -0.00177 91 80 162
-0.82130 2.74277 -0.00521 199 247 245
1.43096 1.08884 0.00282 75 84 182
1.01894 2.27958 0.00664 173 79 234
-0.76607 1.34476 -0.00440 142 53 174
-1.68744 0.34893 -0.00820 225 181 162
-2.90072 0.04889 0.00500 189 74 238
-0.80481 2.24227 -0.00026 127 0 107
-0.01381 1.25128 0.00080 86 91 248
0.05329 2.95259 -0.00954 2 150 4
1.23378 0.35809 -0.00245 95 182 79
-1.31045 0.19120 0.00126 87 104 85
-0.04858 0.56509 -0.00636 93 255 250
-2.20200 0.70584 0.00281 165 237 252
0.48212 2.94968 0.00378 198 223 252
0.74437 0.58874 -0.00294 255 254 241
-0.08504 0.03843 0.00104 25 2 153
-2.89654 2.93842 0.00008 109 148 99
-1.17365 2.00038 0.00602 80 151 108
0.88576 2.31553 0.01754 229 82 167
1.28977 2.02498 -0.00053 81 144 246
-2.45240 1.23996 -0.00635 87 84 86
0.14529 1.07897 0.00105 10 6 168
0.86030 2.09014 0.00810 155 31 24
-1.79204 1.60388 -0.00210 168 162 166
-1.17435 0.88757 0.00969 1 85 90
-0.31908 1.15563 0.00275 193 81 105
0.24613 2.51474 -0.01094 103 155 232
0.61422 2.54783 -0.00515 163 101 53
-0.84569 2.59449 0.00391 109 129 42
0.94186 2.40837 -0.00061 210 109 252
-2.56139 0.61943 0.00639 3 179 20
-0.04775 1.66146 0.00074 14 174 0
-0.83824 2.54126 0.00138 115 102 19
-2.06789 0.80304 -0.00451 216 204 105
0.10757 0.37742 -0.00299 5 112 146
1.48457 0.98476 -0.00035 8 37 64
-0.59368 0.67948 0.00147 254 250 146
0.56650 1.96853 0.00326 230 169 188
-2.38947 1.04089 -0.00290 17 14 88
0.50188 2.01797 0.00226 207 143 190
-1.79089 0.63379 -0.00232 170 178 1
-2.42219 2.63673 -0.00880 87 223 75
-1.11902 1.20266 0.00522 91 80 136
-1.59064 1.20662 -0.00133 106 2 31
-1.69565 0.07997 -0.00146 149 0 153
-0.17672 0.86114 -0.00172 59 92 132
0.05356 2.17779 0.00236 4 7 36
-0.11993 0.77061 0.00335 39 134 156
-1.81565 2.73715 0.00301 254 250 75
1.23822 1.96778 0.00779 96 167 174
-1.14375 2.18402 -0.00096 84 80 119
0.83420 2.97820 0.00111 168 142 25
0.96700 0.59104 0.00500 122 178 19
-1.51766 1.43397 0.00019 147 168 248
0.78086 0.89441 0.00253 176 74 5
-2.01794 2.78086 -0.00192 163 181 78
-2.50796 1.95500 0.00650 78 174 100
-0.23299 1.98268 -0.01136 149 161 131
-2.48571 0.31933 0.00119 80 161 249
-2.28429 1.44646 0.00731 132 172 252
-2.68260 0.31650 0.00502 107 157 186
-2.21363 0.39699 -0.00680 89 128 7
-0.13741 0.18822 0.00424 37 22 81
0.92918 0.98448 -0.00346 215 107 243
-2.28973 2.52548 -0.00111 128 162 74
-0.96509 0.76754 -0.00240 63 143 157
-1.60699 0.86485 -0.00218 112 94 159
-1.07449 1.01527 -0.00691 98 103 240
-1.76386 0.17633 -0.00260 164 20 161
0.44668 1.97426 0.00042 185 161 116
-0.52929 0.86804 -0.00094 255 171 118
-2.94282 1.73610 0.00506 200 253 79
0.43472 1.27111 0.00053 184 102 103
-2.87907 1.10903 0.00197 96 6 45
0.14937 2.89661 0.01005 11 169 5
0.85690 1.01836 0.00491 161 21 147
-0.95709 1.73352 -0.00038 65 176 64
0.26046 2.49320 -0.00247 116 145 240
0.14417 0.61524 0.00344 81 255 158
-2.14523 0.03588 -0.00206 187 73 206
-0.51672 1.28417 -0.00197 175 25 74
0.68386 1.53375 -0.00533 177 139 48
-2.41862 0.28191 0.00516 79 148 232
-1.97676 0.73992 -0.00635 165 151 15
-0.14531 2.15913 0.00210 127 87 249
0.62398 2.09449 0.01181 247 105 247
-0.77491 0.29182 -0.00131 144 71 0
0.98172 0.30546 -0.00219 118 82 177
1.48429 2.86849 -0.00635 90 253 87
-0.98248 0.11814 0.00040 44 11 171
-1.14878 2.68042 0.00517 82 227 110
-1.93978 0.46470 -0.00382 249 233 244
-1.52780 0.79433 0.00258 159 204 232
-0.05926 1.65332 0.00558 22 177 1
1.45868 0.36710 0.00372 79 187 182
-1.46553 2.10337 -0.00220 53 27 161
-1.19321 1.48300 -0.00753 6 119 18
-0.32372 2.70326 0.00635 195 243 84
0.58122 0.59912 0.00467 237 255 227
-0.78631 0.68081 0.00857 215 244 253
-2.86460 2.29822 -0.00434 179 79 104
-2.26238 0.79619 -0.00029 137 204 240
-2.39880 2.67060 -0.00842 92 228 86
-1.82981 2.06384 -0.00299 254 124 77
-1.62244 1.12471 -0.00286 197 79 81
-2.87400 0.93611 0.00469 177 132 94
1.40430 2.71305 0.00137 77 243 245
1.25198 0.36215 0.00534 91 184 77
0.39383 0.39054 -0.00971 87 121 67
-1.73485 0.22837 0.00337 238 115 248
-1.10962 2.20098 -0.00165 10 7 82
-1.38233 2.57813 -0.00014 100 198 246
1.11138 1.11296 0.00053 62 0 34
-1.85519 1.42783 0.00349 178 92 14
-1.51271 2.63254 0.01005 72 145 107
0.31029 0.37413 0.00067 49 111 143
-0.63189 2.52635 -0.00121 250 168 234
-1.69401 2.33250 -0.00115 146 11 161
0.40723 1.57753 -0.00109 96 157 178
-0.36368 2.31396 0.00364 138 6 176
-0.91146 1.69148 -0.00567 80 177 63
-1.20520 2.63143 0.00117 1 135 103
-1.38411 0.56635 -0.00248 23 180 181
-2.26587 2.08935 -0.00041 63 35 165
-2.42708 2.97793 0.00121 86 205 255
-2.04497 2.28311 -0.00121 232 75 72
0.13594 0.48196 -0.00552 5 154 170
-2.06237 0.39361 0.00175 144 126 110
-0.10887 2.89106 0.01042 109 240 218
0.51199 0.58203 -0.00656 213 255 160
-0.06947 2.57193 -0.00570 20 109 79
-0.09448 2.37630 -0.00174 29 25 8
-0.15033 0.24652 -0.00590 126 128 129
1.04100 1.37874 -0.00280 93 66 21
-0.95845 0.49403 -0.01042 134 234 78
-2.22186 1.78906 -0.00198 161 245 80
0.00484 0.75005 0.00236 80 222 165
-1.25619 1.41576 0.00116 74 168 91
1.09942 1.52518 -0.00028 145 214 251
-1.58848 2.06499 0.00656 106 43 146
-0.93783 2.31309 -0.00516 71 4 146
0.10917 0.08232 -0.00670 78 77 83
0.21289 1.54357 0.00392 92 224 133
-1.44755 1.99435 -0.00183 45 72 173
-1.65606 1.08680 0.00622 208 79 97
-0.94756 0.77556 0.00173 67 140 171
-0.87890 2.59353 0.00646 94 125 25
-2.49906 2.04760 -0.00090 72 127 75
-0.74298 0.22441 -0.00637 145 37 9
-2.35957 0.61371 0.00681 102 255 126
-2.51032 2.85360 0.00073 76 250 123
0.93397 2.14208 0.00273 137 18 6
1.16511 2.39778 0.00127 112 109 155
-1.30150 1.77682 -0.01282 84 252 215
-2.74579 0.97990 -0.00221 51 36 38
-0.25735 2.43111 -0.00399 94 42 71
-1.15905 0.40688 -0.00599 86 205 227
-0.83676 1.81830 0.00774 192 234 87
-1.10990 2.74898 0.00746 85 250 77
0.48436 2.92053 0.00486 201 236 250
-1.77912 2.59794 0.00686 242 203 106
-2.55605 1.61752 -0.00145 0 169 141
-2.95881 0.92096 -0.00878 208 139 155
-1.60800 1.78355 0.00176 182 241 82
-2.57837 1.79048 0.00847 3 164 174
-1.74380 1.36757 -0.00464 238 136 116
0.03756 1.82657 -0.00096 0 162 125
-1.31634 0.27906 -0.00569 5 65 61
0.88431 2.11309 0.00165 149 21 0
0.84100 2.73901 -0.00422 166 172 66
-2.80283 1.64220 -0.01023 149 249 77
-0.74008 2.91268 0.00043 151 159 69
-2.09763 0.14980 -0.00033 204 93 94
1.26494 0.23559 -0.01395 94 125 130
-2.54523 1.73830 -0.00663 5 178 180
-0.25922 2.19600 -0.00381 168 79 253
-0.36288 1.70302 0.00280 140 175 162
-0.18179 1.90182 -0.00326 135 200 102
-0.72254 1.10165 0.00881 158 5 79
-0.88327 0.91843 0.00684 96 67 114
-0.51254 1.36020 -0.00242 177 58 18
0.17561 2.20784 -0.00316 87 80 90
0.10619 2.94983 -0.00462 0 142 8
0.76455 2.09781 -0.00114 248 114 148
0.74066 0.42584 -0.00584 252 215 218
-2.57290 0.11997 0.00940 4 9 37
-1.19694 0.16596 -0.00120 76 92 131
-0.00083 2.62773 0.00654 83 215 247
-0.61916 0.45695 -0.01060 174 155 175
-1.37207 2.69558 0.01464 23 164 165
-2.56176 0.01627 -0.00108 0 6 2
-1.05256 2.74687 0.00872 104 253 91
-0.59860 0.70839 -0.00316 255 231 122
-2.90388 2.34396 0.00836 192 85 112
1.02809 1.73792 0.00055 176 251 224
1.43238 1.56419 -0.00464 2 149 7
-0.41729 2.47153 -0.00641 232 147 229
0.15265 0.73915 -0.00632 77 230 83
-1.59306 0.59140 0.00214 112 183 78
1.17306 1.40902 0.00806 117 159 214
-1.33282 2.21650 -0.00267 85 77 84
-0.71887 2.33777 0.00183 235 83 77
0.33044 1.09054 -0.00027 63 6 101
-2.65606 0.31373 0.00122 95 160 216
0.98616 0.78426 0.00382 190 209 149
-1.70723 1.84825 0.00128 224 224 106
0.20257 1.01312 -0.00254 18 31 169
0.90996 0.57766 0.00145 147 167 73
-1.66171 2.31975 -0.00338 137 9 159
0.26977 0.61676 -0.00021 111 255 82
-2.79854 1.61794 0.00311 141 251 75
-0.77125 1.98836 0.00130 143 84 165
-1.21409 1.28491 0.00498 0 22 75
-1.87884 1.00086 -0.00292 255 102 244
-2.12379 2.04293 0.00503 125 54 172
0.36725 2.71760 0.00009 73 168 14
-1.64474 2.55467 -0.00264 130 101 0
-2.54354 0.81429 0.00007 2 117 68
-0.24743 0.12370 0.00044 91 6 178
-1.56175 2.43875 -0.00035 169 120 89
-2.48000 1.08593 0.00526 77 81 204
-0.50534 0.58036 -0.01456 167 179 66
-2.81245 0.28177 0.00416 73 71 7
1.23299 0.00590 0.00121 20 5 169
1.22519 2.40400 -0.00380 20 31 27
-2.14330 1.31514 -0.00421 118 37 176
1.10900 0.05390 0.00438 136 73 222
-1.69290 1.55919 -0.00124 144 151 177
0.42424 0.04973 -0.00647 96 0 136
1.10993 2.23282 0.00631 137 73 252
-1.19289 2.70299 -0.00167 4 164 51
-0.45246 2.42809 -0.00011 241 118 255
-2.31940 0.00132 -0.00738 117 80 232
-0.88401 0.64236 0.00636 94 177 136
-0.77968 0.26378 0.00640 136 63 4
0.81984 0.04233 -0.00573 246 82 89
-1.73931 2.67581 -0.00161 240 232 78
-2.16774 2.56857 -0.00199 181 184 157
-0.41429 2.63722 0.00274 156 145 37
-0.55908 2.50441 0.00356 255 155 249
-1.84909 2.86042 -0.00552 246 252 104
-0.48787 0.19684 0.00315 172 29 103
-1.83438 1.72376 0.00490 174 174 177
-1.02840 0.42844 0.00355 111 214 130
-1.98462 0.30438 0.00232 246 155 178
0.10250 1.36178 -0.00371 3 57 70
-1.99876 2.08993 0.00702 159 34 58
-1.06700 0.32580 0.00145 100 161 231
-1.07248 0.23842 -0.00158 101 126 255
-0.61696 1.26635 0.00462 177 15 160
0.71918 2.30735 -0.00655 175 0 0
-2.08362 1.02687 0.00019 137 23 54
-0.92126 2.39221 0.00015 78 27 69
0.63043 1.57344 0.00160 169 160 41
-0.68820 0.57481 0.00274 164 174 174
-1.69648 0.27673 0.00388 221 135 217
-2.60680 0.55753 0.00057 82 249 162
-0.97447 0.07614 -0.00064 56 0 149
-2.44770 1.15710 -0.00429 81 74 126
0.78517 1.91694 0.00379 255 195 254
-0.75812 2.88010 -0.00243 144 168 104
0.85921 0.58341 0.00793 156 174 85
-0.27931 1.57863 0.00083 102 157 174
-0.88086 0.20508 0.00031 93 30 118
0.06174 0.15967 -0.00134 73 89 76
-1.80155 2.33602 -0.01035 175 9 170
1.00741 1.64222 0.00098 182 246 252
-1.30796 0.13431 0.00716 83 87 70
-0.39284 0.79964 0.00446 142 124 102
-2.42353 0.67647 -0.00314 9 179 45
1.16484 0.24068 0.00639 41 53 124
0.51344 2.22140 0.00545 132 4 168
0.71763 1.55598 0.00032 178 148 12
-2.86538 2.14126 0.00506 92 21 147
1.38448 1.89981 -0.00336 77 206 229
0.12099 1.49061 0.00216 78 198 80
0.53536 2.92374 -0.00347 213 236 232
1.20253 1.47277 -0.00736 29 111 180
-0.70756 0.16524 -0.00242 236 96 94
-0.60036 1.84175 -0.00410 180 146 174
0.86087 1.01382 -0.00250 160 24 151
-2.47067 2.37383 0.00245 5 23 176
1.47718 2.47403 -0.00298 13 57 121
-2.80004 1.14427 0.00358 145 74 203
1.36772 0.29395 0.00167 76 155 83
-0.29090 1.43796 -0.00396 104 93 126
-2.93676 2.02563 -0.00490 128 68 150
1.08899 1.49146 -0.00258 147 202 230
-1.26445 0.98556 0.00511 74 110 187
-1.87662 1.78282 0.00020 179 158 168
-2.10485 0.90573 -0.01109 207 155 74
-0.72025 0.01505 0.00140 231 78 209
-1.45324 0.46808 0.00026 49 160 97
0.00041 2.23550 -0.00215 81 81 105
1.29080 1.87704 0.00097 83 206 153
-2.68899 0.04691 0.00773 23 0 15
1.12567 1.98520 -0.00195 54 86 23
0.41918 1.10214 0.00243 173 78 114
-0.72638 0.29510 0.00085 160 72 6
-0.17104 2.56774 -0.00004 59 113 19
0.00885 0.64616 -0.00724 82 251 238
-2.54202 2.87392 -0.00151 76 246 119
-2.37347 2.75931 -0.00033 25 176 81
-0.23273 0.39122 -0.00436 155 195 92
1.20311 1.07648 -0.00351 31 7 7
-2.44717 2.88634 0.00422 83 243 194
-0.00669 0.97717 -0.00809 78 115 82
-2.87817 1.62317 -0.00264 173 244 100
1.43920 1.03262 -0.00259 79 94 135
-2.46981 0.80391 0.01148 2 124 115
-1.19690 2.21728 -0.00179 0 0 31
-0.28474 1.09230 -0.00447 177 81 118
0.94748 0.27387 0.00433 130 62 169
-2.40281 2.57414 -0.00270 92 191 89
-0.75954 1.92851 0.00282 141 111 132
-1.31320 0.07928 -0.00018 82 73 81
-1.85402 0.73513 0.00805 179 149 19
-1.22217 0.75166 -0.00139 77 229 81
-0.67336 1.90113 -0.00282 170 127 172
-2.32675 2.99719 -0.00001 37 128 156
-2.61252 2.05123 0.00139 84 125 96
-1.15804 0.27377 0.00183 80 138 240
-0.19633 1.70918 0.00488 64 179 40
1.19300 0.13143 0.00373 107 88 250
-2.89784 2.28291 -0.00289 190 77 145
1.26003 2.70053 -0.00017 89 243 212
-0.96103 1.42403 -0.00702 62 94 131
-1.70521 1.20299 0.00417 230 82 83
0.92588 2.63072 0.00868 141 139 97
-2.22462 1.04621 -0.00420 71 13 1
0.82166 0.29472 0.00309 165 66 100
-0.91554 0.20399 0.00323 162 112 207
0.92327 1.80529 0.00576 140 167 172
0.20242 0.14361 -0.00776 89 88 125
-1.89947 0.86101 0.00105 180 91 63
0.16342 1.92052 -0.00131 5 114 141
-2.10581 2.20154 -0.01039 132 5 61
0.28900 2.01277 -0.00802 44 70 0
-1.42200 2.15193 0.00287 33 10 86
0.22351 0.85635 0.00325 97 174 156
-2.51367 2.21555 0.00081 0 0 99
-0.25699 0.96806 0.00591 92 45 130
0.38877 1.18703 -0.00515 78 0 12
0.02496 0.61345 -0.00033 79 247 240
0.02222 0.30815 -0.00212 3 80 35
-0.54737 0.85523 0.00432 253 173 90
0.30317 1.28613 -0.00028 49 27 9
-0.30792 0.71063 -0.01144 117 164 89
-0.35803 2.24167 0.00036 136 0 141
-0.00453 2.60895 0.00043 83 204 239
-0.40915 2.70956 0.00122 148 164 2
0.91928 0.80781 0.00264 221 202 106
-1.68992 0.93655 -0.00546 147 57 160
0.19840 0.66894 -0.00125 89 248 91
0.94369 2.19086 -0.00828 130 9 33
-1.56488 2.18094 -0.00347 91 7 166
0.40006 0.25303 -0.00167 92 53 157
-1.59125 2.83932 0.00879 105 177 180
0.65978 0.89220 -0.00338 170 82 28
-1.25321 0.62577 -0.00547 80 255 149
1.25109 1.00350 -0.00155 91 109 96
-1.71670 1.60693 -0.00480 153 168 175
0.58321 2.93370 -0.00787 234 229 186
-2.37378 0.81815 0.00107 96 193 251
-0.65652 0.86844 0.00453 248 173 74
-1.19471 0.04528 0.00105 4 0 0
0.79095 0.54400 -0.00568 253 253 245
-2.53314 0.91583 -0.00535 0 67 150
-2.04926 1.56103 0.00190 226 226 75
-0.44125 1.25891 0.00415 161 13 49
-0.07304 0.39810 -0.00026 99 205 113
1.09142 0.84613 -0.00717 148 179 243
-2.87323 1.63361 -0.00331 169 248 87
0.81382 2.32017 -0.00175 245 88 127
-2.22000 0.36263 0.00342 83 108 2
1.44967 1.33605 -0.00140 83 118 212
1.03256 2.25027 -0.00607 173 76 219
0.54833 2.58767 -0.00269 145 115 28
-2.03004 2.06074 -0.00609 154 42 108
-1.43656 0.96749 -0.00464 116 119 79
-2.69064 2.21538 0.00286 33 2 2
-1.37016 0.05892 -0.00228 97 78 136
1.15991 0.86240 0.00597 118 170 245
1.38649 1.13728 0.00231 77 77 181
-2.94184 -0.00309 0.00096 202 77 247
-0.09997 2.45879 -0.00081 27 59 3
0.78302 0.85638 -0.00028 175 97 0
0.59744 2.67668 0.00114 237 234 220
0.62406 0.79894 0.00410 168 128 113
-2.47959 0.15097 0.01232 3 13 144
-0.78147 1.67811 0.00621 214 255 80
-1.76229 2.63346 -0.00466 246 219 87
-0.73225 1.07271 -0.00038 156 7 41
0.95577 2.24460 0.00462 203 78 165
-1.27694 2.41285 -0.00443 78 112 193
-0.84965 1.44095 -0.00208 111 96 180
0.02021 1.52364 -0.00107 82 211 98
0.90625 2.24484 0.00047 220 73 129
0.66329 2.60867 0.00177 249 202 216
0.31799 0.50531 -0.00436 49 164 42
-0.43524 2.72349 0.00627 162 173 6
-1.06942 1.76744 0.00097 30 170 123
1.15551 0.98943 0.00216 47 33 87
-0.04658 0.20942 -0.00370 87 109 90
-1.98370 2.96857 -0.00298 243 225 89
0.22236 1.62725 0.00869 105 249 211
0.63594 0.49398 -0.00169 249 242 194
-1.29108 0.13368 -0.00483 79 86 80
0.16712 1.13579 0.00093 9 1 175
-0.86353 1.30952 0.00191 177 117 200
-1.78767 2.21288 0.00045 171 3 114
0.43055 2.18142 -0.00001 180 80 243
-1.08515 1.00496 0.00242 97 104 246
-0.00965 0.43260 0.00291 83 221 192
-1.10471 2.11620 -0.00200 92 103 99
0.06345 2.91761 0.00575 4 157 7
-1.53993 2.51690 0.00207 159 165 91
1.42645 1.28457 -0.00123 76 97 250
-1.22132 0.72365 0.01027 78 233 78
-2.27578 1.66773 0.00108 134 255 124
-1.22222 0.25385 0.00705 1 52 111
-0.64637 0.54059 0.00135 170 177 176
0.64828 2.20970 -0.00474 175 3 94
-2.76255 0.57373 -0.00592 129 252 254
-2.17995 1.96974 0.00328 98 88 161
-0.63768 2.82343 -0.00046 169 182 67
-2.18428 0.33623 -0.00112 96 97 5
0.67777 1.15311 0.00096 251 74 183
-0.74483 2.00239 -0.00821 148 73 182
-1.71952 0.41065 -0.00398 229 212 132
0.61317 0.04599 -0.00966 169 1 151
-2.06648 1.72896 0.00734 219 254 133
-0.36018 2.98970 0.00684 219 208 241
-2.17744 2.65636 0.00019 97 154 154
-2.38804 1.08612 0.00285 19 7 50
-0.40157 2.12018 0.01046 225 103 103
-1.46719 0.47281 -0.00449 58 159 88
1.33373 2.00047 0.00386 78 151 250
-2.91906 0.23108 -0.00738 117 53 38
-2.56943 1.16151 0.00292 74 73 208
-1.74919 1.79048 -0.00045 163 164 92
0.53684 1.53516 -0.00408 138 145 152
0.87371 0.59524 -0.00111 158 175 81
0.82343 0.41072 -0.00222 164 131 169
-0.93432 1.54232 -0.00465 72 146 172
-2.32391 2.05557 0.01138 34 49 113
-2.50860 0.13476 0.00531 0 7 105
-2.29907 1.82073 0.00627 43 164 0
0.99130 1.18477 0.00009 117 2 78
-1.50270 2.05547 -0.00531 64 48 174
-0.84960 2.93370 0.00229 185 231 208
-2.83604 0.29194 -0.00312 80 68 2
1.10067 0.91953 0.00523 147 144 247
1.05793 1.80679 0.00473 84 162 66
-1.32055 0.42850 0.00952 5 134 163
-0.60685 0.13097 -0.00722 252 87 77
-1.51031 1.73377 -0.00447 151 250 73
-1.59188 0.77075 -0.00388 186 220 255
-2.27746 0.09577 0.00057 135 82 250
-0.51664 2.02125 0.00933 172 69 49
-0.95924 2.66679 0.00106 141 228 103
-2.40198 0.08316 -0.00838 94 75 226
0.98661 1.57041 0.00225 195 234 212
-2.22601 2.38437 -0.00060 154 102 95
-1.08387 1.63001 -0.00502 17 173 171
-1.88271 2.50822 -0.00160 177 80 166
-2.84648 0.68729 -0.00050 170 246 247
-1.79751 0.63512 0.00867 172 175 0
0.00318 1.32964 -0.00749 81 119 238
-1.91186 1.25743 -0.00320 253 90 169
-0.51582 0.16262 0.00909 253 96 127
-0.39569 0.03821 0.00088 145 0 49
-2.44120 0.88699 -0.00303 6 84 171
-1.06417 1.00528 -0.00149 104 107 244
0.98536 2.30957 -0.00119 189 80 238
-2.65181 0.69305 -0.00565 12 162 22
1.27390 0.79076 0.00094 10 126 150
-2.80294 2.79143 0.00937 72 180 134
-1.43204 1.30345 -0.00706 47 32 177
-2.61433 2.23812 0.00365 6 0 28
-0.99925 1.24619 -0.00499 129 91 77
-0.91741 0.68352 0.00406 83 173 141
-0.29122 2.03905 0.00718 191 136 117
-0.39011 2.52784 -0.00710 146 87 102
-1.78538 2.08506 -0.00046 248 107 94
0.34425 0.18688 -0.00122 144 97 242
-1.71719 0.15719 0.00535 155 16 173
-0.88459 2.12168 0.00250 175 99 249
0.59234 1.18048 0.00095 237 77 148
1.08923 2.60605 0.00158 69 134 2
-0.68988 2.15370 0.00067 163 13 87
-1.44016 1.63419 0.00557 119 251 80
1.30859 1.84749 -0.00224 82 218 122
0.30116 2.75622 -0.00132 52 175 6
-1.67806 1.81627 -0.00468 209 233 94
0.74525 2.49869 -0.00161 178 76 127
0.32234 1.31522 -0.01478 51 37 0
1.27243 0.32739 0.00647 90 169 78
0.24139 0.35585 -0.00057 27 105 176
1.26472 2.38937 0.00463 11 32 18
-0.02103 2.87042 -0.00176 84 247 155
-1.58938 2.64383 -0.00052 104 146 55
0.49742 2.20931 -0.00420 129 0 174
0.20203 0.81218 0.01415 96 203 97
0.76673 2.93433 -0.00130 253 230 83
0.66079 0.12305 0.00429 175 2 54
-2.19114 0.25855 0.00066 92 59 11
-2.21491 1.87181 -0.00721 80 134 59
-2.16459 0.24975 -0.00207 111 55 5
-1.81309 2.94796 -0.00420 250 226 189
0.89430 1.49347 0.00237 232 198 93
-1.07311 0.31152 -0.00072 96 150 245
1.18105 2.32371 -0.00225 110 89 198
-2.14473 0.81839 -0.00346 191 199 138
-0.44345 1.72004 0.00062 235 253 255
-1.80607 2.81554 -0.00020 249 255 96
-2.70150 0.32966 0.00791 108 166 174
0.81712 1.59851 0.00385 245 243 107
-0.00713 2.95293 -0.00118 83 218 96
-0.35335 1.75886 0.00191 131 174 118
-2.84995 0.70974 -0.01298 166 233 224
-1.49376 1.11341 -0.00967 61 0 29
-2.44764 1.26359 0.00061 80 89 77
-1.68863 0.32296 -0.00134 223 162 181
0.91781 2.45952 -0.00084 214 130 255
-1.47480 2.47148 0.01076 139 141 92
-0.73529 1.94463 -0.01275 149 99 167
-2.35555 2.51486 0.00104 103 159 93
0.87416 1.78912 0.00213 230 242 255
-1.23351 0.65992 -0.00041 74 250 105
-0.20708 1.96320 0.00475 151 168 132
-0.89073 2.38436 0.00772 91 19 62
-2.84419 1.04346 -0.00358 90 15 16
-2.32945 2.55816 0.00045 108 184 74
-2.75585 1.81386 -0.00286 130 237 210
1.01923 1.38263 0.00160 103 66 13
-2.69106 2.08669 0.00274 102 107 123
-2.87211 0.97627 -0.00082 171 118 79
-1.03758 2.50675 0.00385 37 81 71
-0.73281 0.05636 0.00293 226 76 194
-0.74452 2.82813 0.00341 153 174 141
-1.82556 1.25227 0.00289 254 92 107
-2.98340 2.23928 0.01035 217 75 231
-1.92567 2.03156 -0.00194 253 141 127
-2.03652 1.87899 0.00474 150 133 172
-1.97508 1.96161 -0.00030 241 176 221
-0.37721 2.24611 -0.00692 135 0 146
-0.34901 2.81679 0.00902 213 252 139
-0.43312 0.48929 -0.00110 158 165 64
-1.51525 1.13650 -0.00459 71 0 37
-2.90706 2.33164 -0.00297 189 90 107
0.10737 1.81736 -0.00702 0 159 166
-1.24812 2.60498 -0.01016 0 125 154
0.63540 1.73349 0.00237 166 175 2
-2.96310 0.05154 0.00229 203 80 251
1.44357 1.43501 0.00098 1 92 63
-2.40738 0.42253 0.00220 85 214 124
0.90697 1.19100 0.00356 144 4 123
-2.84148 2.82801 0.00450 82 176 137
0.48721 0.74488 0.00200 132 148 170
-2.46517 1.79649 -0.00144 3 169 100
1.41486 2.54249 0.00674 5 102 130
-1.40237 2.45282 -0.00063 102 125 122
-1.18435 2.08003 -0.00353 75 117 81
-1.30326 0.55619 0.00283 6 172 157
0.81720 2.78151 0.00400 169 181 55
-2.19408 1.35477 -0.00525 98 53 178
-1.09704 0.72429 -0.00318 15 157 36
-2.41434 1.75686 0.00052 95 246 158
1.32625 1.79575 -0.00900 3 168 26
0.19730 2.60161 -0.00036 16 130 123
0.09522 1.34661 0.00020 0 49 101
-0.53748 1.48088 0.00664 252 192 79
-0.83623 1.19049 0.00021 195 78 134
-2.20089 1.00216 -0.00239 169 108 79
1.40882 1.19740 -0.00119 77 78 234
-2.08061 0.04745 -0.00305 213 74 150
-0.05226 0.61925 -0.00109 18 174 179
-0.29508 2.19378 -0.00251 109 0 155
-1.93736 0.95126 -0.00141 176 55 94
-2.89237 0.55794 0.00139 104 176 148
-2.85714 2.92342 -0.00010 89 148 68
0.01428 1.91416 -0.00344 5 126 171
-0.01214 0.37343 -0.00737 86 186 130
-1.23595 1.22478 -0.00417 0 9 131
-1.55600 0.83569 -0.00039 161 188 216
0.70598 2.27762 0.00060 176 4 3
-2.67103 1.52322 -0.00362 19 135 1
-2.32974 1.11630 -0.00303 39 2 7
-1.59622 1.84230 -0.00157 105 147 0
0.14298 2.05813 0.00366 3 51 54
-0.75408 2.51533 0.00770 222 157 127
-2.60960 2.93908 0.00119 79 227 118
-1.86269 0.04389 0.00286 180 2 14
-1.11586 2.83214 -0.00236 87 255 109
-2.14747 1.18166 -0.00248 117 4 122
-2.72078 0.51383 0.00183 116 245 255
0.17392 0.23584 0.00117 10 45 97
-2.19818 0.58174 -0.00316 85 179 151
-0.34008 2.57995 0.00030 125 121 22
-2.52346 2.91045 0.00522 77 236 154
0.81895 0.12499 -0.00031 245 82 82
-0.12588 2.75126 -0.00195 118 250 242
-2.92229 1.98351 0.00635 123 80 138
-2.10446 2.60861 -0.00925 125 131 155
-1.21997 0.44413 0.00768 0 135 176
-2.02306 0.47891 -0.00347 158 160 175
-0.61922 2.89430 0.00165 173 169 14
1.43977 2.28083 0.00083 4 0 0
-0.87353 2.07752 -0.00265 179 118 233
-0.14334 2.44748 -0.00292 42 51 0
-2.48846 0.13437 0.00142 2 7 130
-0.67409 2.07767 -0.00635 168 38 121
0.98402 0.45088 -0.00592 122 151 98
0.58274 2.15161 -0.00456 235 89 244
-1.71262 1.20404 -0.00201 225 82 78
-1.00276 0.81483 0.00610 43 117 160
-1.39798 2.23595 0.00144 102 79 94
-1.05271 2.70658 -0.00592 106 236 84
-1.19822 0.04068 0.00085 78 73 73
-0.70754 1.81996 0.00796 159 161 98
-2.03397 2.00515 0.00218 153 76 146
-0.53278 2.53210 -0.00441 252 170 250
0.77927 2.81323 -0.00248 254 253 130
-1.58924 0.96754 0.00344 183 113 138
-1.06640 0.03403 -0.00046 19 0 69
-2.41057 2.26104 0.00272 17 0 174
-1.87724 2.11023 0.00186 255 104 74
0.67059 2.07554 -0.00028 251 120 241
0.87397 2.84307 -0.00065 160 177 8
-1.88904 0.96245 -0.00455 177 45 144
-1.22916 0.77728 -0.00033 73 213 77
0.53795 0.33496 0.00804 222 175 85
-1.59088 2.16865 -0.00213 100 6 179
-0.13025 1.66024 -0.00526 45 174 35
0.89699 1.80109 -0.01118 227 239 251
-0.06808 1.61681 0.00437 17 173 20
-0.29930 2.33365 0.00221 110 10 170
-0.01804 1.48558 -0.00376 9 118 70
-0.95474 1.64113 -0.00193 66 173 131
-0.81353 1.19569 -0.00071 203 78 154
0.79146 0.83983 -0.00254 171 108 1
-1.25337 1.71930 -0.00035 80 250 212
-1.35497 1.56460 0.00000 91 224 79
-2.86341 2.32125 -0.00182 168 84 86
0.88659 2.33484 0.00008 229 89 186
0.53008 1.44956 0.00270 138 104 175
-1.65804 0.59600 -0.00309 135 180 46
-1.77232 1.84798 0.00341 243 226 142
-0.77104 1.97040 -0.00236 143 98 153
0.50716 1.97265 0.00234 207 166 154
0.95458 0.16028 0.00213 210 91 170
-0.63456 2.46119 -0.00577 251 130 181
0.36881 2.70648 0.00012 81 166 13
-2.14317 1.15379 0.00257 117 0 91
-1.68925 2.89219 -0.00203 225 239 233
-0.15772 2.63687 -0.00295 131 215 145
-1.14085 2.57496 0.00331 9 122 96
-0.55525 1.51840 0.00199 255 204 77
-0.14390 0.76042 -0.00305 44 149 173
0.02004 2.54305 -0.00459 74 179 222
-0.02888 2.10831 -0.00411 83 106 220
-1.09008 1.14505 -0.00067 96 77 149
-2.23958 2.14019 0.00128 74 17 173
0.41361 0.02925 -0.00176 90 0 125
-2.56948 1.08847 -0.00412 79 84 244
0.06461 2.01906 -0.00605 0 71 143
-1.14884 1.39031 0.01217 82 147 78
-2.14087 1.39135 0.00268 115 68 166
0.44287 1.42854 -0.00218 104 91 142
1.11917 1.91655 0.00521 63 118 1
-2.19052 1.15546 -0.00294 89 0 63
0.41448 1.95887 0.00212 167 173 87
-1.84628 1.46468 -0.00199 176 113 32
1.45003 2.27186 -0.00286 7 0 1
1.42388 0.12201 -0.00419 3 7 18
-1.42820 0.62951 -0.00233 123 249 253
0.19287 2.43900 -0.00163 88 120 245
-2.54567 1.57247 0.00466 0 152 109
-1.81796 1.94309 -0.00486 253 183 113
-1.47783 2.58830 0.00017 130 198 184
-0.22023 2.15536 -0.00065 153 90 247
0.79026 0.82854 0.01108 178 110 0
0.43512 0.94328 0.00715 101 51 141
1.09339 1.93981 -0.00546 64 107 0
1.41528 2.46578 -0.00600 6 62 82
-0.42703 0.14135 -0.00187 233 89 181
-1.34296 0.70857 -0.00798 85 234 135
-2.11940 2.68874 -0.00084 120 157 172
0.46880 1.52755 -0.00398 116 137 177
0.47055 0.46714 -0.00489 198 233 76
-1.60194 0.99478 -0.00333 113 30 61
-2.92342 1.76521 -0.00052 194 246 80
-1.65022 0.98318 0.01241 134 35 96
-0.55315 0.36741 0.00292 178 110 158
-0.94927 0.45063 0.01256 149 225 78
-1.31168 1.93135 0.00696 10 114 173
1.22500 0.29706 0.00057 94 146 118
-2.94825 0.97663 0.00007 207 111 109
-2.26342 2.59100 0.00244 140 196 108
-1.10264 1.46092 -0.00608 18 103 55
-1.70854 0.99382 -0.00294 155 30 137
-1.56720 0.09210 0.00037 173 79 246
-1.60172 2.72068 -0.00260 186 248 183
-2.03953 0.29203 -0.00376 147 72 46
1.28467 0.42884 -0.00836 83 215 100
-0.74822 1.48797 -0.00268 227 197 180
1.35570 0.20290 -0.00151 83 108 94
-2.63328 1.96366 0.00020 88 170 182
-1.31863 0.95279 0.00485 84 133 108
-2.30651 1.79243 -0.00022 122 243 81
-0.63202 2.00295 -0.00631 172 78 155
-1.06880 2.79456 -0.01062 102 251 113
-1.58951 2.77766 0.00529 106 175 152
0.78171 1.49941 -0.00775 173 122 7
-2.68618 1.75775 -0.00202 25 175 147
0.36196 1.81320 -0.00448 70 163 69
0.54902 0.74288 0.00174 145 151 176
0.15186 1.39730 -0.00137 10 75 15
-1.04649 2.39001 0.00764 28 27 164
-0.78424 1.28864 -0.00527 134 27 158
0.93812 2.75057 0.00712 143 174 4
-1.30466 1.88490 -0.00423 7 134 182
1.33581 1.33899 0.00276 80 127 255
0.83730 0.71134 0.00311 243 239 98
0.99868 1.43758 -0.00009 191 171 110
-2.02720 2.77829 -0.00716 157 179 81
0.75164 1.02142 0.00836 254 99 142
1.42837 2.07080 0.00415 82 121 204
-0.65160 2.90740 -0.00708 168 163 13
0.72136 1.90391 0.00357 255 198 250
-2.84797 1.63522 -0.00247 162 249 86
-2.51732 2.38496 -0.00109 0 24 178
-1.48743 1.62205 -0.00225 140 243 102
-2.69923 1.66448 0.00856 26 179 70
-2.54033 0.05965 -0.00916 0 0 26
-2.54486 2.13524 0.00273 75 95 93
-2.50481 2.52162 0.00415 0 86 116
-1.05817 2.78130 0.00708 103 252 101
-2.79037 2.91674 -0.00445 141 237 108
-2.77480 0.43263 -0.00119 132 216 212
0.02724 2.10860 -0.00190 1 32 102
0.70911 1.37733 0.00058 252 141 208
-1.77513 0.52271 0.00815 244 249 97
-2.21597 2.80515 0.00589 85 176 172
-1.89001 0.67270 -0.00725 177 167 1
0.58846 0.60242 0.00583 157 179 146
-2.15837 2.21086 0.00636 185 71 157
1.45819 0.27122 0.00724 87 140 119
0.33355 0.64586 -0.00298 141 245 96
-1.12398 2.94515 -0.00551 85 225 190
-1.46267 2.96817 -0.00383 50 140 49
0.15887 1.31068 -0.00404 7 40 79
1.47531 1.57488 0.00135 11 159 0
-0.91612 0.75839 0.00553 78 142 179
-0.65033 1.60446 -0.00045 246 236 84
-1.56522 0.63962 -0.01242 170 248 225
-2.81262 2.52066 0.00553 152 171 177
-0.64791 -0.00523 0.00555 250 76 163
-1.49114 1.97263 0.00202 67 89 146
-1.26390 0.18259 -0.00215 78 98 105
0.71834 0.05203 0.00116 178 1 78
0.77301 2.29271 -0.00162 178 0 9
-1.70400 1.48993 -0.01070 150 122 145
-2.83368 1.09727 0.00046 83 3 55
0.17050 0.17238 0.00778 86 90 118
-0.18332 2.42679 0.00237 62 40 31
0.64061 0.43262 0.00075 249 218 144
-2.67415 2.83148 0.00050 99 253 84
0.46303 1.55366 0.00713 116 145 173
-0.29783 1.60512 0.00254 110 165 174
-2.82901 0.09339 -0.00614 160 81 165
-2.41463 2.53073 -0.00454 13 89 48
0.51155 2.69590 -0.00024 210 245 181
-0.40954 0.31741 -0.00342 223 167 242
1.01190 0.04722 0.00138 182 78 133
0.39404 2.90240 -0.00135 88 162 159
0.82180 2.14736 -0.00520 163 17 14
-0.47720 0.59109 -0.00283 168 177 41
-2.49405 2.56097 0.00160 4 102 80
-0.27397 2.41041 -0.00168 100 34 92
1.29025 1.43488 -0.00204 11 97 168
-0.26048 2.01098 -0.00792 169 144 136
0.39898 2.16724 0.00629 89 7 133
1.05702 0.36323 0.00049 86 108 111
0.62219 0.30872 -0.00481 245 151 78
0.65656 2.89722 0.00036 245 241 174
-2.71831 0.52828 0.00107 111 249 248
-0.86434 1.71428 -0.00142 99 179 24
-2.99743 1.89986 -0.00204 145 126 24
-0.36441 0.16628 0.00268 134 16 163
1.40073 2.49738 0.00072 5 77 97
-2.14045 2.84699 -0.00555 113 174 118
-2.17366 0.89553 -0.00032 182 159 102
0.07898 2.79408 0.00030 0 177 69
-2.53257 1.38546 -0.00424 77 145 80
-0.85377 0.84135 -0.00180 109 106 130
-0.80962 0.83127 0.00013 125 117 122
-0.87280 2.39642 0.00916 101 26 37
-2.23237 1.62785 -0.00718 147 244 136
1.45167 1.95114 -0.00086 74 185 252
-0.32334 0.25934 0.00132 194 130 240
-0.06038 1.47342 -0.00001 19 115 117
0.12736 0.82831 -0.00233 75 191 80
0.28064 2.18818 0.00296 34 5 60
-2.83471 0.12772 -0.00066 157 84 130
0.28152 0.51695 -0.00984 46 174 41
-1.64436 2.10072 0.00013 206 102 215
1.16791 2.52548 0.00958 122 166 78
0.33288 2.90656 0.00217 61 159 121
-1.48781 2.61104 -0.00113 57 138 119
0.73106 2.55353 -0.00594 181 109 152
-1.25151 2.11793 0.00600 0 19 11
-2.40962 1.93581 0.00219 87 184 76
-1.59731 1.27597 0.00271 104 18 82
-0.75287 1.03148 0.00715 146 23 6
1.17442 1.60468 -0.00048 114 241 208
0.24389 2.08729 -0.00267 29 32 0
-2.81201 0.31183 0.00574 71 84 19
0.49878 2.82744 -0.00276 207 254 248
0.27436 2.21220 0.00080 114 81 152
-2.69516 2.68966 -0.00010 106 236 216
-2.82806 0.28127 0.00220 76 71 8
0.53405 0.72567 0.00646 148 154 182
-1.99790 2.53247 0.00536 239 167 250
-1.37473 2.40250 -0.00505 100 110 108
-1.05389 2.40269 0.00146 29 27 164
-1.24659 2.22783 -0.00303 76 79 86
-2.44492 1.97286 -0.00198 81 167 70
0.06564 2.36699 0.00216 73 96 114
-2.41105 2.56674 -0.00239 9 110 14
1.28401 1.40658 0.00183 10 78 173
-2.32352 2.01672 0.00260 41 69 89
1.28276 1.56536 0.01023 7 147 93
-0.04210 1.68138 -0.00643 13 174 4
-0.62874 1.47587 0.00220 255 192 94
0.67150 1.21832 0.00354 250 83 227
-1.93816 2.87702 -0.00750 248 247 79
-2.61881 0.19591 0.00009 84 109 147
1.00155 1.21474 0.00151 104 10 30
0.93584 0.92578 0.00180 216 139 212
0.48999 1.45653 0.00218 123 106 173
-0.63910 0.19520 0.00151 250 98 81
-0.69029 2.80513 0.00714 160 179 119
1.21909 1.85411 0.00229 102 222 84
-1.42136 2.23403 0.00458 111 75 121
-0.48881 0.76507 0.00143 248 216 79
1.39732 0.43367 0.00907 80 213 171
0.66769 1.73217 -0.00229 178 172 23
-1.86667 2.92942 -0.00100 253 228 136
-2.49320 0.83798 -0.00733 2 105 131
-2.69562 0.90030 -0.00054 30 75 23
0.14346 2.02554 -0.00768 6 67 81
-0.04187 0.41456 -0.00494 92 213 143
1.31505 2.45434 -0.00557 3 55 8
0.14145 1.42499 0.00683 82 162 87
-1.76616 2.11484 0.00627 243 97 136
1.12897 0.45408 0.00695 57 151 6
-1.07752 2.27706 -0.00576 15 0 155
-0.58477 0.12608 0.00014 255 86 80
1.00246 1.42800 -0.00871 183 167 114
-1.54180 2.80897 0.00199 84 175 177
-2.29383 1.22656 -0.00316 49 7 50
-0.67145 1.43963 -0.00462 246 170 157
-0.48454 1.95203 -0.00122 170 105 76
-0.21824 2.43485 0.00201 80 45 41
0.92873 1.72707 -0.00350 218 252 252
-2.83538 2.37229 -0.00339 159 101 80
-0.17277 1.78736 -0.00314 63 169 8
-1.81289 2.04307 -0.00222 250 129 79
-1.08697 1.64964 0.00196 17 173 171
-2.83732 2.37598 -0.00565 156 98 78
1.19037 1.79763 0.00037 105 243 81
-2.03612 2.86979 -0.00552 156 171 22
-2.59482 2.34742 0.00309 5 14 135
0.49773 2.24084 0.00157 128 2 163
0.41728 1.44229 0.00192 99 98 135
-1.64824 1.15234 -0.00603 208 74 76
-1.52222 2.50637 0.00758 152 156 88
-0.95178 0.93443 -0.00489 66 60 146
-1.11173 1.24445 -0.00287 90 89 101
0.92749 1.63770 -0.00175 215 251 215
0.77005 1.81507 0.00935 250 240 229
-1.98698 1.00357 -0.00506 165 26 98
-1.96715 0.25692 0.00074 247 135 167
1.28158 0.88417 0.00134 10 82 77
-2.53896 2.08768 -0.00016 77 112 76
-0.13600 2.80988 0.00091 118 255 253
1.39704 1.98521 -0.00328 74 161 255
1.00771 0.72806 -0.00219 182 227 117
-0.41937 0.85588 -0.00412 234 177 192
0.14228 1.08995 0.00644 6 3 174
0.31872 2.35213 0.00612 132 91 254
-2.64592 2.52107 0.00361 14 78 180
0.57977 2.05524 -0.00909 230 133 247
-1.05853 2.54396 0.01099 28 105 62
1.46956 0.39202 0.00561 87 196 209
0.82056 0.48098 -0.00157 165 157 179
0.54833 2.04742 0.00058 225 125 232
1.34134 1.97753 -0.01332 76 164 238
-2.82656 0.78896 0.00345 156 205 158
-0.41508 2.23263 0.00283 230 75 177
1.39723 1.83871 -0.00181 79 230 186
-0.87859 0.42729 -0.00328 169 216 78
0.02776 1.33408 0.00337 2 42 150
0.79866 0.32026 -0.00459 249 161 174
-1.50428 2.62673 -0.00175 69 141 107
-0.89738 1.25154 -0.00353 164 93 120
-0.57494 2.39629 0.00806 255 105 184
-1.50960 1.13832 0.00659 66 2 39
1.31405 2.59238 0.00175 0 119 82
-0.93010 1.72587 -0.00153 77 177 51
-0.10748 2.30994 -0.00278 27 5 47
-0.11708 1.61824 -0.00246 36 166 45
-0.02875 0.18690 0.00466 8 28 12
-2.71105 1.33982 -0.00485 107 124 180
-1.61649 1.67919 -0.00551 119 182 73
0.18687 2.69959 -0.00205 9 163 57
-0.62036 2.79790 0.00065 172 181 63
-2.80440 0.47190 0.00198 68 155 132
-2.53605 0.93360 0.00757 0 58 164
-0.66114 1.06504 0.00122 173 9 92
-0.39630 1.14470 0.00207 220 72 162
-2.56412 1.00370 0.00986 78 106 246
-0.46017 1.85709 0.00391 164 139 129
0.58111 1.62324 -0.00338 155 172 50
0.91304 0.01421 -0.00818 219 77 76
0.15732 1.07329 -0.00378 7 13 168
-0.29300 2.97883 0.00225 189 213 252
0.85878 2.00437 -0.00988 162 74 84
1.04871 1.60327 0.00700 167 241 254
-2.94122 0.65650 -0.00250 203 250 244
0.73531 1.35958 0.00161 255 131 198
0.18280 0.71479 -0.00410 86 234 85
-1.32805 1.99028 -0.00495 11 81 148
0.46649 2.70743 0.00674 192 239 142
1.41922 0.80740 0.00398 3 126 33
-1.32300 1.15793 -0.00177 11 0 170
-2.29316 1.75387 -0.00559 134 246 84
-0.68675 2.25096 0.00420 241 76 88
-1.07171 2.56769 0.00129 28 115 51
0.27780 1.18603 -0.00640 42 4 84
0.25206 1.32564 -0.00470 29 39 14
-0.15852 0.71964 -0.00132 49 157 176
0.87098 0.08614 0.00143 234 80 82
-1.55484 2.97540 -0.00073 89 133 110
1.25714 -0.00145 0.00276 17 1 179
0.04128 1.83897 0.00194 2 153 144
1.28420 0.24824 0.00093 83 127 109
-2.35588 0.66227 -0.01228 102 252 177
-0.02127 0.05182 0.00336 7 0 101
-1.92997 2.37171 0.01480 173 17 126
-2.30734 2.14445 0.00761 46 15 175
-2.55776 0.37828 0.00048 78 190 243
1.45839 1.04949 0.00153 85 90 171
-2.90919 2.82765 0.00648 113 175 170
0.84631 2.49500 0.00260 245 153 252
0.47293 0.43431 -0.00212 195 216 80
-1.62324 1.67512 -0.00790 123 176 83
-2.47458 0.75658 0.00831 3 145 78
0.96225 0.45667 -0.00152 126 148 126
-2.91403 1.82892 -0.00176 114 153 34
-1.71872 0.79840 0.00712 159 126 144
-1.90520 0.26072 -0.00263 251 133 212
1.21214 0.00856 -0.00850 27 5 169
-2.12470 2.67797 0.00746 120 151 172
1.08986 0.22908 -0.00835 73 44 170
-1.65336 1.71574 0.01065 136 178 85
-0.49209 2.93679 -0.00029 172 151 52
-2.47593 0.08127 -0.00922 0 0 86
-1.93634 2.11796 -0.00197 249 99 82
-2.39007 0.37091 -0.01081 18 113 76
-2.00279 1.13842 0.00067 163 3 176
-0.22296 2.95570 -0.00629 149 223 245
-0.32641 1.49503 0.00204 119 126 145
-0.35721 2.53931 0.00246 135 96 69
-2.90636 2.00448 0.00300 111 72 168
-0.81188 2.08517 -0.00044 203 112 255
-0.44870 2.37916 0.00146 235 104 253
0.27546 1.26853 0.00614 34 17 18
-2.57330 2.57339 0.00292 3 107 134
0.97294 2.94752 -0.00316 126 149 103
0.62205 0.64563 -0.00270 168 176 176
-1.18858 0.30325 0.00072 72 149 237
1.07826 1.43197 -0.00062 147 170 175
1.19970 1.74474 0.00699 109 251 108
0.12662 0.16760 -0.00586 81 100 98
-1.12377 0.32995 0.00220 92 172 244
-2.18107 2.12961 -0.00383 96 21 165
-1.94500 2.85510 -0.00240 246 244 73
-2.92037 2.69921 0.00173 117 162 146
-1.53252 0.57810 -0.00117 82 178 127
-2.28952 0.90073 0.00290 125 151 200
-2.51221 1.28792 -0.00044 75 99 85
1.29356 1.31152 -0.00221 84 112 240
-2.64355 0.47399 -0.00584 89 237 245
0.74861 0.23882 -0.00137 255 120 83
-2.55766 1.82445 -0.00134 77 235 233
-0.92929 2.14086 0.00519 147 90 244
-1.70530 2.32244 0.00146 153 8 169
0.02261 1.05416 0.00083 1 14 65
0.70545 2.89384 -0.00513 253 242 130
-1.97346 1.16764 -0.00394 242 77 255
-2.75356 0.29637 0.00612 122 158 128
0.12253 2.80653 0.00428 0 179 26
-2.51922 0.54747 -0.00188 75 250 114
-0.92924 2.25483 0.00298 79 0 169
1.13272 1.56336 0.00013 130 229 251
-1.25058 1.80536 -0.00183 5 159 179
-2.89964 1.84732 0.01165 115 150 42
-2.80177 0.22193 -0.00299 66 42 0
-1.04215 2.09227 -0.00766 108 115 119
-1.36456 2.95183 -0.00106 21 147 2
0.41056 0.50969 0.00026 173 242 74
-2.65726 2.96655 -0.00359 91 215 100
-0.80118 2.58989 0.00852 128 124 73
-0.45666 2.42575 -0.00079 240 120 254
0.68357 0.20890 -0.00943 255 109 79
0.77353 1.18647 -0.00376 248 81 254
-0.79793 0.77850 -0.00505 207 215 218
-0.90993 0.79336 0.00859 84 130 172
-1.71253 0.13509 0.00170 154 6 171
0.30816 1.05639 -0.00554 47 12 149
1.12220 1.30158 -0.01124 61 32 21
1.01458 2.52999 0.00372 181 163 170
-1.22333 1.28434 -0.00574 0 24 74
-1.71483 1.81717 0.00459 228 235 122
-0.98240 0.74172 0.00193 56 147 127
-0.32039 0.02450 0.00087 125 2 93
-1.62368 2.44866 0.00151 121 50 28
-0.77020 2.67394 -0.00323 139 148 152
0.86173 1.50605 -0.00110 238 202 81
-2.47215 2.81861 0.00226 74 250 132
1.10267 2.31768 0.01615 142 80 247
-2.97614 0.51148 0.00545 138 162 37
-2.69934 2.49385 0.00458 34 72 153
1.29029 2.56866 -0.00304 10 109 52
0.66510 2.22901 0.00662 177 2 54
-2.54882 0.20175 -0.00623 2 31 132
-1.91016 2.67521 -0.00311 250 232 158
-0.30232 0.60152 0.00129 189 255 96
0.66372 1.98456 -0.00732 253 160 254
-0.23050 0.16105 -0.00661 86 13 168
-2.69642 2.99358 0.00883 104 210 92
1.47275 0.68571 -0.00595 6 168 87
1.38668 1.76184 0.00000 0 169 59
-0.06392 0.00526 -0.00296 24 5 165
-0.71035 2.50872 -0.00306 238 156 166
-1.29415 2.95421 0.00245 5 140 7
-2.58576 2.42333 -0.00042 2 44 175
-1.21851 0.42988 -0.00980 1 139 172
1.20758 0.53983 0.00038 103 249 139
-1.72412 1.44228 0.00009 158 96 101
-0.77776 1.76396 -0.00231 211 242 96
-0.89407 1.55672 0.00036 88 142 162
-1.59223 2.33087 -0.00666 184 87 171
-2.74929 0.32669 0.00060 123 162 146
-1.18084 2.11171 0.00537 74 101 73
0.35905 0.83308 -0.00679 148 183 232
-1.38425 2.58392 0.00329 98 194 238
-2.93742 2.93095 0.00367 125 156 129
-1.37335 2.16285 0.00214 20 8 47
-1.84525 1.85680 -0.00558 250 226 189
-1.73886 1.20380 0.00411 232 79 88
-1.82223 1.25817 0.00049 251 97 99
-1.25493 2.43363 0.00134 77 119 217
-2.73118 0.12465 0.00113 38 7 7
1.01796 0.55686 -0.00428 107 171 13
-2.21228 0.88126 -0.00289 166 164 141
-2.95923 2.88833 -0.00236 133 166 162
1.35278 2.25326 -0.00041 0 0 51
-2.21715 2.79405 -0.00892 77 184 176
0.59557 2.32261 -0.00144 157 4 36
1.12563 1.34722 -0.00188 58 48 53
-2.83015 1.50299 -0.00469 159 202 150
-0.49436 1.19748 0.00560 173 3 130
-0.03849 1.43727 0.00436 15 92 136
0.00039 2.98197 0.00532 84 206 85
-1.39350 0.41161 -0.00792 23 130 106
0.35446 1.10384 0.00055 66 6 97
-2.02791 0.56349 0.00280 159 173 163
-1.21993 2.62494 0.00576 0 140 119
0.46322 0.54378 0.00050 192 247 91
-0.36913 0.45600 0.01073 216 226 141
-1.24675 0.88029 0.00281 76 159 118
1.19860 1.44313 0.00022 108 167 244
-2.67324 1.39742 0.01395 102 148 115
-2.37486 1.78364 0.00178 101 244 120
-1.36755 2.46510 -0.00140 97 132 163
-0.99847 0.80991 -0.00481 51 123 165
0.58563 2.24680 -0.00357 158 0 98
-2.73163 0.57334 0.00201 119 253 244
-1.11742 1.71331 0.00248 7 182 180
-1.41762 1.85391 -0.00275 36 149 110
-0.21161 2.39312 -0.00040 73 33 55
-0.85907 1.45781 -0.00334 110 105 174
-0.86859 0.26649 0.00127 181 127 130
-1.25456 0.41882 -0.00458 0 130 168
0.38649 0.06569 0.00075 162 75 203
-1.10768 2.59343 -0.00816 13 122 64
1.13578 1.40266 0.00698 130 156 196
-1.54695 0.63811 0.00652 160 251 239
0.70007 2.86706 -0.00174 254 249 149
-2.00053 0.40059 0.00512 157 123 156
-1.12053 0.60532 -0.00647 12 180 7
-1.76357 2.21353 0.00229 162 0 131
-1.96555 2.84404 -0.00383 251 251 83
0.97021 0.03913 0.00464 195 76 101
-1.74461 0.51857 -0.00321 239 243 89
-2.52326 1.62356 0.00203 0 172 164
-2.39483 2.52053 -0.00417 99 159 116
-1.84224 0.31925 -0.00207 255 165 255
-0.67878 2.10668 -0.00058 166 27 118
-0.46877 0.57305 0.00766 164 180 47
-0.86523 0.51863 0.00423 184 248 129
-1.15267 0.90716 -0.00335 3 71 124
-1.99934 1.66416 0.00308 163 173 62
1.29924 0.57155 0.00685 80 250 212
-2.90557 1.07820 -0.00067 111 5 10
-1.96322 1.65555 0.00978 170 174 84
-2.53883 2.89622 -0.00400 72 240 139
-1.22648 2.18326 -0.00038 0 12 4
0.83429 2.57890 0.00316 245 188 255
-1.52009 0.87815 -0.00093 153 161 156
-0.16485 0.14734 -0.00902 49 12 139
-0.04481 0.05423 -0.00119 11 0 120
1.02221 1.40789 -0.00201 183 151 106
-1.67321 1.21030 0.00634 215 83 71
-0.98623 1.87731 0.01346 128 212 80
-1.02792 0.59691 -0.00123 116 254 76
-1.73706 2.70622 0.00313 238 240 83
1.13584 1.33245 0.00165 54 48 65
-2.06774 1.14878 -0.00481 139 1 144
0.79053 0.75163 -0.00061 175 148 23
-0.58654 1.36522 -0.00428 176 54 65
1.34045 2.33382 0.00188 2 10 10
-1.36846 1.75788 0.00240 102 246 156
-1.57759 1.83742 0.00975 101 154 0
0.15761 0.21673 0.00333 11 36 62
-0.58522 0.44454 0.00082 181 146 175
-0.12853 1.01009 -0.00441 117 103 84
-2.05059 2.92431 -0.00139 148 159 4
-2.92744 1.86043 0.00111 118 141 42
-1.17346 0.82656 -0.00211 0 116 44
-1.15170 0.59130 0.00800 85 252 109
-2.98284 0.50209 -0.00049 139 162 29
0.13725 2.88079 -0.00218 4 169 0
-1.03195 0.60975 -0.00082 36 183 8
0.16111 0.74582 0.00277 85 224 74
-2.28635 2.31661 0.00200 128 86 177
-0.07342 1.51546 0.00534 24 134 95
-1.28857 0.86897 -0.00755 83 174 82
1.43614 0.82020 0.00639 4 115 20
-0.81970 0.93623 -0.00317 126 60 37
-1.20655 2.76286 0.00145 0 179 20
0.97071 1.00523 -0.00189 122 28 177
-1.36109 2.42344 -0.00170 97 121 133
-1.16705 2.41101 -0.00553 5 36 176
-1.92214 0.69202 -0.00167 178 169 7
1.50023 1.27829 0.01014 92 101 221
-2.01508 0.38059 0.00851 153 113 132
1.33513 1.13748 -0.00308 74 75 148
-1.76127 0.22303 -0.00230 241 113 248
-0.14998 1.58709 -0.00003 51 157 100
-0.86518 2.05556 0.00307 183 121 228
0.23479 2.99316 0.00334 27 135 100
-2.95184 0.03054 -0.00169 207 81 253
-1.06170 2.58505 -0.00002 22 121 33
0.30935 2.33759 -0.00520 127 90 255
-2.02807 1.60933 0.00909 230 243 91
1.16467 1.27379 -0.00304 45 18 35
-1.94017 1.75213 0.00286 176 171 160
-1.90216 2.77491 -0.00175 255 252 84
-1.33920 0.37362 0.00838 15 106 115
-1.65885 2.38145 -0.00357 135 27 111
-1.16199 2.32390 -0.00262 3 8 136
-0.01967 0.08650 0.00481 6 0 63
0.53325 0.03827 -0.00369 144 1 178
0.75411 2.34245 0.00410 177 12 22
-2.96460 2.96219 0.00725 132 142 127
-0.17951 2.21139 0.00338 56 0 164
-2.40256 2.09638 0.00663 89 109 159
0.32334 1.16035 0.00049 60 0 65
-2.17062 2.37103 -0.00131 170 97 86
0.78096 2.68659 -0.00223 253 239 217
1.17794 1.25514 -0.00716 34 14 40
-0.86011 2.29894 -0.00884 102 0 104
0.37518 1.53630 -0.00252 152 220 242
-2.84688 1.69848 -0.01101 159 255 79
-0.12726 0.86194 -0.00458 36 95 100
-2.66031 1.53561 -0.00594 13 144 12
-2.21667 2.98388 -0.00630 84 134 69
-0.33247 2.41077 -0.00095 121 37 137
1.33056 0.98429 0.00396 4 31 5
-1.77161 1.88602 0.00778 244 205 115
-1.21822 2.19751 -0.00930 0 4 19
-2.46842 2.13106 -0.00164 82 90 133
-1.40762 2.55018 -0.00359 107 175 207
0.10162 1.33062 0.00293 1 39 104
1.21182 1.94306 -0.00115 99 181 131
0.79155 1.62704 0.00269 171 165 20
0.66162 0.63464 0.00464 175 177 173
-0.48260 1.27186 -0.00304 171 20 50
-2.41636 2.86076 0.00238 89 250 215
-2.20578 1.70656 0.00584 172 255 75
1.32418 0.97005 0.00872 0 35 1
0.59232 2.32644 -0.01624 159 0 37
0.84917 0.22525 0.00672 162 43 74
-0.71043 1.48975 0.00293 236 197 137
-1.52398 2.30107 -0.00130 158 76 143
1.05086 0.51737 -0.00632 84 168 11
-0.67729 0.88378 0.00318 242 160 76
1.44328 1.64383 0.00257 2 174 14
-1.19818 2.06245 0.00175 73 126 95
1.08557 0.01029 0.00353 147 77 157
0.76774 1.76040 -0.00057 173 176 115
-1.99504 2.08618 -0.00732 242 110 128
-1.55670 0.52774 -0.00402 87 170 75
1.22367 2.82393 -0.00428 99 250 255
-1.43497 0.79294 0.01187 120 203 159
-1.15266 1.65309 0.00125 7 174 161
-1.92330 2.52722 -0.00201 176 83 176
-0.27189 2.03535 -0.00899 170 142 131
-0.92272 1.00662 -0.00068 153 100 134
-2.55464 2.69962 -0.00437 77 244 97
-2.45501 1.51363 -0.00555 6 133 122
-0.95141 2.62361 -0.00356 141 213 82
0.09947 2.29434 -0.00350 75 81 93
1.14488 2.57109 -0.00918 123 188 75
-2.08532 2.15989 0.00116 140 12 66
-2.62389 2.44243 -0.00754 12 48 169
0.52943 1.39473 0.00172 221 153 245
-0.28146 2.03477 -0.01111 178 136 140
1.23875 1.66257 -0.00226 20 173 44
-0.86235 0.11644 0.00018 106 2 154
-2.36093 0.55125 -0.00397 23 174 10
0.96832 2.76697 0.00183 125 172 0
-2.92700 1.94213 0.01277 119 105 104
-1.37056 0.37053 -0.00656 17 107 88
0.15313 1.23363 -0.00679 5 11 138
-1.11053 0.47489 0.00270 85 231 153
1.40355 2.49548 0.00332 4 76 90
-2.96798 2.49924 0.00386 213 156 77
-2.84140 1.31324 0.00045 84 31 178
-0.64246 0.26906 0.00700 175 60 31
-2.62093 1.86346 0.00129 83 218 243
-2.46147 1.72702 -0.00293 1 180 153
1.06208 1.66332 -0.00797 161 254 243
1.01012 1.29980 0.00559 103 30 6
0.34440 0.88989 0.00653 142 162 245
0.44513 0.54891 -0.00210 186 253 89
0.34602 0.11901 0.00461 146 81 218
-0.09521 1.35508 -0.01132 106 130 255
0.97082 2.97972 -0.00678 126 141 115
-2.25654 2.33444 0.00138 142 87 136
1.01228 2.03116 0.00518 106 60 1
-1.08451 0.97635 -0.00246 18 37 174
0.53768 1.23457 0.01416 216 90 150
-2.70652 2.69736 0.00495 109 240 213
-1.63825 0.53642 0.00449 201 243 95
-2.18929 2.56360 0.00283 173 181 147
0.51707 2.34428 -0.00269 136 17 81
-2.25143 0.57620 0.00700 63 175 103
0.98290 0.26786 0.00932 117 58 177
-2.02597 0.88607 -0.00308 235 160 79
0.65463 0.70613 0.00307 173 164 147
-2.93493 0.70394 -0.00683 202 235 255
-0.37889 1.07043 0.00635 220 86 209
0.96494 2.06474 0.00397 124 48 0
0.35193 2.03882 -0.00413 69 53 19
0.61906 2.47803 -0.00049 164 63 12
-1.38356 2.49294 0.00132 98 151 180
-2.73109 2.74522 -0.00340 117 248 194
0.74185 1.85481 -0.00206 251 224 235
-2.76590 2.82082 0.00389 132 255 158
-0.88961 0.57663 0.00605 172 255 164
0.80781 1.68976 0.00060 175 175 84
-0.10026 0.47011 0.00187 106 234 151
-1.24740 1.41394 -0.00007 76 159 93
1.06590 2.85198 -0.00287 80 172 107
-2.77900 0.74311 -0.00543 58 155 87
1.27040 0.28840 0.00162 88 144 86
1.37127 0.55950 -0.00028 75 254 247
-2.79682 2.97475 -0.00176 139 216 80
0.49592 2.76671 -0.00814 207 255 224
-1.86351 2.67127 -0.00080 255 227 122
-2.57695 0.81726 0.00647 1 116 41
-0.84331 1.06347 0.00277 185 87 74
-1.72505 1.27587 -0.00452 236 97 77
-0.62930 1.32460 -0.00659 181 41 138
-0.28991 1.58455 0.00545 108 163 176
-0.10069 0.91869 -0.00759 27 67 39
-1.40940 0.88278 0.00583 114 161 91
0.07020 2.15804 0.00418 0 11 39
-0.20636 1.27339 -0.00248 147 97 152
-2.02463 0.32340 0.00462 154 90 93
-0.73050 2.81229 -0.00556 153 183 144
-2.11257 1.59802 -0.00853 205 240 84
1.30890 0.00842 0.00251 2 6 174
-1.40647 0.80326 -0.00081 112 201 132
1.43905 1.29628 -0.00360 84 104 242
-2.49444 0.14861 0.00933 1 17 135
-2.97287 1.14200 0.00041 142 0 4
-1.45806 2.20889 0.00581 127 77 174
1.43901 0.34112 -0.00130 81 180 158
1.16550 2.30926 0.00483 120 78 223
-0.13823 0.80144 -0.00983 34 126 145
-2.51940 0.59648 0.00633 74 255 84
-0.63879 0.62446 -0.00173 252 253 212
-1.89746 1.26826 -0.00834 254 99 144
-2.15088 0.67772 0.00258 179 247 248
1.14879 0.62752 0.00447 125 251 152
-1.58927 0.77078 -0.00144 182 219 255
0.07232 1.51861 -0.00351 77 211 79
-2.38043 0.38503 0.00750 19 120 43
-1.60105 2.23799 0.00234 187 73 241
-2.87016 1.97491 0.00443 97 92 164
1.43986 2.21226 0.00112 0 6 18
0.39742 2.45616 -0.00969 162 129 167
-2.91831 2.99362 -0.00039 113 131 59
-1.12493 2.69166 0.00353 86 242 92
0.81642 1.16735 -0.00105 170 1 182
-0.34461 1.90049 -0.00676 205 202 88
-2.22240 2.36174 -0.00607 156 91 110
-0.80371 2.80681 -0.00178 207 255 251
0.28974 0.32938 -0.00187 37 89 174
-1.35256 0.72872 -0.01206 89 227 136
-0.76041 0.68385 0.00491 219 245 247
-0.59811 1.08306 -0.00056 179 4 155
-1.04113 2.25609 0.00146 36 6 166
-1.72790 2.22286 -0.00069 160 5 144
-0.78007 2.40927 0.00057 211 109 77
-0.73458 2.02105 -0.00130 154 67 176
0.16798 1.21504 -0.00201 7 4 141
1.44804 2.69853 -0.00553 79 238 237
-1.06448 2.12981 -0.01617 103 97 138
-1.09470 1.72878 0.00219 18 175 168
0.90792 2.62196 0.00474 146 137 103
-1.45988 2.08166 -0.00098 55 35 175
0.24578 1.65838 0.00084 104 255 238
-1.33742 1.82756 0.00604 7 159 157
-0.87384 0.89053 0.00264 100 82 106
-1.24956 0.72378 -0.00099 73 234 83
-1.41356 1.71263 -0.00421 111 255 99
-1.88307 2.16808 0.00477 255 83 86
-2.75977 1.90187 0.00445 123 208 246
-1.46177 1.33897 0.00531 45 45 179
-2.50034 2.34025 0.00088 3 12 171
-1.72444 2.87284 0.00305 231 243 211
1.10695 2.89622 0.00620 64 163 161
-0.80968 2.82768 -0.00520 208 255 248
-1.23281 0.09517 -0.00003 76 76 84
0.02622 2.29711 -0.00207 82 80 77
1.42975 0.76152 0.00128 5 142 61
-0.30854 0.93575 -0.00150 113 58 162
-0.99563 1.73277 0.00395 48 174 105
-0.74176 0.42961 0.00377 148 139 82
-2.91449 0.00763 -0.00277 193 80 255
-0.57284 1.82232 -0.00788 176 161 181
-2.19468 0.39669 0.00799 89 127 23
1.22742 0.51285 0.00477 95 250 130
-1.95347 0.79711 0.00717 171 122 5
-0.26333 0.29020 0.00836 172 144 190
0.22726 0.27654 0.00645 26 66 166
-0.95725 2.21670 0.01371 67 2 178
-1.48557 0.87988 -0.00040 137 164 134
-0.10655 2.91161 -0.00143 107 238 195
-0.30849 2.34936 0.00343 113 16 161
-0.57138 2.49376 0.00447 255 140 237
1.11081 0.25751 0.00815 70 54 154
1.33177 1.08713 -0.00130 79 79 101
-2.48004 0.68954 0.00304 0 167 29
-0.25519 1.60496 -0.00193 93 166 156
-1.59127 1.11709 -0.00179 189 73 77
-2.73957 2.83169 -0.00497 122 251 124
-0.87291 2.26781 -0.00141 99 0 129
-1.13481 2.76353 -0.00262 82 254 76
-1.35214 2.34201 0.00469 93 86 90
-0.51789 1.89262 0.00257 171 134 148
-1.74086 1.63275 0.00303 164 175 176
0.95579 0.15145 0.00225 202 90 178
-2.76238 0.46512 0.00117 133 226 235
-1.89669 0.18076 0.00305 175 26 76
-0.86702 0.60212 -0.00943 106 180 123
-2.31646 1.70762 -0.00746 118 255 130
0.40580 2.03966 -0.00267 174 139 120
-1.34779 2.31524 -0.00368 96 80 80
-0.12487 2.64016 -0.00483 110 222 180
-1.04451 0.12543 0.00167 30 6 143
0.13097 2.39580 0.00948 76 100 173
1.08919 1.09378 -0.00596 67 6 57
-0.39700 2.39714 0.00443 144 23 170
-2.64924 0.28666 0.00323 92 149 197
0.13212 1.62221 0.00467 77 244 130
0.45443 2.90187 0.00361 186 242 250
-0.96786 2.24403 -0.01055 60 0 173
-2.79375 1.69119 -0.01463 62 177 15
-1.99873 1.46388 0.00218 166 108 16
-0.32414 2.87971 -0.00737 194 245 209
-1.35024 1.05562 0.00180 8 9 111
1.03961 0.58942 -0.00120 96 173 0
-2.99271 2.33944 0.00842 226 80 177
-0.81675 1.62572 -0.00503 123 167 44
-1.52591 2.63505 -0.00017 77 139 89
-2.59587 0.88794 -0.00180 5 84 82
-0.23575 0.53205 0.00170 160 247 97
0.71756 0.42924 -0.00167 253 217 209
-0.66774 0.33778 0.00163 172 98 68
-1.57259 0.45276 0.00558 91 149 15
0.66197 2.56263 0.00511 167 107 96
-1.30979 0.00312 0.00536 82 76 133
-2.14456 2.24336 0.00161 194 75 123
-1.14904 2.50523 -0.00587 2 72 165
0.11731 2.31859 -0.00424 74 84 119
-0.26353 1.34574 -0.00287 168 124 144
-1.82375 1.55344 -0.00055 182 147 109
-2.25116 2.85088 -0.00891 62 174 178
-0.07262 2.79991 -0.00586 96 252 247
-0.27764 2.78700 0.00797 181 255 175
0.76338 2.94795 0.00168 255 227 80
0.63385 2.94582 -0.00425 249 221 128
-2.34907 2.98780 -0.00868 34 135 166
0.29987 2.08614 0.00158 48 34 20
0.59740 2.88089 0.00194 236 251 236
-2.95018 2.85318 0.00198 134 173 178
-1.47848 0.79117 0.00304 137 210 203
-0.25564 0.15308 -0.00509 89 14 178
0.33260 1.47874 0.00355 131 193 171
-0.54584 1.48543 -0.00123 255 194 80
-0.66995 0.77638 0.00616 248 213 120
-2.03778 1.60871 0.00426 228 240 80
-0.73231 0.21296 -0.00189 152 36 8
-2.28635 2.88605 -0.00167 54 167 175
0.31207 0.03084 -0.00818 130 78 124
0.13962 0.27333 -0.00594 2 67 96
-2.29016 1.11766 -0.00322 51 2 0
-2.20667 2.58744 0.00347 152 196 154
-0.72047 0.47197 -0.00183 161 156 140
0.22548 0.55672 -0.00331 22 173 58
-2.37552 0.92228 0.00241 93 137 239
0.12076 0.19878 0.00594 82 110 103
-1.11825 1.31833 -0.00297 89 120 81
-0.17628 0.50198 0.00039 135 240 104
-2.74856 0.04027 -0.00266 47 0 60
1.35837 0.94786 0.00556 0 47 4
0.15385 1.85473 0.00148 7 142 176
1.20543 1.69469 0.00075 28 175 51
-1.98897 1.40838 0.00958 162 82 40
0.32989 2.30494 -0.00155 133 79 242
-1.33121 0.95761 -0.00568 88 124 111
0.73701 0.40365 -0.00679 252 202 192
-2.16748 1.87743 -0.00025 102 141 102
-2.88368 1.53906 0.00282 187 219 166
-0.57067 2.78480 -0.00139 183 180 39
-1.47960 1.13075 -0.00325 63 0 48
-1.81297 1.39200 -0.00109 249 147 88
-1.04135 1.04585 0.00366 111 91 200
-0.96523 1.05429 0.00551 136 91 133
1.02631 1.34134 -0.00091 100 43 4
0.70069 1.44465 -0.00067 180 99 89
-0.07482 1.42729 0.00419 22 94 153
-1.23751 0.34747 0.00079 0 101 156
-1.85637 1.43296 -0.00741 179 90 10
-2.88999 1.89963 0.00126 107 128 97
-0.10467 0.96050 0.00193 32 52 17
-0.79640 1.52444 0.00126 206 212 182
1.00597 2.85666 0.00531 112 175 65
-0.31324 2.29106 -0.00574 110 6 176
-2.03139 2.19722 0.01052 146 7 14
0.73583 1.85609 -0.01281 252 227 230
0.48354 1.76500 -0.00616 116 166 20
-1.57110 0.51112 -0.00141 98 169 42
-1.03568 0.36305 0.00411 113 188 175
-2.52023 2.13483 0.00046 74 96 95
-0.73546 1.53866 -0.00405 234 215 129
0.52237 0.12023 0.00173 139 4 160
-2.50612 0.86710 0.00948 0 96 135
-1.99647 0.20167 -0.00118 162 34 25
0.41242 1.63554 -0.00138 92 173 166
-1.58407 2.34149 0.00431 181 86 160
-0.12652 0.64491 -0.00124 35 176 167
-1.13465 2.17872 0.00498 90 80 130
0.59563 1.96583 -0.00039 234 172 204
0.84398 0.54323 0.00146 160 177 126
0.73964 1.58542 -0.00796 175 159 0
-2.12729 2.88309 -0.00310 119 174 94
-2.22533 1.13440 -0.00022 79 0 19
-2.62611 1.23739 -0.00115 83 85 193
1.50073 0.98990 -0.00224 14 33 73
1.14487 0.65899 -0.00304 127 252 163
-0.08957 1.87358 -0.00124 103 215 151
-2.65781 0.69706 -0.00224 16 166 26
1.27549 0.34164 -0.00124 85 174 79
-1.49714 2.65245 -0.00374 70 148 127
-0.38042 2.93472 -0.00585 217 227 211
-2.44278 1.71823 0.00061 5 182 151
-0.88624 1.57921 -0.00132 96 152 138
0.67554 0.76821 -0.00434 176 141 105
-0.09370 1.45576 -0.00522 28 106 163
-1.87338 0.82874 0.00246 182 107 56
-0.14731 1.64192 0.00132 46 178 52
-0.71265 0.24324 0.00247 159 50 0
-0.52073 2.13778 -0.00612 171 19 0
1.32007 1.35491 -0.00373 79 133 252
-1.96684 0.03202 0.01154 169 2 11
-1.17847 1.72177 -0.00486 1 179 172
0.68702 2.27206 -0.01229 171 1 10
0.77391 0.05771 -0.00147 175 0 23
-1.67087 1.61052 -0.00178 143 165 169
-0.80549 1.96538 -0.00405 203 177 209
-0.77478 2.36877 -0.00211 211 95 78
0.84285 1.32649 -0.00537 160 41 79
-0.06779 1.69450 -0.00043 16 178 0
-1.24550 0.66166 0.00184 73 251 117
-0.15546 1.85448 0.00528 130 223 94
-0.95930 2.21926 -0.00769 62 3 176
-1.10683 1.54741 0.00178 12 145 122
0.02471 1.21999 0.00275 2 6 173
-1.44267 0.29243 0.00214 47 64 2
-1.87676 2.58536 -0.00139 178 119 126
0.63394 2.95566 0.00076 248 226 146
-2.28736 1.51596 -0.00507 133 206 244
-0.18057 0.32581 0.01070 137 166 92
-1.55869 2.78064 0.00285 94 175 161
-2.67435 2.31316 -0.00760 26 5 44
0.35915 1.43944 0.00906 155 172 171
-2.09579 1.02120 -0.00914 129 19 33
-0.73065 2.33912 0.00269 235 91 78
-2.96706 2.26832 -0.00455 209 80 201
1.26432 1.13283 -0.00211 86 77 96
-2.57563 2.52142 -0.00171 4 89 159
-0.16960 0.24202 0.00374 130 123 143
-0.48118 0.70086 0.00525 246 241 77
1.16203 2.48061 0.00188 118 142 102
0.84778 1.87144 0.00297 163 145 170
0.01754 0.73771 0.00360 77 225 159
-1.71881 2.34818 -0.00801 153 10 169
0.10338 0.55892 -0.00995 5 174 144
-2.60402 1.24537 -0.00005 85 86 173
-2.37576 1.46896 0.00227 95 185 225
-2.83601 1.61292 -0.00840 160 241 88
0.81689 2.56704 -0.00062 249 184 255
-1.07387 1.67928 0.00170 26 178 172
-0.38247 0.16844 -0.00227 141 17 143
-2.55087 2.14033 0.00721 75 98 94
-0.28947 2.79009 0.00707 180 253 174
-1.58193 0.72918 -0.00292 178 236 253
-0.34143 2.69559 0.00357 201 240 84
-2.36459 0.30127 -0.00656 30 77 106
1.07671 0.94072 -0.00075 156 134 251
-0.95269 1.62709 -0.00618 67 172 148
-0.80217 2.70333 0.00170 132 166 161
1.07636 0.72079 -0.00315 156 230 172
-0.01026 1.71061 -0.00075 4 178 18
-2.16758 1.83517 0.01067 104 155 68
-2.79048 0.98424 0.00370 66 37 19
-0.41343 0.63119 -0.00649 227 251 75
0.52893 1.47017 0.00232 142 108 175
-2.78330 2.82994 0.00705 135 249 166
-1.66626 0.89190 -0.00352 138 82 169
-0.93097 2.32541 -0.00212 78 5 130
0.79087 2.32670 -0.00347 174 8 23
1.19054 0.30767 0.00193 32 81 47
-0.81666 2.01802 0.00201 202 144 233
-1.98280 1.73579 -0.00508 169 177 129
-1.70860 1.53237 0.01083 147 141 174
-2.66887 0.32377 -0.01063 100 170 202
-2.42986 1.56492 0.00223 9 155 171
-2.91115 1.67516 -0.00836 191 255 87
0.90307 1.31414 0.00690 145 35 40
-0.90356 0.64757 0.00396 90 175 125
-0.76247 2.58287 0.01031 222 196 180
-2.14534 2.54485 0.00028 193 168 164
-2.19761 2.38698 -0.00118 168 105 77
1.16683 0.69682 0.00248 122 245 200
-2.23029 0.46310 0.00458 76 153 41
1.22487 2.79238 -0.00697 101 255 245
-0.94415 1.08981 0.00257 142 80 99
0.15909 0.80475 -0.00260 83 202 78
-0.91515 0.26505 0.00086 154 137 160
1.01531 2.92434 0.00058 104 161 117
-0.82030 2.67461 0.00224 199 230 203
0.20570 2.94729 0.00672 15 152 51
-0.84899 2.41663 0.00654 110 31 17
-1.85719 2.07393 0.00490 254 112 78
0.56952 1.37556 0.00115 232 142 252
-0.88444 0.76747 0.00557 102 145 179
-2.15114 1.05646 0.00995 110 14 23
-1.92531 0.45849 -0.00194 254 223 241
-1.32375 2.96835 0.00109 6 138 5
-0.49742 1.35992 0.00491 167 58 13
0.57656 0.15608 0.00639 159 15 97
-1.20425 1.09494 -0.00335 1 2 176
0.38238 0.40173 0.00467 84 133 53
-1.02348 2.85908 0.00699 114 248 187
-1.42534 2.14149 -0.00566 39 10 111
1.10911 0.14375 0.00044 137 91 255
-0.90078 0.10931 0.00040 83 7 179
-2.62807 0.61404 -0.00251 11 180 56
-2.44689 1.18552 0.00095 81 77 104
-0.41485 2.83722 0.00452 150 175 31
0.37498 0.06867 -0.00070 152 76 202
-0.15187 1.83631 -0.00085 119 228 86
-1.99960 0.54108 -0.00641 239 248 242
-0.40695 2.42910 -0.00080 228 119 244
0.78161 0.24664 -0.00181 252 122 109
-1.33328 0.66382 -0.00278 90 249 187
0.72575 1.90063 0.00891 251 199 248
0.30152 0.28818 0.00150 54 72 175
-1.97817 0.21252 -0.00032 241 112 114
0.74426 0.85731 -0.00073 178 104 4
-0.60541 0.53411 -0.00694 182 172 172
-1.17575 1.96656 0.00211 73 174 149
0.90605 0.93750 -0.00680 226 144 190
-2.33095 1.32050 0.00753 33 42 84
-1.11849 1.28589 -0.00488 83 101 88
0.66287 0.96216 0.00002 175 42 0
0.28935 0.38099 0.00141 41 116 152
0.83518 1.41211 0.00317 247 155 103
-0.56716 0.64890 0.00573 254 254 147
0.00327 0.20706 0.00142 8 32 1
1.15737 1.70301 -0.00177 117 255 145
-0.52465 1.48491 0.00821 250 195 81
0.03435 2.71866 0.00029 0 168 153
-2.71654 0.03775 -0.00322 35 3 41
-0.66611 0.74467 -0.00893 246 230 156
1.23830 2.76890 -0.00639 87 251 238
-0.95192 1.72009 0.00421 64 177 81
-2.51893 2.33048 -0.00545 1 11 168
-2.24233 1.65365 0.00431 143 255 119
-2.07086 1.56398 -0.00303 220 227 81
0.75708 1.32307 0.00061 255 121 220
-2.95377 2.18847 -0.00136 132 6 166
0.61970 2.90032 0.00278 243 241 188
-2.49093 1.57320 -0.01679 1 154 151
-1.82733 1.25614 -0.00802 247 91 112
-2.26175 0.15677 -0.01219 141 93 207
0.79237 0.74323 0.00433 179 151 26
-2.39860 1.53043 0.00034 13 141 170
0.06083 2.59265 0.00163 78 193 252
1.11677 0.22434 -0.00309 63 41 155
-2.07715 1.62846 -0.00244 213 246 80
-0.50537 1.84341 -0.00117 171 151 164
0.56334 0.87100 -0.00790 149 89 98
0.82281 1.65543 0.01012 244 249 146
0.61883 2.96561 -0.00084 242 217 143
-0.68857 0.84848 0.00583 241 181 93
-0.79085 0.44463 0.00173 135 144 47
-0.47905 0.38216 0.00927 173 117 173
-0.34990 0.11551 0.00022 131 7 130
-1.68760 1.77853 -0.00301 146 171 67
-1.62686 1.61631 -0.00302 118 170 135
0.60421 2.91832 -0.00903 236 233 187
-1.79800 2.97562 -0.00415 247 212 225
0.66990 2.75737 0.00316 247 250 241
-2.12325 1.49551 0.00193 192 199 157
-2.41280 2.33897 -0.00844 11 12 168
-0.74531 1.23191 0.00020 154 11 151
-0.90926 0.57627 -0.00441 158 255 128
-1.71042 2.53793 -0.00814 152 100 34
0.08077 2.50679 0.00671 71 152 228
-1.42633 1.45936 0.00452 117 180 176
-2.24031 2.88589 0.00166 69 165 161
0.91927 0.38498 -0.00533 147 115 173
1.06416 0.72322 0.00606 161 235 156
-1.68471 0.11477 -0.00290 142 4 172
1.01251 1.27835 -0.00198 103 26 5
-1.44400 1.92267 -0.00275 45 121 141
1.36303 0.71684 0.00480 0 156 147
-1.21884 1.93816 -0.00798 0 114 112
0.86409 2.58402 0.00056 238 194 238
-1.41733 2.51011 0.00184 112 165 171
1.11031 2.29592 -0.00734 132 77 247
-1.87444 0.06379 -0.00043 177 1 18
0.36952 2.32852 -0.00047 154 82 252
0.88026 0.70306 -0.00284 226 241 88
-0.79848 2.10627 0.00362 139 23 171
-0.47130 0.72155 0.00167 244 233 80
0.93680 2.06596 0.00209 137 42 3
-1.84295 1.55763 0.00304 174 155 104
-2.34995 1.51840 0.00053 106 212 254
-0.71722 1.03518 -0.00041 160 17 29
0.41791 0.69277 0.00231 95 166 102
0.84294 2.63465 -0.00519 160 140 142
0.95155 1.13500 0.00092 129 1 133
-1.30393 2.34283 0.00429 81 86 113
-1.37932 2.70893 0.00294 27 170 168
0.51262 0.17432 0.00630 137 21 142
0.57049 0.47680 0.00587 229 234 119
-1.81614 0.34840 0.00356 254 175 246
0.93486 1.42017 0.00745 212 161 78
-2.22623 1.26279 -0.00304 84 17 127
-2.48060 2.90702 -0.00056 80 234 182
-1.78643 0.99663 0.00056 248 102 251
1.28937 2.05159 0.00292 85 124 246
-0.08845 2.78314 -0.00966 105 254 255
-2.89773 2.14432 -0.00117 111 15 166
0.22321 0.76452 -0.00350 97 218 85
-0.62454 2.97309 -0.00891 174 137 4
-1.83497 0.60116 0.00687 176 181 11
0.03009 2.06067 -0.00004 0 42 130
-0.32043 1.60981 -0.00890 121 157 178
-1.94915 0.40241 -0.00713 253 208 255
0.43206 1.75917 0.00877 99 173 43
0.97280 2.98181 0.00277 129 134 123
-2.57523 2.93087 -0.00159 79 231 129
-2.97357 2.02587 0.00333 138 61 128
0.76936 0.92933 -0.00075 175 60 19
-0.40596 0.74742 0.00148 227 228 106
-2.22188 2.83682 -0.00314 76 171 170
0.01550 2.69848 -0.00769 4 165 176
-0.61910 0.74052 0.00271 251 227 111
-2.71439 2.00104 0.00775 110 148 212
-0.91397 2.35454 -0.00220 89 18 84
-0.82157 0.35990 -0.00738 195 183 78
-0.65355 2.26158 -0.00385 247 75 77
-2.68826 2.62435 -0.00719 103 216 244
-2.34558 1.33447 -0.00228 27 44 67
-2.45251 2.06958 -0.00858 78 117 112
-2.13104 0.99262 0.00358 203 108 85
-1.34710 0.95303 0.00635 91 118 98
0.74149 2.12204 0.00200 255 95 149
0.07718 2.90963 -0.00271 3 163 1
-2.04953 2.97076 0.00390 147 139 0
0.61378 0.07396 0.00343 166 1 135
-1.09377 1.03795 0.00493 97 98 240
-0.17780 0.71288 -0.00203 61 162 170
0.42234 2.42213 0.00083 95 43 88
-1.16036 2.01485 -0.00156 76 146 92
1.04449 1.10737 0.00459 98 3 86
-1.70890 1.45224 0.00215 148 110 128
-1.52477 2.63455 -0.00657 78 133 95
1.10265 1.57033 0.00419 140 229 255
-2.00101 1.16970 0.00843 157 1 178
-0.53234 2.01750 0.00413 175 66 59
-1.64850 0.72784 0.00418 135 155 146
-2.92648 0.11417 -0.00523 200 82 217
0.03879 1.23714 -0.00157 0 9 180
1.27390 0.09749 0.00253 9 8 139
-0.51948 1.30827 0.00163 175 29 70
-1.95318 0.44811 -0.00877 245 217 255
-2.49003 0.25773 -0.01091 78 132 253
-1.77958 2.24230 -0.00028 170 0 129
-0.91368 2.63985 -0.00030 158 221 113
0.27406 0.33564 -0.00101 38 99 169
0.12822 2.04144 -0.00567 4 61 81
0.42413 0.85151 -0.00442 103 98 177
-0.79574 1.57732 -0.00582 206 233 144
-2.72161 0.01313 -0.00579 36 4 58
0.10289 2.25294 0.00485 80 75 80
-2.51272 2.86607 -0.00374 75 245 130
-0.74185 1.75502 0.00239 228 251 109
1.05037 0.45528 -0.00228 88 147 46
1.29685 1.38300 -0.00411 88 149 254
0.60281 0.58208 0.00309 237 255 223
0.65524 0.19187 0.00382 172 26 25
0.23730 2.49085 0.00974 102 151 241
-2.19805 0.50390 0.00092 86 166 93
0.33477 0.23319 -0.00516 57 41 181
-1.66883 2.47094 -0.00957 139 60 44
-0.10172 2.50530 0.00507 30 79 22
-0.17485 2.67677 -0.00994 137 235 168
-2.04151 2.84247 0.00495 148 173 48
0.42532 2.86083 -0.00018 173 247 228
-1.95118 0.80832 -0.00959 170 126 2
0.47932 1.44661 0.00218 123 98 160
-0.81172 2.05336 0.00584 200 127 251
-2.65582 2.61382 0.00020 96 209 232
-2.80243 0.26091 0.00662 144 135 78
1.47701 0.84013 -0.00348 7 107 0
0.21920 2.27656 0.00409 101 77 156
-0.85378 2.61263 0.00206 187 210 139
-1.78592 1.92547 -0.00125 251 192 97
1.09693 0.39569 0.00167 72 122 52
-2.88137 2.50187 0.00345 181 149 103
0.12552 1.31448 0.00765 2 29 104
-1.26329 0.66472 0.00560 83 243 120
0.42286 0.30441 -0.00145 176 155 176
-2.47721 1.48492 0.00219 4 114 92
-0.64709 0.41578 -0.00421 175 134 144
-2.80416 2.22429 0.00541 142 81 110
-0.32836 1.05873 -0.00236 198 89 177
-2.79332 1.04872 0.00082 142 85 130
-1.00576 0.57367 -0.00119 122 255 87
1.15094 2.04575 -0.00204 52 58 76
0.89086 1.23462 -0.00259 156 11 105
0.73572 1.43883 -0.00125 180 96 77
1.04359 2.70527 -0.00671 91 167 4
-0.23678 1.70834 -0.00415 77 184 58
-0.59511 1.35368 0.00204 177 48 94
-0.65890 0.18842 0.00158 248 101 73
-1.11898 0.60662 -0.00251 85 255 87
0.14740 0.66642 -0.00078 83 247 112
0.27965 2.86601 0.00323 34 172 42
0.06228 2.84840 0.00066 0 175 42
-2.66811 0.22705 -0.00180 94 123 136
-1.19997 2.74496 0.00379 2 176 29
0.42179 1.41144 -0.00178 97 83 117
0.29311 0.56184 0.00161 44 172 14
0.58936 0.81001 0.00065 158 120 121
-2.09024 2.38066 0.00293 206 99 84
-0.46777 2.56428 0.00366 240 185 206
-2.48155 1.03214 0.00036 77 97 235
-2.79918 0.21884 0.00056 66 39 1
-0.02039 0.95104 -0.01197 11 50 1
-0.27899 0.97547 -0.00018 96 45 128
-0.70062 2.43195 0.00012 237 122 111
-1.59897 0.02988 -0.00051 185 81 248
0.17537 2.32851 -0.00806 82 81 172
-2.90017 2.02550 0.00420 110 60 172
-1.88138 0.64633 0.00316 176 171 11
-2.47802 2.73932 -0.00107 77 249 84
-0.35034 0.13002 -0.00913 133 7 150
-2.58313 1.45012 -0.00823 3 105 8
-2.79961 2.37241 0.00743 68 17 10
0.86919 2.60114 -0.01367 160 131 145
0.43178 1.66136 -0.00482 101 178 137
-0.78907 0.78868 -0.00749 215 197 194
-0.33512 2.81070 0.00123 199 252 155
-1.08346 2.91875 0.00088 103 237 195
-1.64781 0.02591 0.00211 128 0 138
-2.62242 1.03029 -0.00180 88 98 243
-2.96740 1.02294 -0.00030 130 27 26
-1.56925 2.17503 -0.00940 96 9 174
-1.83712 0.82144 0.00171 178 116 75
0.02640 0.04776 0.00553 79 79 146
-0.84319 0.55556 0.00913 193 250 181
-2.02169 1.08726 -0.00368 155 4 133
0.89341 2.52331 0.00484 222 169 243
0.18690 2.04705 0.00320 13 53 31
1.00303 1.16115 -0.00483 106 0 72
0.24028 2.24737 0.00480 100 78 163
0.05811 0.16514 0.00330 79 98 76
0.11728 2.83958 -0.00486 5 175 11
-1.75260 2.40418 -0.00487 164 30 159
0.87113 0.99975 -0.00823 236 105 214
-2.09255 0.44399 0.00427 131 139 126
0.93562 2.07578 0.00633 142 43 3
-2.70387 2.44663 -0.00017 33 49 123
1.42787 1.17585 0.00561 77 77 242
-0.25591 0.84089 -0.00019 88 104 178
0.51704 2.41782 -0.00369 135 33 38
-0.67178 2.72356 -0.00584 168 167 159
0.38937 1.74035 -0.00245 155 251 185
1.00417 2.16092 0.00878 106 13 63
-2.37050 1.12069 0.00023 27 2 16
-1.15402 1.58465 -0.00362 2 164 110
-1.62355 1.24484 -0.00250 193 89 105
0.54270 1.02802 0.00034 222 101 85
0.94667 0.31962 -0.00363 131 88 177
0.46976 2.04685 -0.00215 197 132 175
-1.35744 2.15095 0.00290 16 11 60
1.32518 1.34094 -0.00301 82 123 253
-2.38819 2.76119 0.01087 17 176 61
-2.11381 2.19287 0.00158 123 7 65
-2.51172 2.64570 -0.00472 78 223 103
-1.90944 1.46171 0.00120 177 112 3
-2.92213 0.21813 -0.00875 114 32 61
0.65442 0.27334 0.00528 245 137 80
-0.90840 1.56471 -0.00353 89 154 156
0.97656 1.87714 0.00281 123 137 93
-1.05309 0.54702 0.00559 107 248 85
0.70182 2.63733 -0.00050 252 218 247
0.79093 1.22665 -0.00025 249 94 245
-2.75856 1.87757 -0.00394 130 217 239
-0.64435 1.86948 0.00540 175 139 172
1.43139 2.02101 0.00136 80 140 233
-0.42191 1.72710 0.00135 230 249 248
-0.42797 0.38654 -0.00019 156 120 148
-2.96913 1.17604 -0.00560 135 3 27
0.03409 0.47043 -0.01052 1 153 150
0.71721 1.19397 -0.00552 255 76 232
-0.41908 0.11140 -0.00418 227 82 170
-2.44813 1.05451 0.00030 80 90 191
-0.05663 0.99540 -0.00068 15 34 2
0.43034 2.54458 0.00066 103 99 14
0.49473 2.45085 0.00145 131 45 28
-1.76688 1.31587 0.00496 241 111 77
0.28657 2.25909 -0.00026 114 75 192
1.05248 0.44411 -0.00956 81 141 58
-2.86287 2.14078 -0.00305 90 15 142
-0.07631 2.01201 -0.00157 104 143 249
1.18854 2.19439 -0.00650 31 7 179
0.97664 1.36650 -0.00464 117 68 7
-0.46790 0.79591 -0.01005 240 204 117
-0.00195 1.52748 -0.00821 83 211 104
-0.95471 0.64066 0.00466 61 173 81
0.27576 2.50843 0.00139 116 154 220
-2.99152 1.30907 -0.00228 147 36 96
-1.80654 0.69079 -0.00296 173 167 12
-0.09474 0.97828 -0.00065 25 34 0
0.82491 2.95452 -0.00369 169 149 9
-1.54434 1.33935 -0.00152 93 47 150
-2.69267 3.00562 0.00325 104 200 94
-1.73475 2.12582 -0.00466 235 100 154
-2.38572 1.13515 0.01501 21 0 20
1.08122 0.84775 -0.00160 149 176 245
0.22190 1.20738 -0.00653 19 4 107
-2.02209 0.08991 0.00206 236 78 89
-0.07303 2.47130 0.00114 23 62 23
0.55853 2.33387 -0.00277 149 5 59
-1.79159 2.94395 -0.00124 246 233 197
0.65176 1.50822 -0.00149 172 127 80
0.98230 1.15859 -0.00347 125 0 106
-1.29061 1.58013 -0.00230 84 230 98
-1.42011 2.55133 -0.00737 112 176 186
-2.53104 0.20748 -0.00152 71 105 223
-2.19865 2.38250 0.00300 170 102 78
-2.81620 1.96921 -0.00224 70 91 179
-0.01585 1.03416 -0.00081 86 93 110
-2.87270 1.86381 0.00373 97 142 81
-0.12946 0.95667 -0.00195 52 53 33
-0.35724 2.31777 -0.00229 128 10 179
0.80320 0.76549 -0.00542 174 140 15
-2.16141 2.25665 -0.00065 185 79 127
-1.22735 0.83503 0.00339 79 186 99
1.24329 0.16031 -0.00073 25 13 131
-0.49344 0.24480 -0.00250 170 52 134
-0.78031 2.85223 -0.00084 137 172 153
0.64696 0.95617 -0.00468 173 51 1
1.35159 0.45552 0.00079 75 225 175
-0.77875 2.27505 0.00162 212 79 131
1.44410 1.64265 -0.00368 3 168 10
-1.52925 1.98655 -0.00178 75 82 131
0.57480 1.85372 0.00074 233 220 113
-2.56718 1.72494 -0.00173 2 177 176
-1.57237 1.74069 0.00086 171 246 75
1.21934 0.93295 -0.00409 23 58 88
0.25461 0.87298 -0.00250 110 165 180
-1.83675 0.20551 0.00094 252 108 219
-1.86961 0.19362 0.00299 175 31 102
-1.15420 2.59625 -0.00195 3 120 103
-0.85218 2.06490 0.00090 190 123 240
-2.08328 2.14308 0.00691 135 21 84
-1.59594 0.46217 -0.01188 103 147 7
0.90151 0.29826 0.00103 142 76 159
0.82044 1.58958 0.00426 245 237 99
-2.36193 0.44884 0.00358 25 145 2
0.43170 2.23537 0.00652 101 0 174
-2.44821 2.19983 0.00016 82 83 207
0.28499 2.29910 0.00002 118 79 226
-1.26502 2.12938 -0.00024 0 19 13
-1.70352 2.27477 0.00030 143 4 176
-1.95427 2.91651 -0.00056 249 237 83
-1.76671 1.10170 0.00232 242 86 181
0.44085 0.13080 0.00145 103 9 175
0.84846 2.27402 -0.00784 241 80 109
1.31008 2.70912 0.00813 82 242 244
-1.42359 0.87892 -0.00285 115 167 92
-2.29935 0.71344 0.00133 125 240 240
0.54696 1.83158 -0.00239 225 229 81
-0.76135 2.22223 0.00049 222 79 167
-2.97049 2.94334 -0.00454 138 149 147
-1.99619 1.53796 0.00300 165 141 5
1.22265 1.45047 -0.00011 24 105 179
1.07900 2.19320 -0.00511 79 6 147
-0.90159 0.86092 -0.00125 90 101 154
0.76488 0.34176 -0.00376 250 174 171
-1.55151 2.46534 0.00604 159 140 74
0.05500 1.47596 -0.00661 77 185 106
-0.12815 2.17026 -0.00070 110 85 235
-1.22225 1.26370 0.00507 1 18 98
-0.98257 1.70962 0.00012 54 178 102
0.38090 0.28212 -0.00759 76 67 153
0.18303 2.47257 -0.00494 88 137 255
-0.89229 2.34322 -0.00339 91 9 95
-0.89890 2.24921 -0.00194 90 2 154
-2.32472 2.01196 0.00152 36 69 80
0.67814 0.62031 -0.00812 175 182 174
1.27443 1.37906 -0.00338 87 147 255
-1.56851 1.27180 -0.00647 95 18 90
-2.47071 0.28649 0.00845 80 147 254
-0.31785 2.30220 0.00052 117 4 176
-1.97139 2.73309 0.00597 245 241 156
-1.75705 2.53283 -0.00064 164 91 66
-0.93324 0.18560 0.00228 75 18 160
0.78517 2.46960 0.00260 170 58 137
-1.37390 2.66392 -0.00519 22 151 180
0.28674 1.40168 -0.00076 112 163 92
-1.89256 2.38092 -0.00646 179 28 148
1.32238 0.99717 0.00358 81 107 77
-2.50885 1.61632 0.00410 0 165 157
-0.66565 0.59484 0.00318 246 253 244
-2.49899 2.34595 -0.00362 0 11 170
0.29965 2.88817 -0.00298 44 170 69
0.84850 1.88618 -0.00716 168 129 164
-1.39209 2.95404 0.00221 32 143 19
-2.44625 1.64130 0.00685 8 172 175
-2.89502 2.01175 0.00252 107 70 169
1.34055 1.85036 0.00003 79 227 153
-1.46110 0.87024 0.00465 131 160 107
-1.67836 0.91329 -0.00995 140 70 161
-1.55826 2.45434 -0.00220 167 134 76
-2.24976 0.24415 -0.00080 64 46 60
-1.36467 2.43394 0.00209 96 119 144
0.57558 1.42551 0.00324 159 91 178
-0.74863 2.85678 -0.00452 147 170 121
1.08975 1.34838 0.00123 77 52 42
-1.20674 1.04878 0.00082 4 12 179
-2.67577 2.50498 0.00524 19 75 169
-1.43954 1.05787 -0.00542 46 11 26
-2.72710 2.20682 0.01064 43 1 7
-2.14038 0.34254 -0.00069 112 99 17
0.06850 2.85450 -0.00847 0 172 34
-2.16469 1.09286 0.00422 105 0 29
-1.01851 2.88660 0.00618 117 242 228
-2.79564 0.54700 0.00742 143 244 252
-0.07631 2.73502 -0.00074 102 248 251
-2.28394 2.16785 -0.00533 58 9 175
-1.40109 0.99991 0.00548 30 22 20
-1.13443 1.19712 -0.00997 85 80 149
-2.69051 0.29295 0.01343 100 151 164
0.77082 2.46953 -0.00670 176 62 117
-1.09111 1.44559 0.00050 16 102 56
-1.02417 2.38346 0.01345 40 24 152
1.29792 1.68289 -0.00255 11 180 5
1.42349 2.33418 0.00272 0 3 1
-0.67003 0.87075 -0.00155 245 171 75
-0.79758 0.61671 -0.00787 201 255 241
-2.40891 2.37450 0.00365 14 22 154
-1.73998 2.55850 -0.00449 155 104 28
-3.00680 1.26813 -0.00524 151 21 68
-2.75472 2.13492 0.00087 127 94 147
-0.49018 0.08193 0.00210 243 79 90
1.33018 0.11600 0.00280 4 11 91
-2.75676 2.24135 -0.00657 49 0 8
-0.47368 0.32339 -0.00383 166 84 183
-0.07333 0.74101 -0.00928 24 153 149
1.38181 0.50360 -0.00526 78 239 227
-0.23581 2.03955 0.00002 158 135 176
-2.03009 2.71468 -0.00262 152 168 144
-1.90823 1.45027 0.00300 175 101 0
-2.76187 2.51386 -0.00902 53 83 132
-2.67034 1.46196 0.00198 17 110 0
1.14244 0.47940 0.00331 52 154 2
-1.66416 1.56809 0.00096 133 155 178
-2.59306 1.93488 0.00295 81 186 166
-0.34143 0.38336 0.00455 198 195 167
-3.00147 2.70152 0.00146 151 164 84
1.43535 1.67096 -0.00128 1 178 21
1.20712 0.69652 -0.00082 29 163 166
-2.94670 0.14361 0.00279 203 85 204
-1.51908 1.75878 0.00796 151 247 82
0.94835 2.40839 -0.00664 203 107 255
-0.82303 1.97228 -0.00311 196 162 199
0.85734 2.97580 0.00180 156 133 43
-2.77693 2.54928 -0.00655 55 93 137
1.30225 0.26311 -0.00326 82 129 91
0.00718 1.42036 -0.00218 78 163 181
0.89313 0.42534 -0.00043 149 139 176
-1.09224 0.30165 0.00111 97 154 252
-2.00037 0.12213 -0.00525 239 84 76
1.34756 2.35368 -0.00082 3 20 0
-0.18064 0.03135 0.00084 55 1 178
0.78530 2.58945 0.00097 175 120 183
1.07450 0.97130 0.01451 155 118 234
-2.33773 2.33983 0.00742 105 92 206
-2.73827 2.58803 0.00255 44 121 175
0.27022 0.32717 0.00086 43 92 171
0.48938 1.07989 0.01072 204 79 86
1.21333 2.93747 -0.00099 100 231 245
1.27840 2.22329 0.00509 10 2 129
0.10216 0.19422 -0.00703 77 105 92
-1.86691 2.55720 0.00878 178 112 129
1.27303 1.77157 0.00861 8 166 4
0.36162 1.63729 -0.01037 154 247 251
1.15810 0.17988 -0.00579 113 99 239
0.69654 0.06802 0.00013 175 0 70
-2.94067 0.68215 0.00003 198 244 251
-1.70803 2.85029 -0.00257 230 254 189
1.33582 1.60322 0.00350 1 162 23
-1.93972 0.90413 -0.00860 177 77 53
1.39182 2.45589 0.00161 0 58 53
0.68239 0.98585 -0.00340 173 36 5
-1.44599 1.41492 -0.00902 119 160 222
0.79518 0.21534 -0.00036 248 115 104
-0.35047 1.06730 -0.00083 209 87 188
-1.11513 0.35659 -0.00192 93 183 244
-0.51469 1.44223 -0.00085 245 175 77
-0.35913 0.77202 -0.00374 128 143 105
-2.01329 1.80562 0.00107 158 160 158
-1.72891 2.23281 0.00786 155 1 153
-2.21695 2.27835 -0.00642 163 78 151
0.29721 1.89502 0.00623 52 132 61
0.21506 1.61612 -0.00085 98 249 191
-2.75204 0.74205 -0.00675 49 153 55
0.43172 2.23971 0.00121 106 6 176
0.05454 1.82562 -0.01031 1 160 139
-0.05703 2.04301 0.00759 94 127 255
-1.48527 2.31488 0.00842 139 80 105
0.09721 0.47485 -0.00525 0 153 179
0.48635 0.01559 0.00231 124 4 154
-1.48955 0.05691 -0.01022 137 77 224
-0.25455 2.08520 -0.00048 163 115 197
-1.83467 1.34951 -0.00043 254 130 76
1.03783 2.91552 0.00529 94 159 128
0.85555 0.62871 0.00128 238 255 138
0.89276 0.41156 0.00630 147 125 173
-2.78421 0.59513 -0.00706 136 255 248
-2.50797 0.42248 0.00575 75 209 194
-2.14324 2.05779 -0.00443 112 55 177
-1.41192 0.18721 0.00238 110 104 85
1.44753 1.61919 0.00242 6 169 1
-0.43291 2.74974 0.00546 154 172 0
-0.12121 2.91732 0.00119 107 241 203
-1.11541 1.95108 0.00165 89 176 99
-1.13348 0.81784 -0.00489 4 114 75
-2.46137 0.61140 0.00421 5 177 0
0.44440 0.08905 -0.00942 112 2 176
0.95691 2.34524 0.00346 204 88 237
0.89444 2.28112 0.00294 220 78 150
-1.02395 2.38515 -0.00916 40 33 146
0.24309 1.89708 -0.00632 27 130 99
-1.24975 1.53145 0.00242 74 215 81
-0.34228 0.54668 0.00705 202 247 73
-1.15454 2.56604 0.00237 5 113 114
0.15868 1.59091 0.00175 80 240 123
-1.69864 2.24260 0.00204 152 0 172
-0.97555 2.88185 -0.00329 134 246 241
-0.45369 2.96942 0.00047 162 138 94
1.16386 0.25348 0.00074 38 56 107
-0.35002 2.57929 0.00107 133 119 31
-2.90827 2.11251 0.00105 113 26 172
-2.51096 0.73236 -0.00078 0 149 31
0.62635 0.18750 -0.00063 169 24 38
-1.31812 2.09417 0.00599 10 37 77
-1.10648 2.93279 -0.00412 93 225 186
-1.06477 2.53293 0.00125 27 89 78
-1.52965 1.26753 -0.00706 81 17 112
-2.44222 2.86066 -0.00557 85 246 183
-1.77893 2.97501 0.00862 246 211 220
-0.10691 0.33960 0.00485 105 168 76
-1.60686 0.39807 -0.00097 187 198 84
0.22279 2.72252 -0.00432 16 167 23
-1.75039 1.59730 -0.00352 161 167 173
-0.12809 1.10274 0.00187 111 80 85
-2.03442 0.05588 0.00292 226 81 104
0.34301 2.00460 0.00022 58 76 1
0.06992 1.81088 0.00352 0 162 147
-1.54361 2.95281 0.00385 87 146 113
-0.03491 2.02302 -0.00121 88 138 255
0.25145 1.47902 -0.00546 109 194 117
-1.59296 0.29692 -0.00036 102 81 38
1.20568 2.11182 0.00740 105 105 240
-1.32164 2.14812 -0.00272 9 10 27
-0.37391 1.11457 0.00213 215 76 175
-0.28502 2.30634 -0.00065 100 0 169
-1.11812 0.26838 -0.00014 91 125 252
-1.05211 1.68486 0.00967 28 176 167
0.37042 1.24833 0.00707 81 11 2
-0.55841 1.83763 -0.00090 178 149 181
-0.99339 0.81765 -0.00752 45 120 163
-2.32851 0.97718 -0.01009 107 122 178
0.40806 1.37015 0.00250 170 138 147
0.35981 2.15048 0.00595 67 15 84
-2.09921 2.39539 -0.00360 206 102 93
0.25997 1.76345 0.00513 113 252 243
0.43800 2.03747 -0.00493 185 134 156
0.29029 1.55472 -0.00524 120 227 201
-1.44988 1.53271 -0.00185 122 219 132
0.46681 2.64749 0.00077 191 220 103
-2.03101 2.02535 0.00371 155 63 127
-2.83012 0.05360 -0.01056 161 77 193
-2.32184 1.37775 0.00081 33 63 129
-2.01724 0.26735 0.00428 158 60 62
-2.44276 1.02674 0.00368 82 101 217
-0.83851 2.10753 0.00154 196 107 252
-0.83024 1.19898 -0.00110 196 75 141
-1.14311 1.51000 -0.00535 5 134 64
-2.55900 0.01261 -0.00439 5 0 2
-0.01964 1.95188 -0.01090 83 179 255
-1.53169 0.49521 0.00852 83 161 56
-1.18373 1.26041 -0.00599 81 97 130
0.10551 0.08937 -0.00055 76 78 84
-2.94254 0.18275 0.00134 203 103 178
-2.68974 0.08980 0.00054 23 6 0
-2.92393 2.35790 -0.00250 196 93 109
-0.65738 2.91414 0.00393 172 163 12
-0.44978 0.30699 0.00040 165 81 178
-2.97580 1.21889 -0.00229 140 8 42
-2.38778 0.49360 -0.00245 19 169 5
-0.55171 2.36481 -0.00534 250 99 173
0.83149 1.48780 0.00194 245 196 77
1.38411 2.57792 -0.00333 2 113 125
-0.16835 0.01385 0.00478 52 7 179
-2.96828 1.93290 -0.00312 145 105 56
-0.33019 2.84932 -0.00630 196 249 180
-0.79573 0.45506 -0.00320 135 146 54
-2.90231 0.74364 0.00031 185 229 236
-1.72334 1.68593 0.00306 154 177 148
0.26705 1.14281 0.00500 32 3 119
-0.31768 1.98682 0.00184 187 151 87
-1.48550 0.63049 -0.00348 137 251 249
0.39692 2.69255 -0.00370 89 158 13
-0.42085 1.94615 -0.00130 157 103 34
-2.74089 3.00364 -0.00443 122 201 77
-1.95887 2.41679 -0.00581 170 39 134
-1.48811 1.86216 -0.00473 59 146 74
-2.49521 0.84696 0.00457 0 109 131
0.54213 1.66635 0.00414 145 175 49
0.49932 2.80140 0.00161 204 252 226
-1.96973 1.96142 -0.01801 245 171 213
0.18202 0.70656 0.00070 85 236 80
0.17917 1.08058 -0.00058 16 9 177
-2.59713 1.01537 -0.00130 81 96 245
0.06506 1.48605 0.00311 72 204 96
1.28833 0.29414 0.00265 82 152 84
-2.97831 0.88633 0.00139 220 162 192
-0.62543 2.30013 0.00231 255 83 89
-2.32191 1.82876 0.00902 45 153 0
-2.14009 1.91133 -0.00003 112 119 143
-0.29103 2.28606 -0.00309 103 0 172
-0.91993 0.45891 0.00017 157 225 78
1.13626 1.65958 -0.00057 131 251 203
-1.26480 2.09294 0.00251 0 34 28
0.03311 2.51269 0.00497 82 160 203
-1.09751 1.03619 0.00083 90 94 246
0.22597 2.42073 -0.00495 97 116 255
-0.97959 2.22586 -0.00168 56 0 175
-1.92538 0.62065 0.00251 177 180 59
0.79757 2.82023 0.00238 245 251 116
0.54024 0.08406 0.00315 146 1 167
-1.61426 2.87926 0.00402 192 245 255
-0.06698 1.35904 0.00401 95 136 253
1.26621 1.92791 -0.00530 88 188 170
-2.10493 1.24418 -0.00747 132 7 172
-1.69271 1.28808 -0.00151 224 107 96
-2.16174 0.94018 0.00114 179 131 80
-2.42680 1.61232 -0.00098 12 169 175
0.35733 1.85953 -0.00195 72 142 39
0.85088 1.07361 -0.00064 162 13 167
-0.14713 1.00261 0.00041 124 103 91
-0.10075 2.37167 0.00247 31 25 4
0.50237 1.84533 0.00632 207 227 80
1.14791 1.79960 -0.00592 127 241 103
-0.24611 2.21945 0.00462 85 3 176
-1.85859 0.39215 0.00093 255 194 238
-0.93594 2.35401 0.00403 71 19 120
-1.46160 2.60561 0.00139 123 201 205
-0.44432 1.96440 -0.00018 161 85 41
0.46043 2.32062 -0.00614 116 8 133
-0.38882 0.53445 0.01252 219 249 95
0.67209 0.10923 -0.00959 172 5 65
-0.66725 1.52176 0.00198 245 214 91
0.34308 1.27949 0.00546 59 26 0
-1.44668 1.83900 -0.00000 46 152 84
-0.65421 0.89878 -0.00244 251 154 81
-1.30694 2.55791 0.00446 83 182 253
-2.36832 0.17635 -0.00863 105 98 245
-2.78249 1.83614 0.00267 134 232 204
-2.02977 1.95490 0.00333 149 96 169
-2.71731 0.84991 0.00251 33 110 0
-2.28830 2.96955 -0.00175 51 139 143
-2.29900 0.42503 -0.00423 48 136 0
0.49322 1.96975 -0.00098 200 163 140
0.44125 1.61201 0.00285 114 172 150
-2.61035 2.77966 0.00222 83 251 92
-0.54854 0.81890 0.00596 253 193 87
-0.48517 2.46424 -0.00420 248 131 252
1.41971 2.61154 0.00037 77 210 245
0.03750 0.91160 -0.00226 79 144 81
-2.63425 0.83500 -0.00187 12 106 17
-0.10229 0.01255 0.00066 31 5 176
-0.26990 2.05578 0.00085 172 131 155
-0.83683 1.70406 0.00284 114 178 15
1.32658 2.22295 -0.00704 2 0 91
-0.16682 0.11002 -0.00372 50 7 150
-2.47698 0.08920 0.00204 0 2 89
-0.73262 1.90545 -0.00229 148 122 138
0.42937 1.24510 -0.00692 173 85 81
-1.39471 1.41163 -0.00107 106 155 193
1.31486 0.65054 0.00506 4 171 175
1.10964 1.14373 0.00410 65 6 17
-0.31012 2.45913 0.00137 111 53 92
-2.23260 1.39521 0.00378 80 74 175
-2.35260 0.02401 -0.00400 101 81 222
-1.28910 0.08485 0.00656 81 84 78
-2.78594 0.18135 -0.00095 60 27 4
-1.89879 2.08283 -0.00133 253 111 81
-2.86191 0.51851 0.00145 100 167 136
-2.56577 0.24305 0.00486 79 124 223
-0.20461 2.11674 -0.00326 150 105 239
-2.90169 1.29099 -0.00180 112 29 155
-2.81997 0.47491 0.00274 76 154 123
0.39281 0.78167 -0.00455 167 212 223
-0.97670 2.00038 0.00653 130 150 108
-1.05280 2.21571 -0.00849 30 2 133
1.29064 1.78181 0.00178 6 171 9
0.52627 0.29149 0.00518 216 144 117
-1.91776 1.91604 -0.00534 248 196 211
1.27986 1.86716 -0.00852 89 222 119
-2.13726 1.17264 -0.00185 116 7 121
-0.74355 0.77230 -0.00626 229 211 183
-1.61900 0.49876 0.00780 196 244 83
-2.87107 2.21765 0.00536 176 79 172
1.11122 2.54343 -0.00324 137 174 95
1.33594 2.94259 0.00374 79 219 136
-1.80976 2.68244 -0.00327 248 234 84
-1.33518 2.57287 -0.00696 91 186 246
-0.90063 1.42099 -0.00465 87 85 170
-2.55233 1.97663 0.00619 75 166 104
-2.59692 2.70314 0.00467 79 238 123
-2.24481 2.80953 -0.00344 67 177 182
-0.39436 1.79748 -0.00269 143 167 119
-1.02518 2.23115 -0.00065 35 0 163
-0.70153 1.42956 -0.00617 242 171 174
0.21069 0.59197 -0.00365 12 176 49
-1.42686 1.70485 -0.00230 110 252 85
-2.54502 0.03225 0.00077 2 0 17
0.33548 2.95748 -0.00557 61 141 158
-1.96240 0.03256 -0.00153 172 0 14
-0.37014 2.64575 -0.00193 219 221 86
0.23080 1.06568 -0.01582 27 10 173
0.40144 2.21004 0.01001 167 78 236
0.59838 2.18720 0.00439 237 86 219
-1.61123 0.81597 0.00694 118 117 180
0.65595 1.92099 0.00597 254 191 226
0.98747 1.78275 0.00639 193 244 217
-0.49969 0.54412 0.00493 168 174 97
-0.92794 0.15743 -0.00512 77 13 163
-2.18753 2.41954 -0.00676 165 108 77
-2.09126 0.89048 -0.00039 209 158 81
-1.53423 2.08691 -0.00662 84 32 178
-2.35992 1.45392 -0.00199 101 191 231
-0.35284 1.03233 0.00811 210 94 223
0.64862 0.54172 0.00289 244 252 234
-2.30765 1.50032 -0.00310 117 199 255
-0.63912 0.42687 0.00114 180 142 153
-0.20936 2.39411 -0.00609 75 31 60
-1.07588 1.22444 -0.00030 98 85 105
1.09842 1.21942 0.00864 70 11 2
-0.43817 0.62597 -0.00994 238 255 85
-1.21154 0.52664 -0.01280 1 170 119
0.57885 0.33585 0.00958 228 167 75
-1.18038 0.54580 0.00606 81 253 156
-2.67470 0.19738 -0.00932 16 25 35
-2.75398 0.16526 -0.00276 49 18 1
-2.13232 1.61182 -0.00331 186 240 86
-0.00757 1.97862 -0.00126 83 165 254
-0.77057 2.68786 0.00177 140 162 170
-0.82456 2.18374 -0.00401 205 83 220
0.51166 0.95179 -0.00374 134 56 82
-0.46180 0.25791 0.00226 165 53 160
-0.70079 0.14433 0.00336 235 90 99
-1.51701 1.99478 -0.01047 81 78 144
0.29268 2.90965 0.00149 43 157 97
-2.46429 2.33981 0.00534 2 16 178
-2.33383 1.65615 0.00440 111 250 190
0.35448 2.22996 0.00605 141 75 222
-2.75239 1.30397 0.00093 124 113 227
1.33851 1.67519 -0.00501 2 175 0
-2.41467 2.89443 0.00900 83 240 217
-0.50388 1.70374 -0.00964 252 255 237
-1.39837 0.91798 -0.00039 105 140 77
-0.91806 1.94500 -0.00355 166 174 124
-1.13548 2.32572 0.00456 11 12 154
0.35491 0.97508 -0.01240 146 114 244
0.58177 0.23711 -0.00840 235 121 114
1.27110 0.56591 0.00044 86 255 204
-2.42575 0.37265 0.00059 85 187 175
1.18054 2.43207 -0.00011 111 123 121
0.02547 1.33194 -0.00042 3 42 159
-2.05567 1.72272 -0.00784 220 255 147
-2.51479 1.49709 0.00639 0 121 67
-1.86807 1.95009 0.00612 255 181 151
-2.27294 2.33001 0.00053 135 91 153
-0.54595 2.41586 0.00584 252 111 213
-2.32988 2.34406 0.00249 113 88 189
-1.75706 2.20457 0.00483 236 84 197
0.49978 1.06649 -0.00008 208 92 89
0.48099 1.88348 -0.00188 203 212 88
-2.75436 2.41093 -0.01473 50 28 58
1.11792 1.16885 -0.01138 59 2 7
-1.28609 1.10722 -0.00275 3 2 169
-2.20463 2.47198 -0.00268 163 146 84
-1.46637 2.14890 0.00867 52 14 138
0.31949 2.73192 -0.00546 60 173 8
0.73340 1.95922 0.00053 254 171 253
-2.57235 0.24764 -0.00257 80 122 218
-1.38618 0.88548 0.00087 102 158 83
-0.35392 1.07115 0.00372 211 84 185
-2.62117 0.92353 -0.00421 8 68 99
0.39881 1.66093 0.00905 94 171 148
-0.85876 1.84372 -0.00258 183 227 88
-1.84191 2.18526 -0.00822 250 78 117
1.23480 0.63583 -0.00777 19 176 144
-0.56015 0.06272 -0.00455 250 76 77
-2.38756 0.64311 -0.00577 97 252 125
0.62610 2.59744 0.00178 166 124 103
-2.93001 2.87303 -0.00206 118 171 163
-0.63965 1.22115 -0.00565 178 2 177
-0.33033 0.86896 -0.00339 132 86 167
0.07753 1.23749 0.00139 0 3 172
-0.98169 0.34135 0.00025 127 172 162
1.40353 0.31491 -0.00060 75 158 103
1.44771 2.70360 -0.00618 81 240 229
0.92689 1.44261 -0.00471 218 173 81
-0.26182 2.51979 0.00427 94 87 11
-2.40697 2.38255 -0.00383 14 26 155
-1.52941 0.76717 0.00311 154 218 238
0.51988 0.20561 -0.00351 213 114 181
1.07240 1.31041 0.00377 76 39 17
-2.98120 1.73416 0.00745 220 255 96
0.43751 2.41704 0.01517 102 35 85
0.31592 1.38479 -0.00110 55 65 15
-0.00408 1.93959 -0.00485 85 182 250
0.75968 1.77180 0.00461 177 174 109
0.72434 2.99747 0.00031 255 207 76
-2.43856 0.46747 0.00304 82 224 111
1.26781 0.59659 0.00330 88 251 211
-2.83195 1.34885 0.00560 84 51 171
0.96399 1.56471 -0.00936 201 236 184
-2.93853 1.13098 0.00730 130 0 18
-1.19936 2.15823 -0.00130 78 86 79
1.48598 0.88712 -0.00406 14 84 5
-0.92631 2.29331 -0.00376 82 3 141
1.42523 2.42712 -0.00154 2 44 59
-2.74435 1.56379 0.00534 41 156 0
-1.80785 0.84555 0.00855 174 104 122
-0.69519 2.49409 0.00432 244 154 173
0.24319 1.66034 0.00546 106 251 237
-0.36402 0.19829 -0.00398 136 28 173
-2.33041 0.28179 0.00663 35 67 95
-2.77498 2.17870 -0.00198 134 84 134
-2.23332 0.19466 0.00661 151 104 158
-1.25479 0.62591 -0.00077 72 255 149
-1.49900 0.22910 0.00009 74 43 36
-0.66245 2.56625 -0.00492 250 185 236
-0.84313 0.06777 -0.00143 109 0 173
-0.69066 0.32451 0.00055 163 93 42
-1.62723 1.94045 -0.00717 201 181 97
-1.22660 2.58460 0.00438 78 193 235
0.10630 2.25257 -0.00549 83 73 76
-1.48635 0.17256 0.00311 138 90 150
1.18988 2.36432 -0.00954 113 92 166
-1.66289 1.34908 0.00238 211 127 145
0.22495 2.04354 -0.00537 19 58 8
0.96113 1.23277 -0.00284 124 12 64
-2.92905 0.60883 0.00422 194 248 228
-1.59561 0.68653 0.00442 187 245 230
-1.73557 0.69674 0.00535 154 168 59
-0.34133 0.70632 -0.00280 124 166 60
-1.29318 0.77527 -0.00620 72 204 79
-2.91706 1.84775 -0.00593 120 147 40
-1.61808 2.76336 0.00671 196 253 198
0.32437 1.06222 0.00664 57 12 134
-1.83937 1.14990 -0.00045 255 74 196
-2.23123 1.27441 0.00557 78 20 121
-0.58355 2.95108 -0.00322 175 140 10
-2.95073 2.54575 0.00473 206 171 90
-2.63902 0.18357 0.01121 14 22 49
0.05811 2.60002 -0.00066 74 202 252
-0.90951 2.70895 0.00263 165 243 165
0.72360 1.37913 0.00196 255 145 201
-1.09728 2.46698 -0.00036 19 56 152
-1.39708 1.05135 0.00406 30 16 48
-0.88215 0.08168 -0.01033 98 1 177
-2.95498 0.86292 -0.00445 210 171 194
-1.63867 1.06417 -0.00142 203 86 111
-0.31117 1.08343 0.00428 188 83 144
-1.27543 2.19236 -0.00096 0 10 0
-1.87804 1.87958 0.00330 253 206 203
-2.85826 2.04270 0.00334 97 53 180
-0.06450 2.51115 0.00367 20 79 42
-2.56364 1.98149 0.01016 76 164 113
-0.54348 1.40267 -0.00487 180 75 18
1.31887 0.88353 -0.00249 0 85 47
-0.46501 2.36672 0.00346 239 96 249
-1.18906 1.09974 -0.00034 78 77 250
1.10776 1.70428 -0.00137 144 251 195
-1.20678 0.85197 0.00186 76 173 135
-0.11383 2.94136 0.00116 106 227 183
0.19920 0.40980 0.00024 13 132 171
0.58353 0.04568 -0.00717 164 1 161
-0.85839 2.05602 -0.00049 182 125 232
-1.54239 0.05863 -0.00371 162 75 250
-0.32069 1.01576 0.00208 195 100 198
-1.33850 0.33023 0.00889 11 86 85
0.22159 0.16328 0.00859 96 94 155
1.28289 2.09033 0.00173 86 112 255
0.40790 0.76293 -0.00139 90 142 138
-2.11278 0.76441 -0.00161 202 215 164
-1.72924 2.60065 -0.01385 156 121 7
0.88489 1.63511 -0.00387 231 246 177
0.57075 1.31576 -0.00410 234 110 232
-1.83454 0.15452 0.01135 176 18 100
0.72086 1.44391 -0.00496 176 94 78
0.55184 1.87932 -0.00530 218 210 114
-2.40622 0.79579 0.00306 5 124 139
-0.49963 2.34457 0.00037 246 95 207
0.58233 1.06081 -0.00215 230 82 82
0.14755 0.16192 -0.00057 83 94 104
0.62022 1.86603 -0.00373 245 216 156
1.12809 2.55300 0.00252 132 184 83
-2.19362 2.50427 0.00100 176 155 104
-2.01465 1.45518 0.00341 233 191 95
-2.75145 2.96017 0.00210 120 215 76
-1.57012 2.32828 0.00540 178 84 160
0.14239 0.36065 0.00046 3 105 158
0.27369 1.62402 0.01132 117 246 236
-1.07112 2.90378 -0.00474 98 241 185
-0.25883 0.92302 0.00149 90 66 151
-0.10546 1.88190 0.00362 109 208 151
0.88065 2.33130 -0.00053 234 86 170
-1.49745 1.63694 -0.01628 139 247 100
-1.35173 2.66897 0.00488 15 153 172
-1.75786 2.34640 -0.00023 158 13 185
0.34712 1.65371 0.00357 142 251 245
-0.67771 0.80335 0.00238 241 200 117
0.52398 2.31948 0.00394 135 8 96
-0.55001 0.35224 0.00175 179 100 158
-0.06267 1.70002 0.00410 23 181 0
0.14870 2.68964 0.00031 5 165 93
-0.24671 0.50508 0.00309 159 244 82
-1.06065 2.59110 -0.00335 28 124 30
-1.54485 2.08688 -0.00017 87 39 173
-2.01870 1.86653 -0.00112 156 140 178
-1.35211 1.91158 -0.00605 8 121 176
-2.67132 2.90914 -0.00342 99 243 77
-1.76993 2.94932 0.00760 245 227 224
0.37954 0.21318 0.01170 81 37 175
0.18417 2.40132 0.00442 89 109 217
-2.94621 2.66919 -0.00522 126 155 116
1.21652 1.48558 0.01095 23 122 173
-0.07576 0.40576 0.00343 104 209 107
1.14511 0.56981 -0.00328 51 178 22
-1.90790 1.63567 -0.00463 178 173 116
0.34771 0.17670 0.00883 142 99 242
-1.25084 2.84308 -0.00196 2 178 1
0.18501 1.17797 0.00025 14 0 148
-1.09178 0.54069 0.00200 94 251 93
1.48003 0.49744 -0.00530 91 246 254
1.31448 0.14521 -0.00732 0 12 81
-1.63651 2.07845 -0.00234 202 110 194
0.30873 2.78155 -0.00185 53 177 20
-1.83102 2.34933 0.00512 176 18 164
-1.78603 2.42893 0.00165 171 53 156
-0.38974 0.89031 0.00391 144 82 166
-1.86490 2.09761 -0.00448 255 106 77
-1.90676 1.52330 0.01105 176 136 27
1.33893 0.43687 0.00271 76 223 161
-1.13772 2.76458 0.00764 82 250 76
1.12521 1.07409 0.00772 57 1 51
0.62843 0.26905 -0.00152 244 136 77
-0.09620 1.01130 0.00148 112 105 77
-0.68264 1.96033 -0.00036 167 97 179
-2.55791 0.51447 -0.00409 75 251 154
-1.11676 2.19885 -0.00168 15 4 88
-2.76200 0.03254 0.00278 42 2 74
-0.23627 1.80879 0.00169 159 242 83
-1.39242 2.13895 -0.00145 22 19 85
1.48213 0.55350 0.00886 88 252 241
-2.41726 2.42493 0.00110 17 44 105
-2.23087 2.68828 0.00338 67 160 129
0.91785 1.78433 -0.00061 216 247 249
0.61202 0.64278 0.00395 165 172 172
-0.73437 2.30505 0.00213 231 82 84
-2.46298 0.32150 0.00055 79 168 231
-1.53894 1.86308 -0.00110 87 145 32
-2.07304 0.97829 0.00053 215 115 98
-2.14480 1.96478 -0.00411 104 94 167
-2.99173 2.32244 -0.00610 214 85 169
0.36475 2.04234 -0.00248 72 56 20
-0.40139 2.31762 0.00093 227 83 243
0.40406 2.18507 0.00305 165 82 235
-0.24958 2.60574 0.00091 165 209 85
-2.52234 1.15252 -0.01033 75 76 182
-2.36575 2.26664 0.00214 105 77 249
0.82557 1.97565 -0.00878 174 91 134
0.98952 1.39918 0.00303 115 73 15
-0.65668 1.49380 0.00806 247 198 97
0.37520 0.54289 -0.00338 78 167 3
-0.77928 1.75180 -0.00466 215 251 84
-0.36336 1.61166 0.00369 132 167 180
-1.24667 0.78332 -0.00318 72 204 77
0.84851 2.57157 -0.00216 234 190 241
-2.35048 2.24026 -0.00421 104 74 255
-0.53565 1.82970 -0.01309 178 155 179
-2.64629 1.92709 0.00169 95 189 218
-2.00336 2.53901 0.01332 233 166 245
-2.59136 0.84463 -0.00990 1 100 55
-2.03086 0.69433 -0.00265 236 245 150
0.75947 1.92750 0.00519 252 188 250
-2.28152 0.22408 0.00304 56 40 97
-2.53543 2.20417 0.00392 5 0 67
0.09223 2.97167 -0.01497 0 137 0
-1.23649 2.49533 0.00057 75 145 254
-0.45110 1.09925 0.00610 162 1 164
-0.75484 2.40222 -0.00370 217 107 74
-2.22558 2.94671 0.00075 76 146 104
-1.35201 1.69646 0.00020 94 248 111
0.63166 1.02709 -0.00206 245 96 83
-0.49847 2.65698 -0.00274 178 147 89
1.41145 2.29108 -0.00387 0 5 0
-0.61271 0.80989 -0.00320 250 193 78
-0.96740 1.58669 0.00854 67 164 167
-0.99557 1.52175 0.00135 47 140 169
0.68252 2.11276 -0.00349 252 106 210
-1.90211 0.73967 0.00246 174 150 0
1.08611 2.16111 0.00273 72 10 132
-2.52951 1.39136 0.00782 78 142 75
-1.19813 2.03553 0.00440 79 137 103
-1.29996 1.39213 -0.00043 10 78 47
1.23176 1.32455 0.00792 100 117 205
0.15079 1.91423 0.00828 0 118 149
0.14967 1.84489 0.00898 6 148 181
0.76754 1.70125 0.00859 179 178 70
-1.01109 1.28187 -0.00230 119 94 77
-1.26425 2.00447 0.00589 1 75 105
-1.97776 2.67550 0.00185 243 234 203
-2.22307 0.11721 -0.00258 153 82 209
-2.30925 1.95295 -0.00967 43 92 56
-0.77895 1.61310 0.00862 215 247 104
-1.90543 1.69201 0.00459 175 175 145
-0.23596 1.11303 0.00302 166 73 87
0.68720 2.98951 0.00503 254 205 88
0.01406 2.25080 0.00607 81 70 90
1.07422 1.19872 0.00294 78 1 9
-2.07254 2.06588 -0.00339 142 46 124
-1.27858 0.44774 -0.00159 3 147 173
-1.04873 1.63969 0.00266 26 175 180
-0.63118 0.34433 -0.00463 174 103 105
-2.91786 1.09182 0.00339 126 5 4
0.95810 0.86530 0.00112 207 175 176
-0.55958 2.27131 -0.00139 254 79 104
-1.73319 2.44604 -0.00321 162 50 124
-2.30988 2.72176 -0.00702 48 170 92
-2.89480 0.96556 0.00116 186 123 84
-0.04512 0.31312 0.00282 96 162 81
0.43664 1.79634 0.00500 178 242 103
1.43979 2.17728 -0.00115 73 84 115
-1.36568 0.87555 -0.00434 98 160 83
-1.97546 0.70332 -0.00973 171 160 30
1.37517 2.59926 0.00435 76 203 219
-1.47421 2.43313 -0.00315 132 117 80
-2.09960 0.51268 -0.01231 129 165 149
0.44101 0.15490 -0.00527 108 12 175
0.17072 2.08546 -0.00488 8 40 13
-2.56006 1.08785 -0.00593 76 86 249
-0.26071 2.25010 -0.00545 93 0 179
-1.00536 2.01367 0.00897 122 147 106
1.43885 2.03748 0.01120 78 141 224
1.19748 2.09882 0.00171 34 28 154
-1.70584 2.87026 -0.00087 225 246 214
1.24434 2.67513 -0.00070 92 237 186
-1.60817 0.74026 0.00108 116 145 173
-2.84044 1.17576 -0.00052 82 0 120
-0.65230 1.73401 0.00281 249 253 146
1.22304 2.14903 0.00381 99 92 253
1.20731 1.65365 -0.00925 26 170 81
1.48325 1.58408 -0.00889 12 165 8
-0.43549 0.28527 0.00422 163 71 179
0.74361 2.14958 0.00369 255 90 129
-0.00236 2.81838 0.00104 82 255 181
-0.63904 1.90757 0.00497 170 117 177
-0.29883 0.89563 -0.00186 113 74 170
-0.13027 0.48593 0.00215 112 235 129
-2.72493 0.91919 0.00222 43 70 11
0.40803 0.99598 -0.00018 94 31 122
-1.97179 0.08485 0.00661 169 0 3
1.35341 2.65855 0.00988 76 223 241
-0.42543 2.36931 -0.00395 226 93 251
-1.70976 0.05278 -0.00006 154 0 123
1.19285 1.44125 0.00344 109 175 253
-2.67787 2.19252 -0.01159 95 83 76
-0.79189 2.64737 -0.00069 131 140 128
-0.68932 1.40271 -0.00530 246 151 188
-0.56886 1.51768 0.00374 255 209 85
-0.16449 2.17352 0.00314 129 86 248
0.85291 0.05873 -0.00371 238 77 76
-1.19848 2.25405 0.00825 78 76 131
0.01868 2.50279 -0.00478 82 152 189
-0.06771 1.15982 -0.00581 96 75 158
-2.25069 0.18609 -0.00101 143 99 181
-1.88614 0.84574 -0.00824 183 97 62
0.11444 0.24249 0.00218 5 44 48
1.15731 1.08101 0.00226 50 8 28
-2.43476 2.39414 0.00377 10 25 158
-2.96412 1.02567 -0.00030 136 26 13
-1.22636 0.55286 -0.00423 2 176 115
1.40159 1.58721 0.00026 4 161 1
-1.88279 0.43897 0.00263 251 225 233
-0.77911 1.56467 0.00604 213 226 130
-0.90038 2.24258 -0.00344 88 0 164
1.11774 0.27074 0.00063 60 60 138
-1.87983 2.47162 -0.00278 181 67 178
0.81083 1.64829 -0.00574 249 253 137
1.17801 0.40470 -0.00302 39 124 6
-0.16953 1.87349 -0.00131 136 211 98
-1.10607 1.55259 0.00145 16 143 112
1.45768 0.74938 -0.00167 7 143 40
-2.48689 2.45247 -0.00100 4 57 152
-2.21881 0.39521 -0.01044 79 126 9
0.61738 0.25274 0.00006 246 131 91
-1.19553 0.49847 -0.00512 0 168 125
-0.66214 0.76369 -0.00194 248 223 128
-1.11773 1.59318 -0.00416 15 156 140
-1.78315 0.61073 0.00867 168 183 0
-2.20886 1.39425 -0.00163 161 155 255
-0.18404 1.26315 -0.00507 136 93 138
-2.38780 1.00930 0.00617 23 29 115
-1.10272 1.53214 -0.00458 16 139 121
0.80731 2.49352 -0.00402 248 149 233
-1.35549 0.74627 -0.00769 91 220 118
-0.20153 1.26534 0.00566 148 96 130
-2.83100 0.98517 -0.00639 157 114 85
-2.52192 0.01169 0.00198 0 0 13
1.18180 1.77120 -0.00289 111 247 93
-0.42375 2.10800 -0.00941 158 26 18
-1.24996 2.78211 -0.00572 0 177 22
-2.36025 0.63184 0.00635 104 254 150
0.58596 0.03165 0.00686 161 0 173
0.64171 2.80530 -0.00654 248 249 234
-2.67280 0.65077 0.00868 19 171 63
0.75422 2.97350 -0.00438 253 212 79
-2.91909 1.02313 0.00442 118 27 4
-1.05976 2.52588 0.00374 28 86 72
-0.67320 2.97737 -0.00320 170 136 6
1.00782 1.21498 0.00108 110 6 33
-2.60815 2.49799 0.01017 4 82 177
-2.43806 0.24778 -0.00276 81 120 255
-2.72431 2.52876 0.00901 29 93 162
-0.56177 0.67344 0.00034 253 245 123
-0.41020 2.01162 0.00821 150 69 3
-0.50162 0.22891 -0.00762 172 44 110
-0.47853 1.95564 0.00090 168 95 64
-2.74847 1.02123 0.00141 118 99 147
-2.98075 1.04933 -0.00266 137 15 11
-2.84416 0.55443 0.00255 82 177 164
-0.17066 0.77597 -0.00010 52 138 176
-2.79522 1.45615 0.00477 60 104 82
1.46044 0.93414 0.00358 6 56 8
-0.46354 0.25529 0.00294 170 54 150
0.92886 1.49770 0.00563 211 201 107
1.25491 1.40960 0.00473 89 151 252
-1.80354 2.61537 0.00622 245 211 120
-1.73341 2.94011 -0.00165 235 228 234
-0.00637 0.42091 0.00703 84 214 180
0.78531 0.37526 0.00146 252 194 211
-1.44173 0.05235 -0.00002 122 78 205
-1.49728 1.45261 -0.00399 143 174 233
-1.85069 0.73371 -0.00460 179 155 12
0.45648 1.31550 -0.00343 190 113 150
-2.06465 0.95033 -0.00255 220 125 96
0.66732 2.48276 -0.00546 175 67 56
-1.78368 0.11035 -0.00616 168 3 104
0.27304 1.20768 -0.00463 38 3 61
-0.61987 2.23604 -0.00362 249 76 78
0.20976 0.02750 0.00382 91 72 78
1.08324 1.95789 0.00412 80 96 0
-1.71218 1.54897 0.00453 151 146 171
0.11081 0.42280 0.00180 1 136 168
1.23986 2.49200 0.00587 17 67 0
1.19867 1.24457 0.00270 36 11 46
0.58939 1.51742 -0.00657 160 135 127
0.79901 2.22906 -0.00099 251 79 80
1.00070 2.01823 0.00743 109 70 0
-1.58895 0.60314 0.00291 179 255 177
-0.01551 0.22755 0.00048 84 117 75
0.12497 2.06652 0.01186 5 48 71
0.53203 2.24393 -0.00582 141 0 143
-2.21544 0.58526 0.00230 91 176 145
-0.15963 2.84695 0.01061 128 255 253
0.00373 0.51842 -0.00287 6 167 166
1.36527 0.41926 0.00701 77 206 146
0.25850 2.85717 -0.00075 34 174 31
0.04288 1.17172 -0.00397 0 2 169
-0.12939 2.41572 -0.00125 35 38 4
-0.65213 2.50807 0.00201 244 157 212
-1.10445 2.04924 0.00209 89 126 76
1.35086 1.58883 0.00500 2 160 26
0.14316 2.60289 -0.00295 5 125 160
1.03329 2.01732 -0.00980 94 65 6
1.27948 0.97237 0.00128 12 41 25
-0.79872 2.57933 0.00364 131 114 68
-0.68196 1.04190 -0.00100 166 18 55
-0.42247 0.36797 -0.00457 150 112 158
-2.44479 1.26997 -0.00530 81 92 79
0.47601 2.70949 -0.00591 195 246 153
-0.29849 2.86232 -0.00660 190 252 208
-1.52289 0.80806 0.00050 150 207 215
-0.82239 2.47184 -0.00279 132 58 10
0.98795 2.14992 -0.00131 116 15 42
0.15352 2.77630 0.00472 9 172 26
1.26296 1.78821 -0.00173 3 170 5
-1.38395 2.08078 0.00404 25 37 136
-0.10588 2.38135 -0.00164 32 25 1
-1.73219 1.41140 0.00427 155 78 73
0.31380 1.34108 -0.00098 54 41 0
1.25977 0.36299 -0.00416 91 188 74
-1.88606 2.19845 -0.00851 255 83 99
0.51451 1.71871 -0.00211 137 179 29
-1.55324 2.37589 -0.01254 160 96 110
-1.49327 1.33933 0.00540 70 41 178
1.33932 1.01132 -0.00942 79 101 77
-0.91613 1.85792 -0.00815 159 220 81
-2.67269 0.35608 0.00238 97 179 225
0.39677 0.65275 -0.00746 165 252 120
-2.33937 1.13889 -0.00530 37 1 0
-1.04807 0.42439 -0.00242 107 211 146
0.16358 0.73306 0.00031 86 228 79
-1.22876 2.46859 -0.00031 76 135 245
-1.41285 0.90211 -0.00255 112 152 79
0.84344 0.49664 -0.00127 163 164 166
0.67254 2.25484 -0.01511 180 2 26
1.39311 1.76930 0.00980 3 167 55
-0.34099 2.38073 -0.00857 125 21 164
1.37471 0.26087 -0.00428 77 134 74
1.10770 2.66824 -0.00360 70 149 5
-2.72095 1.32611 0.00220 114 118 202
-1.07438 2.74633 -0.00234 99 249 83
-1.21617 2.94799 -0.00573 0 150 39
1.16056 2.41679 0.00216 119 110 151
-2.23912 2.33078 0.00519 148 86 140
0.67133 0.72052 0.00519 176 155 131
-1.96730 0.25612 0.00435 248 126 141
-2.57454 0.35841 0.00418 72 186 253
-0.32371 2.48878 0.01887 122 66 81
0.27782 2.09188 0.00070 38 32 2
-0.52011 0.56199 0.00200 171 176 93
-1.69733 1.23163 -0.00505 229 79 77
0.08039 2.04986 0.00202 0 53 100
-1.06075 2.28591 0.00213 25 3 172
-0.41934 0.38305 0.00015 153 114 151
-2.84098 1.73349 0.01016 164 251 84
0.00378 0.17795 0.00018 86 99 82
1.11136 1.80231 -0.00360 68 164 43
-0.51410 2.48001 -0.00310 253 139 254
0.05260 2.55594 0.00095 76 182 235
-0.86328 1.34697 0.00246 181 127 229
0.41174 1.99907 -0.00736 167 145 105
-1.42801 1.85462 -0.00337 41 149 101
-1.66588 1.77675 -0.00784 135 173 54
0.93180 0.15733 -0.00421 213 88 154
-1.50189 2.22912 0.00059 148 83 184
-1.65592 1.76769 0.00311 134 166 50
-0.03762 0.46421 0.00346 88 233 187
-0.07392 0.74879 0.00487 20 145 143
-2.90148 0.76580 0.00051 195 219 233
-1.50848 1.63598 -0.00570 143 249 107
-2.65663 1.20642 -0.00060 94 78 243
1.21850 1.44458 0.00448 21 104 177
-2.98639 0.32536 -0.00171 140 90 20
0.13441 0.78818 -0.00605 80 211 74
-0.17639 2.84727 0.00196 137 255 254
-1.26185 1.96315 -0.00458 0 97 127
0.50444 2.21260 0.00136 133 2 168
0.18929 0.56766 0.00424 11 180 85
-1.88588 2.86068 0.00352 255 247 91
-0.98523 2.84015 -0.00416 129 255 201
-1.09194 1.85902 0.00242 98 222 153
0.55160 0.65961 -0.00185 144 167 169
-1.18726 1.15622 0.00283 77 75 231
-0.08376 2.99802 -0.00370 97 202 117
-0.88215 0.87401 0.00897 92 90 141
0.19846 1.68711 0.00447 94 255 235
1.35506 2.17914 0.00233 77 81 170
-1.73449 1.21376 0.00450 229 78 80
1.11848 2.11390 -0.00281 59 25 115
1.32323 1.68472 -0.00663 1 180 0
-2.07017 1.93895 -0.00055 144 105 182
-1.37598 1.61174 -0.00287 99 240 78
0.14232 1.31918 -0.00901 2 41 79
-0.98539 1.78046 0.00708 54 171 53
1.10826 2.89653 -0.00791 64 168 157
0.05955 1.15419 -0.00059 1 0 166
0.70856 1.62286 0.00123 182 169 0
-0.12154 2.49631 0.00316 38 72 5
0.75489 1.47784 -0.00819 176 122 21
-2.54339 0.81978 -0.00002 0 116 74
-1.45451 2.04349 0.00335 51 51 180
-2.15608 0.04788 -0.00343 180 73 215
-0.23021 2.66061 0.00047 160 226 114
-2.85254 2.94543 -0.00577 91 146 45
-1.02565 1.76981 0.00452 35 172 93
-1.94446 0.16534 -0.00662 171 18 30
-0.84540 1.53596 0.01094 108 142 128
0.02209 0.05850 -0.00457 84 78 150
-1.47996 0.10340 -0.00175 139 82 198
-0.80248 0.40508 -0.00045 129 125 21
1.03782 0.12729 -0.00234 167 88 215
0.09870 1.51193 0.00128 80 205 70
0.88772 1.52207 0.00588 227 210 101
-0.74693 0.49102 0.00636 143 162 125
0.37055 2.09423 0.00717 72 33 58
-1.11592 2.53883 -0.00830 11 91 107
-0.45707 1.39820 -0.00043 237 156 78
-0.97493 0.91427 0.00091 54 68 166
-2.14023 0.95111 -0.00631 191 132 78
1.13235 0.94587 -0.00280 138 128 227
-0.78607 2.52511 0.00440 212 156 120
-1.66348 2.46469 -0.00052 131 57 52
1.27813 1.12035 -0.00444 88 76 86
-2.05273 1.20481 0.00507 151 0 176
-2.17278 1.14032 0.00680 98 2 55
1.29642 1.28364 0.00156 81 99 222
0.72074 2.61518 0.00367 255 216 253
-2.88278 2.19293 0.00258 101 6 122
1.47740 0.25960 0.00736 86 132 125
-1.42883 0.01157 -0.00913 116 76 218
0.67700 1.83434 0.00113 249 231 179
-1.29649 1.97629 -0.00470 5 86 135
-2.42654 2.54836 0.00020 12 100 27
-1.36744 0.77327 0.00547 95 211 115
-1.33928 0.42693 -0.00660 10 139 153
-0.22384 0.57914 0.00266 149 255 138
-2.86856 1.30320 0.00256 92 33 173
0.54964 0.01471 -0.01218 145 0 182
-1.32328 0.33880 0.00510 10 100 105
-2.39103 0.34743 0.01425 20 105 79
-0.02906 0.01184 0.00269 14 2 143
-0.66447 2.36801 0.01006 241 98 95
-2.90870 2.00207 0.01170 115 76 154
1.41308 0.85302 0.00188 0 90 13
-2.75473 1.62079 0.00210 40 171 10
0.90390 0.09445 0.00257 226 79 96
-2.42775 1.76776 0.00594 10 171 104
0.86393 1.96825 -0.00397 165 90 97
-1.65434 1.74532 0.00116 130 173 57
-0.69387 1.30146 -0.00107 160 35 173
-2.70784 1.78222 0.00102 25 170 150
-2.90547 1.23878 0.00268 112 13 119
0.36707 2.39021 0.00263 153 106 223
-0.07068 2.65403 -0.00255 94 225 231
-0.31241 1.19209 0.00505 196 80 83
-1.34467 1.56970 0.01061 89 230 76
0.45125 0.56406 -0.00289 189 251 106
-0.03050 1.55266 0.00559 14 144 25
1.01330 0.58474 0.00291 105 178 2
1.04166 1.26826 -0.00078 93 21 0
0.31531 1.25918 0.00453 53 14 7
1.32752 1.44430 -0.00258 0 103 144
0.81277 0.08609 -0.00320 246 79 79
-1.31901 2.43977 -0.00274 88 124 182
-0.95489 1.11557 -0.00109 144 78 87
1.37298 0.70263 -0.00139 3 163 153
-1.70157 1.14329 -0.00445 225 73 107
-1.87532 0.21176 0.00124 254 114 200
-2.90745 0.40366 0.01142 113 129 13
1.41090 0.03515 0.00318 2 1 83
-1.82935 0.75573 -0.00076 176 146 31
-0.57848 0.00602 0.00000 255 80 111
-1.76964 1.51635 0.00116 164 136 134
-1.67116 1.64942 -0.00371 143 174 146
-1.33811 2.69293 0.00382 12 162 156
-0.78123 2.57096 -0.00999 218 185 160
-2.23681 1.85533 0.00617 74 146 28
-1.99427 0.46715 -0.00849 244 230 255
0.17371 0.29693 0.00629 11 79 150
0.85200 1.47369 0.01061 239 188 74
-2.34019 1.20409 0.00078 32 4 3
-0.68497 1.27025 -0.00513 164 22 178
0.62621 0.39263 -0.00467 244 204 102
-0.38020 0.26109 0.00110 218 134 252
0.63414 0.16070 0.00468 168 18 56
-0.21756 1.05060 -0.01181 157 91 109
0.59256 2.30742 0.00414 164 4 50
-0.68924 1.62981 0.00812 240 246 74
0.02712 2.46216 0.00029 84 132 149
-0.14711 0.88044 0.00343 50 85 105
-1.36919 1.10909 -0.00069 22 7 114
-1.55966 2.96635 -0.00424 90 143 120
-1.69811 2.65871 -0.00371 223 229 79
-0.17116 0.80922 0.00114 52 117 155
-0.55065 1.70804 0.00150 252 255 220
1.13261 2.95984 0.00019 50 141 175
-0.34143 1.44289 -0.00486 131 103 86
-2.64672 1.54832 0.00308 9 140 20
0.53225 1.78887 -0.00238 140 166 0
-1.10995 0.39921 0.00142 88 203 206
-2.07661 2.36812 0.00768 223 93 97
0.58970 1.65925 -0.00012 164 180 22
-2.70900 0.30972 -0.00390 110 155 164
-2.29564 2.42097 -0.01011 128 118 113
-2.18202 0.75054 0.00087 170 222 222
-0.00726 2.58200 -0.00878 83 194 228
-2.83336 1.13152 -0.00556 83 1 91
-0.49786 2.46287 -0.00233 247 134 255
0.24633 0.67204 0.00643 108 241 75
-1.42988 1.43353 -0.00160 122 170 196
0.26110 0.81346 0.00113 114 201 136
-1.58339 2.19301 -0.00642 104 4 175
0.45866 0.78299 -0.00444 112 131 170
-0.52681 1.39974 0.00561 252 151 90
0.23214 1.12041 -0.00606 23 1 161
1.32819 1.51095 -0.00567 0 132 91
0.59780 0.29061 0.00101 238 142 82
-2.87955 1.49633 0.00007 176 203 192
0.21428 2.10479 -0.00150 19 30 0
-2.83435 0.14737 -0.00590 154 89 117
-1.08736 2.04473 0.00516 95 134 79
0.94032 0.32071 0.00729 136 88 182
-1.31649 2.75831 0.00219 9 177 93
-1.81520 2.52565 0.00012 176 91 117
-0.28474 1.96982 0.00361 189 165 84
-0.91454 1.43803 -0.00535 77 98 171
-2.97518 1.12380 0.00555 144 1 0
0.39834 1.93773 -0.00575 163 187 77
-1.60443 2.96553 -0.00057 192 215 232
-1.79135 1.89749 -0.00263 245 209 115
0.84197 0.61315 -0.00139 240 254 158
-1.27537 1.53384 0.00800 78 226 92
-0.39358 2.11906 0.00408 214 99 112
0.74235 1.49689 -0.00387 182 122 24
0.45003 2.72844 0.00252 184 249 152
-0.30009 0.55231 -0.00510 185 253 81
-1.02192 0.88408 -0.00510 37 81 175
0.52042 1.72297 0.00056 141 177 17
-1.45000 0.69047 0.01231 128 245 243
-2.09984 0.94241 0.00142 207 128 81
-2.91893 2.07398 0.00077 121 40 177
0.34833 1.50851 0.00351 142 216 220
-0.71094 1.05226 0.00009 165 15 47
-0.74923 1.94364 0.00762 154 102 163
-1.30608 2.96756 -0.00976 9 141 0
-0.28069 1.24032 0.00426 180 86 80
-0.36800 1.44414 0.00257 137 106 73
-1.55727 2.61175 -0.00542 87 131 53
-0.22919 1.92238 0.00168 157 194 91
-0.65198 0.71282 0.00138 249 233 161
-2.58134 0.17831 -0.00222 3 24 76
-2.36606 2.15014 0.00455 25 16 156
-1.11753 2.70761 -0.00041 82 242 81
-0.95346 1.66186 0.00653 63 174 132
-0.05802 1.82504 0.00551 93 232 140
0.65265 0.04870 -0.01149 171 0 122
-2.37934 1.29476 -0.00433 24 25 31
-1.03466 0.55108 -0.00271 115 244 76
-0.37275 2.86365 -0.00508 218 250 155
-1.54704 0.81892 -0.00082 170 191 225
-0.64841 1.37635 -0.00463 176 62 115
-1.17664 0.12932 0.00195 1 7 60
-1.66607 2.39943 -0.00903 138 29 105
0.97896 2.14300 -0.00052 111 14 35
-1.68162 2.05048 -0.00116 215 129 145
-1.02679 2.42546 -0.00405 42 42 126
-1.46909 2.44583 0.00208 134 127 87
-2.58892 2.26168 -0.00706 2 0 65
-1.60425 0.82887 0.00939 185 181 237
-0.96463 1.35733 -0.00222 141 132 156
1.23571 2.26287 0.00255 23 0 131
-2.65139 0.06748 0.00280 16 1 2
-0.80534 2.35365 0.00730 126 18 18
-1.70499 0.56547 0.00492 227 251 77
-1.97262 0.81605 0.00440 170 117 2
1.40574 1.62846 -0.00173 0 170 0
-1.30975 1.95902 0.00155 3 97 157
-1.66340 2.61033 0.00300 215 206 77
0.61483 0.48338 0.00414 241 234 157
-1.84432 0.92581 -0.00148 177 61 152
-1.83056 2.02971 0.00328 252 139 83
-2.81564 1.65528 -0.00356 150 255 77
0.84343 2.45217 -0.00447 245 132 239
-2.42325 2.44028 -0.00364 10 45 119
-2.95163 2.77281 0.00043 132 174 167
-0.65934 2.36970 0.01069 251 97 103
-2.61272 2.42837 0.00554 9 40 166
-1.24054 2.44311 -0.00034 78 122 233
-0.22490 1.61979 -0.00100 81 173 123
-2.45699 2.87199 0.00046 84 248 182
-2.02129 2.12097 0.00395 165 28 49
-1.09024 2.71509 0.01051 94 244 76
-1.11774 2.43985 -0.00038 12 43 167
-2.81974 1.89604 0.00411 77 133 149
-0.57354 0.18094 -0.00022 255 92 98
-0.98894 2.86991 -0.00300 130 250 224
0.26754 2.10223 -0.00173 36 26 14
1.47862 2.24961 0.00056 12 3 5
-1.82699 0.32346 0.00292 255 168 250
1.02020 0.47962 0.00232 108 157 57
-1.84917 1.37625 -0.00357 255 137 76
-0.72928 0.00364 -0.00279 229 78 223
1.18557 2.95028 0.00395 37 146 163
-2.10891 2.69552 -0.00450 126 166 177
-0.26944 1.65603 -0.00597 93 177 128
-1.90971 0.71222 0.00326 174 161 4
0.07747 2.10810 -0.00106 0 30 62
-1.71226 1.48420 0.00144 152 119 147
0.28924 2.38598 0.00368 119 102 251
-1.12097 2.34044 -0.00651 11 10 166
-2.24150 2.57046 0.00653 145 193 111
-0.18461 0.54872 0.00224 140 250 138
-2.45559 1.66072 0.00008 5 177 175
1.26068 0.80494 0.00688 13 123 146
-0.02302 0.11195 -0.00069 9 4 64
-2.64049 2.71981 0.00020 90 248 136
-1.27749 1.58708 0.00673 77 238 107
-0.20464 1.97749 -0.00974 148 165 137
0.95805 2.29299 -0.00035 203 72 204
-0.48167 2.78857 0.00364 168 181 0
-2.20287 0.79285 -0.01091 165 203 217
-1.01416 0.29061 -0.00164 120 146 224
-1.94145 0.87607 -0.00506 170 88 36
-0.69200 2.19769 -0.00228 168 5 51
-1.02273 2.26552 0.00463 36 4 176
-2.55063 1.65504 -0.01175 0 175 162
-1.13760 0.07569 -0.00498 6 0 31
-0.30936 2.37664 -0.00570 114 21 148
-1.83545 1.30995 -0.00250 254 113 84
-2.56769 1.32233 -0.00190 77 119 91
-2.85179 2.46657 -0.00386 168 133 98
-2.24022 2.72459 -0.00035 73 167 159
0.77104 1.87706 0.00295 254 219 251
-1.39120 1.59293 -0.00001 98 236 77
0.29097 2.32135 0.00160 120 79 242
-0.89096 2.81465 0.00768 170 255 244
0.78131 0.95121 -0.00705 173 43 48
1.27525 2.82817 -0.00004 84 253 252
-2.76199 0.65811 0.00583 45 174 125
-1.45552 0.48274 -0.00604 51 160 104
1.02951 0.57484 -0.00410 102 176 1
0.20952 2.80772 -0.00503 14 178 3
0.25981 0.84719 -0.00021 106 179 163
-2.53594 1.10293 0.00696 75 81 224
-0.99373 2.98566 -0.00845 124 202 255
-2.46747 2.52090 -0.00259 5 88 84
-2.09178 0.37865 0.00158 131 115 81
-2.27866 2.32233 -0.00110 138 80 167
-2.57188 1.47978 0.00667 1 121 24
0.23416 1.99808 0.00452 30 71 23
-0.68889 1.27539 -0.00377 166 24 179
-2.28236 1.18863 0.00926 48 0 17
-0.27640 2.24269 0.00153 103 1 175
-0.61391 0.89942 0.00199 255 154 88
0.89016 2.18450 0.00389 153 5 12
-2.41496 1.40008 -0.00337 84 150 153
-1.17536 0.78153 0.00959 6 126 25
-1.05086 1.56613 0.00789 26 157 169
-2.72451 1.38128 -0.00578 113 146 150
0.96543 0.91381 0.00062 199 139 220
1.30513 0.09080 -0.00258 3 1 140
-3.00006 0.34018 0.00157 151 99 19
-2.36978 2.83707 0.00811 26 180 140
-0.71108 2.09776 -0.00186 163 30 134
0.18055 2.94909 0.00214 11 149 39
-1.12115 0.50786 0.00561 89 242 140
-0.81337 1.60519 0.00211 123 164 64
0.33402 2.90744 -0.00666 64 155 128
-0.83623 1.99051 -0.00163 190 159 204
-2.79791 1.39878 -0.00007 141 149 209
-2.89770 1.16021 0.00291 109 2 55
0.16497 0.15171 -0.00389 90 95 104
0.57860 1.54044 -0.00489 155 136 122
-0.27232 1.70104 0.00784 100 179 105
-2.51684 2.62298 0.00531 76 212 121
-1.70795 0.21838 -0.00115 227 109 251
1.13366 1.14637 -0.00389 54 0 9
-0.93958 0.94657 0.00464 73 56 112
-1.58170 1.58224 -0.00533 176 232 196
-1.59297 1.88661 -0.00384 105 137 18
-2.46636 1.47324 -0.00089 3 115 88
1.45307 0.93809 -0.00326 4 59 13
0.71247 0.11400 0.00462 182 3 30
-1.15166 1.06722 0.00406 78 87 251
-0.64925 0.16163 0.00337 249 97 74
1.14476 0.30548 -0.00138 48 79 79
-0.43190 1.01582 0.00547 153 25 172
-2.90271 0.35839 -0.01175 117 103 0
0.18319 1.75344 -0.00261 93 253 249
-1.86912 1.00041 0.00979 255 105 250
0.46165 2.42262 0.00620 114 37 68
-2.79751 2.96001 -0.00509 139 222 88
-2.76467 1.79711 -0.00573 51 163 118
0.22790 0.22405 -0.00905 22 42 136
1.30362 0.05850 -0.00151 6 0 161
1.14700 2.60528 -0.01390 48 130 4
-0.15342 0.44134 -0.00458 125 217 88
-1.42308 2.07935 -0.00996 37 34 149
1.13477 1.56882 -0.00016 136 235 252
-0.88445 1.00813 0.00039 169 101 111
-0.93194 2.84922 -0.00682 149 251 245
0.88691 1.08479 -0.00585 155 5 175
-0.16461 1.22866 0.00128 131 87 142
0.87280 2.22715 0.00427 234 74 100
0.26331 2.39050 0.00036 116 107 250
-2.52032 2.50123 0.00869 2 80 136
-1.92528 0.38971 0.00812 250 200 253
-2.80722 1.63923 0.00452 147 248 77
-0.93246 2.32917 -0.00313 72 6 134
-1.42674 0.40842 -0.00871 40 131 80
-0.50614 2.23061 0.00117 243 76 105
-2.92327 2.57896 -0.00061 205 190 122
0.67690 2.59797 -0.00004 253 206 226
0.40576 2.63457 -0.00751 168 219 78
-2.52013 2.90749 0.00889 72 237 153
-2.21941 1.41618 0.00129 151 165 255
1.37417 0.40470 -0.00394 74 200 158
0.61181 2.51345 -0.00264 159 82 31
-0.13872 1.55075 -0.00900 40 146 122
0.11780 0.24659 -0.00280 0 52 57
-2.92973 2.83871 0.00564 129 174 179
0.81435 0.74046 -0.00030 248 219 89
-0.27150 1.91397 0.01183 176 194 76
1.41532 0.95854 0.00825 0 52 7
0.57001 2.99173 -0.00824 231 203 144
-2.13995 2.91600 -0.00194 116 154 57
-2.24529 2.21797 0.00398 141 75 225
-2.07682 1.18640 0.00584 138 2 163
-0.76698 2.87276 -0.00238 145 169 112
0.76362 0.38324 -0.00660 254 195 196
0.11004 0.21882 -0.00725 6 37 32
0.90823 1.34744 -0.00540 145 56 18
0.15319 2.59697 0.00974 84 204 233
-0.29311 2.13495 -0.00042 184 90 197
0.88931 2.30272 -0.00436 225 81 156
0.00895 2.56375 -0.00504 82 185 216
-1.11924 2.62411 -0.00444 87 215 118
-2.85972 1.83062 0.00590 92 155 66
-2.88422 2.43284 0.00255 174 113 78
-0.47886 1.13204 -0.00973 168 0 153
1.41473 2.04989 -0.00594 75 125 224
-2.17158 0.96694 -0.00220 176 118 82
-1.77070 0.90185 0.00429 164 73 167
-2.12865 2.26889 0.00109 195 77 94
-0.29744 2.99134 0.00383 182 205 255
-0.69676 0.78748 -0.00053 241 209 130
0.40341 2.17611 -0.00273 175 86 230
0.12082 1.32650 0.00029 4 40 81
-1.85417 1.30651 -0.00795 251 106 99
0.96096 2.78693 0.00469 130 177 2
-0.69417 2.02275 0.00490 166 66 171
1.24975 0.61289 0.00829 15 172 138
-2.65387 1.79240 0.00175 12 164 172
0.14955 1.89357 0.00115 11 131 162
-2.67071 2.26066 0.00716 18 0 24
-0.06780 2.11254 0.00221 101 107 242
-2.00346 1.18364 -0.00061 238 78 248
-0.94065 1.81306 -0.00465 144 235 91
-2.97231 1.21500 0.00429 143 8 51
1.49934 1.79113 -0.00367 13 172 141
-2.38500 0.47536 0.00137 24 153 8
-1.49357 0.72883 0.00512 143 231 241
1.43277 1.82624 -0.00021 78 235 208
1.13976 1.97200 0.00111 45 85 31
-1.29739 0.18255 -0.00484 78 102 87
-0.88803 1.28586 0.00593 170 105 167
-2.82718 1.89464 -0.00561 71 131 144
1.21990 1.13373 -0.00174 93 76 86
0.14466 2.46389 -0.00699 82 133 236
1.31955 2.59145 0.00209 6 121 97
-1.52483 1.37049 -0.00264 80 64 173
0.24588 1.00348 -0.00785 30 28 178
-2.24404 0.35412 -0.00966 74 105 1
-2.30464 2.10189 -0.00036 52 30 161
1.12329 1.42365 0.00837 135 165 198
0.12619 2.15555 0.00506 5 7 4
-2.61432 1.91141 0.00072 85 199 212
-2.15736 0.09092 0.00096 180 80 186
0.70435 0.36871 0.00042 252 189 148
1.11828 0.32230 -0.00081 59 83 97
-2.11339 1.70697 0.00112 207 252 104
0.98385 2.54210 -0.00156 194 169 196
-0.09336 2.34608 -0.00144 25 10 21
-0.40987 1.44787 0.00491 222 184 128
1.24225 0.26682 -0.00270 85 136 115
-0.86680 1.41389 -0.00263 102 83 178
-1.43204 0.01591 0.00027 117 77 215
0.48689 2.51098 -0.00042 126 82 0
-2.92767 0.68134 0.00028 197 242 253
0.68170 0.03201 0.00568 179 0 119
-0.51175 1.50568 -0.00096 255 209 97
0.67278 2.58891 0.00146 178 128 141
0.35785 2.04697 0.00234 71 49 23
-0.06538 2.02961 -0.00303 96 136 253
-0.84069 2.42987 -0.00530 119 46 4
1.02354 0.80446 0.00857 178 203 186
-1.41795 2.36255 0.00365 113 91 79
0.99574 2.13624 0.00479 112 14 38
0.93485 2.33857 -0.00187 212 87 224
0.65601 2.68683 0.00339 251 241 252
-2.59727 1.96617 0.00268 84 172 152
-2.23099 0.18299 -0.00633 153 102 154
1.41239 1.73700 -0.00213 0 174 60
-1.13671 1.58743 0.00568 7 161 125
-1.28296 1.33737 0.00828 5 53 83
0.59568 0.66388 0.00060 159 174 181
-2.20368 0.93156 -0.00739 164 135 104
0.89100 2.17123 0.00262 151 12 6
-2.85914 0.67698 0.00078 172 245 247
-2.87132 0.76620 0.00206 176 216 209
0.66862 1.63070 0.00652 174 170 1
-1.42851 1.48615 0.00434 116 191 167
-0.64689 0.22605 0.00117 166 41 9
-2.64493 1.41267 0.00111 16 87 7
-2.80699 1.31016 0.00103 71 39 173
0.26854 2.77250 0.00066 36 174 0
-2.29995 0.85120 0.01095 123 177 231
0.45783 1.65333 0.00578 109 169 121
-1.20340 1.02261 0.00197 0 16 160
1.24650 1.83264 -0.00100 90 229 88
1.15167 2.88205 -0.00345 47 171 168
-0.08285 0.58008 0.00013 102 252 231
0.44572 0.66414 -0.00629 111 165 106
1.34320 1.39553 -0.00061 81 149 241
-1.46806 2.44599 0.00058 127 128 86
0.18056 0.31812 0.00212 10 87 167
-2.05851 1.52285 -0.00400 224 214 86
-0.30125 1.63203 0.01477 110 164 168
0.41173 0.37345 0.00359 168 184 136
-1.09399 0.18304 0.00216 15 23 147
-1.35206 0.12497 -0.00172 92 80 82
-0.06624 2.85866 0.00538 98 248 218
1.10896 1.37415 0.00099 67 65 64
-2.66374 2.40062 -0.00410 18 29 117
-0.35006 0.02000 0.00225 133 3 64
0.43091 1.84416 0.00464 175 230 89
0.72452 1.71773 0.00211 179 179 43
-1.90916 2.01874 -0.00447 255 148 125
0.46783 0.30561 0.00115 199 164 138
0.65159 1.07012 -0.00811 249 88 106
-0.91585 2.23333 -0.00807 81 3 168
-0.37711 1.11991 -0.01234 210 76 167
-2.29191 0.08725 -0.00305 123 74 253
0.94142 1.85919 -0.00164 137 144 126
-0.41426 2.03740 0.01019 151 61 0
0.21295 0.23138 -0.00209 22 44 131
-1.41175 2.31205 0.00256 111 80 75
0.05376 2.62347 0.00311 0 134 181
1.20276 0.51845 -0.00581 29 170 25
-2.84339 1.02034 0.01222 88 24 8
-0.24952 2.81555 -0.00008 164 253 219
0.45662 0.19162 0.01178 120 28 155
1.16062 1.41977 -0.00465 113 156 227
-2.42250 2.91599 -0.00158 83 236 234
-2.46745 2.24758 -0.00235 3 0 146
1.48039 2.67504 0.00625 91 232 235
-2.14216 2.91088 -0.00026 113 156 72
-2.31102 0.74034 -0.00247 112 231 252
-0.69646 2.34935 -0.00478 242 89 80
0.43845 1.17373 0.00077 184 75 77
-0.28456 2.81069 -0.00245 189 254 178
-1.45087 0.19670 -0.00830 121 102 98
-1.86409 2.63334 0.00434 251 217 146
0.22913 1.27087 0.00350 25 18 48
-0.70367 2.20905 -0.00314 235 81 124
-1.19103 1.49344 0.00824 2 127 26
-0.85415 1.97877 0.00233 182 165 187
-1.85829 1.45357 -0.01858 177 108 24
-1.13207 2.37396 -0.00992 1 23 170
0.58600 1.43720 -0.00401 157 96 173
-0.81456 0.18402 -0.00072 122 23 69
-0.48656 0.48072 0.00340 170 160 134
-0.65340 1.20427 -0.00378 172 0 177
-1.47420 2.30696 0.01003 129 79 107
-2.19826 0.93443 0.01078 165 136 104
-2.85366 2.53841 0.00235 161 171 155
0.84007 1.70165 0.00357 245 253 198
-1.25464 2.00778 -0.00100 3 73 88
0.60955 0.38491 0.00351 244 197 99
1.24811 0.66217 -0.00724 14 173 166
-1.72681 1.01219 0.00100 237 107 220
0.60154 2.27369 -0.00030 158 0 65
-1.08161 1.69587 0.00007 19 176 172
0.66147 2.59212 -0.00667 181 118 131
-0.79000 0.28082 0.00454 140 65 3
-2.26099 0.31395 0.00368 59 81 23
0.79559 0.59550 0.00038 248 253 217
0.84946 0.90798 -0.00204 240 147 124
-1.11583 1.57340 0.00351 7 154 134
-1.74051 1.03218 0.00255 240 100 210
-2.08746 0.22486 -0.00335 140 41 8
-0.56925 2.16916 0.00895 176 13 3
-0.87587 2.47966 -0.00511 98 58 2
-0.81367 0.71688 -0.00327 124 159 177
-1.14046 1.53294 -0.00807 4 139 69
-2.00264 1.19809 0.00018 161 1 175
-2.32840 1.87991 0.00085 38 135 2
-2.01059 2.99467 0.00668 165 130 11
0.14914 2.17124 0.00282 4 6 0
1.36174 0.48631 0.00612 78 236 193
-1.04784 2.97674 -0.00143 103 215 248
1.27270 2.49117 -0.00340 11 65 4
-1.38455 1.53233 0.00161 100 217 100
-1.19524 1.45948 -0.00249 77 178 76
-2.24144 1.03327 -0.00219 77 18 0
-2.04901 0.22291 -0.00317 152 37 8
1.10965 2.09178 -0.00414 63 34 94
-1.22912 1.15117 0.00583 2 2 172
-1.83396 0.08645 -0.00333 178 1 53
1.21040 0.90090 -0.00343 26 77 120
1.11221 1.96928 -0.00497 62 95 8
-2.36245 2.76233 0.00120 28 174 95
-0.38663 2.83180 0.00741 222 250 128
-1.43367 2.19650 -0.00182 119 86 154
1.23283 2.92226 0.00082 95 235 235
1.28891 2.03629 0.00070 80 139 241
-2.42376 2.71869 0.00827 86 243 94
-2.62693 1.43293 -0.00796 7 92 4
1.04997 0.20286 0.01171 90 34 176
-1.91230 2.82281 -0.00503 251 253 75
-1.93896 1.23059 0.00177 255 86 219
-0.25114 1.21542 0.00398 162 82 81
0.72394 2.00911 -0.00029 255 149 241
-2.97363 1.48160 -0.00344 215 189 252
-0.99453 1.76179 -0.00484 47 171 77
1.03550 0.79866 -0.00433 171 196 196
0.17143 2.88433 -0.00002 10 162 9
0.92669 0.43040 -0.00782 142 139 154
0.95282 1.03963 0.00577 132 17 173
-0.89197 1.72642 0.00028 93 178 28
0.71399 2.94095 0.00656 253 235 91
1.13173 0.49756 -0.00278 56 164 0
-0.66476 1.86342 0.00367 167 140 156
-1.56753 0.56072 -0.00823 95 174 90
-1.01985 1.46246 0.00690 44 105 117
-2.60248 1.87220 -0.00164 82 209 221
-0.05076 1.80442 0.00207 16 165 49
-1.82757 1.48857 -0.00847 178 119 59
-2.71802 2.89577 -0.00350 114 236 83
-2.59654 0.92148 -0.00092 8 69 116
-0.17611 1.36268 -0.00384 137 131 226
1.05670 1.34464 -0.00506 94 51 16
-2.63090 1.90378 0.00091 91 199 233
-1.71283 2.37707 0.00090 152 20 151
-1.38806 2.96557 -0.00877 29 139 5
-0.80288 0.14169 0.01295 209 89 166
-0.77667 1.14151 0.00463 138 0 60
0.03552 2.85829 0.00077 1 173 54
-2.43156 2.91267 0.00054 86 239 219
-2.06175 2.54955 0.00473 222 182 227
-1.22640 0.68636 0.00079 79 243 92
-2.31583 2.21995 -0.00196 118 80 250
0.66822 2.42560 0.00152 175 46 11
0.15851 0.32103 -0.00474 9 86 154
-2.63400 1.72203 0.00394 13 181 156
0.96253 0.24895 0.00083 123 45 163
-2.58001 0.06746 0.00107 5 0 12
0.35996 2.83578 -0.00974 73 179 78
-2.21648 0.06507 -0.00247 157 78 239
0.79962 1.52787 -0.01125 177 134 1
1.44746 2.01794 -0.00876 80 140 224
-1.91793 0.44485 0.00829 255 220 243
-1.27295 1.80340 -0.00282 0 163 170
-2.21414 1.39801 0.00356 80 77 177
-2.49992 0.94046 -0.00532 0 56 175
-0.40700 2.46173 0.00547 222 138 230
0.81291 2.94334 0.00011 172 150 3
0.29889 0.95184 0.00920 121 128 251
-0.80500 2.66177 0.00185 204 234 214
-1.06118 1.25670 -0.00079 104 92 74
0.16168 2.08760 -0.00631 9 32 21
-2.70266 0.01600 -0.00615 31 4 40
-0.62282 1.50827 0.00513 249 206 83
-1.62632 0.43593 0.00049 197 215 79
-0.29120 0.92351 -0.00128 113 67 172
1.41405 2.70038 0.00551 76 236 250
-1.10972 2.59738 -0.00343 12 124 66
-0.00333 1.14338 0.00413 85 71 203
0.07697 2.44465 0.00791 77 127 184
-0.97397 0.40081 0.00196 132 204 114
-2.79010 2.01068 -0.00012 140 146 249
1.07151 0.97893 0.00173 159 118 236
-2.14161 1.20074 -0.00667 111 7 137
-2.98795 1.85749 -0.00867 145 142 13
-2.36236 1.54473 0.00553 99 219 255
0.13242 0.88166 0.00806 81 172 94
1.36230 1.72869 -0.00090 1 175 12
-0.64418 0.20142 -0.00378 169 33 5
1.27867 1.88338 -0.00190 88 213 129
0.55864 0.77449 -0.00592 152 141 173
-0.72698 0.02782 -0.00262 233 77 207
-0.35254 1.00709 0.00576 205 101 235
0.53887 0.63340 0.00306 153 176 147
0.35341 1.87679 -0.00029 68 136 30
-0.37548 0.22045 0.00303 215 114 253
-1.40220 0.64913 0.01180 106 252 232
-1.41564 0.52207 -0.00361 37 173 160
-0.01516 2.21577 0.00513 7 0 54
-0.85495 2.12973 0.00346 187 93 255
0.73945 2.60904 0.00075 255 206 255
-0.96565 2.50725 0.00915 60 79 26
-2.87573 1.41117 0.00105 179 159 241
-1.81630 1.51507 0.00208 175 132 91
0.20062 0.43370 -0.00057 15 144 163
0.04249 0.99354 -0.00591 79 111 121
1.25714 0.06904 -0.00196 13 5 171
-1.54598 1.40528 0.00384 166 163 250
-0.96691 1.77358 -0.00487 63 170 40
-0.56103 1.54606 -0.00695 249 221 84
-2.85251 1.95669 -0.00112 96 97 155
1.46611 1.82518 -0.00553 91 235 235
0.39481 1.15154 -0.00323 87 0 11
-0.83998 0.01507 -0.00171 120 1 174
-1.53907 1.67786 0.00315 161 255 104
-0.36514 0.40341 0.00924 208 208 174
-0.07578 1.84816 0.00677 99 232 133
0.04416 0.87133 0.00652 79 162 78
-0.22718 2.21691 -0.00129 72 5 179
-1.05985 1.53194 -0.00464 27 139 140
1.25963 0.24163 0.01500 92 124 128
-0.37688 2.58661 -0.00249 145 113 54
-0.72163 0.37244 -0.00688 156 110 49
-0.93030 1.54520 -0.00429 77 148 175
0.06941 0.02092 0.00708 77 81 137
-0.89078 1.99303 0.00242 168 156 170
-2.49943 2.42257 0.00256 0 39 162
-1.74957 0.29891 -0.00123 239 148 245
-2.75011 0.56984 0.00298 126 252 246
0.11199 0.34411 -0.00299 0 94 117
0.56524 2.32560 0.00010 153 10 57
0.12083 0.96631 0.00996 75 121 155
1.33848 0.84424 -0.00495 3 103 53
-1.72067 1.68726 0.00588 151 178 155
-0.82664 0.47367 0.00387 199 227 132
0.68579 1.72969 0.00271 176 174 25
1.34192 2.50132 0.00664 0 75 48
-0.97492 2.38464 -0.00087 56 23 115
-1.38024 1.16211 0.00211 26 0 147
0.46714 0.97969 -0.00134 119 40 96
-0.62181 0.83645 -0.00079 255 187 70
-0.53540 2.96109 -0.00205 178 141 34
1.08291 0.40559 -0.00485 68 123 51
-0.87768 1.69640 0.00665 97 180 34
-2.20199 2.39489 0.00490 171 107 79
-0.84331 0.59243 -0.00099 120 176 143
1.18988 2.99545 -0.00360 34 128 146
-0.68161 0.26744 -0.00085 168 61 16
-2.29795 1.98005 0.00495 49 91 57
-1.84917 2.02578 0.00721 255 139 91
-1.98212 2.11036 -0.00482 244 99 103
0.07553 0.10613 -0.00174 74 83 80
-2.40199 1.45323 -0.00427 16 108 127
-0.20986 2.18821 0.00289 150 85 255
-1.58259 2.78617 0.00708 100 179 158
-2.73830 1.37489 -0.00087 124 145 174
-1.20006 0.73227 -0.00213 0 154 0
-1.65324 1.24409 0.00614 213 91 90
-1.29977 1.22268 0.00155 1 12 168
0.46617 2.11826 0.00501 198 95 237
0.88135 0.02852 -0.00368 236 79 79
-1.20101 1.87494 -0.00338 81 215 221
-1.23361 2.81109 -0.00889 0 174 2
0.33526 2.45842 0.00307 139 132 210
1.48441 1.76785 0.00854 9 171 131
-2.78175 0.02016 -0.00015 63 2 96
-2.60539 1.51834 0.00075 2 135 31
0.36151 1.50824 0.00101 151 205 214
-1.26128 2.46405 -0.00397 76 135 238
-0.51756 1.14511 0.00439 173 1 162
-0.98566 2.50461 0.01015 52 79 34
-0.18867 0.86011 0.00793 57 91 144
-1.64911 1.06593 -0.00226 205 78 109
0.00521 2.42451 0.00836 80 119 107
-0.86371 2.61193 -0.00140 179 207 121
1.27881 1.13431 -0.00667 88 75 106
-0.38558 2.50956 -0.00605 140 83 102
-2.66815 1.57481 -0.00062 21 155 17
-1.26705 2.54433 -0.00252 80 172 253
0.30294 0.68964 -0.00477 120 244 88
-1.54666 2.29164 0.00221 166 77 170
-0.46872 2.09653 0.00031 166 27 0
-2.50335 2.66138 0.00156 75 230 86
-0.90921 2.87278 -0.00463 162 242 254
0.73385 2.96582 -0.00076 255 214 80
-0.04025 2.26162 -0.00553 13 1 38
-1.92812 2.64488 0.00056 248 224 191
-0.83462 1.25214 -0.00040 190 88 176
-1.48019 1.89904 -0.00441 62 132 99
0.58879 0.33905 0.00686 236 169 77
0.61647 2.85630 0.00801 244 251 213
-1.29439 2.49415 0.00003 79 151 238
-1.27309 1.56919 -0.00190 79 232 94
1.01368 1.67617 -0.00381 181 252 255
-0.10807 0.60419 0.00449 35 177 156
-1.81802 2.21716 -0.00530 171 0 86
-0.47189 1.47682 -0.00279 245 195 101
0.80853 0.20794 -0.00906 172 37 28
1.33400 2.53830 -0.00175 0 94 62
-1.50759 2.25269 -0.00273 146 80 169
-1.85298 1.65611 -0.00546 182 169 162
-0.49175 0.33656 -0.00574 174 93 173
-0.21531 0.65820 0.00852 65 172 133
-2.80673 1.65021 0.00194 145 251 78
-1.84451 1.58835 0.00673 178 163 126
-2.17858 0.49814 -0.00783 97 163 101
-1.31158 2.84961 -0.00005 7 177 22
-0.70406 1.93712 0.00093 157 112 166
-0.28055 0.18186 -0.00382 102 20 174
-0.65439 2.25679 0.00159 247 79 78
-1.56329 1.33633 -0.00028 97 51 142
-2.54431 1.02952 -0.00092 80 93 254
0.84964 0.31798 0.00457 164 82 131
-0.19355 1.56986 -0.00220 67 158 137
-1.24895 1.94216 -0.00364 0 106 129
-0.43471 0.54828 0.01525 156 170 40
0.85854 1.16560 -0.00400 163 3 171
-0.51198 0.23608 0.00638 174 45 104
-1.86813 0.46978 -0.00585 255 234 199
0.97786 0.32982 0.00669 118 87 169
-0.04132 1.56307 0.00814 13 155 30
-0.29650 1.13969 0.00244 181 74 96
-0.80798 2.89892 0.00268 209 242 205
-2.39208 1.66278 -0.00294 96 255 217
-0.56931 1.26850 0.00626 179 17 133
-2.02500 2.27014 0.00082 236 74 77
-0.89550 1.81917 0.00544 169 228 76
-1.15150 1.24650 -0.00150 84 91 117
-1.13420 2.96855 0.00630 85 221 192
-0.55967 0.82130 -0.00341 250 196 83
-2.63766 1.69659 -0.00457 13 176 135
-0.94140 1.81207 0.00092 149 234 87
1.00716 0.66982 0.00807 190 244 80
-1.88306 0.73248 -0.00218 178 153 1
-1.58848 0.00252 -0.00374 183 83 245
-2.71476 1.23894 0.00112 109 85 246
-2.95235 1.88781 -0.00371 129 126 45
1.32301 2.23427 -0.00798 0 0 84
0.37071 1.27121 -0.00509 73 21 5
-0.54069 2.51527 0.00469 250 166 255
0.27248 1.98661 0.00258 38 87 9
-1.05659 0.84517 -0.00440 29 103 154
0.46189 0.73436 -0.00416 111 149 159
-0.45311 0.54738 0.00337 160 177 59
-0.67481 1.23691 -0.00070 169 5 177
0.34899 2.54838 -0.00821 141 180 122
-0.49699 2.36690 0.00197 253 94 207
1.43264 0.65312 -0.00618 2 170 140
-2.98551 2.39025 0.01131 225 105 120
-1.68012 0.53872 -0.00264 217 250 83
-1.61140 2.92348 0.00876 199 238 253
-2.76501 1.96342 -0.00659 134 165 252
-1.45391 1.01844 -0.00159 52 26 4
-1.81506 2.65435 -0.00069 254 228 104
1.40882 -0.01574 -0.00287 0 3 119
1.23559 0.13455 0.00033 15 6 139
0.02103 0.67058 0.00595 82 245 213
-1.34324 0.94586 0.01047 92 134 103
-1.99448 0.00916 0.00799 157 3 43
-0.80623 1.90145 -0.00215 132 123 92
-0.73083 0.93774 0.00519 227 139 83
-2.09566 1.02939 -0.00537 135 16 43
-1.68655 1.37961 -0.00044 220 145 163
-1.48182 2.21426 -0.00631 143 78 183
-2.48099 1.84749 -0.00167 74 220 156
-0.19056 2.57202 -0.00430 63 114 12
-2.02359 0.19548 0.00457 235 104 82
-1.60612 0.19385 0.00391 188 107 209
-1.34609 2.62377 -0.00069 16 136 178
-1.99798 2.13074 0.00116 237 101 110
-2.26633 0.10938 0.00172 133 82 244
-2.67712 1.42511 -0.00064 21 86 19
0.72598 1.30387 0.00190 254 111 238
-1.88592 0.64748 -0.00361 178 177 17
-2.09525 2.65985 0.00651 132 147 178
-2.48109 0.93192 0.00348 0 60 176
0.01535 1.30095 0.00199 0 32 169
1.10605 1.48740 -0.00160 139 194 229
-2.78440 2.53309 -0.00721 63 94 124
-2.76189 1.87988 -0.00076 131 210 243
0.51399 1.32088 0.00423 213 113 190
-1.89015 2.76058 0.00599 253 253 86
-0.40606 1.41433 -0.00024 222 155 106
1.07803 2.07813 0.00485 80 42 53
-1.36425 1.65719 -0.00592 95 248 97
-1.24688 0.51436 0.00545 0 165 145
0.86721 2.67396 0.00034 156 158 99
-0.93369 0.44241 0.00069 152 224 75
-1.60058 1.87320 0.00149 189 216 79
-0.38626 2.71181 -0.00331 221 247 73
-1.59032 1.87875 -0.00116 105 133 14
-0.80026 2.04646 -0.00467 208 132 254
-2.79029 0.39464 0.00264 135 199 171
-2.88555 1.69917 -0.01173 178 253 79
-2.00792 0.23052 0.00392 162 43 34
-1.85004 1.94908 0.00556 253 181 135
-2.65933 1.52541 0.00563 21 139 7
0.26564 2.18112 -0.00211 39 7 52
-1.22114 0.73299 0.00180 75 235 79
-2.65824 2.41721 -0.00333 15 41 142
-1.17265 2.71146 -0.00840 78 247 99
-2.48090 0.90390 0.00036 0 67 165
-0.22182 2.57798 0.01100 75 111 4
-2.24786 2.61449 0.00254 69 133 61
-0.03459 1.44626 -0.00361 15 104 121
-0.88235 2.49985 -0.00471 96 77 0
-2.54982 2.53434 0.00773 1 91 135
-2.32820 1.44264 0.00320 112 173 242
0.50780 0.92164 0.00332 138 69 101
0.93094 0.64514 0.00044 207 254 87
-2.12377 0.58900 -0.00127 125 179 177
0.05933 1.12339 -0.00736 1 1 154
0.73314 0.79529 -0.00345 175 133 33
-0.51511 2.25685 0.00128 250 71 118
-2.18813 1.15737 -0.00664 97 0 68
1.15037 1.21273 0.00115 44 8 9
-1.68066 1.00468 0.00489 141 32 112
0.38342 1.92125 0.00381 80 110 0
0.06149 0.03028 0.00196 75 77 131
-0.56898 0.57204 0.00793 179 180 118
-1.25496 1.41038 0.00046 80 160 97
-2.29062 2.12820 -0.00931 54 22 177
1.02646 1.00807 -0.00458 90 24 161
-2.81038 0.35966 0.00564 73 105 57
0.07792 1.66099 -0.00113 76 255 122
-1.06714 0.65835 0.00426 25 172 12
-2.43941 2.40807 0.00119 7 35 149
-2.08000 1.64136 -0.00627 212 249 79
1.13539 1.40296 -0.00900 126 149 199
0.78054 1.58717 -0.00027 175 160 5
-2.05826 1.87687 0.00089 141 138 162
-2.48077 2.01610 0.00210 72 151 76
-1.73922 2.48768 -0.00357 162 70 82
0.15299 2.93188 -0.00088 6 155 17
-1.58555 0.60751 -0.00814 182 255 174
-1.47507 0.57362 0.00054 59 177 157
-1.57166 0.40137 -0.00478 98 121 2
-2.73229 2.46156 0.00197 42 60 104
1.01851 0.80943 -0.00317 175 194 197
-1.50692 0.98632 -0.01555 153 109 86
-2.59471 1.58278 0.00259 4 157 91
-1.59031 1.07130 -0.00607 107 10 14
-1.11710 0.48568 -0.00197 85 236 160
-0.38630 2.47692 -0.00632 146 63 140
-2.53578 2.69766 0.00443 77 241 88
-0.88341 2.88365 -0.00848 175 241 252
-2.67182 2.01853 -0.00030 100 140 173
-2.04492 1.45240 -0.00348 229 185 116
-1.09001 2.53199 -0.00218 21 93 93
-0.58931 1.56875 -0.00136 252 231 92
-1.27362 2.94823 -0.00081 1 153 7
0.20349 2.51115 -0.00427 99 154 253
-1.47248 0.81103 0.00428 136 197 179
-1.66226 2.10430 0.00489 214 104 199
0.70077 0.86941 -0.00106 175 98 9
1.17513 2.43305 0.00707 114 121 120
-0.43904 0.69609 0.00778 228 238 79
-1.81276 0.98033 -0.00174 173 39 175
-2.35339 0.09234 0.00518 104 77 252
1.07732 0.81807 0.00267 153 188 230
0.99783 1.85620 -0.00515 115 145 80
-2.45029 1.20216 -0.01066 85 81 92
0.80465 1.41574 -0.00296 250 165 108
-2.52058 2.01077 -0.00496 74 149 83
-0.60146 2.80258 0.00306 173 177 52
-0.31074 0.46358 -0.00310 193 234 98
0.92266 0.11944 -0.00095 211 82 117
-2.70603 2.67752 0.01190 108 231 220
-1.20252 1.69931 -0.00707 2 175 161
-0.91723 0.18404 -0.00197 83 23 149
1.48529 2.13123 -0.00341 89 98 112
0.38924 2.53961 -0.00619 163 174 110
-2.74032 2.60957 -0.00400 116 208 255
0.91953 1.16003 -0.00213 140 0 146
-2.66999 0.80764 -0.00129 22 119 1
0.18766 0.86163 -0.00551 85 179 121
-2.65801 2.47808 -0.00887 18 69 170
-1.86480 0.17618 0.00217 179 24 98
-2.67068 0.29785 -0.00797 94 157 191
0.68489 1.56705 0.00343 180 150 23
1.06855 2.17454 0.00526 87 15 116
0.02062 2.97276 -0.00202 3 136 0
-1.28587 0.66463 -0.00366 82 247 139
-1.93235 0.21546 -0.00809 250 108 154
-2.89450 0.83961 0.00482 185 178 167
1.03695 2.05978 -0.00752 97 45 19
-2.10052 1.05877 0.00067 130 13 59
1.45733 0.07395 -0.00062 9 4 38
-1.99198 2.79630 0.00219 246 253 125
-1.40781 1.64518 -0.00246 108 255 79
-0.48087 2.02232 0.00373 170 65 35
0.85470 2.03225 0.00342 166 61 68
-0.19140 1.02488 -0.00197 139 97 104
1.11379 0.70397 0.00145 141 241 177
-0.51134 1.90508 -0.00369 176 120 132
-1.85052 0.68867 -0.00564 180 169 1
0.34939 0.44526 0.00306 64 140 61
0.60688 1.78381 -0.00082 162 168 14
-2.99589 1.94750 0.00137 143 109 49
-0.14552 0.83840 0.00063 49 110 136
0.86678 0.23613 0.00294 161 47 96
-2.79517 2.54675 0.00293 145 173 195
0.78952 2.72825 -0.00620 253 245 192
0.44216 2.18218 -0.00915 185 80 246
-0.94232 1.69337 -0.00024 65 178 91
-0.46438 2.92935 0.00280 165 153 66
-1.10349 0.96253 0.00216 20 42 178
-2.97204 2.13833 0.00322 136 16 177
-0.78407 0.89288 0.00291 209 150 125
0.94446 1.19139 -0.00237 132 2 96
1.31432 2.07818 0.00459 76 121 253
-2.21709 1.23368 0.00541 81 7 96
-1.92560 2.09504 -0.00176 246 109 77
-2.14057 0.25171 -0.00745 115 45 7
-1.95751 2.72116 -0.00294 243 251 153
-2.66195 0.71846 -0.00969 15 160 15
1.45310 1.16136 -0.00009 81 76 241
-2.23525 2.10182 -0.00073 69 33 174
-1.26810 0.85820 -0.00473 78 175 87
-0.58472 1.51441 -0.00831 255 205 75
-2.58179 1.75123 -0.00321 0 179 179
0.23937 2.67648 0.00253 26 158 37
-2.71824 1.80758 -0.00497 112 237 238
0.05893 0.10583 0.00051 77 84 85
-1.72184 1.76572 0.00315 153 169 93
-0.12940 0.44066 -0.00228 122 219 102
-0.98773 2.73269 0.00121 131 250 122
-1.48379 1.57470 0.00022 143 233 133
-0.40169 0.67712 0.00645 144 166 11
-2.99219 1.22780 0.00131 141 9 42
-0.07990 0.34139 -0.00214 96 169 80
-0.54039 1.95443 0.00268 178 97 119
-2.07259 0.03472 -0.00532 216 75 150
0.41328 2.86375 -0.01056 170 250 228
0.75198 2.99012 0.00451 255 208 77
-1.88754 0.11604 0.00206 180 7 34
0.30015 0.11968 0.00030 121 86 177
0.70747 0.64565 0.00013 179 177 160
-1.15113 2.87097 -0.00368 81 248 108
0.60663 2.99054 -0.00145 241 211 132
-2.68886 1.31022 -0.00993 99 113 177
-0.77525 0.52865 -0.00176 138 175 133
-1.64338 1.60277 -0.01104 128 167 157
-1.18844 2.52474 -0.00263 1 85 168
1.47943 2.27224 -0.01060 15 0 3
0.74959 1.93383 -0.00679 254 184 255
0.83473 1.79484 -0.00250 238 248 242
-2.38623 1.54735 -0.00315 95 225 254
-1.34624 0.59323 -0.00233 15 175 169
-2.13761 0.37285 -0.00063 116 116 39
1.08172 2.06597 -0.00435 79 43 45
-1.59699 1.53380 -0.00554 187 218 241
-2.46700 1.90013 0.00175 82 200 98
0.50558 2.42516 -0.00375 131 40 33
0.35454 0.77073 0.00691 150 213 188
-2.82875 2.35217 -0.00469 155 88 78
-0.37186 2.15487 0.00352 212 84 153
-2.49012 0.97958 -0.00361 0 40 179
-1.26389 1.55138 0.00139 78 218 92
-2.83327 1.98536 0.00059 84 85 179
0.73250 0.96127 0.00810 174 47 16
-0.18811 2.51078 -0.01403 63 80 4
-2.46826 0.48230 0.00110 78 235 128
-2.07741 0.44954 -0.00229 138 150 146
1.02023 2.48516 -0.00766 179 150 192
-1.57174 2.17683 0.00399 104 9 175
-2.37580 0.51291 0.00255 18 167 0
0.24940 2.30063 0.00741 110 77 206
-1.21925 0.68525 -0.00360 77 246 87
0.61187 0.56852 -0.00031 242 255 224
1.05310 2.00511 0.00132 94 74 4
0.55070 0.32943 0.00089 225 165 83
0.87748 0.71692 0.00350 233 229 78
-2.57289 2.02475 -0.00153 79 143 98
0.43621 2.62960 0.00752 180 210 83
-0.92815 2.68138 -0.00360 152 224 123
0.90869 1.51569 -0.00027 221 211 113
-2.65022 2.61342 -0.00293 89 206 232
-1.50180 1.46705 0.00503 142 184 226
-2.96251 1.14399 -0.00090 134 3 5
0.18938 2.35355 0.00378 91 88 204
-2.17062 1.17881 -0.00679 103 2 88
0.15322 1.07704 -0.00244 3 0 169
1.47441 0.71257 -0.00081 8 158 61
-0.21947 1.42203 0.00158 73 89 164
0.92405 0.70821 -0.00221 214 239 80
0.26789 0.24497 0.00038 43 54 165
-3.00081 0.60070 0.00165 148 177 86
0.10617 0.95116 0.00841 76 127 141
-1.37330 1.73030 -0.00341 95 252 136
-2.88605 0.49922 -0.00329 101 161 94
-0.36601 2.65694 -0.00208 217 225 78
-2.12224 1.29882 0.01166 123 30 174
-0.42424 2.71968 0.00144 157 170 6
-1.70284 0.66669 -0.00074 148 167 58
0.38221 1.51503 0.00404 159 218 232
-1.92623 2.28916 -0.00231 180 7 62
0.84012 0.82776 -0.00252 242 191 82
-1.81888 1.02640 0.00697 252 94 248
0.13518 0.77087 -0.00611 78 216 81
-0.21463 2.79834 -0.00937 144 255 227
-1.26418 0.13852 0.01047 79 90 87
-1.57302 2.71358 0.00569 101 169 115
-0.13343 2.57192 0.00053 40 111 51
-0.37574 2.99080 -0.00441 216 206 241
-0.86765 1.78823 0.00950 99 163 1
0.27455 1.85805 -0.00711 36 146 106
1.09068 2.22196 0.00334 145 78 240
-0.77443 1.57216 -0.01473 217 232 124
-0.16288 2.28291 -0.00383 51 0 117
-0.07828 0.65835 0.00094 25 179 179
-0.58876 2.23656 0.00958 254 75 77
-1.55874 2.89915 -0.00257 86 161 159
-1.90438 1.50159 0.00421 177 126 24
-0.27956 1.20755 0.00329 182 82 83
-1.64521 1.16145 0.00138 208 75 78
-2.24356 0.74297 0.00214 142 229 249
-1.48767 1.97322 0.00330 66 93 153
0.16557 1.16390 -0.00072 7 0 166
1.27158 1.56170 0.00021 8 149 105
-2.43708 0.73301 -0.01256 9 159 88
-0.97976 2.96071 -0.00097 129 225 252
0.86912 2.98204 0.00724 161 135 46
-2.06063 1.51178 -0.00251 217 207 94
0.12804 2.15077 -0.00638 4 17 12
-2.74755 1.11796 0.00082 119 80 218
0.54199 0.29655 -0.00202 223 153 110
0.44061 2.22930 -0.00514 106 0 177
-1.48961 0.64716 -0.00606 139 250 246
-0.80601 2.10078 -0.00673 207 104 252
1.28453 2.99288 -0.01258 82 208 148
-2.02528 1.65578 -0.00329 227 250 108
0.14815 0.00159 -0.00190 78 86 97
-1.09924 1.47886 -0.00028 17 117 78
-1.00034 2.98691 0.00608 124 208 254
-0.07580 0.13871 -0.00816 21 11 79
-2.56647 1.75692 0.00035 0 175 175
-0.06377 2.50520 0.00125 20 79 39
-0.69076 1.31838 -0.00459 166 41 168
-1.21570 0.05991 0.00257 78 73 76
0.93144 0.42356 0.00829 135 134 158
-2.01454 1.04986 -0.00329 154 12 120
-2.58337 0.21076 -0.00425 80 111 187
-1.21898 2.33657 0.00727 75 89 179
-0.20983 0.82090 -0.00094 74 118 170
-0.37189 1.84601 -0.00776 216 222 143
-0.58119 1.68697 0.00077 255 254 166
0.85974 2.46862 0.00219 238 140 249
1.29779 2.00602 -0.01142 83 146 241
1.26171 0.31037 -0.00204 91 159 83
1.49096 0.17293 0.00083 12 16 1
-2.49797 1.36935 0.00030 74 137 86
0.22085 1.38552 -0.00999 23 73 3
-1.38422 0.89374 -0.00324 99 154 76
-0.45537 1.03042 0.00273 167 18 174
0.95236 0.16579 -0.00207 207 98 185
0.75371 1.34768 0.00291 252 123 203
-1.47464 1.92592 0.00529 52 118 125
-0.73800 2.40379 -0.00223 230 115 85
0.76690 1.72092 0.00292 172 179 81
0.00064 1.55392 0.00704 86 221 92
-0.65896 1.70473 -0.00718 249 252 123
0.75763 0.31453 -0.00136 254 162 143
-2.56717 1.16360 0.00578 75 76 209
-2.06053 1.60939 0.00508 222 247 80
-0.42965 1.75909 0.00128 236 250 248
-2.31860 2.73263 0.00747 41 173 100
-2.15541 1.47266 -0.00381 188 183 194
-0.95521 2.18953 -0.00113 142 88 250
-1.66101 2.52936 -0.00556 134 95 10
-1.28754 0.19564 0.00350 81 102 99
-0.36078 0.94742 -0.00669 131 48 174
1.47713 2.74512 0.00039 85 249 188
-2.58326 2.53572 -0.00651 3 95 154
-1.07172 0.13144 0.00053 26 10 136
-0.27788 1.33714 0.00528 175 126 140
0.09308 1.82693 0.00155 0 156 168
-1.88629 0.49365 0.00815 252 239 207
-2.79351 0.21777 0.00115 141 114 77
-0.10468 1.52053 0.00473 34 136 111
0.67110 2.72515 -0.00719 246 247 255
-1.00191 0.06316 0.00144 47 8 141
-2.08332 1.76911 0.00303 209 247 162
-2.12555 2.17849 -0.00062 120 4 82
0.65998 2.85498 0.00970 252 253 199
-0.67119 0.38865 0.00586 167 119 101
-1.55429 2.49668 -0.00786 160 153 76
-0.55452 2.95651 0.00001 176 144 19
-0.92392 0.28652 -0.00036 152 145 148
-2.21639 1.97744 0.00359 77 88 136
-2.50109 2.40959 0.00360 0 38 172
-2.82418 0.79627 -0.00599 157 206 152
0.66476 2.08347 0.00257 251 109 240
-1.95527 1.82633 -0.00674 246 229 254
-2.63154 2.30287 0.00128 11 7 69
-2.56224 1.66417 -0.00920 4 179 157
-2.34901 1.56807 0.00503 105 232 245
-2.85041 2.73418 -0.00059 87 169 177
-2.10550 1.92674 0.00247 130 113 171
-1.30239 0.21193 0.00420 6 40 29
-1.88189 1.68706 -0.00320 179 177 162
-2.89829 2.52856 -0.00495 184 163 119
-0.34787 0.09487 0.00373 129 2 133
-1.46539 0.13496 -0.00802 128 90 151
-1.53760 2.41412 0.00036 158 117 80
-0.02404 1.85352 0.01014 88 223 194
0.12648 1.95393 0.00038 0 98 137
1.19108 2.19765 0.00338 36 6 178
-2.51675 0.15292 -0.00741 0 21 121
1.22434 0.87831 -0.00113 22 84 122
-0.37793 2.37260 -0.00224 144 20 180
-1.24350 2.74644 -0.00274 1 176 54
1.13897 1.28750 -0.00261 50 23 42
-1.84957 1.15343 -0.00076 255 74 204
1.00146 2.09059 0.00376 108 35 16
0.83996 2.74399 -0.00140 166 174 66
-1.32946 2.91739 -0.01092 14 163 1
-0.55653 1.23584 -0.00587 177 8 128
0.36818 0.86541 0.01598 154 180 246
-0.77180 2.08380 0.00521 144 41 173
-1.76340 2.48589 0.00824 167 76 102
-2.80588 1.49015 0.00596 65 119 51
0.87814 2.82992 0.00810 153 173 4
1.38420 1.09271 0.00582 74 85 146
-2.99618 2.71672 -0.00444 142 168 110
-1.57627 0.96555 -0.00000 179 121 142
-1.09622 0.92376 -0.00543 18 61 176
-0.71428 2.08308 -0.00311 159 40 156
0.69305 1.16732 0.00487 252 71 206
-1.50274 2.17898 0.00151 75 6 149
0.33596 1.09203 0.00200 60 1 114
-0.31483 1.86143 -0.00321 198 225 96
-2.39225 2.93624 0.00656 22 151 172
-1.10601 2.40531 0.00146 13 36 176
-2.98926 1.40847 0.00483 216 155 243
0.83604 0.68891 0.00098 243 244 105
1.12554 0.93011 0.00358 133 139 235
-0.93291 1.67731 0.00193 77 175 97
0.59700 0.76392 0.00203 162 137 151
-1.85609 1.43626 0.00580 175 92 7
0.00132 0.93565 -0.00011 86 134 74
-0.74807 0.31981 0.00319 148 83 10
1.13242 2.94543 0.00137 48 150 178
0.78608 1.33778 0.00457 255 122 181
1.13812 0.38280 0.01119 52 113 42
-1.56642 0.31560 0.00102 96 81 24
-1.44227 0.96287 0.00724 117 121 77
-2.22267 0.64739 -0.00634 157 252 245
0.32677 1.21306 -0.00127 55 9 24
-0.38130 0.70321 -0.00624 137 166 28
0.12711 1.84317 -0.00600 3 154 175
-1.40481 2.32161 0.00734 109 81 74
-1.43676 1.26859 0.00654 44 15 172
0.44446 1.38818 -0.00083 185 144 191
0.93881 2.67963 -0.00103 134 159 39
1.29670 1.54833 0.00044 2 145 90
-2.89706 1.22573 0.00433 113 10 109
0.47345 2.36330 -0.00075 121 12 105
-0.70014 1.65166 0.00423 239 250 77
-0.62486 2.91632 0.00008 177 159 5
1.32167 1.05738 0.00607 80 87 88
-0.11653 0.43374 -0.01200 108 214 105
-0.49794 1.51337 -0.00998 246 210 105
0.33523 0.35392 0.00382 66 104 128
-1.29796 0.10746 0.00954 85 78 82
-2.49885 0.43174 -0.00358 77 218 177
-2.98987 2.54239 -0.00491 222 173 81
0.06568 1.41846 0.00056 78 163 146
-0.91165 0.30935 -0.00052 161 160 118
-0.47899 2.09696 0.00350 167 30 0
0.50138 0.79191 0.00301 130 130 178
0.93574 1.74889 -0.00292 213 254 246
0.23438 1.26583 0.00176 24 16 44
-2.97382 2.78073 0.00437 138 183 170
-0.23076 2.26346 0.00867 74 1 170
-2.71932 2.95671 -0.00092 114 216 74
-2.37751 2.88412 0.00954 17 169 171
0.57334 2.15824 0.00447 232 90 248
-1.46984 2.45228 0.00478 133 130 84
0.30264 1.77292 -0.00203 128 245 216
1.05890 0.24686 -0.00686 86 51 178
-2.19191 1.88794 -0.00214 90 132 84
-0.97735 1.61703 0.00583 56 170 163
-0.09666 1.62975 0.00238 29 172 29
-1.13037 0.43594 0.00010 83 217 199
-1.62128 2.04373 0.00754 196 130 183
-2.25656 0.44516 -0.00043 60 146 15
-1.97272 1.90097 0.00624 245 200 250
0.10660 0.41426 0.01067 0 139 169
-0.81930 0.07373 -0.00038 126 3 151
-0.59833 0.76433 0.00775 252 217 93
-2.74518 2.76676 0.00493 123 251 198
-1.05322 1.52880 0.00825 29 146 152
-0.00142 0.38252 -0.00049 85 194 135
-0.57945 0.95907 -0.00932 255 129 142
1.30324 0.94279 -0.00492 0 57 24
0.86915 1.21607 -0.00484 157 10 130
-2.83072 1.40872 0.00065 151 159 207
-0.54547 2.60959 0.01113 180 126 156
-0.39941 1.92146 -0.00117 149 118 34
-1.64685 0.35994 -0.00019 205 178 118
-2.00190 0.72192 0.00402 239 240 116
-1.61422 2.27696 0.00197 112 4 142
0.50039 0.52613 -0.00041 204 244 120
-2.56234 2.13984 0.00205 73 95 87
-1.30696 0.40187 0.00553 9 123 151
-2.24284 0.89463 -0.00255 146 162 166
0.12417 2.47405 -0.00177 84 132 234
1.05176 2.61696 -0.00162 88 133 11
-2.81244 1.01226 -0.00294 66 26 22
1.06985 0.29113 0.00689 77 77 150
-0.78934 1.14886 -0.00194 135 0 57
0.03307 1.93093 0.00149 0 109 175
-1.36275 1.50229 -0.00367 92 207 98
-2.82528 1.74468 -0.00178 163 255 102
-1.71097 1.97205 0.00326 227 170 80
-1.03597 1.27544 -0.00260 109 100 74
0.78157 2.05115 -0.00111 254 131 182
0.63284 0.19004 0.00211 167 34 31
-2.86397 1.23617 0.00870 93 11 142
-0.16970 0.34793 -0.00048 129 167 83
0.76589 0.56672 -0.00069 253 253 242
0.26454 1.67209 -0.00605 114 255 254
-0.45452 1.77282 0.00509 241 249 243
1.28800 0.14309 -0.00684 3 9 102
-1.63861 0.89384 0.00168 124 78 145
-1.21016 2.52575 -0.00333 76 161 250
0.06874 2.24605 0.00430 73 80 79
-1.82460 2.92876 -0.00395 249 231 174
-0.50389 2.30949 0.00945 250 78 173
0.03957 0.46459 -0.00031 0 150 164
1.44851 0.48197 -0.00663 83 233 248
1.10534 2.44005 0.00650 141 122 166
-2.03435 2.77388 0.00458 158 174 101
0.60550 2.67658 0.00126 240 234 228
-1.42145 1.24648 -0.00874 36 16 172
0.60448 2.43629 0.00224 166 44 2
-2.12941 0.09292 -0.00703 193 76 161
0.73009 0.36244 0.00082 255 185 170
0.53012 0.07889 -0.00032 144 0 174
-1.95331 0.49867 -0.00469 248 241 233
0.03932 2.86542 -0.00348 0 176 46
1.17569 1.21514 0.00777 38 4 17
0.59161 2.56738 -0.00665 159 114 59
0.56210 1.83866 -0.00451 228 228 96
-2.58554 2.98059 0.00100 81 217 151
-2.28374 1.30011 0.00042 49 26 85
1.21881 1.85435 -0.00382 100 219 83
-1.30321 1.71978 0.00425 79 255 174
-2.76950 2.92627 0.00647 131 234 88
-0.12987 1.09366 -0.00066 120 80 75
0.47256 2.39598 -0.00491 117 30 74
-1.34283 1.50248 0.00205 94 204 98
0.54060 2.13327 -0.00069 223 96 253
1.09368 0.39305 -0.00021 68 119 61
-1.82258 0.02561 0.00248 175 1 25
0.99729 2.41653 -0.00403 191 113 253
-1.70886 0.51638 0.00002 228 242 79
1.42193 1.92857 0.00587 80 193 249
0.95667 1.07076 -0.00469 130 9 167
-1.10665 1.71338 -0.00309 10 180 173
1.11009 2.08811 0.00095 63 37 84
-1.04459 0.33772 0.00480 114 170 203
-1.50050 1.51519 -0.00754 139 211 187
0.81115 2.77761 0.00012 170 178 59
-0.27830 0.09241 -0.00385 98 0 171
-2.82439 2.46727 -0.00026 153 135 120
0.92594 0.97546 -0.00464 216 113 238
1.46826 0.50509 -0.01277 84 239 253
-2.48001 1.15147 -0.00216 81 75 140
0.61142 0.63495 0.00248 163 177 176
-1.22517 1.93581 -0.00574 2 102 112
-2.77111 1.94201 -0.00838 130 178 251
-1.68746 1.22566 0.00292 222 83 77
-1.89835 0.29642 0.00176 254 146 237
1.31325 2.59631 0.00055 3 119 92
-2.73628 1.12245 -0.00372 116 79 224
-1.13375 1.08218 0.00010 83 84 236
-1.13642 0.46953 -0.00174 85 233 191
-0.08923 1.79415 0.00455 21 165 28
-0.65088 2.63310 0.00162 172 137 175
0.98469 1.32402 0.00133 117 40 0
-2.66945 0.33306 -0.00297 96 177 221
-1.61953 2.20758 0.00609 118 3 176
-1.99950 0.04420 -0.00421 236 74 99
-0.46817 1.39101 0.00421 244 155 74
0.80067 1.57811 0.00145 251 231 88
0.29833 2.86410 -0.00302 49 172 53
-1.75504 1.87858 -0.00058 245 212 109
-1.98061 1.24152 -0.00481 240 89 226
0.17684 2.61022 0.00217 11 125 132
-2.20608 1.17864 0.00401 85 5 69
0.14684 1.65179 -0.00952 78 250 153
0.56019 1.81104 -0.00121 223 233 86
0.32921 2.29480 0.00252 140 77 244
-1.68512 2.42665 -0.00042 145 45 97
1.36901 2.89090 0.00108 76 244 157
1.44512 2.40073 -0.00242 3 36 53
0.39990 0.33834 -0.00480 168 169 180
-2.19816 1.36040 0.00300 83 55 176
-2.18706 2.25991 0.00324 169 71 137
-2.35160 2.66333 -0.00768 25 152 26
0.69900 0.50675 -0.00103 255 241 236
-0.60043 0.51086 -0.00219 177 171 176
1.04854 2.61023 0.00363 90 129 10
-1.74669 1.35462 0.00368 239 131 102
-2.92955 1.91049 0.00226 122 123 80
0.91352 2.35392 0.00465 220 90 216
0.65741 2.65900 0.00150 250 232 247
-0.07734 1.27846 -0.00062 98 96 238
-1.16944 1.11376 -0.00347 80 82 239
-1.47637 1.50880 -0.00043 133 207 174
-2.71538 1.69813 -0.00075 39 172 68
0.16008 1.25251 -0.00180 9 15 110
0.26534 2.74469 -0.00432 36 169 2
-1.62194 1.88747 0.00447 197 205 83
0.08708 2.84654 -0.00014 4 176 29
-2.69758 1.11663 0.00139 104 77 242
0.99706 2.07954 0.00198 117 36 5
-0.31539 0.38780 -0.00447 197 198 148
-2.49357 1.45609 -0.00681 3 106 52
-2.95445 1.91891 -0.00568 133 118 62
-1.15133 1.17521 0.00931 82 79 180
1.48538 1.16200 -0.00079 87 74 250
-2.39915 0.14944 -0.00101 89 93 254
-1.88724 2.67024 -0.00641 252 228 141
-1.66291 0.87562 0.00331 134 86 171
1.19829 1.40712 0.00086 103 153 234
0.16861 1.62976 -0.00178 83 246 156
-0.96864 1.09600 0.00243 135 76 106
-1.99305 1.56996 0.00243 165 150 3
1.23139 1.92039 0.00100 97 185 135
-0.82864 1.86947 -0.00816 196 218 121
-2.84278 1.79330 -0.00065 158 244 128
1.00463 1.40325 0.00039 185 155 99
-0.19056 1.75435 0.00341 62 178 13
1.11861 1.56541 -0.00406 131 233 253
-0.68110 0.23408 0.00377 166 48 9
-2.82383 0.31825 -0.00338 79 84 15
-1.42750 1.61986 -0.00141 113 244 85
-2.56351 0.40457 0.00492 78 202 242
-2.10551 2.51052 -0.00488 204 157 166
1.42336 2.28496 -0.00768 0 3 1
-1.56017 0.12201 0.01017 170 82 232
0.79658 0.92064 0.00285 247 140 109
-0.72130 3.00052 -0.00401 155 133 5
1.10741 0.56939 0.00258 63 179 16
-0.14039 2.31489 0.00399 44 5 73
0.36658 1.94533 -0.00316 72 103 2
-0.88594 1.88051 0.00342 170 213 96
-0.74178 1.95211 0.00684 153 100 166
-1.24735 2.93505 -0.00125 2 156 10
-0.83460 0.42580 0.00448 195 218 96
-0.85826 2.25359 -0.00960 108 0 121
-1.64486 0.01332 -0.00174 127 0 141
-1.10139 1.54198 0.00741 15 147 115
0.90246 1.04695 -0.00145 150 18 178
0.20560 0.99224 -0.01201 97 113 229
-2.05537 0.43441 0.00187 148 135 141
-0.88635 0.20841 0.00414 92 31 128
-1.36386 1.75323 -0.00507 98 251 147
0.83885 2.28902 -0.00263 241 81 115
0.06355 1.27107 0.00522 0 24 164
-0.90708 1.59229 0.00763 89 162 133
-0.00676 1.15062 -0.00686 83 80 200
1.17517 1.98378 0.00367 35 86 65
-2.13089 0.35456 0.00512 117 105 35
-0.66985 0.59078 -0.00311 160 174 173
0.23053 0.01554 0.00075 106 81 80
-1.55478 0.22842 0.00150 86 44 66
-1.98432 2.88488 -0.00345 238 243 79
-1.03948 2.04337 0.01246 110 129 97
0.67216 1.17132 -0.00066 255 76 203
-1.88271 2.78072 -0.00528 253 255 80
-0.51443 1.04666 0.00114 177 14 172
1.35219 0.65995 0.00324 0 174 169
-0.53527 2.09087 0.00460 177 36 18
0.67300 1.35971 0.00307 252 132 241
-1.22281 0.83028 -0.00058 75 187 101
-0.47530 1.91037 -0.00283 168 117 97
-2.97655 2.88948 -0.00659 137 164 171
-1.85131 2.48716 0.00754 173 71 162
-1.39849 0.26927 0.00308 30 62 2
-2.21701 1.85021 0.00295 83 145 38
-1.05863 1.80181 -0.00368 103 238 173
1.02305 0.47167 0.00005 95 154 51
-2.03129 0.32748 -0.00263 155 84 81
-2.92692 0.84021 -0.00544 201 179 190
-2.51139 2.51537 -0.00285 2 83 132
-1.92281 2.19667 -0.00463 177 5 11
1.18415 1.62345 -0.00705 111 247 198
-1.38271 1.61949 -0.00023 104 245 74
0.37173 1.53756 0.00233 155 217 236
-2.82271 1.84150 0.01179 75 150 103
-2.76659 2.77759 -0.00255 131 253 204
0.39541 0.57988 -0.00125 84 180 9
0.36613 2.00421 -0.00107 73 71 13
-1.98140 0.52665 0.00521 237 245 235
-1.18869 2.12004 0.00542 77 95 79
0.69362 1.86499 -0.00593 255 214 208
-2.68443 2.22285 -0.00869 22 0 5
0.40621 1.47303 0.00544 84 110 150
0.31097 2.56152 0.00419 129 189 145
0.97253 2.14531 -0.00027 116 16 25
-1.95989 2.96465 0.00218 246 215 94
-2.61946 0.23531 0.00162 85 118 175
-0.38584 1.71579 -0.00724 146 179 167
1.41070 0.46116 0.00661 78 230 224
0.17378 2.07027 0.00862 13 46 24
0.21606 2.24331 -0.00963 95 75 129
-2.33925 0.05977 -0.00637 116 78 248
0.67693 1.56433 -0.00292 175 152 29
-0.07720 2.50032 -0.00420 29 74 32
-1.23391 2.15944 -0.00108 0 11 0
0.69817 2.86388 0.00041 254 248 154
-1.84699 2.88343 0.00062 252 244 110
-1.89232 0.20199 0.00213 177 30 97
0.71439 1.85538 -0.00361 253 226 210
0.90223 2.28427 -0.00003 225 77 147
-0.43722 2.49546 -0.00118 239 148 232
-2.31049 2.17779 -0.00216 42 3 174
-1.10067 1.83864 -0.00159 95 231 170
-2.88302 1.79687 -0.00639 182 241 96
0.91390 1.61383 0.00265 223 249 184
-1.76596 1.27238 0.00193 243 94 81
-1.90769 1.84467 -0.00419 249 223 244
-2.45519 0.34196 0.00243 81 174 218
0.55911 1.13141 -0.00922 226 73 97
-2.11952 2.75261 -0.00169 125 175 161
0.59077 2.91281 -0.00669 235 241 196
-0.17001 1.18407 -0.00152 126 75 111
-2.61953 2.35452 -0.00002 14 12 122
-0.84357 0.27272 0.00422 191 141 103
1.49325 0.84481 -0.00476 12 106 1
-0.82634 1.48930 -0.00636 121 122 156
-2.10705 1.45084 -0.00028 208 179 165
0.18486 0.36907 0.00388 13 110 175
0.50223 0.75426 0.00047 133 143 178
-0.75097 2.61331 0.00380 152 132 138
-2.41063 2.91386 -0.01013 89 240 232
0.85147 1.29510 0.00225 159 30 87
-1.79773 0.25016 -0.00580 253 127 252
-2.36127 2.44852 0.00380 105 128 129
1.29998 0.21338 0.00572 83 112 108
-2.85890 1.09709 -0.00174 97 0 33
-1.35216 0.07771 0.00782 92 74 101
-1.74997 2.72176 0.00042 239 242 84
1.12142 1.53702 0.00057 132 215 255
1.42645 2.35032 0.00676 0 17 12
-0.89457 2.15079 0.00368 165 89 253
-2.06774 2.72389 0.00122 136 173 160
-2.58759 0.14403 -0.00488 2 11 58
-0.63527 0.50522 -0.00393 171 162 180
-1.46329 1.84702 0.00373 53 149 75
-1.48307 1.66136 0.00735 136 250 82
-1.57871 2.82017 0.00443 107 175 174
-1.08147 0.08186 -0.00020 20 3 94
-0.77024 2.77111 -0.00830 141 183 177
-0.10212 0.11683 0.00470 31 1 121
-2.16941 0.28953 -0.00060 100 70 1
-1.09709 0.76565 0.00524 20 147 68
0.23912 0.56340 -0.00168 24 179 47
1.18817 2.79639 -0.00467 26 179 153
-0.86579 1.37072 -0.00240 181 141 239
-0.00373 1.08174 -0.00563 86 81 152
-1.92185 1.05842 0.00468 252 91 248
0.87699 0.45803 -0.00452 157 148 162
-1.52228 0.14615 -0.01216 151 91 180
-2.19445 2.95000 0.01010 94 146 91
-0.64030 0.72810 0.00027 254 231 135
-0.61540 0.84213 -0.00439 253 184 77
-0.33209 1.29880 -0.00286 200 106 79
-1.31608 0.86128 -0.00226 83 177 81
1.45841 2.55888 0.00093 5 114 175
0.52764 1.29801 0.01008 215 107 173
-1.81493 1.74920 0.00752 178 177 168
0.67411 0.18189 0.00113 178 18 26
1.34064 0.06652 -0.00364 0 0 124
1.04889 1.98502 -0.00562 87 82 3
-1.38604 2.57958 -0.00181 103 192 231
-2.36606 2.38473 0.00130 101 106 191
-2.49609 2.64926 -0.00718 78 223 96
-2.68454 2.18349 0.00152 99 82 77
-0.53592 2.77942 0.00723 175 179 27
0.21614 2.84510 0.00344 23 175 5
-2.91559 2.53192 -0.00857 194 169 104
1.40267 1.68417 0.00631 0 182 14
0.69709 1.05010 0.00452 251 87 135
0.97577 2.17339 -0.00434 123 5 55
-2.39322 1.53863 -0.00439 97 214 246
0.88445 2.30601 -0.00583 228 81 158
0.59095 1.22595 -0.00378 238 83 177
-0.30483 0.88418 0.00837 114 88 174
0.27116 2.37674 0.00733 115 96 253
-0.40278 1.82316 -0.00367 148 158 117
1.44207 0.06120 -0.00261 1 0 50
-1.23281 0.15908 0.00121 76 93 116
0.15801 0.42095 -0.00462 6 139 178
-1.26882 2.82443 -0.00046 1 173 18
-1.06053 1.31656 0.00069 102 112 75
-2.84499 2.29838 0.00116 165 82 99
1.34879 1.07136 0.00268 76 83 110
0.07982 2.88753 -0.00121 0 165 9
-2.77519 0.03825 -0.00775 64 0 83
0.92714 0.15653 0.00097 217 101 164
1.27199 0.94578 -0.00084 11 63 44
-0.89854 1.46185 -0.01591 86 102 177
0.03181 2.71869 -0.00903 2 168 157
-0.77709 0.58178 0.00244 135 179 157
-0.47497 1.32879 -0.00366 169 42 18
-0.28525 2.68472 0.00716 179 238 100
0.83494 1.77288 -0.00606 242 248 241
-1.76581 1.44727 0.00693 164 92 70
-0.92435 0.41558 0.00098 155 210 82
1.44987 0.48276 -0.00669 81 236 245
-0.14376 0.72391 0.00010 41 160 180
-2.80212 0.08401 -0.00526 69 0 68
-1.92262 1.74181 0.00040 175 171 173
0.74021 2.86542 0.00347 255 251 130
-1.59525 2.99230 0.00265 109 129 120
-0.97403 2.40190 0.00542 59 28 102
-2.18518 2.13844 -0.00344 101 17 160
-0.82691 0.86858 -0.00346 119 89 89
1.24365 1.11159 0.00806 95 81 80
0.76472 1.35675 0.00458 252 133 188
-1.73762 1.82189 -0.00192 239 233 137
0.70813 1.64735 0.00091 177 169 0
1.34627 2.00724 -0.00372 77 149 253
-2.74071 2.17461 0.00016 119 80 104
-2.39171 0.23867 -0.00270 16 46 159
-1.62054 0.33731 0.00385 200 170 107
-1.95983 2.44233 0.00419 168 47 147
0.24756 2.77802 0.00106 27 178 0
-0.43903 0.32578 0.00742 161 92 177
0.34174 2.68869 0.00394 60 161 1
-2.01220 1.20691 0.00421 161 2 178
1.28150 2.06625 -0.00199 90 117 247
-0.72656 0.49972 -0.00430 151 164 138
0.64293 0.73252 -0.01343 171 151 140
-2.80511 0.18778 -0.01349 146 102 89
-2.25353 0.69929 0.00664 145 239 255
0.15903 0.15637 0.01173 77 87 110
-0.63990 2.85817 -0.00627 178 170 30
-2.23150 1.91878 -0.00554 82 115 87
0.55222 0.58502 -0.00511 227 255 192
-2.07789 0.67196 0.00389 219 246 203
-2.85376 0.49839 -0.00039 93 164 124
-0.68104 1.80145 -0.01228 169 167 106
-2.94916 1.60990 0.00753 201 249 138
1.04791 0.27573 0.00450 95 63 173
1.36156 0.11480 -0.00383 3 7 70
-1.38041 1.39106 0.00332 27 78 117
-2.36007 1.50543 0.00715 104 199 253
-0.80343 0.98017 0.00404 127 38 9
-0.68511 0.33029 -0.00734 162 90 45
-1.14390 2.39621 -0.00302 10 37 175
0.70605 1.99800 -0.00274 255 155 253
-2.01175 1.27680 -0.00469 164 25 141
-1.09525 1.87838 0.00545 91 212 138
0.27401 1.64398 0.00554 116 249 247
-0.50761 2.03523 0.00135 176 58 26
0.13019 1.21762 0.01084 0 2 159
-1.41450 2.18290 -0.00329 32 11 77
-2.69433 0.47926 0.00491 102 232 255
0.80304 1.02468 0.00378 172 24 105
-2.48850 2.67150 -0.00224 80 231 77
-0.86519 1.48629 -0.00042 103 117 171
-0.44840 0.53599 -0.00295 163 176 51
-2.37413 0.01965 -0.00168 106 78 212
-0.85599 2.74676 0.00269 186 253 229
-1.41560 2.35693 0.00418 105 89 76
-2.15811 0.61199 0.00402 178 255 254
-0.05685 2.39663 0.00993 22 32 3
-2.36161 1.06539 0.00504 24 10 53
0.35397 1.54951 0.00209 146 220 235
0.02541 2.02733 0.01083 2 72 161
-0.17069 1.49501 0.00666 56 126 176
1.00783 1.57829 -0.00181 183 232 226
0.82239 2.97489 0.00069 173 138 17
-2.06741 0.16906 -0.00430 219 97 77
0.93912 2.41715 -0.00032 205 113 253
-2.50351 0.67156 0.00650 0 171 5
-2.70932 1.60728 -0.00527 25 169 30
-0.14913 1.17597 -0.00759 123 74 108
-2.55077 1.10443 0.00519 76 84 240
-2.31968 2.19572 0.00240 44 9 176
0.41131 2.05069 -0.00233 170 128 131
0.44806 0.03700 -0.00184 105 0 150
-2.95658 0.88732 -0.00320 210 160 180
-2.27789 2.89989 0.00669 55 160 167
-1.94968 1.62398 -0.00150 173 170 65
-0.71884 2.08656 0.00473 163 34 150
-1.12412 0.00166 -0.00426 14 4 10
-2.29662 0.80118 -0.00043 124 202 249
-1.08372 1.01584 -0.00854 96 106 244
-2.77034 0.20173 0.00240 58 27 0
-0.76811 2.86110 -0.00133 139 175 137
0.79821 1.52700 0.00795 247 213 78
-2.98700 1.60192 0.00522 217 236 196
-2.29580 2.40330 0.00137 128 106 121
-1.08213 1.15717 0.00142 94 75 143
-2.94547 0.69094 -0.00019 205 245 249
1.38415 2.60448 0.00678 73 211 228
-1.54868 1.29364 -0.00650 93 29 125
0.02167 2.40355 -0.00495 80 101 105
-2.63394 1.25172 -0.00149 85 92 184
-1.17724 1.43083 -0.01188 7 92 1
0.43056 2.28390 -0.00476 103 2 170
0.28382 1.53307 -0.00262 118 221 177
-1.77978 2.69707 -0.00294 249 244 76
-0.73333 1.81235 0.00916 153 162 80
0.76137 1.52323 0.00217 177 142 7
-2.16262 2.24774 -0.00495 178 78 146
1.44602 2.65720 0.00100 83 237 245
-1.69862 0.31218 0.00629 224 162 188
0.72026 2.96145 -0.00172 255 223 75
-2.10687 2.47825 0.00316 203 142 138
-0.72299 0.99963 0.00021 163 31 14
-0.13168 0.88756 0.00954 44 83 83
-0.82381 1.07570 -0.01369 200 81 79
1.34347 1.13559 -0.00176 76 79 153
0.47935 2.16292 0.00045 204 91 251
-2.75584 2.70370 -0.00309 130 245 241
-1.80445 0.87449 0.00397 169 87 143
0.12832 0.09317 -0.01329 84 78 74
-0.69383 2.86345 0.00375 163 173 78
-2.14426 0.04851 -0.00247 189 79 198
1.09886 1.38129 -0.01034 74 68 69
0.90928 0.47441 0.00052 146 157 140
1.17671 2.49105 -0.00302 113 145 89
1.19427 2.06165 0.00325 28 46 137
0.18834 0.02719 0.00549 94 76 83
-0.78928 1.24974 -0.00243 138 13 133
0.96233 1.50179 -0.00120 204 205 132
-2.59108 2.82083 0.00817 78 252 74
-0.61474 2.92339 0.00827 182 158 1
-0.11522 1.29093 -0.00802 108 104 224
-2.30388 2.00696 0.00114 46 67 93
-2.64204 1.19977 -0.00070 89 73 239
-2.84165 2.70512 -0.00637 87 169 176
-2.72643 2.10938 0.00705 115 98 138
-1.68390 2.64106 -0.00450 220 223 83
-0.65187 0.64652 -0.00562 250 250 210
-2.78555 0.41399 0.00428 138 203 176
-0.00464 0.43092 0.00117 82 213 186
-2.78933 1.89019 0.00380 143 206 232
-0.83709 2.65941 0.00027 197 227 188
-0.35444 0.89910 0.00267 136 84 172
-0.60585 1.17285 0.00059 181 0 178
1.17750 2.75510 0.00534 37 175 118
1.36815 1.15117 -0.00314 80 77 185
-1.48039 0.23898 0.00384 54 48 12
-1.05509 0.63593 0.00239 26 172 15
-0.27720 2.27299 -0.01546 101 1 176
1.36287 2.64558 0.00215 83 222 236
-2.99183 1.87075 -0.00326 145 143 17
-0.55860 0.35082 -0.00595 180 94 157
-2.01254 2.20100 0.00163 233 79 80
-2.29347 0.82848 -0.00403 124 190 246
-0.98774 2.04199 -0.00079 123 131 121
1.04892 0.28499 0.00409 89 72 165
0.76973 2.14307 -0.00014 255 98 121
-1.75020 2.98079 -0.00311 239 211 248
-2.86972 2.91637 -0.00236 97 160 85
1.50823 1.71666 -0.00031 14 179 103
0.34686 0.23124 0.00415 66 41 178
-0.45818 2.11475 0.00145 167 27 2
-0.51139 0.91868 0.00195 251 146 169
-0.55027 1.40117 -0.00007 177 80 20
-0.91709 0.15298 0.00031 84 10 167
-0.24241 1.32301 -0.00546 158 116 158
-0.32762 2.54806 -0.00095 118 96 38
-2.22211 1.62673 -0.00307 151 250 125
-1.07663 2.22867 0.00841 20 3 135
-0.76642 2.53207 -0.00869 222 170 147
-2.20927 1.39698 -0.00063 82 79 178
-0.24037 1.60673 -0.00210 88 166 151
-2.11753 2.61929 -0.00551 120 133 155
-1.94068 0.51358 -0.00705 252 249 225
0.60279 1.78136 -0.00094 166 174 13
1.36459 2.70335 -0.00200 74 240 254
-0.19394 1.45217 0.00011 69 105 175
-2.43876 1.63313 0.00277 5 174 178
-1.26723 2.35281 -0.00021 80 94 154
-1.02258 1.12510 -0.00003 116 72 126
-1.47225 2.14305 -0.00105 56 14 146
-2.10508 0.87783 0.00011 200 163 83
-0.60983 1.46597 -0.00516 254 189 91
0.77893 0.87726 0.00761 174 88 0
-2.86294 1.68900 -0.00166 168 255 78
-0.68710 0.57516 -0.00206 169 177 174
-1.24347 1.87994 0.00224 0 134 162
-2.09073 2.77277 0.00270 141 180 136
-0.53683 2.60498 -0.00383 177 127 150
0.54910 1.68266 -0.00176 150 179 28
-0.03241 1.22379 0.00134 87 89 237
-0.14039 1.58638 -0.00481 37 158 92
0.41649 2.36156 0.00458 101 23 129
1.38429 2.49861 -0.00940 0 70 69
1.49726 2.36361 0.00193 14 15 49
-0.91773 0.23552 -0.00086 156 121 189
0.74067 0.24424 -0.00081 253 128 89
-0.67483 2.57856 0.00128 244 191 239
-2.31102 1.46675 0.00010 121 189 252
-1.01355 1.34614 -0.00506 119 123 115
-1.17800 1.66436 0.00197 2 181 148
-0.67958 0.43992 0.00513 167 139 143
-2.18938 1.18062 -0.00745 97 0 80
-2.54730 2.66304 0.00375 74 223 130
-0.56663 0.60156 0.00429 252 255 170
0.09424 0.73532 -0.00281 80 224 103
-0.31791 0.92749 0.00636 121 63 174
-1.57247 2.64860 0.00071 97 151 74
-1.59183 1.12026 -0.01058 106 0 3
-1.78684 2.65366 0.00039 246 225 90
0.34367 0.36529 0.00121 64 110 124
-2.54184 0.83848 0.00423 1 112 84
0.50390 0.39404 -0.00108 213 196 82
0.37538 1.94429 -0.00464 79 97 0
-0.98314 1.93499 0.00428 124 178 83
-1.26526 1.08949 0.00066 0 3 173
-1.85063 2.88386 -0.00392 255 248 102
1.15522 2.60323 -0.00771 120 207 79
-1.09971 2.58497 -0.00439 18 119 58
-2.91120 0.85122 -0.00411 190 178 176
-1.24081 1.38455 0.00237 5 70 24
1.27877 1.13767 0.00264 81 76 102
0.93370 2.28553 0.00203 210 80 190
1.39954 1.42946 -0.00707 0 96 99
-1.46694 1.63157 0.00792 128 250 88
0.37612 2.81599 0.00216 72 178 76
-2.34486 0.47123 0.00338 32 155 1
-2.08722 1.93267 0.00444 137 112 182
-1.76749 1.04971 0.00338 245 91 199
-1.67951 2.08883 -0.00797 222 115 166
0.41725 1.06035 0.00334 177 90 139
0.38363 1.19798 -0.00518 77 3 5
1.08598 2.74289 -0.00443 72 169 37
-3.00594 1.66035 0.00140 229 253 157
-2.22384 2.28592 -0.00631 154 79 159
1.16932 1.11386 0.00230 41 4 6
-0.58503 2.76050 -0.00313 180 172 75
-2.57281 1.86742 0.00726 80 217 208
0.16158 2.16169 0.00243 11 14 0
1.32719 1.76507 -0.00175 0 175 14
0.03781 0.72908 -0.00899 76 234 168
-2.18846 1.84099 -0.01010 96 149 62
0.54216 2.22598 -0.00423 146 0 149
-1.22370 1.79487 -0.00059 72 243 255
1.11814 1.30093 0.00307 57 31 25
-2.88550 2.66323 0.00289 102 148 145
0.92351 2.82480 0.00106 141 174 4
0.35828 1.00801 -0.00520 69 27 153
0.83845 0.50769 0.00563 166 168 164
0.83854 1.03521 -0.00202 170 19 138
-2.88900 0.46599 0.00110 107 158 70
-2.26057 1.74922 0.00754 139 252 82
-0.80351 2.50219 0.00994 205 162 99
-0.58366 0.00270 -0.00374 249 79 114
-1.59597 2.28363 -0.00007 185 76 210
-0.33491 0.95523 0.00076 122 43 167
-0.90903 0.18839 0.01019 87 21 138
-2.24678 1.95772 -0.00441 71 102 93
-0.19865 2.86812 0.00307 141 247 255
-2.92254 2.90117 0.01164 124 158 141
0.13109 2.25318 -0.00147 82 78 87
0.96644 0.24976 -0.00364 126 53 168
-1.18552 2.68925 -0.00064 74 229 130
-1.03292 0.68244 0.00428 37 164 57
0.72139 1.06486 0.00160 255 87 149
-1.05023 1.66365 0.00225 34 178 165
-2.49750 2.34987 -0.00676 2 13 179
-1.02093 0.93941 -0.00535 42 55 169
-1.27310 1.23836 -0.00471 4 9 156
-0.42091 0.59374 -0.00380 152 176 10
-1.01109 0.37678 0.00565 118 187 148
0.73155 1.67180 0.00441 181 175 24
-0.58015 2.58622 0.00012 254 198 245
-0.89829 1.32038 0.00307 164 117 180
-1.97569 0.12506 0.00536 167 5 0
1.29855 1.54579 -0.00125 6 146 92
1.07975 0.99790 0.00497 147 106 217
-2.21238 1.89190 -0.00263 83 125 71
-0.45832 2.21605 0.00686 240 80 129
-2.93236 1.21602 -0.00598 122 5 71
-0.08242 2.96559 0.00008 103 221 141
-1.35557 1.70662 0.00238 92 255 127
-2.10755 0.16837 -0.00172 206 93 91
0.08934 2.48155 -0.00001 77 141 211
0.44495 2.48194 0.00424 108 60 34
-2.66101 2.38538 -0.00671 19 25 90
-0.55431 1.25133 0.00929 178 13 126
-1.85615 2.54236 0.00493 179 100 132
-1.31284 2.22612 -0.00173 86 76 80
-0.05351 2.20929 -0.00265 18 3 81
-2.20177 1.92018 -0.00050 87 118 99
-1.74932 2.90875 -0.00910 244 236 212
-1.43060 2.57463 0.00214 125 192 196
1.03694 2.03941 0.00062 98 56 10
-2.72473 0.01769 -0.00611 37 3 61
0.60942 1.60377 0.00076 168 163 34
-2.72971 1.34027 0.00050 116 123 198
-2.22940 2.04151 0.00621 77 57 165
-2.56659 1.71288 0.00161 1 179 174
-1.36895 1.61151 0.00137 97 243 73
-1.54481 2.18230 0.00053 83 4 167
-0.03299 1.09696 -0.00353 84 77 151
-0.18186 1.40394 0.00310 59 75 168
-0.27738 1.32238 0.00161 182 113 127
-0.12715 1.61787 0.00899 40 167 57
0.54154 2.66189 0.00447 223 229 170
1.49326 2.94038 0.00205 92 230 76
-2.74638 2.03912 0.00300 119 134 210
1.24410 1.29091 0.00349 93 104 196
-0.37237 0.95276 0.00689 139 50 180
-1.34537 2.90511 -0.00189 14 163 13
-1.92623 2.95346 -0.00263 252 221 107
-0.99138 1.28824 -0.00350 127 103 88
-3.00810 0.80888 0.00216 223 202 252
0.67443 2.69947 -0.00542 250 240 252
-1.35623 0.81219 0.00680 93 199 92
0.18563 0.61304 -0.00311 86 253 123
-0.59572 0.92548 0.00130 253 144 113
1.21800 2.57649 -0.00492 27 113 8
-1.03992 1.21938 -0.01185 115 83 84
0.02724 0.76030 0.00255 79 226 136
0.76785 1.64949 -0.00113 175 173 30
0.89548 0.41751 -0.00886 152 131 172
0.07811 1.86126 0.00627 0 142 171
0.96731 0.38280 -0.00570 122 117 153
0.81631 1.16502 -0.00034 167 0 180
0.08518 2.54863 0.00588 78 180 254
-2.74584 0.13205 0.00489 51 10 3
-2.61331 2.40002 0.00054 3 30 157
-0.17135 1.89324 -0.00407 135 207 103
-2.14861 2.32931 -0.01064 192 88 81
-0.78237 1.37214 0.00105 130 62 176
-1.17833 2.01466 0.00995 75 143 100
0.07265 0.58127 0.00404 1 174 151
0.26805 0.51507 0.00123 39 170 51
-2.50701 0.97043 0.00394 4 42 177
-0.46004 2.78929 0.00081 171 174 2
-0.82619 2.39762 -0.00137 119 29 14
-0.02906 0.83668 -0.00072 10 105 43
-1.50017 2.24226 -0.00067 149 78 176
-2.71183 2.12273 -0.00202 111 100 116
1.17730 0.84038 -0.00341 118 182 252
-1.89731 0.09290 -0.00462 178 8 17
-0.70936 1.39418 -0.00348 160 72 138
-0.62283 1.61357 -0.00415 252 242 89
-1.08520 2.73336 -0.00948 93 248 74
-1.59340 1.16017 -0.00879 105 0 5
-0.89178 1.48543 0.00495 95 114 175
-1.67141 1.64673 0.00381 146 175 148
0.39852 0.05072 -0.00451 88 3 120
1.18095 1.91389 -0.00473 38 121 18
0.39938 2.50894 0.00278 166 157 122
-2.21576 1.86286 0.00578 83 144 44
-0.19804 1.52014 -0.00291 70 135 172
-2.75535 2.36970 -0.00751 51 20 28
-1.62715 2.21770 -0.00924 123 0 178
-1.99753 2.93103 -0.00403 239 230 79
0.95202 0.18139 0.00345 204 99 198
-0.96553 1.28406 -0.00946 136 100 103
0.07450 2.69747 0.00278 0 163 136
-1.57217 2.47867 -0.00392 176 137 80
-0.89030 1.69961 0.00226 94 176 45
-0.86721 1.37656 0.00404 179 144 244
-0.13384 0.38156 -0.00914 118 185 77
-2.86234 0.15278 0.00477 174 95 134
-0.83005 0.71624 -0.00412 114 161 179
0.49747 1.48640 -0.00234 129 119 180
0.81870 0.87016 0.00540 241 171 91
0.10405 2.44815 0.00471 79 131 207
-1.82751 1.25224 0.00177 255 94 113
-1.87486 2.20544 0.00422 177 0 37
1.14386 1.57253 -0.00538 128 230 245
0.23841 2.90796 -0.00275 30 158 40
0.88747 2.08621 0.00642 157 35 15
-0.77745 1.23444 0.00903 142 6 123
-2.07799 1.06085 0.00195 136 13 73
-0.09053 1.77329 -0.00437 26 168 12
-0.65702 2.04093 -0.00160 172 57 135
-2.93849 1.05330 -0.00113 123 14 0
-1.44147 1.01176 -0.00262 43 29 3
-2.59049 2.75732 -0.00660 82 254 88
1.25055 2.97790 0.00041 96 218 191
-1.85438 0.55228 -0.00095 251 249 123
1.23334 1.40590 -0.00593 22 81 177
-2.14222 2.83740 -0.00067 111 176 136
-0.57599 0.46788 0.00717 179 153 176
1.13037 1.26020 0.00456 53 15 15
-1.61336 0.83572 0.00402 113 110 168
1.37717 0.56693 -0.00511 74 251 255
0.17854 1.09048 -0.00529 1 6 174
0.68223 1.02994 -0.00245 251 98 103
-1.19007 0.18720 -0.00337 0 23 87
-1.59061 0.87200 0.00083 181 166 207
-2.75291 1.33578 -0.00400 122 121 214
-0.70638 0.22066 0.00314 164 39 0
0.72036 1.67699 -0.00839 178 179 23
0.80890 2.00485 -0.00401 250 152 207
1.41159 0.94334 0.01094 1 55 0
-2.29900 1.13582 -0.00202 47 0 1
-2.16829 2.62728 -0.00149 98 139 138
-2.32829 2.77400 -0.00236 38 180 131
-0.96349 1.53070 0.00231 64 135 180
1.25507 2.22133 0.00113 15 0 151
0.09681 2.77198 0.00469 0 176 83
-1.09993 2.45499 -0.00108 16 52 151
-2.09029 0.54494 0.00112 130 177 179
-1.27917 2.92801 0.00413 5 153 0
-0.88973 0.30649 0.00285 170 155 120
0.90050 0.79325 0.00350 224 207 96
-0.58198 1.95523 0.00264 175 97 148
-2.48584 0.21917 -0.00483 83 113 248
0.07360 1.44921 0.00536 73 180 113
-0.74566 0.25413 -0.00470 151 54 1
-0.90393 2.90295 -0.00147 160 233 254
-2.35266 0.18546 -0.00422 105 105 238
1.19269 1.91288 0.00179 38 125 18
-2.06453 0.15586 0.00019 214 91 77
1.45449 1.07685 -0.00166 78 82 196
0.42905 0.45937 0.00016 179 227 83
1.03010 2.11356 -0.00216 93 26 42
-0.74397 2.95660 0.00290 150 143 47
-0.02955 2.76889 0.00100 88 253 238
-0.28990 1.53635 0.00283 112 139 169
-2.56786 2.00844 -0.01215 77 151 106
-1.75874 1.56072 0.00457 167 152 160
0.54185 0.59981 0.00050 147 171 128
-1.19984 0.53387 -0.00732 80 252 172
-2.86506 1.65353 0.00157 170 248 81
-1.97484 0.93393 -0.00604 170 60 61
-1.89426 1.82569 -0.01382 252 232 240
-1.77638 0.09482 0.00318 168 0 96
0.95926 1.06975 -0.00384 126 6 170
0.83504 1.90253 0.00175 161 130 160
0.78888 2.97106 -0.00079 252 214 80
-1.82015 0.70515 -0.00666 178 159 21
-1.77900 1.76029 -0.00309 171 175 147
-0.34606 1.09118 -0.00375 207 84 172
0.76141 2.04330 0.00089 249 131 202
-2.57621 0.25164 0.00036 77 131 228
-2.27634 0.33074 0.00269 54 92 20
-0.99539 0.57230 0.00722 125 255 90
-1.25928 0.99054 -0.00074 78 106 189
-2.69293 2.30214 0.00080 27 2 29
0.06971 1.08913 0.00353 0 1 140
-2.16897 0.39005 -0.00537 105 130 32
-0.40126 2.77058 -0.00028 157 177 6
0.05196 0.74568 -0.00045 77 224 119
0.16836 2.32997 0.00032 79 85 164
1.45617 1.46485 -0.00417 9 111 31
1.43902 2.74782 0.00318 77 250 214
0.86224 1.33659 -0.00236 155 39 57
-1.90186 1.40234 -0.01336 255 152 79
-0.01753 2.86889 -0.00057 86 243 153
1.17201 0.53669 0.00326 34 170 29
1.39857 1.74362 -0.00023 4 171 46
0.33101 2.41505 -0.00032 130 106 242
1.41927 2.38396 -0.00315 1 24 21
-1.54126 0.36375 0.00409 88 108 3
-0.48304 1.19905 0.00766 171 4 119
-0.96975 0.81957 0.00625 62 117 172
-0.69425 2.92504 -0.00842 167 152 24
-1.87603 1.84350 -0.00635 252 228 226
-0.14938 1.78191 -0.00120 50 170 0
-2.95196 2.22716 -0.00639 212 82 221
-1.16554 2.27471 0.00136 5 0 91
1.34299 1.92230 0.00513 79 184 223
-1.67881 0.59814 0.00248 217 255 102
-2.70952 1.18325 0.00206 103 75 254
-0.31984 2.75575 0.00034 198 251 116
0.98696 2.27200 -0.00688 197 79 212
-2.93613 0.78769 0.00431 199 211 242
-2.61447 2.40680 -0.00062 4 35 158
-0.04838 0.29468 0.00134 88 150 84
-1.10801 1.07566 0.00372 89 83 227
-2.38046 1.77495 0.00081 103 246 124
-0.54461 2.05804 -0.00729 179 48 37
-0.42894 0.44485 -0.00279 160 145 111
1.04270 0.35388 0.00608 92 95 136
-1.89537 2.42655 -0.00040 179 41 174
-1.71878 2.50005 0.00886 158 80 55
0.61813 2.14353 -0.00197 248 94 232
-0.09908 0.08677 0.00145 31 2 145
0.67383 1.23983 -0.00209 251 84 237
0.50090 0.36522 0.00003 207 188 80
0.36373 0.31260 -0.01311 74 84 141
-0.96692 0.75836 0.00405 61 140 154
-2.96576 2.85480 -0.00290 137 170 179
-0.81996 0.36663 0.00154 200 183 79
0.40586 0.15194 -0.00038 87 9 175
-1.68595 1.91512 0.00357 214 193 77
0.07843 2.71470 -0.01039 0 168 123
-1.03391 2.91964 -0.00277 113 230 233
-2.76472 1.12427 -0.00118 129 74 209
0.41551 1.00519 0.00617 98 33 115
0.05514 1.90745 0.00658 0 122 182
-1.04060 1.61005 -0.00458 31 167 179
0.61519 2.51047 -0.00165 164 81 35
-1.37382 1.82841 0.00121 20 155 135
-1.13127 2.94177 -0.00615 91 226 182
0.06018 0.38159 0.00314 3 117 123
-1.80799 0.98589 0.00270 177 36 176
-0.66680 1.28063 0.00214 164 26 171
-2.25024 0.07687 0.00300 136 81 248
1.33990 1.52454 -0.00061 1 137 77
-1.85082 2.79065 0.00237 252 255 75
-0.55670 1.26370 0.00330 175 18 119
0.80732 2.93786 -0.00022 250 223 77
-2.46704 0.85090 0.01420 2 101 155
-1.16897 0.73936 0.00158 4 152 5
-1.53517 2.64757 -0.00311 83 137 96
-1.31882 1.62269 0.00933 90 253 95
1.11679 1.29008 0.00649 57 26 26
-1.91038 1.57468 0.00441 175 153 60
-1.04232 2.18069 -0.00070 111 81 188
-2.37439 1.19927 0.01185 21 7 0
-1.25755 0.49306 -0.00917 1 162 164
-0.24761 2.57685 0.01145 84 119 1
-1.05587 1.63902 -0.01245 25 170 176
-0.66400 1.41808 0.00093 245 167 151
0.77022 2.16941 -0.00502 255 84 104
-0.27242 1.41489 0.00733 97 85 125
-2.88383 1.90833 0.00754 110 118 107
-0.43945 2.18335 -0.00017 161 5 40
0.91675 1.31233 -0.01012 138 39 25
0.80862 2.21359 0.00538 245 79 73
0.27900 2.72354 -0.00064 35 167 5
0.01149 1.36287 0.00064 5 54 151
-0.92877 1.02117 0.00187 154 101 131
-1.98524 0.08624 0.00333 163 2 0
0.46301 0.61321 0.00274 115 176 60
-2.84700 0.13987 -0.00538 176 88 151
-1.51252 1.79951 0.00130 69 164 12
1.09786 1.51550 0.00458 150 207 234
-2.82875 2.75523 0.00144 78 172 173
1.09253 1.91374 0.00726 74 118 1
-2.18261 1.32174 -0.01121 97 42 170
1.06566 2.93079 -0.00799 85 155 154
-2.14426 0.15046 0.00113 192 93 121
-0.64728 2.72394 -0.00481 171 172 141
-2.02255 0.22973 0.00492 161 46 23
1.03149 1.74858 -0.00137 166 253 212
-2.24489 0.09493 -0.00232 148 75 241
-2.64245 1.30921 0.00828 86 107 153
1.40932 0.13819 -0.00985 4 6 27
-0.05651 1.13294 0.00976 92 76 146
-2.39118 2.10218 0.00204 16 32 93
-2.43617 2.95435 -0.00789 78 221 242
0.10407 1.78176 0.00319 75 244 228
1.30630 0.75200 0.00252 1 145 148
1.36322 2.21212 -0.00009 1 1 65
0.50062 0.13786 -0.00313 130 16 165
-0.64038 1.77049 -0.01205 252 242 200
-1.31809 2.79610 -0.00715 3 178 60
0.36795 2.35024 -0.00242 153 85 255
-2.36257 0.99501 -0.00198 101 107 174
-0.41744 0.40836 0.00106 155 128 134
-2.89449 0.27650 -0.00487 115 64 9
-2.43622 2.45277 -0.00682 11 52 119
-1.00653 2.72871 -0.00370 122 243 115
1.29459 2.43826 0.00611 3 40 0
-1.00019 1.05577 0.00095 125 89 163
-1.34994 1.51300 -0.00712 90 212 87
-2.18399 1.16515 -0.00146 99 0 84
-0.43660 2.72747 -0.00894 160 175 2
-0.98075 2.01303 -0.00580 127 149 105
1.04545 2.30311 0.00799 169 81 252
-2.57758 0.60678 0.01242 0 180 28
-0.82129 0.96188 -0.00624 122 52 20
-0.20978 2.47601 0.00001 68 66 6
-2.32666 2.31894 0.00695 112 84 202
-2.52178 1.90297 -0.00319 80 200 155
0.43914 1.10223 0.00231 187 77 94
0.16550 2.86664 -0.00181 9 174 0
-1.72750 1.64796 0.00428 155 175 167
0.48652 2.15432 -0.00018 199 85 252
0.00320 1.62313 -0.00113 81 249 77
-1.45417 1.53248 0.00591 126 224 139
0.43835 1.69042 0.00607 106 179 109
0.07777 0.18790 0.00203 78 99 81
-1.50437 1.06879 0.00778 67 10 5
-0.75936 2.13696 -0.00451 145 22 151
0.24634 1.16819 -0.00467 29 0 119
-1.36990 1.17987 -0.00121 23 0 157
1.30728 1.51722 0.00812 2 127 118
0.53739 2.24249 0.00147 146 0 141
-1.69434 2.20963 -0.00603 145 1 163
-2.56190 2.43831 -0.01150 0 51 178
1.37198 2.63782 0.00106 75 218 237
-1.69323 1.25380 -0.00570 218 92 84
-0.22455 0.60955 -0.00588 83 180 80
-1.06587 2.95942 0.00405 100 221 232
-0.23597 0.99773 -0.00370 76 26 72
1.40945 1.39482 -0.00135 80 147 196
-1.16432 2.04199 0.00927 77 134 84
-1.61109 1.70271 0.00229 112 177 55
1.08185 2.87002 0.00518 73 173 131
-2.22491 1.06676 -0.00285 74 10 0
0.07599 1.68264 0.00219 75 255 129
-0.95317 1.80288 0.00579 68 164 20
-2.64498 1.31880 0.00320 92 119 142
-1.52664 2.52710 0.00183 157 163 94
-2.53683 2.27357 -0.00097 0 3 115
-2.63765 0.96859 -0.00309 15 47 105
1.31942 0.37405 -0.00649 79 191 96
-2.06422 2.67572 0.00793 145 154 173
-2.62711 1.17202 -0.00426 84 75 238
-2.22700 0.37277 0.00267 80 117 0
1.31590 0.27871 0.00458 82 148 77
0.32304 0.50127 0.00436 56 165 39
-2.28543 0.61723 -0.00315 122 249 178
-2.22954 1.79906 -0.00275 148 243 77
0.65877 2.71103 -0.00299 248 239 253
-2.45956 0.69786 0.00493 4 164 54
0.46536 2.06064 -0.00015 202 122 197
-1.09357 2.64942 0.00621 93 224 86
0.27658 2.61005 0.00291 43 132 62
-1.07904 2.98807 -0.00586 94 203 244
-2.56694 0.38939 -0.00439 77 195 249
0.60545 0.48081 -0.00926 241 232 160
0.95173 2.33063 -0.00761 205 82 228
0.00851 1.63652 -0.00247 82 249 78
-2.44406 2.12913 -0.00120 80 97 145
-0.42044 2.34859 0.00147 232 89 248
-0.83183 0.26316 0.00682 195 132 102
0.02227 1.21412 -0.00805 5 8 174
-2.64086 1.07635 0.00116 90 86 252
-1.54631 0.56475 -0.00704 85 176 110
-0.50131 1.97460 0.00131 177 81 64
-1.59675 0.00585 0.01224 183 79 240
0.61658 0.19359 -0.00382 168 23 47
-2.33231 1.73857 0.00338 115 246 117
-2.68341 1.50249 -0.00351 23 126 0
0.13786 2.14170 -0.00264 7 16 5
-2.20337 0.74098 -0.00440 163 227 241
-1.84570 1.76057 -0.00282 177 173 170
-2.02361 1.38278 0.00371 154 72 79
-0.59689 0.53140 0.00122 176 167 167
-0.57836 0.05388 0.00817 255 81 85
-2.63833 1.46129 0.00275 11 104 0
-1.69256 1.99997 -0.00970 224 154 99
-2.39730 0.58991 0.00363 18 174 21
-0.53758 0.63006 0.00334 253 255 131
-1.33017 0.36712 -0.00240 13 110 109
-0.11898 1.84978 0.01101 114 221 120
1.27940 2.32502 -0.00230 7 8 47
0.64144 2.44305 -0.00294 175 50 11
-1.40068 2.65140 -0.00938 31 141 176
0.32680 2.56551 0.00589 136 186 133
-1.74655 2.19406 -0.00477 233 81 207
0.47431 0.84616 -0.00174 122 104 171
1.19563 1.61433 -0.00488 108 243 199
-1.56639 1.40758 -0.00084 174 158 250
-1.94581 0.56815 -0.00909 248 254 184
1.35924 2.34941 0.00290 0 16 3
0.37425 1.84252 0.00213 78 152 46
-2.24434 1.41934 0.00238 151 165 255
-2.14607 0.87822 0.00173 191 157 95
1.31584 1.60385 -0.00728 6 166 45
-1.02465 2.34931 0.00054 41 14 167
-2.95877 0.83458 -0.00479 212 183 222
-1.90105 1.19997 0.00250 255 75 207
-0.46985 1.64682 -0.00425 243 254 219
0.64779 0.19504 -0.00434 253 109 99
-1.78908 0.17709 0.00415 170 21 151
1.30798 0.17491 -0.00706 4 23 73
-0.27268 2.44076 0.00723 100 51 75
-1.22392 1.41798 0.00457 72 164 79
1.36024 0.65165 0.00981 0 176 174
0.22615 0.88887 -0.00371 102 159 180
1.45564 1.69141 0.00024 9 169 50
0.29745 2.66511 0.00255 44 148 13
-2.52801 0.00241 -0.00120 0 0 12
-2.79149 0.71467 0.00293 62 164 110
1.10592 2.27736 0.00131 142 76 253
1.23800 2.46235 -0.00573 18 60 0
-0.24573 2.56839 -0.00557 85 107 0
-2.42249 0.19751 -0.00129 18 18 178
0.27481 1.59283 0.00832 117 240 215
-1.40594 1.62023 -0.00245 107 247 79
-1.07596 0.14842 -0.00478 19 14 141
-0.81027 1.54166 -0.00489 121 148 106
-0.20358 1.74339 0.00639 69 178 26
-0.43891 2.87637 0.00746 160 169 44
-0.66824 1.82375 -0.00579 167 155 145
0.55814 1.88476 -0.00035 227 217 113
-0.86213 1.46242 0.00177 107 105 172
-2.74256 1.09662 -0.00082 122 80 205
0.12520 0.31011 0.00076 2 76 113
-2.28887 0.51446 0.00267 53 166 32
-0.04836 2.50437 0.00318 11 82 60
-0.57373 0.42521 0.00267 177 137 180
0.55428 2.98203 0.00198 222 213 181
-2.56996 1.49709 -0.00149 3 126 38
0.56055 0.89562 0.00319 154 82 90
-1.00932 0.25581 0.00095 119 131 238
-0.64541 2.37176 -0.00668 249 99 108
-1.46637 1.08377 0.00071 51 7 35
1.41879 0.05947 0.00492 3 0 60
-0.29312 0.48416 0.00839 185 239 82
-1.02365 1.84028 -0.00203 118 223 112
0.60842 2.92160 -0.00147 237 233 188
-1.52187 2.78039 0.00200 78 177 174
0.64715 2.77453 0.00352 243 253 246
-2.91344 0.99314 0.00647 199 115 83
1.35486 1.12763 0.00448 77 77 150
-0.35054 0.13737 -0.00076 134 9 152
-2.28320 0.05626 0.00034 128 75 255
0.85207 0.67256 0.00318 239 251 115
-0.46446 1.58308 -0.00001 248 235 177
-1.56347 0.93216 -0.00144 168 134 147
-2.91713 1.53421 0.00557 197 215 191
1.43278 2.47924 0.00888 3 65 101
1.37571 1.25983 0.00464 73 89 247
1.00557 0.84202 -0.00005 184 183 197
-0.68716 0.10593 0.00588 240 81 112
1.20254 2.28307 0.00572 25 5 146
1.46176 2.43993 -0.00431 5 44 92
-0.27779 1.04679 -0.01023 173 88 137
-2.29538 1.00093 0.00633 52 32 44
-1.72400 0.42127 -0.00135 232 211 130
-0.98844 2.34543 0.00518 51 15 163
0.99303 2.78456 0.00066 111 181 11
1.11333 2.03345 -0.00214 60 61 58
-1.58632 1.22693 -0.00214 107 11 46
0.68094 2.15357 -0.00066 251 92 169
-2.43602 2.44850 0.00969 12 48 123
-0.58697 0.48734 0.00324 180 156 174
-1.23727 0.25213 0.00296 1 48 98
-2.17664 0.29178 -0.00081 100 67 0
-1.24417 0.38014 -0.00019 5 115 172
-1.99777 1.96195 -0.00335 241 166 216
-0.62485 0.09709 -0.00193 248 83 85
0.51696 0.56238 -0.00579 215 252 152
-0.00360 0.45627 -0.00132 8 148 125
0.15248 1.55873 0.00481 83 228 100
0.69061 1.10604 -0.00425 253 77 158
-0.72358 1.79949 0.00759 230 241 143
-1.29808 2.72972 0.00204 3 171 105
-2.93107 0.36223 -0.00372 120 102 1
0.99856 2.95347 -0.00189 107 144 120
0.67803 1.89845 -0.00252 252 200 235
-1.14064 1.53507 0.00695 4 139 83
-2.49388 0.32898 0.00036 78 171 243
-0.00709 2.72249 0.00198 82 246 253
-0.74594 2.33005 0.00200 225 86 85
-2.24501 2.71410 0.00439 73 165 148
-2.04713 1.21732 -0.00040 148 9 181
1.29840 1.91276 -0.00510 81 202 171
-0.03154 2.43146 -0.00044 10 50 23
0.47318 0.89101 0.00191 119 79 144
-1.67881 2.30105 -0.00145 140 6 164
-0.08862 2.49192 -0.00417 26 68 15
-1.18884 0.64081 -0.00270 0 174 21
-2.27236 1.29056 -0.00366 61 25 100
0.85620 2.51662 -0.00192 238 153 255
-0.92152 0.78642 -0.00103 77 131 177
-1.62262 1.50280 0.00522 123 123 178
0.54128 2.93513 -0.00090 225 226 216
-2.42861 0.63877 0.00046 5 177 24
-2.52740 2.98066 0.00234 77 216 199
-2.98841 2.48543 0.00384 220 148 79
-1.94730 1.13524 0.00234 247 72 253
-0.18560 2.43081 0.00512 60 40 19
-0.71008 1.34661 -0.00712 162 51 161
-1.30848 1.82878 -0.00516 7 149 165
-0.54803 1.18210 0.00274 176 0 169
-0.33880 2.41477 -0.00321 125 33 138
-0.36199 0.40142 -0.00734 214 206 182
-0.20155 0.67316 -0.00086 64 167 155
-0.16781 2.87868 -0.00161 131 245 250
-2.79708 0.91421 -0.00825 147 144 77
-1.09871 0.77540 0.00456 17 139 66
0.85299 0.55611 0.00019 165 175 124
0.24015 1.20488 0.00044 28 7 92
1.45075 2.86185 0.00268 84 248 118
-2.69809 1.80097 0.00513 108 240 237
-1.36092 1.43973 -0.00157 94 170 146
-2.27797 1.49908 0.00251 132 202 247
1.24092 0.76756 0.00345 13 141 175
-1.06851 0.28286 0.00168 103 141 251
0.86039 1.39528 -0.01189 159 72 23
1.13718 1.18822 0.00441 47 1 0
-2.06760 2.87674 0.00849 145 169 28
-2.36639 1.37089 0.00820 28 61 90
0.68355 2.72257 0.00727 254 246 246
-2.50843 2.40055 -0.00074 0 32 182
-0.35728 2.13308 -0.00090 209 92 145
-2.22632 1.11165 -0.00271 79 5 6
-2.47999 2.36294 -0.00658 5 13 178
1.32819 0.01461 -0.00601 2 3 158
-1.09531 1.89013 0.00351 91 205 131
-0.88825 0.61729 -0.00168 95 178 116
-1.80317 0.22970 -0.00430 243 122 249
0.36733 2.31505 0.00678 151 81 250
-0.57828 2.87917 -0.00598 178 166 5
-1.04053 0.51510 -0.01029 112 242 86
-2.92818 0.24575 0.00569 124 52 39
-0.81214 0.13644 -0.01029 124 10 111
-1.75129 1.00148 -0.00276 235 102 223
-1.92765 1.23136 -0.00148 254 85 209
-0.97254 1.33546 -0.00445 130 113 125
-0.29199 1.76853 0.00176 108 171 64
-0.16571 2.77212 0.00046 130 252 234
1.44258 2.20850 -0.00917 1 0 17
-0.24091 0.02320 -0.00670 87 1 151
-1.47945 0.67936 -0.00003 134 251 251
-2.19768 0.99602 0.00162 162 104 80
-1.35319 0.28557 -0.00510 14 70 42
-2.31016 2.54007 -0.00391 119 177 78
-0.59928 2.54585 -0.00033 251 170 249
-0.12236 2.48794 -0.00023 35 71 4
-2.56018 1.81886 0.00046 76 234 230
-0.65855 2.00398 0.00022 174 76 157
0.94804 0.37258 -0.00262 135 118 167
0.53396 1.89846 -0.00331 218 201 112
-0.74903 0.67353 -0.00048 224 246 242
-1.44982 1.21212 0.00704 49 2 142
-2.90203 1.11105 -0.00310 112 1 25
-2.73329 0.36472 0.00102 118 184 196
-0.68866 2.47407 -0.00112 246 143 155
-0.17580 0.60211 0.00220 60 178 113
-1.42295 0.95836 0.00269 113 120 79
0.98831 0.76472 0.00469 193 218 133
-2.38523 1.10781 -0.00451 20 0 33
0.22481 0.55221 -0.00367 26 176 64
0.17289 0.20033 -0.00120 84 109 140
-1.74940 0.48761 -0.00364 244 234 107
1.37479 1.44364 0.00987 0 99 110
0.12997 1.36998 -0.00497 1 55 57
-0.17790 0.66188 -0.00015 57 175 141
-2.31695 0.19327 -0.00739 122 103 221
1.37496 2.93720 0.00177 79 223 111
0.78514 2.82860 -0.00439 252 255 106
-0.49026 2.64912 -0.00457 170 135 99
0.44100 2.12713 0.00358 182 97 211
-2.47249 2.32086 0.00138 2 8 179
-0.25713 2.65697 0.00964 173 233 92
-2.99802 1.90453 -0.00274 143 121 30
0.82856 2.44133 -0.00838 237 126 230
1.21642 1.03427 -0.01522 100 97 99
-0.27798 0.29957 0.00347 173 153 189
-2.24009 1.49611 -0.00169 147 200 230
0.01124 1.48525 0.01043 78 194 133
-0.05472 0.43323 -0.00786 92 213 147
-2.32790 1.29466 -0.00039 37 23 61
-0.29704 2.03330 0.00230 183 140 121
-1.01755 1.44944 -0.00123 39 106 112
-2.13860 1.11122 0.00298 108 1 67
-2.99187 2.60128 0.00384 141 130 32
-0.91194 2.55862 -0.00416 84 101 0
0.94507 0.95591 -0.00078 210 122 242
1.14962 2.95599 0.00840 54 146 177
-1.95472 1.93520 0.00426 252 188 209
-2.53092 1.81317 0.00198 75 241 220
1.47754 0.31837 -0.00230 84 160 157
0.79942 2.24008 -0.00028 171 0 3
1.07515 0.42021 -0.01059 79 135 55
-0.96794 1.12592 -0.00199 134 79 96
-1.41234 0.09514 0.01373 111 79 140
-1.50360 0.48896 -0.00934 68 158 78
-0.27787 0.72201 -0.00988 102 156 115
-1.66584 2.33814 0.00108 141 7 153
-2.25340 1.89109 -0.00285 67 124 47
-0.91000 0.14180 0.00617 82 10 169
0.63898 2.47164 0.00592 172 62 26
0.56461 1.36136 -0.00084 228 136 245
-0.11351 1.46394 -0.00317 39 109 159
0.90354 0.48808 -0.00538 146 163 126
0.32224 2.75371 -0.00043 55 177 12
1.36272 0.65572 0.00156 0 179 176
1.26593 1.77058 -0.00060 13 167 3
1.45739 2.72358 -0.00496 79 245 225
-0.85245 1.54284 -0.00064 105 143 133
1.50070 2.18797 0.01159 91 80 79
-2.05643 0.16310 0.01477 218 93 79
-0.08722 1.77326 -0.00971 25 174 6
-1.29306 2.39332 0.00174 81 99 165
-0.16121 2.13011 -0.00255 129 97 255
1.20299 1.05735 0.00392 104 88 87
-2.24148 2.50910 0.00622 146 152 78
1.16463 2.54324 -0.00104 122 173 74
-2.55034 0.92515 0.01106 1 64 143
0.10624 1.01023 -0.00711 7 29 108
-1.72694 1.37134 -0.00024 233 142 122
-2.36681 2.23493 -0.00539 106 76 253
-2.45985 1.26042 0.00295 78 95 82
-2.40012 2.01002 0.00072 14 67 29
-2.32223 0.55532 0.00066 40 176 40
1.12374 1.38059 -0.00139 57 64 96
1.36408 2.31958 0.00599 0 6 7
-0.16026 2.30464 0.00472 54 2 101
-0.75698 1.29406 -0.00197 144 28 174
-2.04520 0.85574 -0.00143 226 175 74
-2.72880 1.37522 0.00352 121 135 176
-2.57561 1.49198 -0.00090 0 124 34
-1.62927 1.29448 -0.00950 196 108 144
1.43174 2.68006 0.00257 76 233 249
-0.38784 0.15024 0.00094 144 15 140
-1.15152 1.03053 -0.00414 79 93 251
1.10156 1.10885 -0.01117 69 4 35
-0.30351 2.66594 0.00446 188 228 80
-1.92642 1.34971 0.00577 253 128 103
0.32145 0.83407 0.00489 134 185 209
-2.07618 1.27604 0.00320 131 15 177
-0.28563 1.92601 0.00596 176 189 77
0.71016 2.04383 0.00043 250 130 239
-1.98074 2.68239 0.00362 243 238 203
-1.69608 2.26805 -0.00019 149 2 175
1.16702 0.24199 -0.00776 39 53 109
0.84533 0.36917 -0.00702 163 110 167
1.35847 2.88562 0.01145 78 246 172
-0.18625 2.62135 -0.00170 143 211 115
0.85941 2.42688 -0.00124 235 125 238
-2.93186 0.55337 -0.00396 119 173 110
-0.26924 0.25672 0.00148 178 130 223
-1.01285 0.81088 0.00286 50 117 165
-1.32737 1.31543 0.00148 10 33 143
-2.89775 0.63321 0.00015 186 255 252
1.49482 2.22009 -0.00099 17 1 0
-0.41810 2.69436 0.00216 154 158 14
-1.36419 2.30881 -0.00432 96 80 78
1.18930 0.18613 0.00285 110 106 223
-0.70182 0.86350 0.00130 245 171 90
0.64340 2.11454 -0.00265 249 107 229
1.22924 0.24479 0.00584 102 132 138
0.22227 1.52634 -0.00489 94 209 118
-1.22605 2.77571 -0.00263 0 177 11
0.80473 0.35102 -0.00900 167 99 138
-1.81693 1.06140 -0.00188 251 86 235
-1.28057 1.38578 0.00964 1 62 54
-2.79952 1.15062 -0.00659 144 78 211
-1.40103 2.18157 0.00419 32 5 73
-1.06999 0.93843 -0.00208 25 58 175
-2.22772 1.09272 0.00599 77 5 9
0.05698 0.03287 0.00032 77 74 137
-2.14288 1.12178 0.00468 116 0 68
1.31618 0.64249 0.00429 3 175 180
-2.32162 1.01939 0.00413 33 25 53
0.60335 0.88454 0.00463 167 87 60
-2.08868 1.70315 -0.00264 208 255 110
-1.78671 2.64084 0.00032 249 222 88
1.35028 1.12978 0.00159 80 80 151
-2.73704 0.04750 -0.00360 42 0 44
-0.06191 1.84104 -0.00559 96 231 143
-0.17345 1.95425 -0.00267 132 174 159
1.27802 0.89881 -0.00336 11 82 79
1.16640 1.22074 0.00252 41 7 15
-1.91048 2.24599 -0.00045 176 0 40
-0.49402 1.72719 0.00057 249 253 247
-0.12922 0.17329 0.00272 32 22 80
-2.07591 2.38574 0.00241 213 106 106
0.85756 2.33947 -0.01181 240 91 154
-0.85424 0.90615 0.00104 112 73 94
-2.14547 2.90713 0.00138 106 164 90
-2.79413 0.80641 0.00008 60 122 40
-1.70485 1.51157 0.00054 147 136 168
0.86490 2.63533 -0.00583 158 143 130
-1.68363 0.70590 -0.00114 144 162 102
0.44373 1.63804 -0.00171 105 171 143
-2.22129 0.61072 0.00023 160 255 227
0.71893 0.25288 -0.00617 254 135 91
-1.60100 0.87330 -0.00306 184 167 221
-1.00034 0.90602 0.00315 45 74 175
-2.05612 1.75762 -0.00776 220 251 172
-1.31794 2.97979 0.00745 6 129 6
0.93035 2.98105 -0.00160 135 130 95
1.25835 1.67423 -0.00462 15 178 35
-2.66833 2.80887 0.00461 97 254 100
-0.80901 2.21507 -0.00987 208 76 190
0.30610 2.98757 0.00138 48 130 157
-1.19662 1.15055 0.00312 80 77 235
0.75773 1.22729 0.00088 255 84 255
-0.59463 1.18817 0.00039 183 4 178
0.18245 1.32986 -0.00225 7 47 47
0.08439 2.03405 0.00543 0 60 115
-1.81857 2.08891 0.00170 250 108 87
-2.12910 0.59074 0.00233 119 181 178
-2.79123 0.68115 0.00302 65 174 137
0.21130 2.89988 -0.00339 18 169 27
-2.44335 0.27647 0.00293 81 141 241
-2.68175 2.64571 -0.00215 100 223 224
0.77974 1.55578 -0.00681 171 148 1
1.47873 1.25107 0.00670 87 91 247
1.39922 0.55115 0.00128 76 254 253
0.52488 0.66653 -0.01249 138 172 159
-2.55249 1.20378 -0.00244 78 79 166
-1.20082 1.60035 -0.00180 1 164 101
-0.33926 2.45993 -0.00282 128 53 109
-0.58795 1.51071 0.00277 254 206 77
-0.14376 1.17572 0.00002 121 77 115
-1.64635 0.81860 -0.00057 129 114 178
-0.84744 1.07612 -0.00192 187 78 80
1.05354 1.67887 0.00911 162 254 247
-1.12071 0.18860 -0.00473 11 25 143
0.62135 1.42843 0.00624 166 86 157
-1.61044 0.22891 -0.00548 190 125 185
-1.98403 0.67646 -0.00130 166 171 53
0.61943 1.70234 0.00500 164 177 0
-1.38520 2.23927 0.00279 100 75 97
1.48852 2.49195 0.00122 17 72 145
-0.98827 1.49651 -0.00048 47 127 165
0.85165 1.17223 0.00070 162 0 169
-1.01130 1.01854 0.00150 116 98 199
-2.81496 0.63880 -0.00315 150 254 245
-2.06723 2.22233 -0.00775 214 78 91
-2.78418 0.87984 -0.00457 60 91 0
-2.22926 2.44681 0.00868 152 131 77
-0.53734 0.78774 -0.00234 253 212 81
-0.96908 0.68339 0.00447 55 170 96
-2.50309 0.26190 -0.00093 78 138 254
0.53870 0.19857 0.00474 146 30 96
0.09445 0.72686 -0.00112 74 231 113
0.56461 1.85607 -0.00706 227 220 104
-1.63844 1.67946 -0.00734 123 176 85
0.66084 1.83517 0.00431 249 231 165
-2.38850 0.36218 -0.00561 19 107 70
0.22751 0.15770 0.00257 99 100 160
-2.97429 0.08624 0.00006 220 76 252
-1.54402 1.13983 -0.00304 89 0 14
-2.61584 1.25648 0.00510 87 91 179
0.23258 1.61586 -0.00965 101 244 207
-0.21311 2.61119 -0.00694 150 210 92
-1.00880 2.04770 -0.00239 120 123 126
1.41919 1.73933 -0.01236 3 175 55
0.87709 1.87437 0.01062 158 145 163
-0.33846 2.44104 0.00431 122 41 127
1.02133 2.33890 -0.00781 180 90 253
-2.07711 1.40916 0.01279 142 75 108
0.35271 0.80812 0.00863 142 198 208
-1.74409 1.74745 0.00382 161 169 119
-1.49933 1.13965 0.00257 61 0 49
-0.90903 2.26124 -0.00326 86 0 152
-0.67295 2.73768 -0.00331 167 175 154
0.53877 1.26554 0.00581 221 89 166
0.73772 2.27634 -0.00579 179 3 6
-0.93572 2.36543 0.00230 70 21 105
0.14898 2.43769 0.01132 86 122 236
0.74822 1.63664 -0.00565 173 176 14
0.85642 1.46292 0.00790 236 187 76
0.46649 0.78013 0.00658 117 133 172
-2.29287 1.20429 0.00326 51 6 32
-0.86354 2.03460 -0.00174 183 141 222
1.17844 2.24235 0.00261 112 75 236
-2.14290 2.53407 -0.00152 189 171 153
-0.11834 2.24386 0.00316 41 0 112
0.89766 1.20256 -0.00039 151 1 133
-0.26055 1.30731 -0.00626 172 116 126
-0.32230 2.48843 -0.00518 117 72 78
-1.92970 0.49330 -0.00468 252 238 222
-0.64547 1.45939 0.00139 248 187 118
0.19548 1.56444 -0.00035 91 230 130
1.32293 2.14468 0.00399 74 93 226
1.34675 0.56258 -0.00691 80 254 243
1.12620 0.87305 -0.00478 133 164 255
-2.48711 1.02708 -0.00040 75 97 243
-1.39388 2.52421 -0.00670 100 164 189
-1.08613 2.45026 0.00344 24 52 151
1.26112 2.51402 0.01080 13 80 3
-2.83103 0.86923 -0.00329 152 173 102
-1.53612 1.14870 0.00177 87 3 21
0.07963 1.08183 -0.01368 3 6 131
-1.53399 0.65903 -0.00393 163 250 246
-1.04693 2.91983 0.00150 105 239 207
-1.21332 1.99628 -0.00101 1 80 46
-2.10451 2.64133 0.00280 131 143 176
-0.40367 2.44014 0.00567 222 129 241
-2.44736 0.07864 -0.00833 9 1 123
-0.76071 2.53169 -0.00118 220 172 140
-1.91825 1.96105 0.00573 255 169 167
-2.11715 1.77537 -0.00527 196 248 138
0.68257 2.62174 0.00036 253 216 240
0.84721 1.81422 0.00235 161 158 178
-1.34675 1.61224 0.00562 95 248 83
-2.12948 0.74058 -0.00765 194 223 195
0.18923 0.38771 0.00726 11 118 179
-2.53220 2.13074 0.00485 73 93 94
-1.67458 0.60061 0.00492 218 253 110
-1.62488 2.42151 -0.00498 117 38 54
-2.30324 0.15562 -0.00335 121 94 235
-0.26062 2.86129 -0.00290 166 243 242
0.89218 2.16112 0.00142 145 9 9
0.94717 1.85344 0.00125 131 147 128
0.69241 2.91865 0.00194 251 233 121
-2.63861 1.98625 0.00625 89 166 176
-0.02370 0.26199 -0.00747 86 130 75
-2.61745 0.71219 -0.01399 10 158 4
-2.78946 0.21273 -0.00051 142 111 78
-2.39357 2.06148 -0.00548 15 51 54
-2.27014 0.12306 0.00159 136 82 233
-2.75123 2.92851 -0.00220 121 228 81
-2.70440 2.33446 -0.00601 28 11 40
0.52922 0.47787 -0.01155 219 236 101
-0.33357 1.24236 0.00941 199 91 76
-0.85671 2.16455 -0.00172 179 90 251
-2.29998 1.45318 -0.00179 126 176 254
-2.08112 0.28154 0.00943 141 70 22
-2.98959 2.42869 -0.00439 220 120 104
-1.07402 0.70140 0.00781 28 167 39
-1.61156 0.65870 0.00116 116 170 125
-2.97088 2.88543 -0.00130 136 163 176
-0.56313 2.11391 0.00671 179 23 29
1.25070 1.68435 -0.00269 16 175 29
-0.77665 2.96229 -0.00198 140 145 52
-2.77437 0.44213 0.00464 133 216 218
-2.10149 0.54450 0.00004 129 177 172
1.20194 1.91892 -0.00041 31 113 26
0.66174 1.21506 0.00058 245 82 220
-2.06431 0.54996 -0.00059 145 173 176
0.38257 1.70793 -0.00143 153 254 219
-1.83880 2.10932 -0.00171 248 107 83
-2.74020 1.62780 0.00403 45 171 16
0.90410 0.14353 0.01402 227 90 123
-0.06556 2.37449 -0.00359 21 15 1
-0.61341 0.57346 -0.00048 179 179 150
-0.34345 2.35378 -0.00242 121 20 173
-1.89457 0.17345 -0.00296 184 19 79
-1.44744 1.40144 0.00144 119 155 227
0.63173 0.23838 -0.00099 245 120 89
0.36363 1.14507 -0.00571 74 0 41
0.38408 0.52297 -0.00406 84 171 3
-0.32603 2.34941 0.00467 120 16 167
-0.43114 1.51965 -0.01024 233 212 157
0.07775 2.99017 0.00287 5 131 5
-0.19811 2.91141 -0.00658 148 235 255
-1.24833 2.21811 -0.00306 76 75 80
-1.42508 0.21524 0.00182 38 38 2
-0.93769 2.34108 0.00539 68 13 134
-1.84985 2.38926 -0.00857 181 28 174
-0.84657 1.86605 0.00563 181 218 108
0.87655 2.39584 -0.00513 225 107 229
0.85664 1.80473 0.00222 160 161 175
-0.17640 1.91383 -0.00077 132 189 117
-1.73920 0.77831 0.00305 162 135 123
-0.06392 2.49101 0.00428 18 73 31
0.61103 2.98287 -0.00469 240 213 135
-0.74110 0.90548 0.00739 226 146 88
-1.42159 0.91226 -0.00269 109 146 75
-0.27321 1.60950 -0.00034 99 164 157
-2.85450 2.19405 -0.00286 91 7 108
-1.40404 1.54733 0.00291 109 220 98
-0.69933 0.41992 -0.00263 166 135 115
1.45789 2.93442 0.00405 84 224 81
0.79200 0.70439 -0.00172 173 163 58
-0.35843 0.50170 0.00339 209 242 98
0.58024 0.26020 -0.00394 232 136 100
-0.79897 0.18931 0.00069 204 102 133
-1.94036 2.71548 -0.00481 255 242 144
-1.33881 1.10248 0.00543 12 2 137
-0.75224 1.71321 0.00669 223 252 83
1.18427 0.35394 -0.00810 28 102 24
-0.75856 2.79650 0.00615 148 178 161
-2.29001 0.29775 -0.00042 57 72 39
-0.20200 2.36777 0.00018 70 19 71
0.92662 1.41348 -0.00049 215 156 79
-1.89403 0.32240 -0.00188 254 167 244
-1.00066 0.87167 -0.00046 46 90 180
-2.04337 0.79008 -0.00011 221 211 96
0.07206 0.95505 -0.00016 76 128 106
0.66331 2.96276 -0.00096 254 225 113
-2.76844 0.93324 -0.00528 60 67 5
-2.67822 0.46133 -0.00042 99 228 250
0.33497 0.43315 0.00019 57 139 72
-2.55936 1.63483 0.00355 0 171 148
-2.47159 2.37439 -0.00265 4 20 175
-2.95066 1.78733 -0.00302 210 243 79
-1.64636 2.23639 -0.00344 127 0 175
-0.57211 2.94777 0.00217 179 150 5
0.95747 1.32655 0.00230 127 43 7
0.75884 2.74861 0.00773 253 252 203
-1.53855 1.15580 0.00250 82 0 37
1.16790 2.12718 0.01099 42 17 160
-1.68355 2.85146 -0.00840 216 255 214
-0.17089 2.55471 0.00657 52 100 18
-1.44759 1.10606 -0.00251 43 0 45
1.48528 0.87503 -0.00217 19 92 4
-0.74807 2.56879 0.00048 228 187 187
-2.33525 0.89739 0.00550 110 156 236
0.08489 0.54482 -0.00017 0 172 165
-1.24405 2.59437 -0.00447 78 199 235
0.10275 1.64597 0.00240 79 251 131
1.19762 1.86444 -0.00398 103 221 80
0.89928 0.56189 -0.00043 151 174 78
-2.04047 0.65368 0.00489 227 250 199
0.79227 0.39482 -0.00307 250 199 227
-3.00230 1.96707 0.00277 147 89 71
-2.04411 0.19729 0.00182 228 105 76
-2.45990 0.17167 0.00711 4 18 169
-1.98687 0.54557 -0.01270 245 251 221
0.11234 1.98240 0.00459 2 87 129
-1.86468 2.73675 0.00449 255 251 85
-2.69686 1.14642 0.00941 105 80 255
-2.74418 2.47710 -0.00192 49 67 114
0.91772 2.76988 -0.00558 144 176 0
-2.67182 1.44322 0.00566 20 99 10
1.39494 0.81843 -0.00125 0 123 43
1.03306 1.84821 0.00056 99 146 76
0.56990 2.67980 -0.00352 232 236 205
1.21019 0.88292 0.00054 105 166 219
0.73131 2.09267 0.00432 249 113 183
-0.96148 0.57848 0.00059 139 254 105
-2.35514 1.97189 0.00025 31 93 27
-2.85408 0.72514 -0.00727 160 233 216
0.09390 0.24860 0.00103 0 52 48
0.53362 2.25236 0.00794 137 0 146
0.92148 1.57855 0.00195 218 228 154
-2.61749 1.65246 -0.00760 4 178 122
-0.02022 2.30343 -0.00086 8 4 13
-2.08544 2.71200 0.00019 141 164 166
-0.57928 0.88011 0.00556 255 157 103
-0.20829 1.58111 -0.00281 67 161 148
0.11328 0.28161 0.00887 0 68 78
-0.57525 2.21906 -0.00308 253 78 79
-0.67838 2.45941 -0.00475 244 130 155
-1.76597 0.16528 0.00885 166 20 157
-1.77693 1.22494 -0.00262 242 83 95
-0.94225 0.11836 -0.00035 71 14 179
-2.32895 2.95417 0.00114 37 150 168
1.36832 1.50394 0.00595 3 130 71
-2.23965 1.38362 0.00769 72 71 179
0.18836 0.79182 0.00198 93 211 83
-1.03452 2.92840 0.00033 111 229 237
0.42895 1.29847 0.00183 177 106 113
-2.88581 2.64374 0.00044 101 147 129
-2.34857 2.60833 -0.00262 30 130 1
-0.69515 0.27913 0.00475 166 62 18
-0.04685 0.90796 -0.00194 15 67 8
0.95978 1.48747 0.00215 200 198 131
-2.13934 1.26590 0.00776 112 20 170
0.51897 2.01743 0.00313 217 141 198
-1.87897 2.59630 0.00215 255 209 185
-0.07009 2.68334 0.00031 102 235 239
-2.12777 0.92686 0.00102 190 136 77
-0.80456 1.70670 -0.00172 123 177 3
-2.96556 0.50263 0.00476 137 163 46
-2.32289 1.83684 0.00374 37 150 0
-2.01480 2.32507 0.00154 233 80 103
-1.75591 1.40914 0.00727 163 85 54
1.29143 0.07758 0.00185 7 4 145
0.56715 2.33975 -0.00171 153 15 48
-1.11936 2.45659 0.00259 5 54 164
-2.68925 0.31375 -0.00369 98 164 184
0.13872 1.85826 -0.00056 4 148 180
1.18036 1.15257 -0.00318 35 0 0
-0.59369 1.02089 -0.00030 178 22 93
0.86995 1.14712 -0.00138 161 2 177
0.65451 2.85425 -0.00842 248 248 204
-0.39542 2.48817 0.00336 146 69 136
-2.75791 2.78034 0.00996 128 252 188
0.48326 2.70869 -0.00601 203 236 168
0.41959 0.49472 -0.01147 176 239 75
-2.67773 1.99462 -0.00048 96 161 199
0.10271 0.41491 -0.00027 2 135 157
0.15081 1.33929 0.00294 6 52 52
0.69213 0.88743 -0.00116 174 75 5
-1.14557 2.26351 0.00491 5 0 92
-0.97379 2.07166 -0.00385 133 116 151
-1.14982 1.75438 -0.00697 4 173 176
-2.60102 0.55353 -0.00771 81 245 152
-1.01671 2.13538 0.00553 113 96 172
-2.70839 2.08701 0.00054 107 111 144
0.88888 1.51891 -0.00094 227 213 93
0.53822 2.92908 0.00296 220 231 218
-0.84805 1.70875 -0.00206 112 173 16
-2.86536 0.57885 0.01115 98 172 161
-0.63683 1.42615 -0.00882 254 167 127
0.53543 1.68915 -0.00235 139 176 31
-1.32943 0.60374 -0.00444 89 255 218
-0.88912 2.53770 0.00879 91 90 1
-1.85173 0.00747 0.00622 177 1 8
-1.66019 0.88387 -0.00735 130 88 168
1.05193 0.71654 0.00019 169 233 137
0.03146 2.11343 -0.00088 1 27 101
0.08369 2.50538 0.00216 73 163 228
0.65243 1.32962 -0.00757 247 120 253
-2.80620 0.28835 0.00047 73 71 14
-1.65630 0.62003 0.00177 134 178 56
0.52318 2.88770 0.00536 213 240 248
-2.30012 0.27635 0.00829 52 59 70
-1.26658 1.22818 -0.00465 1 8 146
-2.05543 2.58741 0.01080 225 198 251
-2.03427 1.62760 0.00428 234 251 97
-2.96857 0.14474 0.00527 213 91 219
-2.18873 2.18745 0.00247 95 10 131
-0.22791 0.58571 -0.00167 156 254 135
-0.00757 2.63807 0.00055 86 221 248
-2.26531 0.83081 -0.00611 140 185 219
-2.15222 1.61366 -0.00620 186 243 86
-0.68022 1.79422 -0.00062 247 243 178
-2.36275 2.26772 0.00485 101 75 250
0.67271 0.34804 -0.00060 251 174 104
1.44463 2.51692 0.00133 4 85 133
-2.38401 0.72778 0.00052 95 235 195
-1.67239 1.55826 0.00651 136 152 179
0.67406 1.87076 0.00011 252 213 197
0.75606 2.91014 0.00480 255 240 88
-0.64979 1.16363 -0.00663 174 0 164
-1.01593 0.69334 -0.00393 44 166 70
1.15569 2.02570 0.00166 47 60 76
-1.82496 0.43659 0.00315 252 215 186
0.08746 1.93599 -0.00445 0 107 176
-1.60901 0.29796 0.00370 195 146 133
-0.78626 1.03700 -0.00231 135 18 1
-0.21575 1.10874 -0.00111 149 83 79
-0.32985 2.49602 0.00590 124 75 71
0.49041 2.93768 -0.00004 205 226 241
1.45393 0.08802 -0.00307 5 0 22
-1.55905 2.31666 -0.00476 170 81 170
-0.64925 2.54732 0.00177 250 181 234
-2.67190 1.95427 0.00592 100 176 221
-2.99885 0.70085 -0.00210 225 234 245
1.26036 0.92186 0.00102 11 66 61
-1.20686 2.13325 -0.00002 0 18 0
-0.97151 2.83324 -0.00800 137 254 213
-0.00621 2.86855 -0.00299 79 249 160
-0.60427 0.91014 -0.00301 251 149 97
-1.34955 1.14814 -0.00161 14 0 164
-2.40632 1.46344 -0.00648 12 108 130
-1.91298 1.44412 0.00459 175 94 0
-1.32969 2.86056 -0.00101 14 170 35
-0.99843 2.86877 0.00014 128 248 217
1.46631 1.35099 -0.00332 86 123 204
-1.30133 0.15159 -0.00233 85 89 76
-1.15544 2.87646 0.00245 76 249 106
1.27268 0.79613 0.00111 12 123 146
-0.16937 2.15029 0.00670 134 95 251
-1.03644 2.39406 -0.00070 34 24 160
0.89728 2.92367 0.00567 155 157 31
0.26511 1.01047 0.00889 31 26 179
-2.18610 2.23273 -0.00028 172 80 162
-1.55707 1.55743 -0.00407 170 226 205
-2.49733 0.24998 0.00577 78 124 251
-2.28790 0.63863 -0.00196 126 250 198
0.53114 0.41382 -0.00054 220 209 81
-0.80155 1.88840 -0.00378 197 202 152
1.28089 2.95777 -0.00521 82 219 175
0.59342 1.86996 -0.00085 242 211 132
-1.01655 1.32416 -0.00159 116 113 99
-2.55414 2.92892 0.00742 74 234 152
-1.60446 0.89674 -0.00479 110 83 135
0.34033 2.71742 -0.00781 69 164 3
-1.28053 1.38676 0.00399 1 63 48
1.10726 0.99382 -0.00051 138 110 195
-2.89718 2.54162 -0.00199 184 167 122
0.80346 1.08092 0.00195 175 2 150
-0.39863 0.25563 -0.00488 225 127 249
0.34787 1.08604 0.00326 67 5 95
-2.20333 1.47780 -0.00213 160 190 221
0.31623 0.73801 0.00370 123 226 124
0.30115 1.46453 -0.00293 127 186 139
-2.96355 1.27074 -0.00092 139 22 91
0.60435 2.96525 0.00612 239 221 155
-1.20507 0.09517 0.00194 80 79 87
-1.10876 0.58761 0.01006 90 252 82
-0.25206 2.99878 -0.00418 165 203 236
0.15531 1.13163 -0.00067 6 2 173
0.38595 0.84284 -0.00748 161 177 253
1.28057 0.94529 0.00203 8 51 32
1.02521 1.54261 0.00470 171 222 216
1.21871 0.49338 -0.00141 103 242 105
1.26596 1.97893 -0.00507 83 162 199
-0.08564 0.30479 -0.00150 95 149 77
0.18224 1.52472 0.00756 89 216 103
0.50784 0.79050 0.00021 131 124 172
1.06483 2.09415 0.00130 83 32 53
-0.75671 1.20575 -0.00052 143 3 132
-2.82871 2.12924 -0.00519 79 19 132
-2.63943 2.19326 0.00838 92 82 80
-0.83903 0.45345 0.00070 192 226 103
0.36166 0.89537 -0.00670 148 159 253
-1.14310 0.45033 -0.00212 82 224 196
-1.68529 2.57108 -0.00404 141 108 6
-0.83770 0.65495 0.00640 111 172 170
-0.52708 1.53229 0.00440 253 212 95
-0.69317 0.28915 -0.00757 161 70 13
0.42060 0.14089 0.00027 96 13 173
1.28036 0.77036 0.00160 9 140 163
-1.61501 2.00947 0.00712 189 148 165
-2.93620 2.61341 0.00243 120 130 69
-0.98398 1.80446 -0.00099 131 234 112
-0.56962 0.72203 -0.00136 255 240 84
-1.28216 2.18832 0.00078 4 3 5
0.42665 0.74207 0.00836 98 153 127
0.12153 2.93667 -0.00093 2 142 5
-0.66614 0.55375 -0.00208 169 174 177
-0.16461 2.27562 0.00023 58 0 117
0.65317 1.87624 -0.00533 254 215 194
0.87197 0.01649 -0.00314 231 78 81
1.16063 0.56031 -0.00348 40 176 37
-0.76741 0.40799 -0.00488 137 131 44
-2.31966 2.52258 -0.00551 118 167 79
-1.42798 2.34203 -0.00487 116 91 80
-0.96740 0.74526 0.00387 58 146 154
-2.81280 2.30920 -0.01041 152 79 79
-1.89426 0.81978 0.00588 182 113 44
-1.36565 1.23639 0.00133 17 12 177
0.82918 1.17419 -0.00413 165 2 180
-0.11941 1.19748 -0.00572 113 77 147
-1.66123 2.41130 -0.00512 129 32 93
-0.95815 0.26608 -0.00053 139 137 201
-1.71383 2.05159 -0.00822 228 130 120
-1.81586 0.61914 -0.00103 171 180 4
-0.21424 0.25945 0.01024 149 134 163
-0.36976 0.37056 0.00210 213 190 203
-1.87690 2.12642 -0.00176 250 97 80
-0.29892 2.55106 0.00187 108 106 18
-0.55753 2.04558 -0.00534 178 57 68
-0.73365 2.31076 0.00285 227 80 90
1.31509 0.48189 0.00480 81 230 150
0.04282 1.23690 -0.00399 0 9 182
-2.35366 1.01111 -0.00640 23 20 78
-0.83093 0.70238 -0.00302 124 164 179
-0.87080 1.54944 -0.00075 105 143 153
0.70935 2.72809 0.01082 255 249 237
-2.54857 1.15808 -0.00143 78 72 202
-0.33717 1.04555 0.00235 195 92 180
-0.54261 0.82876 0.00089 255 188 86
-1.96819 2.27366 0.00362 163 0 25
0.65245 2.19739 -0.00293 246 81 164
0.39278 2.51522 -0.00051 160 162 119
-2.22211 0.36807 -0.00366 82 109 0
-1.89501 1.59276 0.00610 176 161 90
-1.84667 2.50678 0.01146 173 80 147
-1.99378 2.47377 -0.00364 162 72 149
0.45749 2.57806 -0.00155 113 117 2
0.57733 2.91432 0.00014 231 234 203
-1.36711 1.96631 0.01097 18 96 180
1.46732 1.09091 -0.00137 88 82 209
0.72850 0.32849 -0.00009 255 172 134
-2.77885 0.90920 -0.00589 57 69 0
-2.71188 0.94513 0.00531 31 50 42
-1.21263 2.70613 0.00349 0 167 57
-2.47633 0.72955 0.00007 5 155 54
-2.45842 1.63723 0.00787 5 177 182
-2.81299 2.04436 0.00549 73 52 165
-1.07008 1.95916 0.00236 100 174 81
-2.50859 0.12819 0.00254 0 5 97
-1.47455 2.72604 -0.00720 62 167 176
-2.19760 2.29618 -0.00207 167 81 126
-2.10718 1.22207 0.01021 124 10 165
0.60632 1.32008 0.00114 245 113 249
-1.90395 0.35804 -0.00538 254 177 255
-2.47919 1.80007 0.00591 83 238 178
-1.78039 1.20152 -0.00389 244 76 124
-1.94487 0.70401 0.00814 177 156 11
-2.14886 0.01243 0.00572 190 76 224
-0.49521 0.17622 0.00339 243 96 144
0.50065 2.47321 0.00286 129 62 14
-0.67451 1.01468 0.00329 168 26 46
0.58574 2.87390 0.00026 239 243 224
-0.98281 2.61213 -0.00038 139 214 77
-2.65981 2.00169 0.00024 96 154 176
1.46209 2.24159 0.00716 6 1 9
0.04557 0.28075 -0.00357 0 64 37
1.06783 2.05073 0.00422 83 47 22
-0.13868 0.30556 0.00032 125 151 95
0.92806 1.20165 0.01009 141 5 104
-2.04964 2.12555 -0.00254 149 24 71
-0.95366 1.30704 0.00937 139 106 123
-0.57434 2.19215 0.00798 180 4 0
-2.37281 2.76015 -0.00729 26 181 94
-0.65299 1.85354 -0.00629 177 147 155
-1.73135 0.41267 -0.00138 237 207 145
-2.66501 1.81005 0.01280 98 236 254
-1.12460 2.23235 -0.00414 12 3 90
-1.76849 0.02902 -0.00853 168 6 57
-2.15080 1.75031 0.00035 187 252 92
-0.66634 0.62057 0.00355 249 255 230
-2.73231 0.79175 -0.00610 35 131 10
1.29277 1.81081 -0.00090 84 242 97
-0.77111 1.50318 0.00566 218 201 178
-2.59049 1.36417 0.00315 81 141 83
1.23936 1.04566 -0.00129 94 92 78
-0.52604 1.98295 0.00625 176 82 91
-1.83977 1.37439 -0.00499 253 142 80
-0.25380 0.44714 0.00205 169 219 79
-0.45099 2.40255 0.00271 238 105 251
0.10894 2.87016 -0.00144 5 172 5
-0.07387 0.83922 -0.00020 19 102 80
1.16668 1.62650 -0.00247 117 250 210
-2.71066 0.18684 -0.00803 34 29 9
0.44641 0.63581 -0.00404 109 174 85
-0.35279 1.27501 -0.00490 207 95 72
0.87915 1.92554 -0.00464 154 116 121
-2.18124 0.87427 -0.00141 172 171 135
-1.81963 1.35073 -0.00418 248 132 67
-1.99379 2.21230 0.00523 165 1 2
-1.03802 2.27135 -0.00208 31 0 173
-0.87464 2.42242 -0.00336 93 38 22
-2.54520 1.80244 -0.00937 78 236 233
-1.67816 1.22902 -0.00227 225 82 75
-0.41220 2.87762 0.00436 151 169 62
-2.11724 0.14946 0.00003 200 91 110
0.46946 2.61609 -0.00512 195 210 88
-0.21514 2.20206 0.00401 146 77 253
-2.44067 2.13918 0.00287 78 88 163
-1.78700 1.38682 -0.00751 244 145 92
-0.88165 2.48150 0.00052 97 69 0
-0.60628 0.78284 -0.00015 250 202 85
-1.39437 1.54840 -0.00153 103 221 89
-0.55765 0.87968 -0.00014 252 163 108
0.52532 1.43993 -0.00229 141 101 178
-1.10961 1.83189 -0.00274 89 231 195
-0.98542 1.61876 -0.00995 56 168 162
-1.79013 1.76421 0.00193 169 174 146
-2.65789 1.30223 0.00498 96 103 168
-0.54427 1.98163 -0.01010 178 85 98
0.86967 0.48603 -0.00631 152 160 162
0.01869 2.29174 -0.00243 81 78 76
-1.92014 2.96557 0.00098 253 223 119
1.32092 1.84175 -0.00109 82 228 128
-0.46597 2.11772 -0.00203 167 26 2
0.23193 0.61960 -0.00146 104 250 95
-0.52231 1.91198 -0.00303 174 119 141
0.67988 0.22807 -0.00657 254 124 75
-1.11738 2.41906 -0.00172 9 36 174
-2.67835 0.36370 0.00055 98 185 225
-1.99068 0.43768 -0.00898 242 217 250
0.24176 0.05485 -0.00284 104 76 91
1.46583 2.46514 0.00458 9 55 95
-1.46434 1.51617 0.00811 133 205 174
-1.44672 2.55968 -0.00300 127 181 174
-1.00781 0.20694 -0.00236 116 113 254
-2.46595 2.22893 0.00173 4 3 138
0.80051 2.53829 0.00618 163 96 177
0.59304 0.70765 -0.00178 162 165 174
-2.46734 2.29828 -0.00037 0 4 169
-0.11223 0.41771 -0.00137 122 208 91
0.98953 0.96877 -0.00733 190 125 252
0.85343 0.35287 -0.00372 161 94 165
0.58544 2.15275 -0.00418 235 87 238
-2.32673 1.96638 -0.00426 38 91 46
1.40219 1.18029 0.00418 78 75 221
1.37240 0.71903 0.00033 1 167 140
-1.90866 0.94917 -0.00410 178 49 120
-2.56095 1.41182 0.00428 0 81 4
-2.93320 2.38931 -0.00072 201 102 91
0.71839 0.54463 0.00219 249 255 249
-0.28259 1.85216 -0.00958 182 225 84
-0.62950 1.10004 -0.00036 175 2 149
-2.16273 1.70783 0.00056 185 250 82
-0.91988 2.89528 0.00260 157 240 255
0.72017 0.73247 -0.00917 176 152 78
1.00587 0.29545 0.00023 102 75 175
0.57556 1.45224 0.00325 155 103 166
0.85672 1.75309 -0.00437 239 255 240
0.29622 2.58938 -0.00537 124 200 129
1.41808 2.82185 0.00521 79 254 174
-1.91159 1.36916 0.00480 253 140 91
-0.24743 1.21945 -0.00217 166 83 80
-1.96341 2.15600 0.00316 245 86 77
-1.82955 0.48920 -0.00482 253 235 163
-0.64864 2.06478 -0.00485 179 44 113
-0.13431 2.27402 0.00305 41 0 93
-2.02867 1.74843 -0.00004 233 249 186
0.57606 2.24841 -0.00249 155 0 103
0.28088 2.39721 0.00159 120 101 253
-2.49258 0.82477 -0.00311 6 114 120
-2.94225 0.89668 0.00793 203 153 144
1.34712 1.59547 0.00143 2 163 25
0.74731 1.74460 -0.00104 180 170 88
-1.01171 1.59643 -0.00140 40 156 178
-1.80649 0.35907 -0.00493 247 184 235
-0.74225 2.63805 0.00509 152 144 153
-0.10581 1.85976 0.00161 111 227 117
-0.68464 1.97235 0.00241 168 81 174
-2.47966 1.69776 -0.00074 1 181 168
-1.08700 2.69655 0.00185 91 241 75
1.48990 0.68773 0.00428 14 163 62
-0.15516 2.48292 0.00488 49 75 1
-2.32624 0.81655 -0.00362 119 194 253
-2.63641 0.26153 0.00456 86 138 188
-2.21785 1.02446 -0.00423 78 22 1
-2.28962 2.18391 0.00426 53 2 177
0.63002 0.58530 0.00211 248 252 243
0.11348 2.18282 0.00066 3 6 2
0.80122 2.65604 0.00016 174 147 157
-2.23152 0.57807 0.00251 77 170 128
0.54931 1.86578 0.00617 222 223 94
1.35871 2.99084 0.00801 75 208 96
-2.11144 2.02054 -0.01068 120 64 175
0.60197 0.31970 0.00154 240 155 78
-2.22113 1.58800 -0.00451 154 237 156
0.30440 2.50009 -0.00645 129 154 188
-0.77618 1.54611 0.00135 221 220 142
0.37268 2.98634 -0.00742 77 129 177
1.18640 0.05002 0.00455 111 75 251
-2.80607 2.00855 0.00254 70 69 176
-0.68590 1.38907 0.00180 161 76 122
-1.42407 2.87022 -0.00014 41 168 91
-0.41460 2.67616 -0.00153 155 158 21
-1.49477 1.74225 0.00144 142 250 82
-1.78632 2.37267 0.00320 172 18 180
-2.91197 1.41466 0.00732 191 161 255
-0.59657 0.35842 -0.00405 179 105 141
0.68412 1.57421 0.00355 176 161 15
-1.38214 1.07156 0.00574 25 13 86
1.17389 2.50170 0.00497 113 154 84
-0.91276 2.93283 0.01029 161 236 250
-1.45002 1.55338 -0.00355 124 225 126
0.59747 0.86223 -0.00141 160 102 87
-1.95830 0.17904 0.00746 171 21 26
-1.70867 1.66734 0.00032 149 181 142
1.40817 1.93438 -0.00101 79 188 255
-0.39233 2.96514 -0.00691 149 139 144
-2.06832 1.79438 0.00319 216 246 177
1.47365 0.13715 -0.00389 16 10 6
0.22855 1.30543 0.00051 23 35 32
-0.23430 0.38977 -0.00192 158 205 85
-0.67593 0.10221 -0.00408 245 79 110
-1.31080 1.14431 -0.01580 8 2 176
-0.83691 1.13808 0.00334 195 79 94
-2.18668 1.91964 0.00846 102 122 118
-1.74953 0.85962 0.00097 161 98 160
-2.99886 0.18123 0.00030 222 101 213
-0.24310 0.13828 0.00985 81 8 175
-2.99821 2.90770 0.00011 145 161 170
1.08229 2.18065 -0.00025 81 10 139
-0.93452 0.62536 0.00260 70 177 85
-1.98259 0.01757 0.00520 169 0 24
-2.74376 2.66034 0.00200 123 228 248
-1.78210 1.38074 0.00665 242 142 98
-0.39600 0.21336 0.00480 225 111 246
-1.88537 0.22974 -0.00013 255 119 201
-1.25484 1.54840 -0.00683 78 227 94
-1.73353 0.98508 -0.00023 236 107 227
-1.77267 1.40971 -0.00027 164 78 44
-0.11858 2.31894 0.00296 35 8 36
-0.78275 0.38154 -0.00016 130 125 17
-0.36860 0.96389 0.00245 139 43 177
-2.91275 2.19153 -0.00136 117 9 141
-2.63490 2.07256 -0.00361 86 113 95
-1.88709 0.28920 -0.00093 255 149 244
0.32327 1.69783 -0.00016 134 255 240
-0.01788 2.27358 0.01092 9 0 25
-2.66294 2.45685 0.00801 22 54 150
0.60826 1.71009 -0.00350 163 175 0
0.41874 1.65074 0.00076 96 168 150
-0.37463 1.75107 -0.00631 135 176 145
-2.02975 1.79481 0.00174 229 244 207
-0.65419 2.42256 -0.00455 248 123 140
0.56338 2.13164 0.00922 230 93 249
0.16332 1.94603 -0.01240 10 105 130
-2.07665 1.03024 0.00246 135 20 49
0.78304 2.59745 -0.00192 180 122 178
-0.45511 2.45491 0.00375 244 128 255
-1.38856 0.27382 -0.00183 26 65 9
-0.56113 1.28180 -0.00975 177 17 122
-0.47517 2.18651 -0.00089 169 4 24
0.36543 1.82626 -0.00054 73 157 49
-0.45650 2.19088 -0.00376 160 1 46
0.12601 1.04272 0.00219 3 15 148
0.35071 2.72371 -0.00379 65 169 7
-2.90535 0.05035 -0.00090 183 74 236
1.25191 0.97559 -0.00745 14 49 38
-2.36013 1.27571 -0.00054 28 18 32
0.14934 2.72762 0.00627 5 176 64
1.36760 0.19426 -0.01020 0 27 14
-0.46876 1.49323 -0.00186 241 196 109
-0.03476 1.94051 -0.00422 92 187 242
0.03154 0.49588 -0.00024 0 159 169
0.13694 2.41188 -0.00297 81 109 195
-0.66263 0.51789 -0.00466 169 172 177
-1.82535 1.77277 -0.01107 176 174 165
0.16515 0.61735 0.00261 85 252 142
-0.23489 1.88420 0.00040 157 203 78
0.12702 0.50257 0.00099 1 165 174
-0.36580 1.29706 0.00282 210 109 80
1.09979 1.59514 0.00221 146 238 255
1.00177 0.17136 0.00279 177 93 223
-2.23247 2.98936 -0.00562 76 135 91
-2.71611 2.88209 -0.00133 112 243 92
-1.41124 2.44145 0.00050 111 128 116
-2.30493 2.03938 0.00098 45 60 108
1.42229 0.08827 0.00157 0 2 49
-0.79206 2.73109 0.00682 129 173 172
-1.36810 1.14051 -0.00481 16 0 155
-1.65558 1.27528 0.00119 213 101 101
1.48374 1.78822 -0.00383 13 168 142
0.84284 1.47780 0.01057 235 192 77
1.30262 2.00838 -0.00614 81 148 243
-1.38696 2.55987 0.00439 100 183 221
0.01042 2.20564 -0.00552 85 78 115
1.19746 0.34256 -0.00750 32 94 26
-0.07322 2.49320 0.00632 17 69 33
-0.98885 0.15166 -0.00612 49 15 174
0.02462 2.11389 0.00250 4 24 99
0.30005 0.56064 -0.00092 45 178 15
0.59379 1.14777 0.00026 238 75 122
-2.02667 2.78590 -0.00382 155 177 80
-0.90662 2.57026 0.00598 86 111 3
-0.61732 0.50795 -0.00514 175 167 178
-1.78297 2.88640 0.00312 246 241 175
-1.88379 0.79923 -0.00920 180 127 25
-2.92512 0.64793 -0.00180 196 255 246
-1.17637 2.88887 0.00512 81 241 99
-0.63290 1.66522 -0.00220 252 255 120
0.75930 1.62186 0.00060 178 170 9
-0.19424 0.46845 -0.00278 140 229 85
-1.75628 0.41754 0.00993 238 210 157
1.27303 0.88737 -0.00228 14 82 80
-1.32753 2.35038 0.00454 89 96 114
-2.46821 2.62846 -0.00013 81 218 92
0.59518 0.92972 0.00207 162 64 37
0.59147 2.27456 0.00157 160 0 75
-0.35611 0.11140 -0.00103 133 6 126
1.42961 0.07271 -0.00146 3 0 54
-0.60654 0.49052 0.00345 177 160 180
-0.56229 1.87464 -0.00338 177 136 178
-1.44568 2.96943 -0.00855 44 137 26
-2.58150 0.37371 -0.00111 80 189 255
-1.80599 2.98379 0.00445 250 215 223
0.84427 2.01344 -0.00297 160 75 87
0.05412 2.39660 -0.00148 78 105 128
1.46832 2.79548 0.00544 89 253 161
-2.36464 2.67969 0.00123 19 153 20
1.46476 2.46421 0.00856 4 58 115
-0.69298 0.52479 -0.00601 162 168 167
0.65547 1.67640 -0.00072 168 179 0
-2.40109 1.57458 -0.00499 91 236 251
1.09488 2.35937 -0.00378 140 90 228
-2.94726 0.29248 -0.00530 137 73 29
0.13763 0.19515 -0.00636 82 103 107
-1.41802 2.52062 0.00614 111 160 161
-1.66359 1.02075 0.00078 213 100 160
0.48724 0.35693 0.00568 202 183 94
0.22561 1.38280 0.00030 16 68 2
-1.68918 0.95699 -0.00599 141 43 144
-2.43982 2.63024 -0.00386 84 217 77
-0.24875 2.32794 -0.00900 92 7 141
-2.54234 2.97312 0.00144 77 215 191
1.49317 1.83964 0.00739 93 226 253
-2.78756 1.00366 0.00219 61 30 28
-2.05583 1.16008 -0.00648 147 0 159
0.13245 0.44052 -0.00882 3 145 178
1.08568 2.93052 0.00117 71 157 165
-2.09053 0.47392 -0.00771 127 153 146
0.53552 0.07335 0.00405 140 2 177
-1.60221 0.25710 -0.01133 109 55 85
-2.77218 1.38001 -0.00358 133 144 204
-2.61599 1.49400 0.00420 14 118 0
-0.54330 1.73553 0.00071 254 247 227
0.67940 2.04569 0.01612 252 133 254
1.29043 1.08350 -0.00899 82 84 86
0.59421 0.33644 0.00266 238 174 76
-0.27133 0.47680 0.00985 175 232 81
-2.31223 2.39053 0.00155 120 94 146
-1.65997 2.07703 -0.00100 212 114 180
-0.72076 0.37079 -0.00523 153 113 43
-0.72941 0.86443 0.00314 227 171 103
-0.73137 2.61603 -0.00719 151 134 141
0.41731 1.98059 0.00118 174 162 95
-0.91900 1.33438 -0.00041 160 122 183
-0.85372 0.40756 -0.00003 183 203 81
1.42598 0.18706 -0.00427 8 22 0
-2.12857 0.68642 -0.00019 191 243 230
-1.45481 0.23997 -0.00770 45 44 5
-2.49248 0.80310 0.00729 1 122 94
0.91924 0.44902 0.00462 142 144 150
-2.04345 1.06487 -0.00195 151 11 106
-2.73834 1.17666 -0.00315 122 77 252
-2.80067 0.74997 0.00721 68 150 89
-1.69485 1.88189 -0.00030 217 213 80
-2.25149 0.75092 0.00898 138 227 254
0.46265 2.10604 -0.00542 186 102 216
-1.58518 0.19920 -0.00028 180 99 195
-2.71820 2.44503 -0.00045 41 55 112
1.33974 1.60955 -0.01011 0 163 22
-2.65393 0.28003 -0.00152 97 142 178
-2.55119 1.78724 0.00566 0 169 171
-2.83281 1.76067 0.00133 162 250 109
-2.52591 2.73603 0.00241 76 250 75
-1.45544 1.96830 -0.00395 46 100 160
-1.54206 2.91983 -0.00323 79 159 138
-1.82908 2.46517 0.00027 171 57 163
0.36268 0.69880 -0.00144 150 244 130
0.71171 1.59638 0.00720 179 163 2
1.45359 0.49659 0.00554 85 238 250
-2.91824 1.62865 0.00266 187 248 113
1.24243 1.03050 -0.00576 90 92 85
0.82855 2.60382 0.00726 171 124 173
0.98394 1.32163 0.00357 116 41 2
-0.87525 1.00040 0.00079 178 107 105
-2.33993 2.38740 -0.00145 111 102 172
1.23527 0.24387 0.00002 95 129 130
-0.47783 1.13245 -0.00873 167 1 165
-1.53659 0.76694 0.00864 165 215 242
-1.74466 0.45381 -0.00674 237 228 120
0.43659 0.13040 -0.00292 108 11 183
0.02946 1.69528 0.00045 73 254 95
0.72671 0.31903 -0.00527 255 170 124
-0.57046 1.20607 -0.00477 177 5 156
0.05297 1.80024 0.00264 0 164 127
-1.23513 1.96916 -0.00213 3 87 98
0.31815 2.54852 -0.00115 133 175 148
0.92792 2.22449 0.00560 218 76 124
0.17468 0.07319 0.00421 84 82 75
-1.60534 2.41331 -0.00115 186 113 117
-1.57438 2.10619 0.00142 98 24 175
-0.89459 2.58826 -0.00118 92 121 16
0.35461 1.42222 0.00906 147 157 138
-1.24718 1.68393 -0.00094 74 249 191
0.63526 2.48701 0.00409 166 73 30
-0.18769 0.59252 0.00066 138 252 174
-1.92087 1.84061 0.01046 250 227 246
1.02730 1.83905 -0.00003 101 153 88
-0.58924 0.87873 -0.00598 252 161 90
-0.67449 2.90778 -0.00102 174 162 22
-0.79666 2.99967 0.00444 206 206 126
-1.64814 1.37815 0.00595 200 143 196
-1.26560 0.61984 0.00797 74 254 164
-2.55051 1.82196 -0.00252 76 235 223
-1.26357 0.85005 -0.00094 73 180 89
-2.69034 1.83392 -0.00158 103 230 255
-0.99075 2.71415 -0.00578 130 251 113
-2.61542 1.88282 -0.00019 80 211 228
-2.37616 2.33542 -0.00316 102 91 222
0.18578 2.92966 -0.00168 15 155 37
0.33672 2.96865 0.00361 67 148 161
-2.53502 1.44373 0.00157 6 102 29
-2.95180 1.08660 0.00542 130 6 1
0.49540 2.44190 -0.00059 121 51 26
-2.27396 0.98145 0.00180 133 121 130
0.95562 2.66458 0.00210 127 151 30
-1.24965 1.90427 0.00204 1 116 151
-2.40450 0.78764 0.00521 12 138 144
-1.13855 0.85288 0.00398 9 96 103
-0.94712 2.05512 -0.01241 147 125 171
-1.46467 1.60633 0.00087 135 236 103
0.16614 2.03912 0.01232 9 58 47
-1.39209 0.80001 0.00245 102 198 120
-2.82920 1.30191 -0.00039 80 30 178
0.81877 2.51171 0.00286 246 157 247
-1.18509 1.15881 -0.00541 75 75 218
-0.96472 2.37258 -0.00621 65 18 119
0.22520 1.25169 -0.00331 25 15 71
0.36647 0.81948 -0.00291 155 193 227
0.84071 2.50183 -0.00233 241 158 250
-2.62914 2.67781 -0.00441 85 235 161
-0.15163 0.19592 0.00154 44 21 98
-2.95348 2.94005 -0.00510 133 155 148
-2.97454 2.20630 0.00314 214 78 247
-1.17750 1.67078 0.00290 3 181 154
-1.78917 1.88450 0.00071 245 212 121
-0.94155 0.69259 0.00024 70 165 134
1.28979 1.79437 -0.01352 84 234 92
0.94178 1.95769 -0.00164 134 95 52
-0.24478 1.79301 -0.00363 88 166 22
-1.12285 1.43710 0.00375 8 84 23
0.56585 1.77469 -0.00532 148 171 0
1.22504 0.58796 -0.00837 95 255 178
-1.89448 2.32813 0.00619 180 9 116
-2.88624 0.70326 -0.00648 172 243 241
1.49248 0.38229 -0.00028 92 187 215
-1.91442 1.15997 0.00294 251 79 241
-0.35805 0.62768 0.00136 132 171 5
0.48521 0.16432 0.00084 128 16 160
-0.71507 2.14936 -0.00519 158 12 97
0.25154 0.70574 0.00914 101 237 84
0.84889 0.33230 -0.00287 159 92 148
0.95491 1.13233 -0.00746 132 3 125
-0.24687 1.06477 -0.00169 162 85 104
-0.18633 0.61854 -0.00389 61 177 110
-0.84474 0.72959 -0.00001 109 155 180
0.29765 1.46437 -0.00185 122 186 138
-1.63480 1.91371 0.00023 200 199 84
-2.48716 1.43318 0.00179 0 99 49
0.44081 1.91684 0.00013 185 191 83
0.27476 2.44877 0.00099 110 129 246
0.41601 2.09046 0.00013 170 105 172
-0.43988 1.34466 -0.00784 156 47 1
-2.40138 0.42534 -0.00369 87 218 114
-1.99523 2.67439 0.00141 235 234 218
-0.55633 0.24380 0.00476 176 44 78
-1.09807 2.55314 0.00427 10 98 87
-0.33014 2.57224 -0.00220 123 110 19
-0.03266 1.09338 0.00152 86 80 140
-0.98797 0.54849 0.00654 128 248 80
-2.67164 0.95018 -0.00160 20 52 72
-1.50366 2.39345 0.00209 145 103 80
1.18552 2.96387 0.00766 29 145 162
1.30595 0.54993 -0.00926 81 243 198
0.70750 2.76581 -0.00579 255 254 220
-2.95222 0.74912 0.00983 207 223 255
-2.61183 0.42578 0.00269 81 211 248
-0.01717 1.41830 -0.00934 6 87 131
1.03130 1.79692 0.00605 166 241 177
-0.35610 0.79771 -0.00172 130 131 115
1.47055 1.82067 -0.00404 84 233 228
1.02368 0.17186 0.00873 173 93 232
-1.37769 1.60523 0.00075 103 241 72
-0.32470 1.82986 -0.00694 200 226 123
-1.07987 2.86997 -0.00381 99 246 168
-1.93852 1.30409 -0.00188 250 118 141
-0.47273 2.93596 -0.00097 168 156 50
-2.11788 0.88475 0.00555 197 160 85
0.86661 2.74733 -0.00442 155 173 43
-0.71200 2.69963 0.00081 160 165 177
-0.17633 0.11773 0.00554 62 9 160
-1.60753 2.03453 0.00568 190 128 186
1.38816 2.76147 -0.00271 75 254 235
0.07340 1.80054 0.01041 0 164 143
-1.44567 2.07486 -0.00149 47 38 164
-1.17849 0.67328 0.00100 6 173 3
-2.01262 1.26724 0.00807 157 23 152
1.49477 1.90757 -0.00065 91 198 253
-2.31820 0.66658 0.00815 117 246 213
-1.83307 1.91564 0.00004 255 192 143
0.53096 0.73542 0.00102 136 155 175
0.83536 1.59778 0.00423 244 237 116
-0.71375 0.45019 -0.00015 159 147 116
-2.44007 2.43594 -0.00878 8 44 125
-1.64234 2.45016 -0.00322 121 55 35
-0.00382 2.03370 -0.00178 82 134 237
-0.57912 2.26168 0.00449 251 75 88
-1.89800 0.50437 0.00327 255 239 207
-0.21883 1.20935 0.00157 151 91 90
-1.11274 1.94231 0.00637 87 181 99
-1.22479 0.76583 -0.00290 77 211 74
0.10200 1.62846 0.00736 73 242 103
-1.93136 2.57999 0.00056 178 120 152
0.39429 0.74276 0.00613 162 231 195
1.31337 2.09474 -0.00499 81 106 250
-0.66127 1.37708 0.00130 172 60 119
1.07810 0.27974 -0.00559 80 61 158
-1.30759 2.35833 0.00601 82 91 131
-0.08308 0.59428 -0.00259 109 255 235
0.49663 2.04838 0.00171 201 132 200
-0.32024 0.23653 0.00669 202 119 252
1.32353 1.46074 -0.00299 4 111 135
-0.76124 2.70970 0.00308 149 163 182
-2.71894 2.41842 0.00418 38 39 82
-1.71599 1.21739 0.00409 229 79 86
-2.78326 0.09619 -0.00283 66 4 43
0.50881 2.21418 0.00364 136 0 172
1.13530 1.92965 0.00715 44 113 1
0.93259 0.84463 0.00405 212 180 151
-2.71445 1.89355 0.00050 111 207 252
-2.82716 2.95061 0.00150 77 153 37
-0.06152 0.23200 0.00464 97 118 87
-2.79404 1.98391 0.00061 140 164 255
-2.46647 2.18281 -0.00033 80 80 178
-1.99302 1.15934 0.00679 245 75 255
0.44106 1.41170 -0.00448 107 86 131
1.32559 1.71734 0.00507 2 175 0
-0.61641 2.97590 -0.00287 171 141 2
0.64307 1.30632 0.00420 246 108 255
-1.20352 2.04878 0.00205 0 50 23
1.21814 0.09380 -0.00278 27 2 169
-1.89639 1.77961 0.00258 178 173 179
-1.41314 2.65145 -0.00547 33 150 165
-0.94189 1.89557 0.00981 145 207 78
-3.00195 2.73538 -0.00484 140 168 127
-1.18298 0.36735 -0.00415 76 190 255
0.99825 1.67713 0.00226 189 253 255
-1.64899 2.71577 -0.00383 206 245 141
-1.41868 1.19052 -0.00467 40 2 137
-2.28031 2.99860 -0.00375 59 131 112
0.11419 0.15593 0.00224 77 94 85
0.65250 1.14019 -0.01197 247 78 157
-2.02358 0.21228 -0.00977 154 36 9
-2.29004 2.23859 0.00752 125 72 237
-0.24647 1.69033 -0.00115 91 176 93
-0.31065 0.19854 0.00967 111 18 176
-2.41313 1.12672 -0.00096 88 75 116
-2.72408 0.40482 -0.00234 113 201 228
-1.35486 1.00256 -0.00561 16 27 51
-1.93824 1.67500 -0.00165 174 185 116
-0.43124 2.79983 0.00692 158 180 5
-1.05385 2.20541 0.00603 31 1 127
-2.98266 2.05900 -0.00424 142 44 153
-1.12366 2.22755 0.00501 4 3 96
-0.31539 1.77008 0.00613 115 174 87
-1.67706 1.21787 -0.00299 218 82 77
0.42760 1.69727 -0.00275 103 177 120
-0.14939 0.84924 -0.00243 49 106 141
1.13965 0.30911 0.00112 52 86 80
0.95089 0.48184 0.00461 132 158 107
-0.90845 2.41388 0.00183 79 30 60
-1.70579 1.73332 -0.00723 153 179 107
-1.86117 0.63232 0.00162 178 177 7
-2.85856 1.13108 -0.00031 96 0 72
-0.67738 1.39216 -0.00415 164 69 124
-1.97206 0.10371 0.00486 165 6 0
-1.70516 2.56341 0.00105 145 106 16
-1.40574 1.42767 -0.00128 105 169 180
0.78049 2.34472 0.00118 177 12 29
1.39671 1.56114 0.00312 0 152 22
-2.13520 1.56024 0.00872 191 227 111
1.01694 2.86223 -0.00004 102 171 71
0.97070 2.02209 0.00169 124 65 1
0.97014 3.00577 0.01198 116 127 147
-0.67172 1.17247 -0.00863 166 0 161
0.17282 2.70535 0.00309 7 163 77
-0.87146 2.49453 -0.00624 103 78 0
-1.94718 0.21894 0.00724 249 120 147
-1.81115 0.43566 -0.00654 246 222 176
-0.50246 2.91425 -0.00599 172 152 28
-2.27110 1.53879 0.00537 134 220 228
0.02482 0.55307 -0.00266 0 176 178
-1.53899 1.75497 -0.00973 163 245 77
-2.12427 1.33577 0.00464 122 42 176
-0.52315 2.46771 -0.00539 245 137 248
-0.23381 1.46572 -0.00229 69 111 172
-1.19548 0.93637 -0.00710 74 130 196
-1.57051 0.15707 -0.00297 174 94 204
0.72464 0.43079 0.00085 255 219 210
-1.80765 2.36744 -0.00098 172 19 176
0.91287 2.01712 0.00267 142 68 28
-1.29171 2.31357 -0.00507 81 86 108
-1.05505 2.40228 -0.00752 29 27 164
1.04795 1.08627 -0.00777 88 0 100
-1.93823 1.71269 -0.00587 173 178 146
1.19472 0.11183 -0.00517 110 82 255
-1.69064 1.34280 -0.00310 224 124 124
-2.34860 2.92520 0.01455 32 159 178
-1.41117 1.05996 -0.00434 31 6 52
-0.86859 0.61833 0.00075 104 175 124
-1.65802 0.20453 -0.00378 209 113 233
-2.49474 2.60819 0.00375 76 210 110
-1.49181 1.77293 0.00207 140 246 91
-2.64777 2.59398 0.00829 21 118 169
-1.54012 1.86904 0.00006 85 136 42
0.75373 0.77683 -0.00522 179 136 31
-1.38470 1.10278 -0.00324 32 0 92
-1.02792 2.34119 0.00185 38 11 174
-2.83991 0.40581 0.00505 86 126 58
0.30772 0.58825 0.00459 49 180 1
1.49397 0.56681 -0.00335 92 251 227
-1.47856 1.91023 0.00517 54 118 119
-2.31727 1.21947 0.00192 42 7 16
-2.37560 1.81013 0.00763 23 163 16
-1.24229 2.20277 0.00821 75 84 81
-1.84526 1.06962 0.00249 255 86 246
-1.04917 0.48200 0.01016 109 237 100
-2.43798 2.01594 -0.00372 81 146 85
0.95787 1.49359 0.00106 200 204 138
-1.00422 2.01810 -0.00966 123 143 102
1.43668 2.16919 0.01254 80 85 119
-1.32527 0.18026 0.00188 84 102 78
-0.10784 2.82165 -0.00498 106 255 246
-0.45005 0.03378 0.00316 236 76 90
-2.79693 2.33694 -0.00468 63 9 6
-2.11507 1.30808 -0.00604 118 39 178
-0.27426 2.42141 -0.00211 102 43 86
-0.86002 1.93283 -0.00291 183 190 147
-2.72721 1.48717 -0.00398 35 120 14
-0.96320 1.68738 0.00257 57 179 107
-1.58442 1.32321 -0.00385 103 40 123
-2.67185 2.84007 0.00950 97 253 85
-1.88370 2.78648 -0.00169 255 255 80
-1.32872 2.54054 -0.00399 88 170 240
-1.95620 1.46213 0.00014 169 107 6
-1.93699 0.54582 -0.00232 254 255 201
1.38016 0.46821 0.01190 73 230 198
-2.43663 1.70560 0.01074 7 180 153
0.75995 1.35683 0.00768 253 131 193
-2.16775 1.51987 -0.00213 176 208 173
-1.37067 0.26407 -0.00714 20 53 13
-1.40108 0.20878 0.00057 28 28 2
1.09436 2.58080 -0.00025 149 192 89
1.29229 1.10422 0.00146 81 80 91
-1.68786 0.88210 -0.00103 143 75 176
0.98084 0.76877 0.00628 199 213 120
0.70500 1.81574 0.00237 255 240 166
0.73266 1.36920 0.00574 254 136 210
0.25064 1.30516 0.00032 31 27 13
-0.14741 2.62045 0.00210 118 216 147
0.84662 1.05215 -0.01346 162 15 159
0.12474 0.93047 -0.00190 78 143 128
-0.22270 1.03640 0.00052 153 93 114
-2.19471 1.27020 0.00086 96 26 146
-0.82195 0.29597 0.00116 196 145 94
1.16161 2.13793 0.00481 45 21 157
-1.47965 0.77681 0.00293 136 211 214
-2.71207 2.97919 0.00478 106 212 86
-2.38431 1.78873 -0.00713 101 250 131
1.41671 2.44921 -0.00119 3 48 62
-0.97198 2.85411 0.00415 131 250 232
-1.96679 2.05456 -0.00253 241 124 136
1.26784 2.76794 -0.00467 82 252 248
-0.09781 1.07524 0.00315 109 83 91
-2.76636 1.08923 -0.00149 125 84 189
1.10418 0.59144 -0.00626 67 177 11
-2.81020 1.21209 -0.00490 71 2 165
1.47273 1.98144 0.01597 91 171 236
0.05913 0.90449 -0.00289 81 146 84
-1.34569 2.08594 -0.00433 16 34 106
0.48078 1.50491 0.00533 122 131 176
-0.54972 0.68915 0.00490 255 243 100
0.55628 1.70055 -0.00109 150 179 14
-2.00645 2.92681 0.00084 157 155 0
